ST_CASE,VEH_NO,PER_NO,P1,P2,P3,P4,P5,P6,P7,P8,P9,P10
10001,1,1,0,0,0,0,0,0,0,0,0,0
10001,2,1,0,0,0,0,0,0,0,0,0,0
10002,1,1,0,0,0,0,0,0,0,0,0,0
10003,0,1,0,0,0,0,0,40,0,0,0,0
10003,1,1,0,0,16,0,0,30,7,25,4,0
10004,1,1,0,0,0,0,0,0,0,0,0,0
10005,1,1,16,17,13,13,25,36,20,45,28,17
10005,2,1,0,0,0,0,0,30,17,0,25,0
10006,1,1,0,19,0,3,0,0,0,0,0,0
10006,2,1,0,0,0,0,0,0,0,0,0,0
10006,3,1,0,0,0,0,0,0,0,0,0,0
10007,1,1,6,6,6,6,6,6,6,6,6,6
10008,1,1,27,27,27,27,27,27,27,27,27,27
10008,2,1,0,0,16,0,0,0,0,0,0,0
10009,1,1,8,8,8,8,8,8,8,8,8,8
10010,2,1,0,0,0,0,0,0,9,16,0,0
10010,3,1,0,0,14,0,0,0,0,0,0,0
10011,1,1,0,0,0,0,0,0,0,0,0,0
10012,1,1,16,16,16,16,16,16,16,16,16,16
10012,2,1,0,0,0,0,0,0,0,0,0,0
10013,1,1,0,0,0,0,0,0,0,0,0,0
10013,2,1,3,3,3,3,3,3,3,3,3,3
10014,0,1,23,23,23,23,23,23,23,23,23,23
10014,1,1,0,0,0,0,0,0,0,0,0,0
10015,0,1,0,24,16,0,30,0,13,14,0,0
10015,1,1,0,0,28,20,0,0,0,0,15,0
10016,1,1,22,24,0,21,0,0,10,0,14,20
10017,1,1,18,18,18,18,18,18,18,18,18,18
10018,0,1,0,0,0,0,0,0,0,0,0,0
10018,1,1,0,0,0,0,0,0,0,0,0,0
10019,1,1,0,0,0,0,0,0,0,0,0,0
10020,1,1,2,2,2,2,2,2,2,2,2,2
10021,1,1,0,15,0,33,30,0,0,0,0,25
10022,0,1,15,15,15,15,15,15,15,15,15,15
10022,1,1,0,0,0,0,0,0,0,0,0,0
10023,1,1,0,23,0,24,0,0,8,14,0,0
10024,1,1,23,23,23,23,23,23,23,23,23,23
10025,1,1,0,0,0,0,0,0,0,0,0,0
10025,2,1,0,0,0,0,0,0,0,0,0,0
10026,1,1,0,0,0,0,0,0,0,0,0,0
10026,2,1,0,0,0,0,0,0,0,0,0,0
10027,1,1,0,0,0,0,0,0,0,0,0,0
10027,2,1,0,0,0,0,0,0,0,0,0,0
10027,3,1,0,0,0,0,0,0,0,0,30,0
10028,1,1,0,0,0,0,0,0,0,0,0,0
10028,2,1,0,0,0,0,0,0,0,0,0,0
10029,1,1,33,13,16,17,22,21,38,0,22,19
10030,1,1,0,0,0,0,0,0,0,0,0,0
10030,2,1,0,0,0,0,0,0,0,0,0,0
10031,1,1,0,0,27,0,0,24,0,0,0,0
10032,1,1,0,0,0,0,0,0,0,0,0,0
10032,2,1,0,8,0,0,0,0,0,0,0,0
10033,1,1,0,0,0,0,0,0,0,0,0,0
10034,1,1,0,0,0,0,0,0,0,0,0,0
10035,1,1,0,0,0,0,0,0,0,0,0,0
10036,1,1,15,15,15,15,15,15,15,15,15,15
10037,1,1,0,0,0,0,0,0,0,0,0,0
10037,2,1,0,0,0,0,0,0,0,0,0,0
10038,1,1,12,12,12,12,12,12,12,12,12,12
10039,1,1,0,0,0,7,0,0,0,0,0,0
10039,2,1,0,0,0,0,0,0,0,0,0,0
10040,1,1,0,9,10,6,0,0,0,0,15,0
10041,1,1,14,31,7,20,0,42,10,17,14,8
10042,0,1,0,0,0,0,0,0,0,0,0,0
10042,2,1,0,0,0,0,0,0,0,0,0,0
10043,1,1,0,0,0,0,0,34,13,0,0,0
10043,2,1,0,0,0,0,0,0,0,0,0,0
10044,1,1,0,0,0,0,0,0,0,0,0,0
10045,1,1,0,0,0,13,0,0,0,0,0,7
10046,1,1,0,0,0,0,0,0,0,0,0,0
10046,2,1,0,0,0,0,0,0,11,0,0,0
10047,1,1,23,23,23,23,23,23,23,23,23,23
10048,1,1,0,0,0,30,0,0,0,16,0,19
10049,0,1,10,0,0,25,0,8,0,0,18,23
10049,1,1,0,0,0,0,0,0,0,0,0,0
10050,0,1,0,0,0,0,0,0,0,0,0,0
10050,1,1,0,0,0,0,0,0,0,0,0,0
10051,1,1,4,4,4,4,4,4,4,4,4,4
10051,2,1,0,0,0,0,0,0,0,0,0,0
10051,3,1,0,0,0,0,0,0,0,0,0,0
10053,1,1,0,0,0,0,0,0,0,0,0,0
10053,2,1,0,0,0,0,0,0,0,0,0,0
10054,1,1,0,0,0,0,0,0,0,0,0,0
10055,1,1,0,0,0,0,0,0,0,0,0,0
10055,2,1,7,8,18,0,0,0,0,7,20,18
10056,0,1,0,0,0,0,12,0,0,24,0,0
10056,1,1,0,0,0,0,0,0,0,0,0,0
10057,1,1,15,15,15,15,15,15,15,15,15,15
10057,2,1,0,0,0,0,0,0,0,0,0,0
10058,1,1,0,0,0,0,0,0,0,0,0,0
10058,2,1,0,0,0,0,18,0,0,0,0,0
10059,1,1,0,0,0,0,0,0,0,0,0,24
10059,2,1,0,0,0,0,0,0,0,0,0,0
10060,1,1,13,13,13,13,13,13,13,13,13,13
10061,1,1,0,0,0,0,0,0,0,0,0,0
10062,1,1,0,0,0,0,0,0,0,0,0,0
10063,1,1,0,0,0,0,0,0,0,0,0,0
10063,2,1,0,0,0,0,0,0,0,0,0,0
10063,3,1,0,0,0,0,0,0,0,0,0,0
10064,0,1,0,0,0,0,0,0,0,19,0,0
10064,1,1,0,0,0,0,0,0,0,0,0,0
10065,1,1,15,14,4,7,24,2,23,31,21,18
10066,1,1,6,20,7,22,10,13,0,21,16,24
10067,1,1,0,0,0,0,0,0,0,0,0,0
10067,2,1,0,0,0,0,0,0,0,0,0,0
10067,3,1,0,0,0,0,0,0,0,0,0,0
10068,1,1,0,0,0,0,0,0,0,0,0,0
10069,1,1,14,14,14,14,14,14,14,14,14,14
10069,2,1,0,0,0,0,0,0,0,0,0,0
10070,1,1,33,33,33,33,33,33,33,33,33,33
10070,2,1,0,0,0,0,0,0,0,0,0,10
10071,1,1,0,0,0,0,0,0,0,0,0,0
10071,2,1,0,0,0,0,0,0,0,0,0,0
10072,1,1,32,17,24,14,20,0,16,13,21,17
10073,1,1,0,0,0,0,0,0,0,0,0,0
10074,1,1,15,15,15,15,15,15,15,15,15,15
10074,2,1,5,0,0,0,0,0,0,0,0,0
10075,0,1,0,0,0,0,0,0,0,0,0,0
10075,1,1,0,0,0,0,0,0,0,0,0,0
10076,1,1,0,0,0,0,0,0,0,0,0,0
10076,2,1,0,0,0,0,0,0,0,0,0,0
10077,1,1,17,17,17,17,17,17,17,17,17,17
10078,1,1,34,27,23,32,27,20,23,21,13,18
10079,1,1,9,0,0,0,0,0,4,0,12,0
10080,1,1,0,22,0,0,0,0,0,0,0,0
10081,1,1,0,0,0,0,0,0,0,0,0,0
10081,2,1,0,0,0,0,0,0,0,0,0,0
10082,0,1,0,0,0,9,0,0,17,0,34,0
10082,1,1,0,0,0,0,0,0,0,0,0,10
10082,2,1,18,0,0,0,0,0,0,0,0,0
10083,1,1,14,14,14,14,14,14,14,14,14,14
10084,1,1,0,0,0,0,0,0,0,0,0,0
10085,1,1,0,0,0,0,0,0,0,0,0,0
10086,0,1,0,0,0,0,0,0,0,0,0,0
10086,1,1,8,8,8,8,8,8,8,8,8,8
10087,1,1,0,0,0,0,0,0,0,0,0,0
10088,1,1,0,0,0,0,0,0,0,0,0,0
10089,1,1,0,0,9,0,0,18,0,0,0,0
10090,1,1,11,11,11,11,11,11,11,11,11,11
10091,1,1,15,0,0,23,9,2,0,0,0,15
10092,1,1,0,0,0,0,0,0,0,0,0,0
10093,1,1,1,1,1,1,1,1,1,1,1,1
10093,2,1,0,0,0,0,0,0,0,0,0,0
10094,1,1,18,18,18,18,18,18,18,18,18,18
10094,2,1,7,7,7,7,7,7,7,7,7,7
10095,1,1,0,0,0,0,0,0,0,0,0,16
10096,1,1,13,0,0,0,0,0,0,0,21,0
10096,2,1,0,0,0,0,0,0,0,0,0,0
10097,1,1,8,0,19,0,19,0,16,0,11,8
10098,1,1,0,0,0,0,0,0,0,0,0,0
10098,2,1,0,0,0,0,0,0,0,0,0,0
10099,1,1,0,0,0,0,0,0,0,0,0,0
10100,1,1,0,0,0,0,0,0,0,0,0,0
10101,1,1,12,12,12,12,12,12,12,12,12,12
10101,2,1,0,0,0,0,0,0,0,0,0,0
10102,1,1,0,0,0,0,0,0,0,0,0,0
10103,1,1,17,17,17,17,17,17,17,17,17,17
10104,1,1,0,0,0,0,0,0,0,0,0,0
10105,1,1,0,0,20,0,0,0,0,15,0,17
10105,2,1,0,0,0,0,0,0,0,0,0,0
10106,1,1,8,8,8,8,8,8,8,8,8,8
10107,1,1,0,0,0,0,0,0,0,0,0,0
10107,2,1,0,0,0,0,0,0,0,0,0,0
10108,1,1,9,9,9,9,9,9,9,9,9,9
10110,1,1,13,13,13,13,13,13,13,13,13,13
10111,1,1,22,22,22,22,22,22,22,22,22,22
10112,1,1,0,0,0,0,0,0,0,0,0,0
10112,2,1,0,0,0,0,0,0,0,0,0,0
10112,3,1,0,0,0,0,0,0,0,0,0,0
10113,1,1,0,0,0,0,0,0,0,0,0,0
10113,2,1,0,0,0,0,0,0,0,0,0,0
10114,1,1,0,0,0,0,0,0,0,0,0,0
10114,2,1,8,8,8,8,8,8,8,8,8,8
10115,0,1,0,0,0,0,11,0,0,0,0,0
10115,1,1,0,0,0,0,0,0,0,0,0,0
10115,2,1,0,0,0,0,0,0,0,0,0,0
10116,0,1,0,0,0,0,0,0,0,0,0,0
10116,1,1,21,0,15,5,15,14,0,20,17,0
10117,1,1,0,9,0,25,39,0,0,0,0,0
10118,0,1,12,2,37,25,7,8,4,13,14,39
10118,1,1,0,0,0,0,0,0,0,0,0,0
10119,1,1,28,28,28,28,28,28,28,28,28,28
10119,2,1,18,3,0,0,0,0,0,0,0,5
10120,1,1,0,3,0,29,20,0,28,0,0,0
10121,1,1,15,15,15,15,15,15,15,15,15,15
10121,2,1,0,0,0,0,0,0,0,0,0,0
10122,1,1,14,14,14,14,14,14,14,14,14,14
10123,0,1,31,31,31,31,31,31,31,31,31,31
10123,1,1,0,0,14,0,21,0,0,14,0,18
10124,1,1,0,0,0,18,0,0,0,0,0,0
10125,1,1,16,16,16,16,16,16,16,16,16,16
10126,1,1,0,0,0,0,9,15,29,15,26,27
10127,1,1,0,0,0,0,0,0,0,0,0,0
10128,1,1,0,13,0,0,0,0,17,0,0,0
10129,1,1,16,16,16,16,16,16,16,16,16,16
10130,0,1,0,32,15,22,0,30,0,0,0,0
10130,1,1,0,0,0,0,0,0,0,24,0,0
10131,1,1,5,0,29,0,17,0,8,0,22,0
10132,1,1,0,0,0,0,0,0,0,0,0,0
10132,2,1,8,8,8,8,8,8,8,8,8,8
10133,1,1,0,0,0,0,0,0,0,0,0,0
10133,2,1,0,0,0,0,0,0,0,0,0,0
10134,1,1,0,0,0,0,0,0,0,0,0,0
10134,2,1,0,0,0,0,0,0,0,0,0,0
10134,3,1,0,0,0,0,0,0,0,0,0,0
10134,4,1,0,0,0,0,0,0,0,0,0,0
10135,1,1,0,0,0,0,0,0,0,0,0,0
10135,2,1,0,0,0,0,0,0,0,0,0,0
10136,1,1,8,12,0,6,7,15,15,25,9,18
10137,1,1,0,0,0,0,0,0,0,0,0,0
10138,1,1,0,0,0,0,0,0,0,0,0,0
10138,2,1,0,0,0,0,0,0,0,0,0,0
10139,1,1,8,19,23,5,20,19,11,35,11,11
10140,1,1,12,12,12,12,12,12,12,12,12,12
10141,1,1,0,0,0,0,0,0,0,0,0,0
10141,2,1,0,0,0,0,0,0,0,0,0,0
10142,1,1,0,0,0,0,0,0,0,0,0,0
10142,2,1,0,0,0,0,0,0,0,0,0,0
10142,3,1,0,0,0,0,0,0,0,0,0,0
10143,1,1,0,0,0,0,0,0,0,0,0,0
10143,2,1,0,0,0,0,0,0,0,0,0,0
10144,1,1,0,0,0,0,0,0,0,0,0,0
10145,1,1,0,0,0,0,0,0,0,0,0,0
10146,1,1,0,0,0,0,0,0,0,0,0,0
10146,2,1,0,0,0,0,0,0,0,0,0,0
10147,0,1,0,48,0,19,9,37,0,0,0,0
10147,1,1,0,0,0,0,0,0,43,0,0,0
10148,1,1,26,26,26,26,26,26,26,26,26,26
10149,1,1,0,0,0,0,0,0,0,0,0,0
10150,1,1,0,0,0,0,0,0,0,0,0,10
10150,2,1,0,12,0,0,0,0,0,0,0,0
10151,1,1,17,17,17,17,17,17,17,17,17,17
10151,2,1,0,0,0,0,0,0,0,0,0,0
10152,1,1,0,0,0,0,0,0,0,0,0,0
10152,2,1,0,0,0,0,0,0,0,0,12,0
10153,1,1,13,25,14,0,15,20,0,37,18,20
10154,1,1,0,0,13,0,0,0,0,0,0,0
10154,2,1,0,0,0,0,0,0,0,0,0,0
10155,1,1,21,21,21,21,21,21,21,21,21,21
10156,1,1,11,11,11,11,11,11,11,11,11,11
10156,2,1,0,27,0,11,0,0,7,21,0,0
10156,3,1,0,0,0,0,23,0,0,0,0,0
10156,4,1,0,0,0,0,0,0,0,0,0,0
10157,1,1,0,0,0,0,0,0,0,0,0,0
10158,1,1,0,0,0,0,0,0,0,0,0,0
10158,2,1,0,0,0,0,0,0,0,0,0,0
10159,1,1,0,0,0,0,0,0,0,0,0,0
10159,2,1,0,0,0,0,0,0,0,6,0,0
10161,1,1,0,17,15,21,10,3,19,2,0,4
10162,1,1,0,0,0,0,0,0,0,0,0,0
10163,0,1,9,9,9,9,9,9,9,9,9,9
10163,1,1,0,0,0,0,0,0,0,0,0,0
10164,1,1,0,0,0,0,0,0,0,0,0,5
10164,2,1,0,0,0,0,0,0,0,0,0,0
10165,1,1,0,0,0,0,0,0,0,0,0,33
10166,1,1,0,0,0,0,0,0,0,0,0,0
10166,2,1,0,0,0,0,0,0,0,0,0,0
10167,1,1,0,0,0,0,0,0,0,0,0,0
10167,2,1,0,0,0,0,0,0,0,0,0,0
10168,1,1,9,9,9,9,9,9,9,9,9,9
10169,1,1,5,8,0,11,22,16,0,22,14,29
10170,1,1,12,11,36,33,16,21,0,10,25,22
10171,1,1,19,19,19,19,19,19,19,19,19,19
10172,1,1,0,0,0,0,0,0,0,0,0,0
10173,1,1,22,14,19,12,23,17,11,10,33,5
10174,1,1,0,0,0,0,0,0,0,0,0,0
10174,2,1,0,0,0,0,0,0,0,0,0,22
10175,1,1,11,11,11,11,11,11,11,11,11,11
10176,1,1,13,13,13,13,13,13,13,13,13,13
10177,1,1,0,0,0,0,0,0,0,0,0,0
10178,1,1,0,0,0,0,0,7,0,0,0,0
10178,2,1,0,0,0,0,0,0,0,0,0,0
10179,1,1,0,0,0,0,0,0,0,0,0,0
10180,0,1,0,18,0,0,9,0,0,6,8,12
10180,1,1,0,0,0,0,0,0,0,0,0,0
10181,1,1,36,0,0,0,0,0,0,0,16,0
10182,1,1,0,0,0,0,0,0,0,0,0,0
10182,2,1,0,0,0,0,0,0,0,0,0,0
10183,1,1,18,18,18,18,18,18,18,18,18,18
10183,2,1,0,0,0,0,0,0,0,0,0,0
10184,1,1,0,0,0,0,0,0,0,0,0,0
10184,2,1,0,0,0,0,0,0,0,0,0,0
10185,1,1,0,0,0,0,0,0,0,0,0,0
10185,2,1,0,0,0,0,0,0,0,0,0,0
10186,0,1,3,0,8,15,6,25,0,0,12,24
10186,1,1,0,7,12,0,0,0,0,0,0,0
10187,1,1,0,0,0,0,0,0,0,0,0,0
10188,1,1,0,0,0,0,0,0,0,0,0,0
10188,2,1,11,11,11,11,11,11,11,11,11,11
10188,3,1,0,0,0,0,0,0,0,0,0,0
10189,1,1,5,5,5,5,5,5,5,5,5,5
10189,2,1,0,0,0,0,0,0,0,0,0,0
10190,0,1,9,24,0,25,0,0,0,0,0,0
10190,1,1,0,20,11,14,0,0,0,0,9,7
10191,1,1,0,0,0,0,0,19,0,0,0,0
10192,1,1,0,0,0,0,0,0,0,0,0,0
10193,1,1,18,18,18,18,18,18,18,18,18,18
10194,1,1,22,37,0,15,22,0,0,0,0,9
10195,1,1,9,9,9,9,9,9,9,9,9,9
10195,2,1,11,0,24,0,0,11,17,0,0,13
10196,0,1,43,0,9,10,0,0,0,15,13,10
10196,1,1,0,0,0,0,0,0,21,35,0,0
10196,2,1,0,0,0,0,13,0,4,0,29,0
10197,1,1,0,0,0,0,0,0,0,0,0,0
10197,2,1,0,0,0,0,0,0,0,0,0,0
10198,1,1,0,0,0,0,0,0,0,0,0,0
10199,1,1,15,0,0,0,0,0,0,0,0,0
10201,1,1,0,0,0,0,0,0,0,0,0,0
10201,2,1,0,0,0,0,0,0,0,0,0,0
10201,3,1,0,0,0,0,0,0,0,0,0,0
10202,1,1,0,28,18,25,0,11,11,12,22,15
10203,1,1,0,0,0,13,0,0,0,0,9,0
10204,1,1,21,21,21,21,21,21,21,21,21,21
10204,2,1,0,0,0,0,0,0,0,0,0,0
10205,1,1,0,0,0,0,0,0,22,0,0,7
10206,1,1,0,0,0,0,0,0,0,0,0,0
10207,1,1,0,0,0,0,0,0,0,0,0,0
10207,2,1,0,0,0,0,0,0,0,0,6,0
10208,1,1,0,0,10,0,19,0,0,0,16,17
10209,1,1,0,0,0,0,0,0,0,0,0,0
10209,2,1,0,0,0,10,0,0,0,0,0,0
10209,3,1,0,0,0,0,0,0,0,0,0,0
10210,2,1,0,16,0,0,0,0,0,0,44,28
10210,3,1,0,0,0,10,0,0,7,0,0,0
10211,1,1,0,0,0,0,0,0,0,0,0,0
10212,1,1,0,0,0,0,0,0,0,0,0,0
10212,2,1,0,0,0,0,0,0,0,0,0,0
10213,1,1,0,0,0,0,0,0,0,0,18,23
10213,2,1,0,0,0,0,0,0,0,0,0,0
10214,0,1,19,0,0,0,0,0,0,0,0,0
10214,1,1,0,0,0,0,0,0,0,0,0,0
10215,0,1,0,0,0,0,0,0,0,0,0,0
10215,1,1,0,0,0,0,0,0,0,0,0,0
10216,1,1,0,0,0,0,0,0,0,0,0,0
10216,2,1,0,0,0,0,0,0,0,0,0,0
10217,1,1,0,0,0,0,0,0,0,6,0,0
10217,2,1,0,0,0,0,0,0,0,0,0,17
10218,1,1,0,0,0,0,0,0,0,0,0,0
10218,2,1,28,0,7,6,21,0,3,0,0,0
10219,1,1,12,12,12,12,12,12,12,12,12,12
10219,2,1,0,0,0,0,0,0,0,0,0,0
10220,1,1,17,8,15,18,12,34,6,16,13,54
10220,2,1,11,0,0,0,0,0,0,0,0,0
10221,1,1,0,0,0,0,0,0,0,0,0,0
10221,2,1,0,0,0,8,5,0,0,0,0,0
10222,1,1,2,2,2,2,2,2,2,2,2,2
10222,2,1,14,0,0,0,0,0,0,18,0,0
10223,1,1,0,0,0,0,0,0,0,0,0,0
10223,2,1,0,0,4,0,24,0,0,0,0,0
10223,3,1,0,0,0,0,0,0,0,0,0,0
10224,1,1,0,0,0,0,0,0,0,0,0,0
10225,0,1,0,0,0,0,39,0,0,13,0,21
10225,1,1,13,8,23,21,11,13,25,8,29,23
10226,1,1,0,0,0,0,0,0,0,0,0,0
10226,2,1,0,0,0,0,0,0,0,0,0,0
10227,1,1,0,0,0,0,0,0,0,0,0,0
10227,2,1,0,0,0,0,0,0,0,0,0,0
10227,3,1,0,0,0,0,0,0,0,0,0,0
10228,1,1,26,26,26,26,26,26,26,26,26,26
10228,2,1,0,0,0,0,0,0,0,0,0,0
10229,1,1,0,0,0,0,0,0,0,0,0,0
10230,1,1,0,0,0,0,0,0,0,0,0,0
10230,2,1,0,0,0,0,0,0,0,0,0,0
10231,1,1,0,0,0,0,0,16,0,0,0,0
10231,2,1,0,0,0,0,0,0,0,0,3,0
10232,1,1,3,3,3,3,3,3,3,3,3,3
10232,2,1,0,0,0,0,0,0,0,0,0,0
10232,3,1,0,0,0,0,0,0,0,0,0,0
10232,4,1,0,0,0,0,0,0,0,0,0,0
10233,1,1,0,0,0,0,0,0,0,0,0,0
10233,2,1,0,0,0,0,0,0,0,0,0,0
10233,3,1,0,0,0,0,0,0,0,0,0,0
10233,4,1,0,0,0,0,0,0,0,0,0,0
10234,0,1,0,0,0,0,0,0,0,8,0,0
10234,2,1,0,8,0,0,0,0,0,0,0,0
10234,3,1,0,0,0,0,0,0,21,0,0,0
10235,1,1,24,24,24,24,24,24,24,24,24,24
10235,2,1,0,0,0,0,0,0,0,0,0,0
10236,1,1,0,0,0,0,0,0,0,0,0,0
10236,2,1,0,0,0,0,10,0,0,0,0,0
10237,0,1,26,26,26,26,26,26,26,26,26,26
10237,1,1,0,0,0,0,0,0,0,0,0,0
10238,1,1,29,29,29,29,29,29,29,29,29,29
10239,1,1,0,0,0,0,0,0,0,0,0,0
10239,2,1,0,0,0,0,0,0,0,0,0,0
10240,1,1,0,0,0,0,0,0,0,0,0,0
10241,1,1,0,0,0,0,0,0,0,0,0,0
10242,1,1,0,0,0,0,0,0,0,0,0,0
10243,1,1,0,0,0,0,0,0,0,0,0,0
10243,2,1,0,0,0,0,0,0,0,0,0,0
10244,1,1,13,0,16,0,0,6,3,15,0,9
10245,1,1,0,0,0,0,0,0,0,0,0,0
10245,2,1,0,0,0,0,0,0,0,0,0,0
10246,1,1,40,40,40,40,40,40,40,40,40,40
10246,2,1,0,0,0,0,14,0,0,0,0,0
10246,3,1,0,0,0,0,0,0,0,0,0,0
10247,1,1,0,0,0,0,0,0,0,0,0,0
10248,1,1,0,0,0,0,0,0,0,0,0,0
10248,2,1,0,0,0,0,0,0,0,0,0,0
10249,1,1,0,0,0,0,0,0,0,0,0,0
10250,1,1,0,0,0,0,0,0,0,0,0,0
10250,2,1,0,0,0,0,0,0,0,0,0,0
10251,0,1,17,17,17,17,17,17,17,17,17,17
10251,1,1,0,0,0,0,0,0,0,0,0,0
10251,2,1,0,0,0,0,21,0,0,0,0,0
10252,1,1,24,24,24,24,24,24,24,24,24,24
10253,1,1,0,0,0,0,0,0,0,0,0,0
10254,1,1,12,12,12,12,12,12,12,12,12,12
10255,1,1,0,0,16,0,0,0,0,0,0,0
10255,2,1,0,0,0,0,0,0,0,0,0,0
10256,1,1,15,0,17,0,0,0,3,0,0,0
10256,2,1,0,0,0,0,0,0,0,0,0,0
10257,0,1,0,0,0,0,0,0,0,0,0,0
10257,1,1,0,0,0,0,0,0,0,0,0,0
10258,0,1,10,10,10,10,10,10,10,10,10,10
10258,1,1,0,0,0,0,0,0,0,0,0,0
10259,1,1,0,0,0,0,0,0,0,0,0,0
10259,2,1,0,0,0,0,0,0,0,0,0,0
10260,1,1,0,0,0,0,0,0,0,0,0,0
10261,1,1,0,0,0,0,0,7,0,0,0,24
10261,2,1,0,0,0,0,0,0,0,0,0,0
10262,1,1,0,0,0,0,0,0,0,0,0,0
10263,0,1,5,5,5,5,5,5,5,5,5,5
10263,1,1,0,0,0,0,0,0,0,0,0,0
10264,1,1,0,0,0,0,0,0,0,0,0,24
10265,1,1,0,0,0,0,0,0,0,0,0,0
10265,2,1,0,0,0,0,0,0,0,0,15,0
10265,3,1,0,0,0,0,0,0,0,0,0,0
10266,0,1,0,0,0,0,0,0,0,0,0,0
10266,1,1,0,0,0,0,0,0,0,0,0,0
10267,1,1,0,0,0,0,0,0,0,0,0,0
10267,2,1,0,0,0,0,0,0,0,0,0,0
10268,1,1,0,0,0,0,0,0,0,0,0,0
10269,1,1,0,0,0,0,0,0,0,0,0,0
10270,1,1,0,18,9,0,19,0,12,0,0,7
10271,1,1,0,0,0,0,0,0,0,0,0,0
10271,2,1,0,0,0,0,0,0,0,0,0,0
10272,1,1,14,14,14,14,14,14,14,14,14,14
10274,1,1,0,0,0,0,15,0,0,0,0,0
10274,2,1,13,13,13,13,13,13,13,13,13,13
10274,3,1,0,0,0,0,0,0,0,0,0,0
10275,1,1,0,0,0,0,0,0,0,0,0,0
10275,2,1,0,0,0,0,0,0,0,0,0,0
10275,3,1,0,0,0,0,0,0,0,11,0,0
10275,4,1,0,0,0,0,0,0,0,0,0,0
10275,5,1,0,0,0,0,0,0,0,0,0,0
10275,6,1,0,0,0,0,18,0,0,0,0,0
10275,7,1,0,0,12,16,0,0,0,0,0,0
10276,1,1,0,0,17,0,0,23,0,0,0,12
10276,2,1,0,0,0,8,0,0,0,0,0,0
10277,1,1,0,0,0,0,0,0,0,0,0,0
10277,2,1,0,11,0,0,0,0,0,0,0,0
10278,1,1,0,0,0,0,0,0,0,0,0,0
10278,2,1,0,0,0,0,0,0,0,0,0,0
10279,0,1,0,0,0,0,0,0,0,0,0,0
10279,2,1,0,0,0,32,20,0,0,0,0,0
10280,1,1,27,27,27,27,27,27,27,27,27,27
10281,1,1,16,10,0,0,0,3,0,20,0,0
10281,2,1,0,0,0,0,0,0,0,0,0,0
10282,1,1,0,0,0,0,0,0,0,0,0,0
10282,2,1,0,0,0,0,17,0,0,0,0,0
10282,3,1,0,0,0,0,0,0,0,0,0,0
10283,1,1,0,0,0,0,0,0,0,0,0,0
10283,2,1,0,0,0,0,0,5,0,0,0,0
10284,1,1,0,0,0,0,0,0,0,0,0,0
10284,2,1,0,0,0,0,0,0,0,0,0,0
10285,1,1,0,0,0,0,0,0,0,0,0,0
10285,2,1,0,0,0,0,0,0,0,0,0,0
10285,3,1,0,0,0,0,0,0,0,0,0,10
10286,1,1,5,5,5,5,5,5,5,5,5,5
10286,2,1,0,0,0,0,0,0,0,0,12,0
10286,3,1,0,0,0,0,0,0,0,0,0,0
10287,1,1,0,0,0,0,0,0,0,0,0,0
10287,2,1,9,9,9,9,9,9,9,9,9,9
10287,3,1,0,0,0,0,0,0,0,0,0,0
10287,4,1,0,0,0,0,0,0,0,0,0,0
10287,5,1,0,0,0,0,0,0,0,0,0,0
10288,0,1,0,0,0,0,0,0,0,0,0,0
10288,1,1,0,10,9,0,0,0,0,0,22,0
10289,1,1,0,0,0,0,0,0,0,0,0,0
10289,2,1,0,0,0,0,0,0,0,0,0,0
10290,1,1,0,0,0,0,0,0,0,0,0,0
10290,2,1,0,0,18,0,0,13,15,0,0,15
10291,1,1,10,10,10,10,10,10,10,10,10,10
10292,1,1,0,0,0,0,0,0,0,0,0,0
10292,2,1,0,0,0,0,0,0,0,0,0,0
10293,1,1,0,0,0,0,0,0,0,0,0,0
10293,2,1,0,0,0,0,0,0,0,0,0,0
10294,0,1,16,0,16,0,13,0,0,0,7,22
10294,1,1,16,0,0,0,0,0,8,0,0,28
10295,1,1,27,0,0,0,0,5,0,34,0,0
10296,1,1,22,22,22,22,22,22,22,22,22,22
10297,1,1,0,0,0,0,17,0,11,0,0,13
10298,1,1,0,0,0,0,0,0,0,0,0,0
10298,3,1,0,0,0,0,0,0,0,0,0,0
10299,1,1,16,16,16,16,16,16,16,16,16,16
10299,2,1,0,0,0,0,0,0,0,0,0,0
10300,1,1,0,0,11,0,0,0,0,0,0,0
10300,2,1,0,0,0,0,0,0,0,0,0,0
10300,3,1,0,0,0,0,0,0,0,0,0,0
10301,1,1,0,0,0,0,0,0,0,0,0,0
10302,1,1,8,8,8,8,8,8,8,8,8,8
10303,1,1,17,0,0,17,0,0,0,0,0,25
10304,1,1,4,4,4,4,4,4,4,4,4,4
10305,1,1,18,0,0,0,0,0,10,0,0,0
10305,2,1,0,0,0,0,0,0,0,0,0,0
10306,0,1,8,14,40,2,9,17,12,14,24,13
10306,1,1,0,0,0,0,0,0,0,0,0,0
10307,1,1,0,0,0,16,23,25,0,0,0,0
10308,1,1,0,0,0,0,0,0,0,0,0,0
10309,0,1,9,9,9,9,9,9,9,9,9,9
10309,1,1,0,0,0,0,0,15,0,0,0,0
10310,1,1,0,11,0,23,0,0,0,0,0,0
10311,1,1,0,0,0,0,0,0,0,0,0,0
10311,2,1,0,0,0,0,0,0,0,0,0,0
10312,1,1,0,0,0,0,0,0,0,0,0,0
10312,2,1,0,0,0,0,0,0,0,0,0,0
10313,1,1,0,0,0,0,0,0,0,0,0,0
10313,2,1,23,32,0,0,0,0,0,0,0,0
10314,1,1,0,0,0,0,0,0,0,0,0,0
10315,1,1,0,0,0,0,0,0,0,0,0,0
10315,2,1,0,0,0,0,0,0,0,0,0,0
10316,1,1,0,0,0,0,0,0,0,0,0,0
10316,2,1,0,0,4,0,0,0,0,0,0,0
10317,1,1,0,0,0,0,0,0,0,0,0,0
10318,1,1,0,0,0,0,0,0,0,0,0,0
10318,2,1,17,0,9,0,0,6,0,17,13,21
10319,1,1,0,5,4,0,0,0,0,0,14,0
10319,2,1,0,0,0,0,0,0,0,0,0,0
10320,1,1,27,27,27,27,27,27,27,27,27,27
10320,2,1,0,0,9,0,14,0,0,0,0,0
10321,1,1,8,8,8,8,8,8,8,8,8,8