ST_CASE,VEH_NO,PER_NO,P1,P2,P3,P4,P5,P6,P7,P8,P9,P10
80306,2,1,0,0,0,0,0,0,0,0,0,0
80306,3,1,0,0,0,0,0,0,0,0,0,0
80306,4,1,0,0,0,0,14,0,0,0,0,0
80306,5,1,0,0,0,0,0,0,0,0,0,0
80306,6,1,0,0,0,0,0,0,0,0,0,0
80307,1,1,0,0,0,0,0,0,0,0,0,0
80307,2,1,0,0,0,0,0,0,0,0,0,0
80308,1,1,0,0,0,0,0,0,0,0,0,0
80309,1,1,0,0,0,0,0,0,0,0,0,0
80309,2,1,0,0,0,0,0,0,0,0,0,0
80309,3,1,0,0,0,0,0,0,0,0,0,0
80310,1,1,19,19,19,19,19,19,19,19,19,19
80310,2,1,20,20,20,20,20,20,20,20,20,20
80311,1,1,25,25,25,25,25,25,25,25,25,25
80311,2,1,0,0,0,0,0,0,0,0,0,0
80312,1,1,15,15,15,15,15,15,15,15,15,15
80313,1,1,25,25,25,25,25,25,25,25,25,25
80313,2,1,0,0,0,0,0,0,0,0,0,0
80313,3,1,0,0,0,0,0,0,0,0,0,0
80313,4,1,0,0,0,16,0,0,0,0,0,0
80314,0,1,0,0,0,0,0,0,0,0,0,0
80314,1,1,0,0,0,0,0,0,0,0,0,0
80315,1,1,0,0,0,0,0,0,0,0,0,0
80316,1,1,0,0,0,0,0,0,0,0,0,0
80316,2,1,0,0,0,0,0,0,0,0,0,0
80316,3,1,0,0,0,0,0,0,0,0,0,0
80317,1,1,10,10,10,10,10,10,10,10,10,10
80318,1,1,24,24,24,24,24,24,24,24,24,24
80319,1,1,0,0,0,0,0,0,0,0,0,0
80320,1,1,0,0,0,0,0,0,0,0,0,0
80320,2,1,0,0,0,0,0,11,0,0,0,0
80321,1,1,0,0,0,0,0,0,0,0,0,0
80322,1,1,0,0,0,0,0,0,0,0,0,0
80322,2,1,0,0,0,0,0,0,0,0,0,0
80323,1,1,0,0,0,0,0,0,0,0,0,0
80323,2,1,0,0,0,0,0,0,0,0,0,0
80323,3,1,0,0,0,19,0,0,0,18,0,0
80324,1,1,0,0,0,0,0,0,0,0,0,0
80324,2,1,0,0,9,0,0,0,0,0,2,0
80325,1,1,0,0,0,0,0,0,0,0,0,0
80325,2,1,0,0,0,0,0,0,0,0,0,0
80326,0,1,0,0,0,0,0,0,0,0,0,0
80326,1,1,0,0,0,0,0,0,0,0,0,0
80327,1,1,25,25,25,25,25,25,25,25,25,25
80328,1,1,12,12,12,12,12,12,12,12,12,12
80329,1,1,16,16,16,16,16,16,16,16,16,16
80329,2,1,0,0,0,5,0,0,0,0,0,0
80330,1,1,26,26,26,26,26,26,26,26,26,26
80330,2,1,0,0,0,0,0,0,0,0,0,0
80331,1,1,0,0,0,0,0,0,0,0,0,0
80331,2,1,0,0,0,0,0,0,0,0,0,0
80332,1,1,28,28,28,28,28,28,28,28,28,28
80333,1,1,0,0,0,0,0,0,0,0,0,0
80333,2,1,0,0,0,0,0,0,0,0,0,0
80334,1,1,0,0,0,0,0,0,0,0,0,0
80335,1,1,0,0,0,0,0,0,0,0,0,0
80336,0,1,13,13,13,13,13,13,13,13,13,13
80336,1,1,0,0,0,0,0,0,0,0,0,0
80337,1,1,0,0,0,0,0,0,0,0,0,0
80337,2,1,0,0,0,0,0,0,0,0,0,0
80338,1,1,0,0,5,0,0,0,0,17,0,0
80339,0,1,10,10,10,10,10,10,10,10,10,10
80339,1,1,15,0,9,33,23,7,16,12,24,34
80339,2,1,0,0,26,0,0,0,0,0,0,0
80339,3,1,0,0,0,0,0,0,0,0,0,0
80339,4,1,13,6,0,0,0,0,0,0,19,0
80340,1,1,25,25,25,25,25,25,25,25,25,25
80341,1,1,22,22,22,22,22,22,22,22,22,22
80342,1,1,0,0,5,0,13,0,0,0,0,0
80342,2,1,0,0,0,0,0,0,0,0,0,0
80343,1,1,0,0,0,0,0,0,0,14,0,0
80344,0,1,20,20,20,20,20,20,20,20,20,20
80344,1,1,0,0,0,0,0,0,0,0,0,0
80345,1,1,11,11,11,11,11,11,11,11,11,11
80345,2,1,0,0,0,0,0,0,0,0,0,0
80345,3,1,0,0,6,0,0,0,0,0,0,0
80346,1,1,0,0,0,0,0,0,0,0,0,0
80346,2,1,23,23,23,23,23,23,23,23,23,23
80347,1,1,0,0,0,0,0,0,0,0,0,0
80347,2,1,0,0,0,0,0,0,0,0,0,0
80348,1,1,0,0,0,0,0,0,0,0,0,0
80348,2,1,0,0,0,0,0,0,0,0,0,0
80349,1,1,0,0,0,0,0,0,0,0,0,0
80350,1,1,0,0,0,0,0,0,0,0,0,0
80350,2,1,0,0,0,0,0,0,0,0,0,0
80351,1,1,16,16,16,16,16,16,16,16,16,16
80352,1,1,19,19,19,19,19,19,19,19,19,19
80353,1,1,0,0,0,0,0,0,0,0,0,0
80353,2,1,0,0,0,0,0,0,0,0,0,0
80353,3,1,0,0,0,0,0,0,0,0,0,0
80354,1,1,0,0,0,0,0,0,0,0,0,0
80354,2,1,0,0,0,0,33,0,0,0,0,0
80355,1,1,24,24,24,24,24,24,24,24,24,24
80355,2,1,0,0,0,0,0,0,0,7,0,0
80356,1,1,0,0,0,0,0,0,0,0,0,0
80356,2,1,0,0,0,0,0,0,0,0,0,0
80357,1,1,3,3,3,3,3,3,3,3,3,3
80358,1,1,25,25,25,25,25,25,25,25,25,25
80358,2,1,0,0,0,0,0,0,0,0,0,0
80359,1,1,0,0,0,0,0,0,0,0,0,0
80359,2,1,0,0,0,0,0,0,0,0,0,0
80359,3,1,0,0,0,0,0,0,0,0,0,0
80360,1,1,0,0,0,0,0,0,0,0,0,0
80360,2,1,0,0,0,0,0,0,0,0,0,0
80361,1,1,0,0,0,0,0,0,0,0,0,0
80362,1,1,0,0,0,0,0,0,0,0,0,0
80363,1,1,0,0,0,0,0,0,0,0,0,0
80364,1,1,2,2,2,2,2,2,2,2,2,2
80365,1,1,0,0,0,0,0,0,0,0,0,0
80366,1,1,0,0,0,0,0,0,0,0,0,0
80366,2,1,0,0,14,15,0,0,0,0,0,0
80366,3,1,0,0,0,0,0,0,0,0,0,0
80367,1,1,0,0,0,0,0,0,0,0,0,0
80367,2,1,0,0,0,0,0,0,0,0,0,0
80368,1,1,6,6,6,6,6,6,6,6,6,6
80368,2,1,8,8,8,8,8,8,8,8,8,8
80369,1,1,9,9,9,9,9,9,9,9,9,9
80370,1,1,0,0,0,0,0,0,0,0,0,0
80370,2,1,0,0,0,0,0,0,0,0,0,0
80370,3,1,0,0,0,0,0,0,0,0,0,0
80370,4,1,0,0,0,0,10,0,0,0,0,0
80371,0,1,31,15,10,13,23,27,19,25,41,7
80371,1,1,0,0,0,0,0,17,0,0,0,0
80372,1,1,4,4,4,4,4,4,4,4,4,4
80373,1,1,39,39,39,39,39,39,39,39,39,39
80374,1,1,0,0,0,0,0,0,0,0,0,0
80375,1,1,0,0,0,0,0,0,0,0,0,0
80375,2,1,0,0,0,0,0,0,0,0,0,0
80375,3,1,0,0,0,0,0,0,0,0,0,0
80375,4,1,0,0,0,0,0,0,0,0,0,0
80376,1,1,0,0,0,0,0,0,0,0,0,0
80377,0,1,0,0,0,18,18,0,3,34,23,14
80377,1,1,0,0,0,0,0,0,0,0,0,0
80378,1,1,0,0,0,0,0,0,0,0,0,0
80378,2,1,0,0,0,0,0,0,0,0,0,0
80379,1,1,0,0,0,0,0,0,0,0,0,0
80379,2,1,0,0,0,0,0,0,0,0,0,0
80379,3,1,0,0,0,0,0,0,0,21,0,0
80380,1,1,0,0,0,0,0,0,0,0,0,0
80381,1,1,6,6,6,6,6,6,6,6,6,6
80382,1,1,0,0,0,0,0,0,0,0,0,0
80382,2,1,0,0,0,0,0,0,0,0,0,0
80383,1,1,0,0,0,0,0,0,0,0,0,17
80384,1,1,1,1,1,1,1,1,1,1,1,1
80385,1,1,0,0,0,0,0,0,0,0,0,0
80385,2,1,0,0,0,0,0,0,0,0,0,0
80386,0,1,8,8,8,8,8,8,8,8,8,8
80386,1,1,0,0,0,0,0,0,0,0,0,0
80387,1,1,15,15,15,15,15,15,15,15,15,15
80388,1,1,0,0,0,0,0,0,0,22,0,0
80389,1,1,0,0,0,0,0,0,0,0,0,0
80390,0,1,0,0,0,0,0,0,0,0,0,0
80390,1,1,0,0,0,0,0,0,0,0,0,0
80391,1,1,35,35,35,35,35,35,35,35,35,35
80391,2,1,0,0,0,0,0,0,0,0,0,0
80392,1,1,0,0,0,0,0,0,0,0,0,0
80392,2,1,0,0,0,0,0,0,0,0,0,0
80393,1,1,27,0,0,0,10,0,24,10,20,7
80394,0,1,0,0,0,0,0,0,0,0,0,0
80394,1,1,0,0,0,0,0,0,0,0,0,0
80395,0,1,0,0,0,0,0,0,0,0,0,0
80395,1,1,0,0,0,0,0,0,0,0,0,0
80396,1,1,0,0,0,0,0,0,0,0,0,0
80396,2,1,0,0,0,0,0,0,0,0,0,0
80397,1,1,14,14,14,14,14,14,14,14,14,14
80398,1,1,22,22,22,22,22,22,22,22,22,22
80399,1,1,0,0,0,0,0,0,0,0,0,0
80399,2,1,0,0,0,0,0,0,0,0,0,0
80400,1,1,8,8,8,8,8,8,8,8,8,8
80401,1,1,23,23,23,23,23,23,23,23,23,23
80401,2,1,0,0,0,0,0,0,0,0,0,0
80401,3,1,0,0,0,0,0,0,0,0,0,0
80402,1,1,0,0,0,0,0,0,0,0,0,0
80402,2,1,2,2,2,2,2,2,2,2,2,2
80403,1,1,17,17,17,17,17,17,17,17,17,17
80403,2,1,2,2,2,2,2,2,2,2,2,2
80404,0,1,0,0,0,0,0,0,0,0,0,0
80404,1,1,0,0,0,0,0,0,0,0,0,0
80405,1,1,0,0,0,0,0,0,0,0,0,0
80405,2,1,0,0,0,0,0,0,0,0,0,0
80406,0,1,19,19,19,19,19,19,19,19,19,19
80406,1,1,0,0,0,0,0,0,0,0,0,0
80407,1,1,0,0,0,0,0,0,0,0,0,0
80407,2,1,0,0,0,0,0,0,0,0,0,0
80408,1,1,0,0,0,0,0,0,0,0,0,0
80408,2,1,0,0,0,0,0,0,0,0,0,0
80409,1,1,26,26,26,26,26,26,26,26,26,26
80409,2,1,0,0,0,0,0,0,0,0,0,0
80410,1,1,9,9,9,9,9,9,9,9,9,9
80411,1,1,18,18,18,18,18,18,18,18,18,18
80411,2,1,0,0,0,0,0,0,0,0,0,0
80412,1,1,25,25,25,25,25,25,25,25,25,25
80413,1,1,0,0,0,0,25,0,16,0,0,0
80414,1,1,0,0,0,0,0,6,0,0,0,13
80415,1,1,20,20,20,20,20,20,20,20,20,20
80416,1,1,0,0,0,0,0,0,0,0,0,0
80416,2,1,0,0,0,0,0,0,0,0,0,0
80417,1,1,0,0,0,0,0,0,0,0,0,0
80418,1,1,2,2,2,2,2,2,2,2,2,2
80418,2,1,0,0,0,0,0,0,0,0,0,0
80419,0,1,0,0,0,0,0,0,0,0,0,0
80419,1,1,0,0,0,0,0,0,0,0,0,0
80420,1,1,0,0,0,0,0,0,0,0,0,0
80421,0,1,0,0,0,0,0,0,0,0,0,0
80421,1,1,0,0,0,0,0,0,0,0,0,0
80422,1,1,15,15,15,15,15,15,15,15,15,15
80422,2,1,2,2,2,2,2,2,2,2,2,2
80423,1,1,15,15,15,15,15,15,15,15,15,15
80424,1,1,0,0,0,0,0,0,0,0,0,0
80425,1,1,28,28,28,28,28,28,28,28,28,28
80426,1,1,1,1,1,1,1,1,1,1,1,1
80427,0,1,0,0,0,0,0,0,0,0,0,0
80427,1,1,0,0,0,0,0,0,0,0,0,0
80428,1,1,0,0,0,0,0,0,0,0,0,0
80428,2,1,0,0,0,0,0,0,0,0,0,0
80429,1,1,0,0,0,0,0,0,0,0,0,0
80429,2,1,0,0,0,0,0,0,0,0,0,0
80430,1,1,1,1,1,1,1,1,1,1,1,1
80430,2,1,15,15,15,15,15,15,15,15,15,15
80431,1,1,20,20,20,20,20,20,20,20,20,20
80432,1,1,0,0,0,0,0,0,0,0,0,0
80433,1,1,13,13,13,13,13,13,13,13,13,13
80434,1,1,0,0,0,0,0,0,0,0,0,0
80435,1,1,22,22,22,22,22,22,22,22,22,22
80436,1,1,0,0,0,0,0,0,0,0,0,0
80437,1,1,0,0,0,0,0,0,0,0,0,0
80438,1,1,0,0,0,0,0,0,0,0,0,0
80438,2,1,0,0,0,0,0,0,0,0,0,0
80439,1,1,25,25,25,25,25,25,25,25,25,25
80440,1,1,35,35,35,35,35,35,35,35,35,35
80441,1,1,0,0,0,0,0,0,0,0,0,0
80442,1,1,19,19,19,19,19,19,19,19,19,19
80443,1,1,0,0,0,0,0,0,0,0,0,0
80443,2,1,0,0,0,0,0,0,0,0,0,0
80444,1,1,0,0,0,0,0,0,0,0,0,0
80444,2,1,0,0,0,0,0,0,0,0,0,0
80445,1,1,27,27,27,27,27,27,27,27,27,27
80446,1,1,8,8,8,8,8,8,8,8,8,8
80446,2,1,0,0,0,0,8,0,0,0,0,0
80447,1,1,0,0,0,0,0,0,0,15,0,0
80447,2,1,0,0,0,0,0,0,0,0,0,0
80448,1,1,0,0,0,0,0,0,0,25,0,0
80448,2,1,0,0,0,0,0,0,0,0,0,0
80448,3,1,0,0,0,0,0,0,0,0,0,0
80449,1,1,16,16,16,16,16,16,16,16,16,16
80450,0,1,30,30,30,30,30,30,30,30,30,30
80450,1,1,0,0,0,0,0,0,0,0,0,0
80451,1,1,0,0,0,0,0,0,0,0,0,0
80452,1,1,0,0,0,0,0,0,0,0,0,0
80452,2,1,0,0,0,0,16,0,0,0,0,0
80453,0,1,0,0,0,0,0,0,0,0,0,0
80453,1,1,0,0,0,0,0,0,0,0,0,0
80454,0,1,0,0,0,0,0,0,0,0,0,0
80454,1,1,0,0,0,0,0,0,9,0,0,0
80455,0,1,18,18,18,18,18,18,18,18,18,18
80456,1,1,0,0,3,0,13,19,0,0,0,6
80456,2,1,0,0,0,0,0,0,0,0,0,0
80457,1,1,0,0,0,0,0,0,0,0,0,0
80458,1,1,0,0,0,0,0,0,0,0,0,0
80458,2,1,0,0,0,0,0,0,0,21,0,0
80459,0,1,1,1,1,1,1,1,1,1,1,1
80459,2,1,0,0,0,0,0,0,0,9,0,0
80460,1,1,24,24,24,24,24,24,24,24,24,24
80461,1,1,25,29,27,13,14,11,15,30,11,21
80462,1,1,0,0,0,0,0,0,0,0,0,0
80463,1,1,0,0,0,0,0,0,0,0,0,0
80463,2,1,0,0,0,0,0,0,21,0,0,0
80464,1,1,14,14,14,14,14,14,14,14,14,14
80464,2,1,0,0,0,0,0,0,0,0,0,0
80464,3,1,0,24,0,15,0,16,21,14,0,6
80465,1,1,10,10,10,10,10,10,10,10,10,10
80465,2,1,0,0,0,0,0,0,0,0,0,0
80466,1,1,0,0,0,0,0,0,0,0,0,0
80467,1,1,0,0,0,0,0,0,0,0,0,0
80468,1,1,21,21,21,21,21,21,21,21,21,21
80469,1,1,7,7,7,7,7,7,7,7,7,7
80469,2,1,0,0,0,0,0,0,0,0,0,0
80470,1,1,0,0,0,0,0,0,0,0,0,0
80470,2,1,20,0,24,0,0,0,2,0,0,0
80471,0,1,0,0,0,0,0,0,0,0,0,0
80471,1,1,0,0,10,12,0,0,0,0,0,0
80472,0,1,0,0,0,0,0,0,0,0,0,0
80472,1,1,0,0,0,0,0,0,0,0,0,0
80473,1,1,0,0,0,0,0,0,0,0,0,0
80473,2,1,0,0,0,0,0,0,0,0,0,0
80474,1,1,0,0,0,0,0,0,0,0,0,0
80475,1,1,21,21,21,21,21,21,21,21,21,21
80475,2,1,0,0,0,0,0,0,0,0,0,0
80476,1,1,27,27,27,27,27,27,27,27,27,27
80476,2,1,0,0,0,0,0,0,0,0,0,0
80477,1,1,0,0,0,0,0,0,0,0,0,0
80478,1,1,0,0,0,0,0,0,0,0,0,0
80479,0,1,0,0,0,0,0,0,0,0,0,0
80479,1,1,0,19,0,0,0,0,0,0,0,0
80480,1,1,0,0,0,0,0,0,0,0,0,0
80480,2,1,0,0,0,0,9,0,0,0,0,0
80481,1,1,0,0,0,0,0,9,18,0,0,0
80482,1,1,28,28,28,28,28,28,28,28,28,28
80482,2,1,9,0,0,0,0,0,0,0,0,0
80483,1,1,25,25,25,25,25,25,25,25,25,25
80483,2,1,0,0,0,0,0,0,0,0,0,0
80484,0,1,0,0,0,0,0,0,0,0,0,0
80484,0,2,0,0,0,0,0,0,0,0,0,0
80484,0,3,0,0,0,0,0,0,0,0,0,0
80484,1,1,0,0,0,0,0,0,0,0,0,0
80485,1,1,13,13,13,13,13,13,13,13,13,13
80485,2,1,0,0,0,0,0,0,0,0,0,0
80486,1,1,0,0,0,0,0,0,0,0,0,0
80486,2,1,0,0,0,0,0,0,0,0,0,0
80487,1,1,0,0,0,0,0,0,0,0,0,0
80487,2,1,0,0,0,0,0,0,0,0,0,0
80488,1,1,0,0,0,0,0,0,0,0,0,0
80489,1,1,18,18,18,18,18,18,18,18,18,18
80489,2,1,0,0,0,0,0,0,0,0,0,0
80490,0,1,0,0,0,0,0,0,0,0,0,0
80490,1,1,0,0,0,0,0,0,0,0,0,0
80491,1,1,16,16,16,16,16,16,16,16,16,16
80492,1,1,0,0,0,0,0,0,0,0,0,0
80492,2,1,0,0,0,0,0,0,0,0,0,0
80493,1,1,18,18,18,18,18,18,18,18,18,18
80494,1,1,27,27,27,27,27,27,27,27,27,27
80495,1,1,20,20,20,20,20,20,20,20,20,20
80496,1,1,20,20,20,20,20,20,20,20,20,20
80497,1,1,11,11,11,11,11,11,11,11,11,11
80498,1,1,0,0,0,0,0,0,0,0,0,0
80499,0,1,28,28,28,28,28,28,28,28,28,28
80499,1,1,0,0,0,0,0,0,0,0,0,0
80500,1,1,15,15,15,15,15,15,15,15,15,15
80501,1,1,11,11,11,11,11,11,11,11,11,11
80502,0,1,0,0,0,0,0,0,0,0,0,0
80502,1,1,9,9,9,9,9,9,9,9,9,9
80503,1,1,0,0,0,0,0,0,0,0,0,0
80504,1,1,0,0,0,0,0,0,0,0,0,0
80505,1,1,2,7,14,8,20,0,21,19,24,20
80506,1,1,0,0,0,0,0,0,0,0,0,0
80506,2,1,0,0,0,0,0,0,0,0,0,0
80507,1,1,0,0,0,0,0,0,0,0,0,0
80508,1,1,0,0,0,0,0,0,0,0,0,0
80508,2,1,0,0,0,0,0,0,0,0,0,0
80509,0,1,29,29,29,29,29,29,29,29,29,29
80509,1,1,0,0,0,9,0,0,25,0,0,0
80510,1,1,0,26,16,0,0,0,36,0,30,0
80511,1,1,5,0,0,8,0,8,13,11,0,8
80512,1,1,0,0,0,0,0,0,0,0,0,0
80512,2,1,0,0,0,0,0,0,0,0,0,0
80513,1,1,0,0,0,0,0,0,0,0,0,0
80513,2,1,5,0,0,0,0,0,0,0,0,0
80514,0,1,0,0,0,0,0,0,0,0,0,0
80514,1,1,26,0,0,20,24,0,17,4,0,0
80514,2,1,0,0,0,0,0,0,0,0,0,0
80515,1,1,0,0,0,0,0,0,0,0,0,0
80515,2,1,0,0,0,0,0,0,0,0,0,0
80516,1,1,0,0,0,0,0,0,0,0,0,0
80517,1,1,0,0,0,0,0,0,0,0,0,0
80517,2,1,0,0,0,0,0,0,0,0,0,0
80517,3,1,0,0,0,0,0,0,0,0,0,0
80518,1,1,15,15,15,15,15,15,15,15,15,15
80519,0,1,0,0,0,0,0,0,0,0,0,0
80519,1,1,0,0,0,0,0,0,0,20,0,0
80520,1,1,0,0,0,0,0,0,0,0,0,0
80521,1,1,21,21,21,21,21,21,21,21,21,21
80521,2,1,9,9,9,9,9,9,9,9,9,9
80522,0,1,0,0,0,0,0,0,0,0,0,0
80522,1,1,0,0,0,0,0,0,0,0,0,0
80523,0,1,0,0,0,0,0,0,0,0,0,0
80523,1,1,0,0,0,0,0,0,0,0,0,0
80524,1,1,0,0,0,0,14,21,0,13,0,0
80525,1,1,0,0,0,0,0,0,0,0,0,0
80525,2,1,0,0,0,0,0,0,0,0,0,0
80526,0,1,7,7,7,7,7,7,7,7,7,7
80526,1,1,20,20,20,20,20,20,20,20,20,20
80527,1,1,11,11,11,11,11,11,11,11,11,11
80528,1,1,18,0,0,10,0,0,0,0,0,0
80529,1,1,11,11,11,11,11,11,11,11,11,11
80529,2,1,0,0,0,0,0,0,0,0,0,0
80530,0,1,15,15,15,15,15,15,15,15,15,15
80530,1,1,8,0,6,9,10,12,0,9,22,13
80531,1,1,0,6,0,0,0,0,0,0,0,0
80531,2,1,0,0,0,0,0,0,0,0,0,0
80531,3,1,0,0,0,0,0,0,0,0,0,0
80531,4,1,0,0,0,0,0,0,0,0,0,0
80532,1,1,14,14,14,14,14,14,14,14,14,14
80533,1,1,21,21,21,21,21,21,21,21,21,21
80534,1,1,0,0,0,0,12,0,0,0,0,0
80535,0,1,0,0,0,0,0,0,0,0,0,0
80535,1,1,0,0,0,0,0,0,0,0,0,15
80536,1,1,0,0,0,0,0,0,0,0,0,0
80536,2,1,0,0,0,0,0,0,0,0,0,0
80537,1,1,0,0,0,0,0,0,0,0,0,0
80538,1,1,0,0,0,0,0,0,0,0,0,0
80539,1,1,0,0,0,0,0,0,0,0,0,0
80539,2,1,0,0,0,0,0,0,0,0,0,0
80540,1,1,0,0,0,0,0,0,0,0,0,0
80541,1,1,0,0,0,0,0,0,0,0,0,0
80541,2,1,0,0,0,0,0,0,0,0,0,0
80542,1,1,0,0,0,0,0,0,0,0,0,0
80542,2,1,0,0,0,0,0,0,0,0,0,0
80543,1,1,1,1,1,1,1,1,1,1,1,1
80543,2,1,0,0,0,0,0,0,0,0,0,0
80544,0,1,0,0,0,0,0,0,0,0,0,0
80544,1,1,0,0,2,0,0,0,0,0,0,0
80545,1,1,0,0,0,0,0,0,0,0,0,0
80546,1,1,44,44,44,44,44,44,44,44,44,44
80546,2,1,0,0,0,0,0,0,0,0,0,0
80547,1,1,0,0,0,0,0,0,0,0,0,0
80547,2,1,0,0,0,0,0,0,0,0,0,0
80548,1,1,0,0,9,10,0,0,0,0,0,0
80548,2,1,0,0,0,0,0,0,0,0,0,0
80549,1,1,14,14,14,14,14,14,14,14,14,14
80549,2,1,13,4,0,0,0,0,0,0,0,0
80550,1,1,21,21,21,21,21,21,21,21,21,21
80551,1,1,0,0,0,0,0,0,0,0,7,0
80551,2,1,0,0,0,0,0,0,0,0,0,0
80552,0,1,18,18,18,18,18,18,18,18,18,18
80552,1,1,0,0,0,0,0,0,0,0,0,0
80553,1,1,0,0,0,0,0,0,0,0,0,0
80553,2,1,0,0,0,0,0,0,0,0,0,0
80554,1,1,25,25,25,25,25,25,25,25,25,25
80555,1,1,0,0,0,0,0,0,0,0,0,0
80556,1,1,0,0,0,0,0,0,0,0,0,0
80556,2,1,0,0,0,0,0,0,0,0,0,0
80557,1,1,13,13,13,13,13,13,13,13,13,13
80558,1,1,0,0,0,0,0,0,0,0,0,0
80559,1,1,0,0,0,0,0,0,0,0,0,0
80559,2,1,0,0,0,0,0,0,0,0,0,0
80560,1,1,0,0,0,0,0,0,0,0,0,0
80560,2,1,0,0,0,0,0,0,0,0,0,0
80561,1,1,0,0,0,0,0,0,0,0,0,0
80561,2,1,0,0,0,0,0,0,0,0,0,0
80561,3,1,0,0,0,0,0,0,0,0,0,0
80561,4,1,0,0,0,0,0,0,0,0,0,0
80561,5,1,0,11,0,0,0,0,0,0,0,0
80562,1,1,0,0,0,0,0,0,0,0,8,0
80562,2,1,0,0,0,0,0,0,0,0,0,0
80562,3,1,0,0,0,0,0,0,0,0,0,0
80563,1,1,0,0,0,0,0,0,0,0,0,0
80564,1,1,0,0,0,0,0,0,0,0,0,0
80564,2,1,0,0,0,0,0,0,0,0,0,0
80565,1,1,0,0,0,0,0,0,0,0,0,0
80565,2,1,0,0,0,0,0,0,0,0,0,0
80565,3,1,0,0,0,0,0,0,0,0,0,0
80566,1,1,5,5,5,5,5,5,5,5,5,5
80566,2,1,0,0,0,0,0,0,0,0,0,0
80567,0,1,0,0,0,0,0,0,0,0,0,0
80567,1,1,0,0,0,0,0,0,0,0,0,0
80568,1,1,0,0,0,0,0,0,0,0,0,0
80568,2,1,0,0,0,0,0,0,0,0,0,0
80569,1,1,0,0,0,0,0,0,0,0,0,0
80569,2,1,0,0,0,0,0,0,0,0,0,0
80570,1,1,33,33,33,33,33,33,33,33,33,33
80570,2,1,0,0,0,0,0,0,0,0,0,0
80571,1,1,17,0,0,0,14,36,0,0,0,0
80572,1,1,0,0,0,0,0,0,0,0,0,0
80572,2,1,0,0,0,0,0,0,0,0,0,0
80572,3,1,0,0,0,0,0,0,0,0,0,0
80572,4,1,0,0,0,0,0,0,0,0,0,0
80573,1,1,22,22,22,22,22,22,22,22,22,22
80573,2,1,0,5,0,0,0,8,15,0,0,0
80574,1,1,10,10,10,10,10,10,10,10,10,10
80575,1,1,17,17,17,17,17,17,17,17,17,17
80576,1,1,0,0,0,0,0,0,0,0,0,0
80577,1,1,18,18,18,18,18,18,18,18,18,18
80577,2,1,13,0,0,0,0,0,0,0,0,0
80577,3,1,6,0,0,0,0,0,0,0,0,0
80577,4,1,0,0,0,0,16,0,12,0,3,6
80578,1,1,0,0,0,0,0,0,0,0,0,0
80579,1,1,0,0,0,0,0,0,0,0,0,0
80580,0,1,0,0,0,0,0,0,0,0,0,0
80580,1,1,0,0,0,0,0,0,0,0,0,0
80581,1,1,22,22,22,22,22,22,22,22,22,22
80582,1,1,0,0,0,0,0,0,0,0,0,0
80582,2,1,0,0,0,0,0,0,0,0,0,0
80583,1,1,0,0,0,0,0,0,0,0,0,0
80584,1,1,0,0,0,0,24,15,0,0,0,0
80585,1,1,0,0,0,0,0,0,0,0,0,0
80585,2,1,17,0,7,0,0,0,13,0,0,5
80586,1,1,0,0,0,0,0,0,0,0,0,0
80586,2,1,0,0,0,0,0,0,0,0,0,0
80587,0,1,0,0,0,0,0,0,0,0,0,0
80587,1,1,0,0,0,0,0,0,0,0,0,0
80588,0,1,0,0,0,0,0,0,0,0,0,0
80588,1,1,0,0,0,0,0,0,0,0,0,0
80589,1,1,0,0,0,0,0,0,0,0,0,0
80589,2,1,0,0,0,0,0,0,0,0,0,0
80590,1,1,0,0,0,0,0,0,0,0,0,0
80590,2,1,8,8,8,8,8,8,8,8,8,8
80591,1,1,16,16,16,16,16,16,16,16,16,16
80591,2,1,1,1,1,1,1,1,1,1,1,1
80592,1,1,22,22,22,22,22,22,22,22,22,22
80592,2,1,0,0,0,0,0,0,0,0,0,0
80593,0,1,0,0,0,0,22,0,0,0,0,0
80593,1,1,0,0,0,0,0,0,0,0,0,0
80594,1,1,0,14,0,8,0,0,0,0,0,0
80595,1,1,0,0,0,0,0,0,0,0,0,0
80596,1,1,0,0,0,0,0,0,0,0,0,0
80596,2,1,0,0,0,0,11,0,17,0,0,0
80597,1,1,0,0,0,0,0,0,0,0,0,0
80597,2,1,0,0,0,0,0,0,0,0,0,0
80598,1,1,0,0,0,0,0,0,0,0,0,0
80598,2,1,0,0,0,0,0,0,0,0,0,0
80599,1,1,9,9,9,9,9,9,9,9,9,9
80600,1,1,15,15,15,15,15,15,15,15,15,15
80601,1,1,0,0,0,0,0,0,0,0,0,0
80602,1,1,0,0,0,0,0,0,0,0,0,0
80603,1,1,18,18,18,18,18,18,18,18,18,18
80604,0,1,0,0,0,0,27,0,0,0,0,0
80604,1,1,0,0,0,0,0,0,0,0,0,0
80605,0,1,0,0,0,0,0,0,0,0,0,0
80605,1,1,0,0,0,0,0,18,0,0,0,0
80606,1,1,36,36,36,36,36,36,36,36,36,36
80607,1,1,9,9,9,9,9,9,9,9,9,9
80607,2,1,0,0,0,0,0,8,0,21,0,0
80608,0,1,0,0,0,0,0,0,0,0,0,0
80608,0,2,0,0,0,0,0,0,0,0,0,0
80608,1,1,13,13,13,13,13,13,13,13,13,13
80609,1,1,19,19,19,19,19,19,19,19,19,19
80609,2,1,0,0,0,0,0,0,7,0,0,0
80610,1,1,19,19,19,19,19,19,19,19,19,19
80611,1,1,0,0,0,0,0,0,0,0,0,0
80611,2,1,0,0,0,0,0,0,0,0,0,0
80613,0,1,0,0,0,0,0,0,0,0,0,0
80613,1,1,0,0,0,0,0,0,0,12,0,0
80614,1,1,0,0,0,0,14,0,0,0,24,0
80615,1,1,0,0,0,0,0,0,0,0,0,0
80616,1,1,0,0,0,0,0,0,0,0,0,0
80617,1,1,0,0,0,0,0,0,0,0,0,0
80618,1,1,0,0,0,0,0,0,0,0,0,0
80619,1,1,6,6,6,6,6,6,6,6,6,6