ST_CASE,VEH_NO,PER_NO,P1,P2,P3,P4,P5,P6,P7,P8,P9,P10
90294,2,1,0,0,0,0,0,0,0,0,0,0
90295,1,1,0,0,0,0,17,3,18,17,0,0
90295,2,1,0,0,0,0,0,0,0,0,0,0
90296,0,1,0,0,0,0,0,0,0,0,0,0
90296,1,1,11,0,0,12,0,15,0,45,0,12
90298,1,1,12,12,12,12,12,12,12,12,12,12
90298,2,1,22,22,0,0,20,0,0,0,0,0
90299,1,1,20,20,20,20,20,20,20,20,20,20
90300,0,1,0,0,0,0,0,0,0,0,0,0
90300,1,1,8,33,0,18,0,0,13,0,0,15
90301,0,1,0,0,0,0,0,0,0,0,0,0
90302,0,1,0,0,0,0,0,0,0,0,0,0
90302,1,1,0,0,9,0,0,0,0,0,0,0
90303,0,1,0,0,0,0,0,0,0,0,0,0
90303,1,1,0,0,0,22,0,0,0,19,17,0
90304,1,1,13,27,2,13,15,4,18,8,23,2
90304,2,1,0,0,0,0,0,0,0,0,0,0
90305,1,1,32,0,0,0,0,17,0,0,0,0
90305,2,1,0,0,0,0,0,0,0,0,0,0
90306,1,1,0,0,0,0,0,0,0,0,0,0
90306,2,1,0,0,0,0,0,0,0,0,0,0
90307,1,1,0,25,25,18,12,14,22,39,0,26
90308,0,1,15,15,15,15,15,15,15,15,15,15
90308,1,1,0,0,0,0,19,4,13,13,21,26
90309,0,1,11,11,11,11,11,11,11,11,11,11
90309,1,1,0,0,19,0,0,0,0,0,0,2
100001,0,1,0,0,0,0,0,0,0,0,0,0
100001,0,2,0,19,21,0,0,20,0,0,27,13
100001,0,3,16,8,24,20,13,19,19,17,32,15
100001,2,1,0,0,0,0,0,0,0,0,0,0
100001,3,1,0,0,0,0,0,0,0,0,0,0
100001,4,1,0,0,0,0,0,0,0,0,0,0
100002,1,1,0,0,0,0,0,0,0,0,0,0
100003,0,1,1,1,1,1,1,1,1,1,1,1
100003,1,1,0,0,9,0,0,0,0,0,0,0
100004,0,1,59,59,59,59,59,59,59,59,59,59
100004,1,1,0,0,0,0,22,9,10,0,0,0
100005,1,1,0,0,0,0,0,0,0,0,0,0
100006,1,1,0,0,0,0,0,0,0,0,0,0
100006,2,1,0,20,0,0,0,0,0,0,0,0
100007,1,1,20,20,20,20,20,20,20,20,20,20
100008,1,1,13,16,21,20,25,6,9,22,23,39
100009,1,1,0,0,0,0,0,0,0,0,0,0
100009,2,1,0,0,0,0,0,0,0,0,0,0
100010,1,1,0,0,0,0,0,0,0,0,0,0
100010,2,1,0,0,0,0,14,0,0,0,0,0
100010,3,1,0,0,0,0,0,0,0,0,0,0
100011,1,1,25,25,25,25,25,25,25,25,25,25
100012,1,1,3,3,3,3,3,3,3,3,3,3
100013,1,1,0,0,0,0,0,0,0,0,0,0
100013,2,1,0,16,0,0,0,0,0,5,15,0
100014,1,1,14,14,14,14,14,14,14,14,14,14
100015,1,1,0,0,0,0,0,0,0,0,0,0
100015,2,1,6,6,6,6,6,6,6,6,6,6
100016,1,1,0,0,0,0,0,0,21,0,0,0
100017,1,1,0,0,0,0,0,0,0,0,0,0
100017,2,1,0,0,0,0,0,0,0,0,0,0
100017,3,1,0,0,0,0,0,0,0,0,0,0
100018,1,1,0,0,0,0,0,0,0,0,0,0
100019,1,1,0,0,0,0,0,0,0,0,0,0
100019,2,1,0,0,0,0,0,0,0,0,0,0
100020,1,1,0,0,0,0,0,0,0,0,0,0
100020,2,1,0,0,0,0,0,0,0,0,0,0
100021,0,1,0,41,0,0,0,0,0,0,0,0
100021,1,1,0,0,0,0,0,0,0,0,0,16
100022,1,1,0,0,0,0,0,0,0,0,0,0
100023,1,1,0,31,0,13,32,15,22,11,0,30
100024,0,1,21,21,21,21,21,21,21,21,21,21
100024,1,1,0,0,0,0,0,0,0,0,0,0
100025,0,1,15,0,14,0,0,0,0,0,0,0
100025,1,1,0,0,0,0,0,0,0,0,0,0
100026,1,1,11,11,11,11,11,11,11,11,11,11
100027,1,1,0,0,0,0,0,0,0,0,0,0
100028,0,1,0,0,0,0,0,0,0,0,0,0
100028,1,1,0,13,0,0,0,0,0,21,0,0
100029,1,1,0,0,0,15,0,0,0,0,13,0
100029,2,1,0,0,0,0,0,0,0,0,0,0
100030,1,1,0,0,0,0,0,0,0,0,0,0
100030,2,1,0,0,0,0,0,0,0,0,0,0
100031,1,1,0,0,0,0,0,0,0,0,0,0
100032,1,1,8,8,8,8,8,8,8,8,8,8
100032,2,1,0,0,0,0,16,0,0,0,0,19
100033,1,1,0,0,0,0,0,0,0,0,0,0
100033,2,1,0,0,0,0,0,0,0,0,0,0
100034,1,1,0,0,0,0,0,0,0,0,0,0
100035,1,1,0,0,0,0,0,0,0,0,0,0
100036,1,1,0,0,0,0,0,0,0,0,0,0
100037,1,1,0,0,0,0,0,0,0,0,0,0
100037,2,1,25,25,25,25,25,25,25,25,25,25
100038,1,1,0,0,0,0,0,0,0,0,0,0
100038,2,1,0,0,0,0,0,0,0,0,0,0
100039,1,1,20,20,20,20,20,20,20,20,20,20
100039,2,1,0,0,10,0,0,0,0,0,0,0
100040,1,1,0,0,0,0,0,0,0,0,0,0
100041,0,1,0,0,0,0,0,0,0,0,0,0
100041,1,1,0,0,0,0,0,0,0,0,0,0
100042,1,1,0,0,0,0,0,0,0,0,0,0
100042,2,1,0,0,0,0,0,11,0,0,0,0
100043,1,1,0,0,0,0,0,0,18,22,19,16
100044,1,1,0,0,0,0,0,0,0,0,10,0
100044,2,1,0,0,0,0,0,0,0,0,0,0
100045,1,1,0,0,0,0,0,0,0,0,0,0
100045,2,1,0,0,0,0,0,0,0,0,0,0
100046,1,1,0,0,0,0,0,0,0,0,0,0
100046,2,1,0,0,0,0,0,0,0,0,0,0
100047,1,1,0,0,0,0,0,0,0,0,0,8
100047,2,1,0,0,0,0,0,0,0,0,0,0
100048,0,1,0,0,0,0,14,35,0,0,0,0
100048,1,1,0,0,0,0,0,0,0,0,0,0
100049,1,1,22,22,22,22,22,22,22,22,22,22
100049,2,1,0,0,0,0,0,0,0,0,0,0
100050,1,1,8,8,8,8,8,8,8,8,8,8
100050,2,1,0,0,0,0,0,0,0,0,0,0
100050,3,1,0,25,0,0,0,0,0,0,0,0
100051,1,1,7,7,7,7,7,7,7,7,7,7
100052,1,1,0,0,0,0,0,0,0,0,0,0
100052,2,1,0,0,0,0,0,0,0,0,0,0
100053,1,1,0,0,0,0,0,0,0,0,0,0
100054,1,1,0,0,0,0,0,0,0,0,0,0
100054,2,1,0,0,0,0,0,0,0,0,0,0
100054,3,1,0,0,0,0,0,0,0,0,0,0
100055,1,1,0,0,0,0,0,0,0,0,0,0
100055,2,1,25,25,25,25,25,25,25,25,25,25
100056,1,1,0,0,0,0,0,0,0,0,0,0
100056,2,1,0,0,0,0,0,0,0,0,0,0
100057,1,1,37,0,0,0,0,0,0,0,0,0
100057,2,1,0,0,0,0,0,0,0,0,0,0
100058,1,1,0,0,0,0,0,0,0,0,0,0
100058,2,1,0,0,0,0,0,0,0,0,0,0
100059,1,1,0,0,0,0,0,0,0,0,0,0
100060,0,1,0,0,0,0,0,0,35,0,0,6
100060,1,1,0,0,0,0,0,0,0,0,0,0
100061,1,1,0,0,0,0,0,0,0,0,0,0
100061,2,1,0,13,0,0,0,0,0,0,0,11
100061,3,1,0,0,0,42,0,0,0,0,0,0
100062,1,1,0,0,0,0,0,0,0,0,0,0
100062,2,1,0,0,0,0,0,0,0,0,0,0
100063,1,1,0,0,0,0,0,0,0,0,0,0
100063,2,1,0,0,0,0,0,0,0,0,0,0
100064,1,1,25,25,25,25,25,25,25,25,25,25
100065,0,1,0,0,0,0,0,0,0,0,0,0
100065,1,1,0,0,0,0,0,0,0,0,0,0
100065,2,1,0,0,0,0,0,0,0,0,0,0
100065,3,1,0,0,22,0,0,0,0,0,27,0
100065,4,1,35,0,0,0,0,0,0,0,0,0
100066,1,1,0,0,0,0,0,0,0,0,0,0
100066,2,1,0,0,0,13,13,0,0,0,0,0
100067,1,1,0,0,0,0,0,24,0,0,0,0
100067,2,1,0,0,0,17,0,0,0,0,0,0
100068,1,1,0,0,0,0,16,0,0,0,43,0
100068,2,1,0,0,0,0,0,0,0,0,0,0
100069,1,1,0,0,0,0,0,0,0,0,0,0
100070,0,1,0,0,0,0,0,0,0,0,0,0
100070,2,1,0,0,0,0,0,0,0,0,0,0
100071,1,1,0,0,0,0,0,0,0,0,0,0
100071,2,1,0,0,14,0,0,0,0,0,0,0
100072,0,1,22,16,35,4,17,12,12,20,16,4
100072,1,1,0,0,0,30,0,0,0,0,0,0
100073,1,1,0,0,0,0,0,0,0,0,0,0
100073,2,1,0,0,0,0,0,0,0,0,0,0
100073,3,1,0,0,0,0,0,0,0,0,0,0
100074,1,1,0,0,0,0,0,0,0,0,0,0
100075,1,1,0,0,0,0,0,0,0,0,0,0
100075,2,1,0,0,0,0,0,0,0,0,0,0
100076,1,1,0,0,0,0,0,0,0,0,0,0
100076,2,1,0,0,0,0,0,0,0,0,0,0
100077,1,1,21,21,21,21,21,21,21,21,21,21
100077,2,1,0,0,0,0,0,0,0,0,0,0
100077,3,1,0,0,0,0,0,0,0,0,0,0
100078,0,1,0,0,0,0,0,0,0,0,0,0
100078,1,1,0,12,12,7,0,10,2,0,0,10
100079,1,1,0,0,0,0,13,0,0,0,0,0
100080,0,1,0,0,0,0,0,0,0,0,0,0
100080,1,1,0,0,0,0,0,0,0,0,0,0
100081,1,1,0,0,12,0,0,0,0,0,0,0
100081,2,1,0,0,0,0,0,0,0,0,0,0
100082,0,1,20,20,20,20,20,20,20,20,20,20
100082,1,1,0,17,0,0,0,0,0,0,0,0
100083,0,1,0,0,0,0,0,0,0,0,0,0
100083,1,1,0,0,0,0,0,0,0,0,0,0
100084,1,1,28,28,28,28,28,28,28,28,28,28
100085,1,1,0,0,0,0,0,0,0,0,0,0
100085,2,1,0,0,0,0,0,0,19,0,0,0
100086,1,1,0,0,0,0,14,6,0,0,0,0
100087,1,1,15,15,15,15,15,15,15,15,15,15
100088,0,1,0,0,0,0,0,0,0,0,0,0
100088,1,1,0,0,0,0,0,10,0,0,0,0
100089,0,1,0,0,0,0,0,0,0,0,0,0
100089,1,1,0,0,0,0,0,0,0,0,0,0
100090,0,1,0,0,0,0,0,0,0,0,0,0
100090,1,1,0,0,0,0,0,0,0,0,0,0
100091,1,1,0,0,0,0,0,0,0,0,0,0
100092,1,1,17,17,17,17,17,17,17,17,17,17
100093,1,1,15,15,15,15,15,15,15,15,15,15
100093,2,1,0,0,0,0,0,0,0,0,0,0
100094,1,1,0,0,0,0,0,0,0,0,0,0
100095,1,1,12,12,12,12,12,12,12,12,12,12
100096,0,1,0,0,0,0,0,0,0,0,0,0
100096,1,1,14,0,0,0,0,0,0,0,8,0
100097,1,1,16,16,16,16,16,16,16,16,16,16
100098,1,1,0,0,0,0,0,0,0,0,0,0
100098,2,1,0,0,0,0,0,0,0,0,0,0
100099,1,1,0,0,0,8,0,0,0,0,0,0
100099,2,1,0,0,0,0,0,0,0,0,0,0
100100,0,1,0,0,0,0,0,0,0,0,0,0
100100,0,2,0,0,0,0,0,0,0,0,0,0
100100,1,1,0,0,0,0,0,0,0,0,0,0
100101,1,1,0,0,0,0,0,0,0,0,0,0
100101,2,1,8,8,8,8,8,8,8,8,8,8
100102,1,1,0,0,0,0,0,0,0,0,0,0
100102,2,1,0,0,0,0,0,0,0,0,0,0
100103,1,1,0,0,0,0,0,0,0,0,0,0
100103,2,1,20,20,20,20,20,20,20,20,20,20
100104,1,1,0,0,0,0,0,0,0,0,0,0
100104,2,1,0,0,0,0,0,0,0,0,0,0
100105,1,1,0,21,0,0,0,0,0,0,0,0
100105,2,1,0,0,0,0,0,0,0,0,0,0
100106,1,1,0,0,0,0,0,0,0,0,0,0
100107,1,1,11,11,11,11,11,11,11,11,11,11
100108,0,1,34,34,34,34,34,34,34,34,34,34
100108,1,1,21,0,0,0,0,0,0,19,0,0
100109,1,1,0,0,0,0,0,0,0,0,0,0
100109,2,1,5,0,0,0,0,0,0,10,0,0
100110,1,1,0,0,0,0,0,0,0,0,0,0
100110,2,1,14,14,14,14,14,14,14,14,14,14
100111,1,1,0,0,0,0,0,0,25,0,0,0
100111,2,1,0,0,0,0,0,0,0,0,0,0
100112,1,1,0,0,0,0,0,0,0,0,0,0
100113,1,1,0,0,0,0,0,0,0,0,0,0
100113,2,1,0,0,0,0,0,0,0,0,0,0
100114,1,1,0,0,0,0,0,23,0,36,0,0
100115,0,1,0,0,0,0,0,0,0,0,0,0
100115,1,1,0,0,0,0,0,0,0,0,8,0
100116,1,1,0,0,10,0,0,0,11,0,0,0
100116,2,1,0,0,0,0,0,0,0,0,0,0
100117,1,1,0,0,0,0,14,0,22,0,12,18
100117,2,1,0,0,11,0,0,0,0,0,0,0
100119,1,1,0,0,0,0,0,0,0,0,0,0
100119,2,1,0,0,0,0,0,0,0,0,0,0
100120,1,1,0,0,10,0,0,0,0,0,0,0
100120,2,1,0,0,0,0,0,0,0,0,0,0
100121,0,1,23,0,0,0,0,0,9,31,0,0
100121,1,1,8,8,8,8,8,8,8,8,8,8
100122,0,1,0,0,0,0,0,0,0,0,0,0
100122,1,1,0,9,13,16,0,12,0,0,13,11
100123,1,1,0,0,0,0,0,0,0,0,0,0
100123,2,1,0,0,0,0,0,0,0,0,0,0
100124,0,1,0,0,0,0,0,0,0,0,0,0
100124,1,1,0,0,0,0,0,0,0,0,0,0
100125,1,1,0,0,0,0,0,0,0,0,0,0
100125,2,1,0,0,0,0,0,0,0,0,0,0
100126,0,1,0,0,0,0,0,0,0,26,0,0
100126,1,1,0,0,0,15,0,0,0,0,0,0
100127,0,1,14,14,14,14,14,14,14,14,14,14
100127,1,1,0,0,0,0,0,0,0,0,0,0
100128,1,1,9,9,9,9,9,9,9,9,9,9
100129,1,1,0,0,23,0,0,0,0,0,0,0
100129,2,1,0,0,0,0,0,0,0,0,0,0
100130,0,1,16,16,16,16,16,16,16,16,16,16
100130,1,1,0,0,13,0,0,0,9,0,0,0
100131,0,1,0,0,0,0,0,0,0,0,0,0
100131,1,1,0,0,0,0,0,0,0,0,0,0
100132,1,1,11,11,11,11,11,11,11,11,11,11
100132,2,1,0,0,0,0,0,0,11,0,0,0
100133,1,1,0,0,0,0,0,0,0,0,0,0
100133,2,1,0,0,0,0,0,0,0,0,0,0
110001,0,1,32,32,32,32,32,32,32,32,32,32
110001,1,1,21,14,4,24,8,10,29,0,25,15
110002,1,1,25,25,25,25,25,25,25,25,25,25
110002,2,1,0,0,0,0,0,0,0,0,0,0
110003,0,1,0,0,0,0,0,0,0,0,0,0
110003,1,1,0,0,0,0,0,0,0,0,0,0
110004,0,1,0,0,0,15,0,0,0,0,7,0
110004,1,1,0,0,6,9,19,36,0,14,0,0
110005,1,1,0,0,0,0,0,0,0,0,0,0
110005,2,1,0,0,0,0,0,0,0,0,0,0
110006,0,1,0,0,0,0,0,0,0,0,0,0
110006,1,1,0,0,0,0,0,0,0,0,0,0
110007,1,1,16,16,16,16,16,16,16,16,16,16
110007,2,1,0,0,0,0,0,0,0,0,0,0
110008,0,1,0,0,0,0,0,5,0,0,0,0
110008,1,1,0,0,0,0,0,0,0,0,0,0
110009,0,1,0,0,0,0,0,0,0,0,0,0
110009,1,1,0,0,0,0,16,0,0,0,0,0
110010,0,1,8,8,8,8,8,8,8,8,8,8
110010,1,1,0,5,0,0,0,7,0,14,0,0
110011,2,1,0,0,0,0,0,0,0,0,0,0
110012,0,1,0,0,0,0,0,0,0,0,0,0
110012,1,1,0,0,0,0,0,0,0,0,0,0
110012,2,1,0,10,0,0,0,0,0,0,0,0
110012,3,1,20,0,0,0,0,0,12,0,0,0
110012,4,1,0,23,0,0,0,0,0,0,24,0
110013,0,1,27,27,27,27,27,27,27,27,27,27
110013,1,1,17,0,0,5,0,21,17,2,15,13
110014,0,1,0,0,0,0,0,0,0,0,0,0
110014,0,2,0,0,0,0,0,0,0,0,0,0
110014,1,1,0,0,0,0,0,0,0,0,0,0
110015,1,1,0,0,0,0,0,0,0,0,0,0
110015,2,1,0,0,0,0,0,0,0,0,12,0
110016,1,1,0,0,0,0,0,0,0,0,0,0
110016,2,1,0,0,0,0,0,0,0,0,0,0
110017,0,1,23,23,23,23,23,23,23,23,23,23
110017,1,1,4,28,23,4,20,29,9,30,9,5
110018,1,1,0,0,0,0,0,0,0,0,0,0
110018,2,1,0,0,0,0,0,0,0,0,0,0
110019,0,1,0,0,0,0,0,0,0,0,0,0
110019,1,1,15,25,0,25,8,12,0,6,0,0
110020,1,1,0,39,0,0,0,0,0,0,9,0
110020,2,1,0,7,0,0,22,0,0,0,0,0
110020,3,1,0,0,0,0,14,0,0,26,0,0
110021,1,1,0,17,11,10,0,0,0,0,14,0
110021,2,1,0,0,0,0,0,0,0,19,11,0
110021,3,1,0,0,15,0,22,0,0,0,0,0
110022,1,1,22,35,0,45,28,13,0,27,0,0
110022,2,1,0,0,0,0,0,0,0,0,0,0
110022,3,1,0,0,0,0,8,0,0,0,0,0
110022,4,1,0,0,0,0,0,0,0,0,17,0
110022,5,1,0,13,0,30,10,18,13,0,0,0
110023,1,1,23,23,23,23,23,23,23,23,23,23
110024,0,1,0,0,0,0,0,0,23,0,0,0
110024,1,1,0,0,0,5,12,19,12,0,0,0
110025,1,1,3,3,3,3,3,3,3,3,3,3
110025,2,1,30,9,14,0,0,0,0,0,0,0
110025,3,1,0,0,8,0,0,0,0,0,0,0
110025,4,1,0,0,0,0,0,0,0,12,0,0
110026,1,1,0,0,0,18,15,16,0,0,0,0
110026,2,1,0,0,0,0,0,0,0,0,0,0
110027,0,1,0,0,0,0,0,0,0,0,0,0
110027,1,1,0,0,0,0,0,0,0,0,0,0
110028,1,1,14,0,0,0,0,0,14,14,0,31
110028,2,1,3,0,0,0,14,13,0,32,12,16
110029,1,1,2,2,2,2,2,2,2,2,2,2
110029,2,1,0,14,0,0,0,0,31,7,0,0
110030,0,1,0,0,0,0,0,0,0,0,0,0
110030,1,1,0,0,0,0,24,0,0,0,0,0
110031,1,1,0,0,0,10,0,0,0,0,0,0
110031,2,1,0,0,0,0,0,0,0,0,0,0
110032,0,1,0,0,28,0,0,0,0,0,23,0
110032,1,1,0,0,15,0,0,0,0,0,0,0
110033,1,1,0,0,0,0,0,0,0,0,0,0
110034,1,1,25,25,25,25,25,25,25,25,25,25
110035,1,1,0,0,0,0,0,0,0,0,0,0
110035,2,1,0,0,0,0,0,0,0,0,0,0
110035,3,1,0,0,0,0,0,0,0,0,0,0
110036,0,1,0,29,0,0,0,0,0,0,0,0
110036,1,1,0,0,0,0,0,0,0,0,0,0
110037,1,1,22,22,22,22,22,22,22,22,22,22
110038,0,1,0,0,0,0,0,0,0,0,0,0
110038,1,1,18,13,10,13,0,24,33,0,0,0
110039,0,1,0,0,0,0,0,0,19,0,0,27
110039,1,1,0,0,0,0,0,0,0,0,0,0
110040,0,1,27,27,27,27,27,27,27,27,27,27
110040,1,1,10,0,0,0,0,0,0,0,0,0
120001,1,1,0,0,0,0,0,0,0,0,0,0
120002,0,1,0,0,0,0,0,0,0,0,0,0
120002,1,1,0,0,0,0,0,0,0,0,0,0
120003,0,1,0,0,0,0,0,0,0,0,0,0
120003,1,1,0,13,0,29,20,26,0,11,0,0
120004,1,1,0,0,0,0,0,0,0,0,0,0
120005,0,1,0,0,0,0,0,0,0,0,0,0
120005,1,1,0,0,0,0,0,0,0,0,0,0
120006,1,1,21,21,21,21,21,21,21,21,21,21
120007,0,1,18,18,18,18,18,18,18,18,18,18
120007,1,1,12,0,0,0,0,0,0,0,0,0
120008,1,1,0,0,0,0,0,0,0,0,0,0
120009,1,1,0,0,0,0,0,0,0,0,0,0
120009,2,1,12,0,0,0,13,0,0,0,0,0
120011,0,1,26,0,0,0,0,0,30,0,0,24
120011,1,1,18,18,18,18,18,18,18,18,18,18
120012,1,1,0,0,0,0,0,19,0,0,0,0
120013,0,1,0,0,0,0,0,0,0,0,0,0
120013,1,1,8,0,0,0,0,0,0,0,0,0
120014,0,1,16,16,16,16,16,16,16,16,16,16
120014,1,1,0,14,0,0,0,0,0,0,0,0
120015,1,1,16,16,16,16,16,16,16,16,16,16
120016,1,1,13,13,13,13,13,13,13,13,13,13
120016,2,1,0,0,0,0,0,0,0,0,0,0
120017,0,1,0,0,0,0,0,0,0,0,0,0
120017,1,1,0,0,0,0,0,0,0,0,0,0
120018,1,1,24,24,24,24,24,24,24,24,24,24
120019,1,1,12,12,12,12,12,12,12,12,12,12
120020,1,1,0,0,0,0,0,0,0,0,0,0
120021,1,1,0,6,0,0,18,0,18,0,0,0
120021,2,1,21,0,9,0,0,0,0,0,0,0
120022,0,1,0,0,0,14,19,27,0,0,11,32
120022,1,1,0,0,0,0,0,0,0,0,0,0
120023,1,1,13,0,0,0,0,0,22,36,0,7
120024,0,1,0,0,0,0,0,0,0,0,0,0
120024,1,1,0,0,0,0,0,0,0,0,0,0
120025,0,1,23,23,23,23,23,23,23,23,23,23
120025,1,1,0,0,0,0,0,0,0,0,0,0
120026,1,1,0,0,0,0,0,0,0,0,0,0
120026,2,1,0,0,0,0,0,0,0,0,0,0
120027,1,1,0,0,0,0,0,0,0,0,0,38
120028,1,1,0,0,0,0,0,0,0,0,0,0
120028,2,1,0,0,0,0,0,0,0,0,0,11
120028,3,1,0,22,0,0,0,0,0,0,0,0
120029,1,1,0,0,0,0,0,0,0,0,0,0
120029,2,1,0,0,0,0,0,0,0,0,0,0
120030,0,1,19,19,19,19,19,19,19,19,19,19
120030,1,1,0,0,0,0,0,0,0,0,0,0
120031,0,1,0,0,0,0,0,0,0,0,0,0
120031,0,2,0,0,0,0,0,0,0,0,0,0
120031,1,1,0,0,0,0,0,0,0,0,0,0
120032,1,1,0,0,0,0,0,0,0,0,0,0
120032,2,1,0,0,0,0,0,0,0,0,0,0
120033,1,1,0,0,0,0,0,0,0,0,0,0
120033,2,1,0,0,0,0,0,0,0,0,0,0
120034,1,1,0,0,0,0,0,23,0,0,0,0
120034,2,1,0,0,0,0,0,0,0,0,0,0
120035,1,1,24,24,24,24,24,24,24,24,24,24
120036,1,1,0,0,0,0,0,0,0,0,0,0
120037,1,1,0,0,0,0,0,0,0,0,0,0
120037,2,1,0,0,0,0,0,0,0,0,0,0
120039,1,1,0,0,0,0,0,0,0,0,0,0
120039,2,1,0,0,0,0,0,0,0,0,12,0
120040,1,1,0,0,0,0,0,0,0,0,0,0
120040,2,1,0,0,0,0,0,0,0,0,0,0
120040,3,1,0,0,0,0,0,0,0,0,0,0
120041,0,1,10,10,10,10,10,10,10,10,10,10
120041,1,1,0,0,0,0,6,14,0,0,0,0
120042,1,1,0,0,0,0,0,0,0,0,0,0
120043,0,1,0,0,0,0,0,0,0,0,0,0
120043,1,1,0,0,0,0,0,0,0,0,0,0
120044,0,1,0,0,0,0,0,0,0,0,0,0
120044,1,1,0,0,0,0,0,0,0,0,0,0
120045,0,1,19,19,19,19,19,19,19,19,19,19
120045,1,1,0,10,0,10,0,0,0,8,0,0
120045,2,1,0,0,0,0,0,0,19,0,0,0
120045,3,1,0,0,0,0,0,0,0,0,0,13
120046,1,1,0,0,0,0,0,0,0,0,0,0
120046,2,1,0,0,0,6,0,0,0,0,0,0
120047,1,1,20,20,20,20,20,20,20,20,20,20
120047,2,1,0,0,0,0,0,0,0,0,0,0
120048,1,1,0,0,0,0,0,0,0,0,0,0
120049,0,1,15,15,15,15,15,15,15,15,15,15
120049,1,1,12,12,12,12,12,12,12,12,12,12
120050,1,1,15,15,15,15,15,15,15,15,15,15
120051,1,1,0,0,17,0,0,0,0,0,0,0
120051,2,1,0,0,0,0,0,0,0,0,0,0
120052,1,1,0,0,0,0,0,0,0,0,0,0
120052,2,1,0,0,0,0,0,0,0,0,0,15
120053,1,1,0,0,0,0,0,0,0,0,0,0
120053,2,1,0,0,0,0,0,0,0,0,0,0
120054,1,1,0,0,0,0,0,0,0,0,0,0
120054,2,1,0,0,0,0,0,0,0,10,0,0
120055,0,1,28,28,28,28,28,28,28,28,28,28
120055,1,1,0,0,0,0,0,0,0,0,0,0
120056,1,1,8,8,8,8,8,8,8,8,8,8
120056,2,1,0,0,0,0,0,0,0,0,0,0
120057,1,1,12,0,5,0,20,0,0,16,22,0
120057,2,1,0,0,0,0,0,0,0,0,0,0
120058,1,1,0,0,0,0,0,0,0,0,0,0
120059,1,1,21,21,21,21,21,21,21,21,21,21
120060,1,1,0,0,0,0,0,0,0,0,0,0
120060,2,1,0,23,0,0,0,0,22,0,0,0
120061,1,1,0,0,0,0,0,11,0,0,0,0
120061,2,1,0,0,0,0,0,0,0,0,0,0
120062,0,1,0,0,0,0,0,0,0,0,0,0
120062,1,1,0,0,0,0,0,0,0,0,0,0
120063,0,1,0,0,0,0,0,0,0,0,0,0
120063,1,1,0,0,0,0,0,0,0,0,0,0
120064,1,1,14,14,14,14,14,14,14,14,14,14
120064,2,1,0,0,0,0,0,0,0,0,0,0
120065,0,1,0,0,0,0,0,0,0,0,0,12
120065,0,2,0,0,0,0,0,0,0,16,0,0
120065,1,1,0,0,0,0,0,0,0,0,13,0
120066,0,1,12,21,0,0,0,0,0,0,12,0
120066,1,1,0,0,0,0,0,0,0,0,0,0
120067,1,1,0,0,0,0,0,0,0,0,0,0
120067,2,1,0,0,0,0,0,0,0,0,0,0
120068,1,1,0,0,0,0,0,0,0,0,0,0
120069,0,1,0,0,0,6,0,8,0,0,0,32
120069,1,1,26,0,0,8,0,0,11,0,0,8
120070,0,1,30,30,30,30,30,30,30,30,30,30
120070,1,1,0,0,0,17,0,0,0,0,16,3
120071,1,1,0,0,0,14,0,0,20,0,28,0
120072,1,1,0,0,0,0,0,0,0,0,0,0
120073,0,1,0,0,0,0,0,37,7,0,0,11
120073,1,1,0,0,0,0,0,0,0,0,0,0
120074,0,1,0,0,0,0,0,0,10,29,0,0
120074,1,1,0,0,11,0,0,0,34,0,0,0
120075,0,1,0,0,0,0,0,0,0,0,0,0
120075,1,1,0,0,0,0,0,0,0,0,0,0
120076,1,1,16,16,16,16,16,16,16,16,16,16
120076,2,1,0,0,0,0,0,14,0,0,19,0
120077,1,1,0,7,10,0,0,0,12,0,0,0
120078,1,1,14,14,14,14,14,14,14,14,14,14
120079,1,1,0,0,0,0,0,0,0,0,0,0
120079,2,1,0,0,0,0,0,0,0,25,0,0
120080,0,1,21,21,21,21,21,21,21,21,21,21
120080,1,1,0,0,0,0,0,0,0,0,0,0
120080,2,1,0,0,0,13,0,0,0,0,0,0
120081,0,1,0,0,0,0,0,0,0,0,0,0
120081,1,1,0,0,0,0,0,0,0,0,0,0
120082,1,1,0,0,20,0,0,0,0,0,35,0
120083,1,1,16,0,0,0,0,0,0,0,0,0
120083,2,1,0,0,0,0,16,18,0,28,0,13
120084,1,1,0,17,0,0,29,0,14,0,0,0
120084,2,1,0,0,0,0,0,0,0,0,0,0
120085,0,1,0,0,0,0,0,0,0,0,0,0
120085,1,1,0,0,22,0,0,0,0,0,0,0
120086,0,1,28,28,28,28,28,28,28,28,28,28
120086,1,1,0,11,0,0,0,21,15,0,0,15
120087,1,1,24,24,24,24,24,24,24,24,24,24
120088,1,1,15,0,0,0,0,0,0,0,0,0
120088,2,1,0,0,0,0,0,0,0,0,0,0
120089,0,1,0,0,0,0,0,0,0,0,0,0
120089,0,2,0,0,0,0,0,35,0,0,0,0
120089,1,1,0,0,0,0,0,0,0,0,0,0
120089,2,1,0,0,0,0,0,0,0,0,0,0
120090,1,1,0,0,0,0,0,0,0,0,0,0
120091,1,1,0,0,0,0,0,0,9,0,0,0
120091,2,1,0,0,0,0,0,0,0,0,0,0
120091,3,1,0,0,0,0,0,0,0,0,0,0