ST_CASE,VEH_NO,PER_NO,P1,P2,P3,P4,P5,P6,P7,P8,P9,P10
120092,1,1,0,10,0,0,0,0,0,0,0,0
120092,2,1,0,0,0,0,0,0,0,0,0,0
120093,1,1,0,0,0,0,0,0,0,0,0,0
120094,1,1,0,0,0,0,0,0,0,0,0,0
120094,2,1,0,0,0,0,0,0,0,0,0,0
120094,3,1,0,0,0,0,0,0,0,0,0,0
120094,4,1,0,0,0,0,0,0,0,0,0,0
120096,0,1,0,0,25,0,47,0,27,28,0,0
120096,1,1,0,0,0,0,0,0,0,0,0,0
120097,1,1,20,20,20,20,20,20,20,20,20,20
120097,2,1,0,0,0,0,0,0,0,0,0,0
120098,1,1,0,0,0,15,13,0,23,22,0,0
120098,2,1,0,0,0,0,0,0,0,0,0,0
120099,0,1,0,0,0,0,0,0,0,0,0,0
120099,1,1,0,0,0,0,0,0,0,0,0,0
120100,1,1,13,13,13,13,13,13,13,13,13,13
120101,0,1,0,6,21,11,0,0,0,0,0,0
120101,1,1,0,0,0,20,0,0,0,0,0,0
120101,2,1,0,0,0,0,0,0,0,0,0,0
120102,1,1,0,0,0,0,0,0,0,0,0,0
120103,0,1,0,0,0,0,0,0,0,0,0,0
120103,1,1,0,0,0,0,0,0,0,0,0,0
120104,1,1,6,6,6,6,6,6,6,6,6,6
120104,2,1,0,0,0,0,0,0,0,0,0,0
120105,0,1,17,0,0,0,0,15,0,0,0,0
120105,1,1,0,0,0,0,0,0,0,0,0,0
120106,1,1,20,20,20,20,20,20,20,20,20,20
120106,2,1,0,0,0,0,0,0,0,0,0,0
120106,3,1,0,0,0,0,0,0,0,0,0,0
120107,1,1,0,0,0,0,0,0,0,0,0,0
120107,2,1,0,8,0,23,0,0,20,10,0,0
120107,3,1,0,10,0,0,0,8,0,0,0,0
120108,1,1,0,0,0,0,0,0,0,0,0,0
120109,1,1,0,0,0,0,0,0,0,0,0,0
120109,2,1,0,0,0,0,0,0,0,0,0,0
120109,3,1,0,0,0,0,0,0,0,0,0,0
120110,1,1,10,10,10,10,10,10,10,10,10,10
120111,1,1,34,0,23,0,0,0,22,28,18,0
120112,1,1,19,19,19,19,19,19,19,19,19,19
120112,2,1,0,0,0,15,0,0,0,0,0,0
120113,0,1,0,0,0,0,0,0,0,0,0,0
120113,1,1,0,8,0,0,0,0,0,0,0,0
120114,1,1,18,18,18,18,18,18,18,18,18,18
120115,0,1,0,0,0,0,0,0,0,0,0,0
120115,1,1,0,0,0,0,0,0,12,0,0,0
120116,1,1,15,0,0,8,0,0,15,18,33,0
120116,2,1,0,0,10,0,15,0,0,0,13,24
120116,3,1,0,0,0,0,0,0,0,0,0,18
120118,0,1,0,13,7,0,0,32,24,0,9,0
120118,1,1,15,18,14,9,41,17,9,7,9,7
120119,1,1,0,0,0,0,0,0,0,0,0,0
120119,2,1,0,0,0,0,0,0,0,0,0,0
120120,1,1,0,0,0,0,0,0,0,0,0,0
120121,1,1,0,0,0,0,0,0,0,0,0,0
120121,2,1,0,0,0,0,0,0,0,0,0,0
120122,1,1,0,0,0,0,0,0,0,0,0,0
120122,2,1,0,0,0,0,0,0,0,0,0,0
120123,1,1,0,0,0,0,0,0,0,0,0,0
120123,2,1,0,0,0,0,0,0,0,0,0,0
120124,1,1,25,25,25,25,25,25,25,25,25,25
120125,1,1,0,0,0,0,0,0,0,0,0,0
120125,2,1,0,0,0,10,0,0,0,0,26,0
120126,1,1,22,22,22,22,22,22,22,22,22,22
120126,2,1,0,0,0,0,13,0,0,0,0,0
120127,1,1,7,0,0,4,17,28,32,0,3,21
120128,0,1,0,0,0,0,0,0,0,0,0,0
120128,1,1,0,0,0,0,0,0,0,0,0,0
120129,1,1,0,0,0,0,0,0,0,0,0,0
120129,2,1,0,0,0,0,0,0,0,0,0,0
120130,0,1,21,0,0,0,10,0,32,0,0,30
120130,1,1,0,13,0,0,0,0,0,14,0,0
120131,1,1,0,0,0,0,0,0,0,0,0,0
120131,2,1,0,20,19,22,0,11,0,11,0,0
120131,3,1,0,0,0,0,0,0,0,0,0,0
120132,1,1,0,0,0,0,0,0,0,0,0,0
120133,1,1,20,22,12,17,4,18,0,0,0,15
120134,1,1,0,0,0,0,0,0,0,0,0,0
120135,1,1,17,17,17,17,17,17,17,17,17,17
120136,0,1,27,0,0,0,0,0,22,16,2,0
120136,1,1,2,0,0,0,0,0,0,0,0,0
120137,0,1,0,0,0,0,0,0,0,0,0,0
120137,1,1,0,0,0,0,0,0,0,20,0,0
120137,2,1,0,0,0,0,0,0,0,0,0,0
120137,3,1,0,0,0,0,0,0,0,0,0,0
120138,1,1,0,0,0,0,0,0,0,0,0,0
120138,2,1,0,0,0,0,0,0,0,0,0,0
120139,0,1,19,19,19,19,19,19,19,19,19,19
120139,1,1,0,0,0,0,0,0,0,0,0,0
120139,2,1,0,0,0,0,0,0,0,0,0,0
120140,1,1,20,15,21,17,15,21,4,13,11,17
120140,2,1,0,0,0,0,0,11,0,0,0,0
120141,0,1,0,0,0,0,0,0,0,0,0,0
120141,1,1,0,0,0,0,0,0,0,0,0,0
120142,0,1,11,0,0,0,0,0,0,0,0,24
120142,1,1,22,33,0,0,0,0,11,0,28,21
120143,0,1,0,0,0,0,0,0,0,0,0,0
120143,1,1,0,0,0,20,0,15,22,0,0,0
120143,2,1,0,0,0,0,30,0,3,0,0,0
120144,1,1,11,16,24,31,0,0,24,9,0,18
120144,2,1,0,0,0,0,0,0,0,0,0,0
120145,1,1,0,0,0,0,0,0,0,0,0,0
120147,1,1,0,0,0,0,0,0,0,0,0,0
120147,2,1,0,0,0,0,0,0,0,0,0,0
120148,0,1,0,0,0,0,0,0,0,0,0,0
120148,1,1,0,0,0,0,0,0,0,0,0,0
120149,1,1,0,0,0,0,0,0,0,0,0,0
120149,2,1,0,0,0,0,0,0,0,0,0,0
120150,0,1,0,0,0,0,20,0,0,0,0,0
120150,1,1,0,0,0,0,0,0,0,0,0,0
120151,1,1,18,18,18,18,18,18,18,18,18,18
120151,2,1,27,27,27,27,27,27,27,27,27,27
120152,0,1,28,28,28,28,28,28,28,28,28,28
120152,1,1,0,0,0,0,12,0,0,0,0,0
120153,0,1,0,7,0,11,0,0,0,17,7,0
120153,1,1,0,0,0,0,0,0,0,0,0,3
120154,1,1,0,0,0,0,0,0,0,0,0,6
120154,2,1,0,0,0,0,0,0,0,0,0,0
120154,3,1,0,0,0,0,0,0,0,0,14,0
120154,4,1,0,0,0,0,0,0,0,0,0,0
120155,0,1,0,0,0,0,0,0,0,0,0,0
120155,0,2,0,0,0,0,0,0,28,0,0,0
120155,1,1,0,0,0,0,0,19,0,0,0,0
120156,0,1,30,0,0,0,20,11,0,26,0,26
120156,1,1,0,23,0,0,0,0,0,0,0,9
120157,1,1,23,23,23,23,23,23,23,23,23,23
120158,1,1,22,22,22,22,22,22,22,22,22,22
120159,1,1,0,0,0,0,0,0,0,0,0,0
120159,2,1,0,0,0,0,0,0,0,0,0,0
120160,1,1,0,0,0,0,0,0,0,0,20,0
120162,0,1,23,23,23,23,23,23,23,23,23,23
120162,1,1,0,0,0,0,0,0,0,0,0,0
120163,1,1,20,20,20,20,20,20,20,20,20,20
120163,2,1,0,0,0,0,0,0,0,0,0,0
120164,0,1,0,0,0,0,0,0,0,0,0,0
120164,1,1,0,0,0,0,0,0,0,0,0,0
120166,0,1,0,0,13,15,12,21,0,0,6,0
120166,1,1,0,0,0,0,12,0,0,0,0,0
120166,2,1,0,0,21,0,7,0,0,0,17,0
120167,1,1,0,0,0,0,0,0,0,24,25,0
120168,1,1,10,10,10,10,10,10,10,10,10,10
120169,1,1,0,0,0,0,0,0,0,0,0,0
120170,1,1,12,12,12,12,12,12,12,12,12,12
120171,1,1,21,21,21,21,21,21,21,21,21,21
120172,0,1,20,20,20,20,20,20,20,20,20,20
120172,1,1,0,0,0,0,0,0,0,0,0,0
120173,1,1,18,18,18,18,18,18,18,18,18,18
120173,2,1,0,0,0,0,0,0,0,0,0,0
120174,1,1,11,0,0,0,14,0,0,0,0,0
120174,2,1,12,17,22,5,24,18,30,14,25,0
120175,1,1,16,16,16,16,16,16,16,16,16,16
120176,0,1,0,0,0,0,0,0,0,0,0,0
120176,1,1,0,0,0,0,0,0,0,0,0,0
120177,0,1,0,0,0,0,0,0,0,0,0,0
120177,1,1,0,0,15,0,14,0,0,5,0,0
120178,1,1,0,0,0,0,0,0,0,0,12,0
120178,2,1,0,0,0,0,0,0,0,0,0,0
120179,1,1,0,0,0,0,0,0,0,0,0,0
120179,2,1,0,0,0,0,0,0,0,0,0,0
120179,3,1,0,0,0,0,0,0,0,0,0,0
120180,1,1,0,0,0,0,0,0,0,0,0,0
120180,2,1,0,0,0,0,0,0,0,0,18,0
120181,1,1,0,0,0,0,0,8,0,0,5,5
120182,1,1,0,0,0,0,0,0,0,0,0,0
120183,1,1,0,0,0,0,0,0,0,0,0,0
120184,1,1,0,0,0,0,0,0,0,0,0,0
120184,2,1,0,0,0,0,0,0,0,0,0,0
120185,1,1,14,14,14,14,14,14,14,14,14,14
120186,1,1,0,0,0,0,0,0,0,0,0,0
120187,0,1,0,0,0,0,0,0,0,0,0,0
120187,1,1,0,0,0,0,0,0,0,0,0,0
120189,0,1,0,0,0,0,0,0,0,0,0,0
120189,1,1,0,21,0,0,0,0,0,0,0,0
120190,1,1,0,0,0,0,14,0,0,0,0,0
120190,2,1,13,20,7,0,8,0,12,9,4,21
120191,0,1,0,0,0,0,0,0,0,0,0,0
120191,1,1,0,13,0,0,0,8,0,0,0,0
120192,0,1,19,23,14,45,23,27,0,10,0,0
120192,1,1,0,0,0,0,0,0,0,0,0,0
120193,0,1,0,0,0,0,0,0,0,0,0,0
120193,1,1,0,0,0,0,0,0,0,0,0,0
120194,0,1,0,0,0,26,9,7,14,0,0,0
120194,1,1,0,0,10,0,0,0,0,0,0,0
120196,1,1,0,0,0,0,0,0,0,0,0,0
120197,0,1,0,0,0,0,0,0,0,0,0,0
120197,1,1,0,0,0,0,0,0,0,0,0,0
120198,0,1,0,0,15,0,0,12,0,19,0,3
120198,1,1,0,0,0,0,0,0,0,0,0,0
120199,1,1,0,0,0,0,0,0,0,0,0,0
120200,1,1,18,18,18,18,18,18,18,18,18,18
120201,1,1,0,0,0,0,0,0,0,0,0,0
120201,2,1,0,0,0,0,0,0,0,0,0,0
120201,3,1,0,0,0,0,0,0,0,0,0,0
120202,1,1,23,23,11,23,13,0,25,37,0,20
120203,1,1,0,0,0,0,0,0,0,0,0,0
120203,2,1,0,0,0,0,0,0,0,0,0,0
120204,0,1,0,0,0,0,0,0,0,0,0,0
120204,1,1,0,0,0,21,0,0,0,0,0,0
120205,0,1,15,0,7,0,0,0,0,24,23,15
120205,1,1,0,0,0,0,0,0,0,0,0,0
120207,1,1,0,0,0,0,0,0,0,0,0,0
120207,2,1,0,0,0,0,2,0,0,0,0,0
120207,3,1,0,0,0,0,0,0,0,0,0,0
120209,0,1,0,0,0,0,0,0,0,0,0,0
120209,1,1,0,0,0,0,0,0,0,0,0,0
120210,1,1,0,0,0,14,0,0,0,0,0,0
120210,2,1,0,0,0,0,0,0,0,0,0,0
120211,1,1,2,2,2,2,2,2,2,2,2,2
120212,0,1,14,16,0,0,0,0,0,0,0,0
120212,1,1,0,11,0,0,0,0,0,0,16,0
120213,1,1,0,0,0,0,0,0,0,0,0,0
120213,2,1,0,0,0,0,0,0,0,0,0,0
120214,1,1,37,0,0,0,0,0,0,0,0,0
120214,2,1,6,0,0,11,0,0,0,0,0,16
120215,1,1,0,0,0,0,0,0,0,0,0,0
120215,2,1,0,0,0,0,0,0,0,0,0,0
120216,1,1,20,20,20,20,20,20,20,20,20,20
120219,1,1,0,0,0,0,0,0,0,0,0,0
120221,0,1,33,33,33,33,33,33,33,33,33,33
120221,1,1,0,0,0,0,0,0,0,15,0,0
120222,0,1,0,0,0,0,0,0,0,0,0,0
120222,1,1,0,0,0,0,0,0,0,0,0,0
120223,0,1,0,23,32,0,3,0,0,0,22,0
120223,1,1,0,0,0,0,0,0,0,0,0,0
120224,1,1,0,0,0,0,0,0,0,0,0,0
120224,2,1,0,0,0,0,0,0,0,7,0,0
120224,3,1,0,0,0,0,0,0,0,0,0,0
120225,1,1,0,0,12,9,8,23,0,0,0,0
120226,1,1,21,21,21,21,21,21,21,21,21,21
120226,2,1,0,0,0,0,0,0,0,0,0,0
120226,3,1,0,0,17,9,0,0,0,0,0,0
120227,0,1,0,0,0,0,0,0,0,0,0,0
120227,1,1,0,0,0,0,0,0,0,0,0,0
120228,1,1,0,0,0,0,0,0,0,0,0,0
120229,0,1,9,9,9,9,9,9,9,9,9,9
120229,1,1,0,11,0,11,0,10,10,13,13,0
120230,1,1,0,0,0,0,0,0,0,0,0,0
120230,2,1,0,0,0,0,0,0,18,0,0,0
120231,1,1,14,14,14,14,14,14,14,14,14,14
120232,1,1,0,0,0,0,0,0,0,0,0,0
120232,2,1,0,0,0,0,0,10,0,0,0,0
120233,0,1,3,3,3,3,3,3,3,3,3,3
120233,1,1,0,0,0,0,0,0,0,0,0,0
120234,1,1,36,36,36,36,36,36,36,36,36,36
120234,2,1,0,0,0,0,0,0,0,0,0,0
120235,1,1,0,0,0,0,0,0,0,21,0,0
120235,2,1,0,0,0,0,0,0,0,0,0,0
120236,1,1,0,0,0,0,0,0,0,0,0,0
120236,2,1,0,0,0,0,0,0,0,0,0,0
120236,3,1,0,0,0,0,0,0,0,0,0,0
120237,1,1,0,0,0,0,0,0,0,0,0,0
120237,2,1,0,0,0,0,0,0,0,0,0,0
120238,0,1,27,27,27,27,27,27,27,27,27,27
120238,1,1,0,0,0,0,0,0,0,0,0,0
120239,1,1,24,24,24,24,24,24,24,24,24,24
120240,1,1,0,0,0,0,0,0,0,0,0,0
120240,2,1,0,0,0,0,0,0,0,0,0,0
120241,1,1,0,0,0,0,0,0,0,0,0,0
120241,2,1,0,0,0,0,0,0,0,0,0,0
120242,1,1,0,0,0,0,0,0,19,0,0,0
120242,2,1,0,0,0,0,19,0,0,0,0,0
120243,1,1,0,0,0,0,23,0,0,0,0,0
120243,2,1,0,0,0,0,0,0,0,0,0,0
120243,3,1,0,0,0,0,0,0,0,0,0,0
120244,0,1,0,24,40,41,0,0,0,0,0,17
120244,1,1,0,3,0,0,14,0,0,0,0,0
120245,1,1,0,0,0,27,0,28,0,0,0,0
120247,1,1,0,13,10,16,5,27,5,6,8,5
120247,2,1,0,0,0,0,0,0,0,0,0,0
120248,1,1,0,0,0,0,0,0,0,0,0,0
120249,0,1,36,36,36,36,36,36,36,36,36,36
120249,1,1,0,0,0,0,0,0,0,0,0,0
120250,0,1,0,0,7,0,19,0,0,0,13,0
120250,1,1,0,15,0,20,8,12,22,0,17,8
120251,0,1,27,17,31,19,13,28,32,8,0,20
120251,1,1,0,0,4,2,10,15,0,0,9,18
120252,0,1,0,0,0,0,0,0,0,0,0,0
120252,1,1,0,0,0,0,0,0,0,0,0,0
120253,1,1,3,3,3,3,3,3,3,3,3,3
120255,1,1,16,16,16,16,16,16,16,16,16,16
120255,2,1,5,26,10,9,20,6,8,16,7,0
120258,0,1,8,8,8,8,8,8,8,8,8,8
120258,1,1,8,0,0,0,0,14,25,0,0,0
120259,0,1,0,0,0,0,0,15,0,0,0,0
120259,1,1,0,0,0,0,0,0,0,0,0,0
120260,0,1,0,0,0,0,0,0,4,0,0,0
120260,1,1,0,0,0,0,0,0,0,0,0,0
120261,1,1,13,13,13,13,13,13,13,13,13,13
120262,1,1,1,1,1,1,1,1,1,1,1,1
120262,2,1,0,0,0,0,0,0,0,0,0,4
120263,0,1,10,10,10,10,10,10,10,10,10,10
120263,1,1,0,0,0,0,0,0,0,0,0,0
120264,1,1,0,0,0,0,0,0,0,0,0,0
120264,2,1,0,0,0,0,0,0,0,0,0,0
120265,1,1,10,10,10,10,10,10,10,10,10,10
120265,2,1,0,0,0,0,0,0,0,0,0,0
120266,1,1,0,11,0,0,0,8,0,0,0,0
120267,1,1,0,0,0,0,0,0,0,0,0,0
120267,2,1,0,0,0,0,0,0,0,0,0,0
120267,3,1,0,0,0,0,0,0,0,0,0,0
120268,1,1,0,0,0,0,0,0,0,0,0,0
120268,2,1,0,0,0,0,0,0,0,0,0,0
120269,0,1,0,0,0,0,0,0,0,0,0,0
120269,1,1,20,0,0,0,12,0,0,0,0,0
120270,1,1,0,23,25,15,16,19,16,19,19,19
120270,2,1,0,0,0,0,0,0,17,0,0,0
120270,3,1,0,17,0,0,0,0,0,0,0,0
120272,1,1,0,0,0,0,0,0,0,0,0,0
120272,2,1,0,0,0,0,0,0,0,0,6,0
120273,0,1,0,0,0,0,0,0,22,0,17,10
120273,1,1,0,0,0,0,0,0,0,0,0,0
120274,1,1,13,13,13,13,13,13,13,13,13,13
120275,0,1,0,0,0,0,0,0,0,0,0,0
120275,1,1,0,0,0,0,0,0,0,0,0,0
120276,1,1,17,17,17,17,17,17,17,17,17,17
120277,1,1,0,15,0,0,0,0,0,0,0,0
120277,2,1,0,0,0,0,0,0,0,0,0,0
120278,1,1,0,0,0,24,0,0,0,0,0,0
120278,2,1,0,5,0,0,0,0,0,0,23,0
120278,3,1,0,0,0,0,0,0,0,0,0,0
120279,1,1,19,19,19,19,19,19,19,19,19,19
120279,2,1,12,0,0,6,0,0,12,0,0,13
120279,3,1,0,0,0,11,0,0,0,0,0,14
120280,1,1,0,0,0,0,0,0,0,0,0,15
120281,1,1,15,15,15,15,15,15,15,15,15,15
120282,1,1,0,0,11,0,0,0,0,0,0,0
120283,1,1,16,16,16,16,16,16,16,16,16,16
120284,0,1,30,30,30,30,30,30,30,30,30,30
120284,1,1,0,0,0,0,11,0,0,0,0,0
120285,0,1,0,0,0,0,0,0,0,0,0,0
120285,1,1,0,0,28,0,0,17,0,0,0,19
120286,0,1,0,0,0,0,0,0,0,0,0,0
120286,1,1,0,0,0,0,0,0,0,0,0,0
120287,1,1,0,0,0,0,0,0,0,0,0,0
120287,2,1,0,0,0,0,0,0,0,0,0,0
120289,1,1,0,0,0,0,0,0,0,0,0,0
120290,0,1,0,0,0,0,0,0,0,0,0,0
120290,1,1,0,0,0,0,12,15,0,0,0,0
120291,1,1,29,0,11,6,0,12,0,13,0,26
120291,2,1,0,0,0,0,0,0,0,0,0,0
120292,0,1,19,0,21,0,0,0,0,0,26,0
120292,1,1,12,18,24,9,4,17,28,32,0,7
120293,0,1,19,10,25,28,27,19,17,0,6,18
120293,1,1,0,0,0,0,0,0,0,0,0,0
120294,0,1,0,0,20,0,0,0,0,0,0,0
120294,0,2,14,13,0,4,0,16,0,0,0,0
120294,1,1,0,0,0,0,0,0,0,0,0,0
120295,0,1,24,0,0,10,0,11,0,0,0,0
120295,1,1,0,0,0,0,0,0,0,0,0,0
120296,1,1,17,17,17,17,17,17,17,17,17,17
120297,1,1,17,7,39,24,0,0,12,0,27,12
120298,1,1,14,16,37,12,16,30,13,31,15,32
120300,0,1,0,0,0,0,0,0,0,0,0,0
120300,1,1,0,0,0,0,0,0,0,15,0,0
120301,1,1,0,0,0,14,0,12,0,0,0,0
120303,1,1,19,9,11,10,10,9,14,32,9,23
120304,1,1,0,0,0,0,0,0,0,0,0,0
120305,1,1,0,0,0,0,0,0,0,0,0,0
120306,1,1,0,0,0,0,0,0,0,0,0,0
120306,2,1,0,17,0,0,0,0,0,0,0,0
120307,0,1,0,0,0,0,0,0,0,0,0,0
120307,1,1,0,32,0,0,0,0,0,0,0,0
120307,2,1,0,0,5,9,0,0,8,0,0,0
120308,0,1,0,0,0,0,0,0,0,0,0,0
120308,1,1,0,0,0,0,0,0,0,0,0,0
120309,1,1,1,1,1,1,1,1,1,1,1,1
120309,2,1,0,0,7,0,0,0,0,0,0,0
120309,3,1,0,0,0,0,0,0,0,0,0,0
120310,1,1,12,16,14,9,0,13,8,18,28,16
120310,2,1,0,0,0,0,0,0,0,0,0,0
120311,0,1,0,0,0,0,0,0,0,0,0,0
120311,1,1,0,0,0,13,0,0,0,0,13,0
120312,1,1,0,0,0,0,0,0,0,0,0,0
120312,2,1,21,21,21,21,21,21,21,21,21,21
120313,0,1,0,0,0,0,0,0,0,0,0,46
120313,1,1,0,0,0,0,9,0,0,0,0,0
120313,2,1,0,0,0,0,0,0,30,0,0,0
120313,3,1,14,0,0,0,0,7,0,0,0,0
120314,1,1,0,0,0,0,0,24,0,0,0,19
120314,2,1,0,0,0,0,0,0,0,0,0,0
120315,1,1,0,0,0,0,0,0,0,0,0,0
120315,2,1,0,0,0,0,0,0,0,0,0,0
120315,3,1,0,0,0,0,0,0,0,0,0,0
120316,0,1,3,0,0,0,0,0,0,0,0,36
120316,1,1,0,0,0,0,0,0,0,0,0,0
120317,0,1,0,0,0,0,0,0,0,0,0,0
120317,1,1,0,0,0,0,0,0,0,0,0,0
120318,0,1,0,0,0,0,0,0,0,0,0,0
120318,1,1,0,0,0,0,0,0,0,0,0,0
120319,1,1,2,2,2,2,2,2,2,2,2,2
120319,2,1,0,0,0,0,0,0,0,0,0,0
120320,1,1,0,0,0,0,0,0,0,0,0,0
120320,2,1,0,0,0,0,0,0,0,0,0,0
120321,1,1,0,0,0,0,0,0,0,0,0,0
120321,2,1,0,0,0,0,0,0,0,0,0,0
120323,1,1,0,0,0,0,0,0,0,0,0,0
120323,2,1,0,0,0,0,0,0,0,0,0,0
120324,1,1,0,0,0,0,0,4,0,0,0,0
120324,2,1,0,0,0,0,0,0,0,0,0,0
120325,1,1,19,0,21,27,0,13,0,0,0,15
120325,2,1,0,0,3,0,0,0,0,0,0,0
120325,3,1,0,0,20,0,0,9,17,0,1,0
120326,0,1,0,0,0,25,0,0,18,0,0,17
120326,1,1,2,0,0,0,3,5,0,0,0,0
120327,1,1,0,0,0,0,0,0,0,0,0,0
120327,2,1,0,0,0,0,0,0,0,0,0,0
120328,1,1,0,0,10,0,20,0,17,0,0,0
120328,2,1,0,0,0,0,0,0,0,0,0,0
120329,0,1,17,17,17,17,17,17,17,17,17,17
120329,1,1,27,0,0,0,0,0,0,0,0,0
120330,1,1,23,23,23,23,23,23,23,23,23,23
120331,1,1,28,28,28,28,28,28,28,28,28,28
120333,1,1,22,22,22,22,22,22,22,22,22,22
120333,2,1,0,0,0,0,0,0,0,0,0,0
120334,1,1,0,0,0,0,0,0,0,0,0,0
120334,2,1,0,0,0,0,0,0,0,0,0,0
120334,3,1,0,0,0,0,0,0,0,0,0,0
120335,0,1,17,0,0,0,20,0,34,0,7,0
120335,1,1,0,0,0,0,0,0,7,0,0,0
120336,1,1,0,0,0,0,0,0,0,0,0,0
120336,2,1,0,0,0,0,0,0,0,0,0,0
120336,3,1,0,0,0,0,0,0,0,0,0,0
120336,4,1,43,0,0,0,27,0,0,0,0,29
120337,1,1,0,0,0,0,0,0,0,0,0,0
120337,2,1,0,0,0,0,0,0,0,0,0,0
120339,1,1,0,0,0,0,0,0,0,0,0,0
120339,2,1,0,0,0,17,0,0,0,0,0,0
120339,3,1,0,0,0,0,0,0,0,0,0,0
120339,4,1,0,0,0,0,0,0,0,0,0,0
120339,5,1,0,0,0,0,0,0,0,0,0,0
120339,6,1,0,0,0,0,0,0,0,0,0,0
120339,7,1,0,0,0,0,0,18,0,0,0,0
120340,1,1,19,19,19,19,19,19,19,19,19,19
120340,2,1,0,0,0,0,0,0,0,0,0,0
120341,0,1,0,0,0,0,0,0,0,0,0,0
120341,1,1,0,0,0,0,0,0,0,0,0,0
120342,1,1,0,0,0,0,0,0,15,0,0,0
120343,1,1,0,0,0,0,0,0,0,0,0,0
120343,2,1,0,0,0,0,0,0,0,0,0,0
120344,1,1,0,0,0,0,0,0,0,0,0,0
120344,2,1,0,0,0,0,0,0,0,0,0,0
120345,0,1,0,0,0,0,0,0,0,0,0,0
120345,1,1,0,0,0,0,0,0,0,0,0,0
120345,2,1,0,15,0,0,0,0,11,20,0,0
120346,1,1,2,2,2,2,2,2,2,2,2,2
120346,2,1,0,0,0,0,0,0,0,0,0,0
120347,1,1,0,0,0,0,9,0,0,14,0,0
120347,2,1,18,0,0,13,0,0,34,0,0,0
120348,1,1,0,0,0,0,0,0,0,0,0,0
120348,2,1,0,0,0,0,0,0,0,0,0,0
120348,3,1,0,0,0,0,0,0,0,0,0,0
120349,1,1,0,0,0,0,0,0,0,0,0,0
120349,2,1,0,0,0,0,0,0,0,0,0,0
120350,0,1,29,29,29,29,29,29,29,29,29,29
120350,1,1,23,0,0,0,5,0,0,0,0,10
120351,1,1,0,0,6,0,0,0,0,0,0,0
120352,0,1,11,11,11,11,11,11,11,11,11,11
120352,1,1,12,16,28,1,0,7,0,0,20,9
120353,0,1,29,0,0,6,0,0,0,0,0,0
120353,1,1,0,0,0,10,19,0,0,0,0,0
120354,1,1,36,0,0,0,0,9,14,0,0,19
120355,0,1,15,0,0,0,0,0,0,0,0,17
120355,1,1,0,0,0,0,0,0,0,0,0,0
120356,1,1,0,0,0,0,0,0,0,0,0,0
120356,2,1,0,0,0,0,0,0,0,0,0,0
120357,1,1,0,0,0,0,0,0,0,0,0,0
120358,0,1,14,39,20,13,0,0,14,24,10,24
120358,1,1,26,0,0,0,0,0,0,0,24,0
120360,1,1,0,0,0,0,0,0,0,11,0,0
120360,2,1,0,0,0,0,0,0,0,0,0,0
120361,1,1,0,0,0,0,0,0,0,0,0,0
120361,2,1,0,0,0,0,0,0,0,0,0,0
120362,1,1,0,0,0,0,0,0,0,0,0,0
120362,2,1,0,4,0,14,19,15,21,0,17,0
120364,0,1,0,0,0,0,0,0,0,0,0,0
120364,1,1,0,0,0,22,0,0,0,0,0,0
120364,2,1,0,0,0,0,0,0,0,0,0,0
120365,0,1,0,0,0,0,0,0,0,0,0,0
120365,1,1,0,0,0,0,0,0,0,0,0,0
120366,0,1,22,22,22,22,22,22,22,22,22,22
120366,0,2,0,0,0,0,0,0,0,0,0,0
120366,1,1,0,0,0,0,0,0,0,0,0,0
120367,1,1,0,0,0,0,0,0,0,0,0,0
120367,2,1,0,0,0,0,0,0,0,0,0,0
120368,1,1,3,0,0,0,0,0,0,0,0,20
120368,2,1,0,0,0,0,0,0,0,0,0,0
120369,1,1,0,0,0,0,0,16,0,0,0,0
120370,1,1,0,0,0,0,0,0,0,0,0,0
120370,2,1,0,0,0,0,0,0,0,0,0,0
120372,0,1,17,15,36,0,0,0,0,0,0,20
120372,1,1,36,0,0,0,16,0,24,0,0,0
120373,1,1,0,0,0,0,0,0,0,0,0,0
120373,2,1,0,0,0,0,0,0,0,0,0,0
120373,3,1,0,0,0,0,0,0,0,0,0,0
120374,1,1,0,0,0,0,0,0,0,43,0,0
120375,1,1,0,0,0,0,0,0,4,0,0,0
120375,2,1,0,0,0,0,0,0,0,0,0,0
120376,1,1,0,0,0,0,0,0,0,0,0,0
120376,2,1,0,0,0,0,0,0,0,0,0,0
120377,1,1,0,0,0,0,0,0,0,0,0,0
120378,1,1,0,0,0,0,0,0,0,22,0,5
120378,2,1,0,0,0,0,0,21,4,0,0,0
120379,1,1,0,0,0,0,0,0,0,0,0,0
120379,2,1,0,0,0,0,0,0,0,0,0,0
120380,1,1,22,22,22,22,22,22,22,22,22,22
120380,2,1,0,14,0,0,0,0,0,0,0,0
120381,1,1,0,0,0,0,0,0,0,16,0,0
120381,2,1,0,0,0,0,0,0,0,0,0,0
120382,1,1,27,0,9,0,24,0,7,0,21,0
120382,2,1,9,20,6,0,11,14,22,12,0,0
120383,1,1,7,9,0,0,26,0,13,10,0,18
120384,1,1,1,1,1,1,1,1,1,1,1,1
120385,1,1,0,0,0,0,0,0,0,0,0,0
120385,2,1,0,0,0,0,0,0,0,0,0,0
120386,1,1,2,2,2,2,2,2,2,2,2,2
120387,0,1,16,16,16,16,16,16,16,16,16,16