ST_CASE,VEH_NO,PER_NO,P1,P2,P3,P4,P5,P6,P7,P8,P9,P10
120387,1,1,0,30,0,0,0,0,0,0,21,0
120388,0,1,0,0,0,0,0,0,0,0,0,0
120388,1,1,0,0,0,0,0,0,0,0,0,0
120389,0,1,0,0,0,0,0,0,0,0,0,0
120389,1,1,0,0,0,0,0,0,0,0,0,0
120390,1,1,0,0,0,0,0,0,0,0,0,0
120390,2,1,0,0,0,0,0,0,0,0,0,0
120391,1,1,0,0,0,0,0,0,0,0,0,0
120391,2,1,0,0,0,0,0,0,0,0,0,0
120391,3,1,0,0,0,0,0,0,0,0,0,0
120392,0,1,0,0,0,0,0,22,0,0,0,0
120392,1,1,0,0,0,0,0,0,0,0,0,0
120394,0,1,0,0,0,0,0,0,0,0,0,0
120394,1,1,0,0,0,0,0,0,0,0,0,0
120394,2,1,0,0,0,0,0,0,0,0,0,0
120395,1,1,0,0,0,4,0,14,5,14,0,4
120396,1,1,0,0,0,0,0,0,0,0,0,0
120396,2,1,0,0,0,0,0,0,4,0,0,0
120397,1,1,0,0,0,0,0,0,0,0,0,0
120397,2,1,22,0,0,0,0,28,15,0,8,0
120398,1,1,0,0,0,0,0,0,0,0,0,0
120399,1,1,30,30,30,30,30,30,30,30,30,30
120400,1,1,16,16,16,16,16,16,16,16,16,16
120401,1,1,15,15,15,15,15,15,15,15,15,15
120402,1,1,17,0,0,0,0,0,0,12,0,32
120402,2,1,0,0,0,0,0,0,0,0,0,0
120403,1,1,0,0,0,0,0,0,0,0,0,0
120403,2,1,0,0,0,0,0,0,0,0,0,0
120404,1,1,0,0,0,0,0,0,0,0,0,0
120404,2,1,0,0,0,0,0,0,0,0,0,0
120405,0,1,37,37,37,37,37,37,37,37,37,37
120405,1,1,0,0,0,0,0,0,0,0,0,0
120406,1,1,7,7,7,7,7,7,7,7,7,7
120406,2,1,0,0,0,15,0,0,0,0,0,0
120407,0,1,0,0,0,0,0,0,0,0,0,0
120407,1,1,0,0,0,0,0,0,5,0,0,0
120408,1,1,0,0,7,0,0,0,6,0,0,0
120409,0,1,0,0,0,0,0,0,0,0,0,0
120409,1,1,16,0,0,0,0,0,0,0,14,0
120410,1,1,0,0,14,0,0,0,0,27,0,0
120411,1,1,0,0,7,0,0,0,0,0,0,0
120411,2,1,0,0,0,0,0,0,0,0,0,0
120411,3,1,0,0,4,0,0,0,0,0,0,0
120412,1,1,0,0,0,0,0,0,0,0,0,0
120412,2,1,0,0,0,0,0,0,0,0,0,0
120413,1,1,0,0,0,0,0,0,0,0,0,0
120414,1,1,0,3,0,0,0,0,0,0,0,0
120416,1,1,14,14,14,14,14,14,14,14,14,14
120417,0,1,0,0,0,0,0,0,0,0,0,0
120417,1,1,13,13,13,13,13,13,13,13,13,13
120418,1,1,0,0,0,0,0,0,0,0,0,0
120418,2,1,0,0,0,0,0,0,0,0,0,0
120418,3,1,3,3,3,3,3,3,3,3,3,3
120418,4,1,0,0,13,0,0,0,0,0,19,0
120418,5,1,0,0,0,0,0,0,0,0,0,0
120419,1,1,0,0,0,0,0,0,0,0,0,0
120419,2,1,0,0,0,0,0,0,0,0,0,0
120420,1,1,0,0,0,0,0,0,0,0,0,0
120420,2,1,0,0,0,0,0,0,0,10,0,0
120421,1,1,30,30,30,30,30,30,30,30,30,30
120421,2,1,0,0,0,0,0,0,0,14,0,0
120422,0,1,0,30,27,0,0,22,0,0,13,0
120422,1,1,0,0,0,0,0,0,9,0,0,0
120423,1,1,19,19,19,19,19,19,19,19,19,19
120424,0,1,14,14,14,14,14,14,14,14,14,14
120424,1,1,21,38,8,0,15,7,8,16,3,22
120425,1,1,0,0,0,0,0,0,0,0,0,0
120426,1,1,0,0,0,0,0,0,0,0,0,0
120426,2,1,0,0,0,0,0,0,0,0,0,0
120427,1,1,5,5,5,5,5,5,5,5,5,5
120428,1,1,0,0,0,0,0,0,0,0,0,0
120428,2,1,18,0,0,0,19,0,0,0,0,0
120429,0,1,0,0,0,0,0,0,0,0,0,0
120429,1,1,0,0,0,13,0,0,0,0,0,0
120430,1,1,27,27,27,27,27,27,27,27,27,27
120431,0,1,0,0,0,0,0,0,0,0,0,0
120431,1,1,0,0,0,0,0,0,0,0,0,0
120432,1,1,0,0,0,0,0,0,0,0,0,5
120432,2,1,0,0,0,0,0,0,0,0,0,0
120433,1,1,0,0,0,0,0,0,0,0,0,0
120433,2,1,0,0,0,0,0,0,0,0,0,25
120434,0,1,0,0,0,0,0,0,0,0,0,0
120434,1,1,18,0,0,0,0,0,0,0,0,0
120435,1,1,18,18,18,18,18,18,18,18,18,18
120436,1,1,0,0,16,32,8,18,24,18,0,0
120436,2,1,0,0,0,0,0,0,0,0,0,0
120437,1,1,0,19,12,25,8,10,12,0,10,0
120438,0,1,4,0,0,0,26,19,0,0,28,24
120438,1,1,0,0,0,0,0,0,0,0,0,0
120439,0,1,0,0,0,0,0,0,0,0,0,0
120439,1,1,0,0,0,0,0,0,0,0,0,0
120440,1,1,9,9,9,9,9,9,9,9,9,9
120440,2,1,0,0,0,0,0,0,0,0,22,0
120441,1,1,13,13,13,13,13,13,13,13,13,13
120441,2,1,0,0,0,0,0,0,0,0,0,0
120442,1,1,0,0,0,0,0,0,0,0,0,0
120442,2,1,0,0,0,0,0,0,0,0,0,0
120442,3,1,0,0,0,0,0,0,0,0,0,0
120443,1,1,0,0,0,0,0,0,0,0,0,0
120444,1,1,0,0,0,0,0,0,0,0,0,0
120444,2,1,0,0,0,0,0,0,0,0,0,0
120445,0,1,28,0,12,0,0,0,0,0,0,22
120445,0,2,0,0,0,0,0,0,0,0,0,30
120445,1,1,0,0,17,17,18,0,0,0,0,0
120446,1,1,0,0,0,0,0,0,0,0,0,0
120447,1,1,0,0,0,0,0,0,0,0,0,0
120448,1,1,0,0,0,0,0,0,0,5,0,0
120448,2,1,0,0,0,0,0,0,0,0,0,0
120448,4,1,0,0,0,0,0,0,0,0,0,0
120449,0,1,0,0,0,0,0,0,0,0,0,0
120449,1,1,0,0,0,0,0,0,0,0,13,0
120449,2,1,0,0,0,0,0,0,0,0,0,0
120449,3,1,0,0,12,0,0,0,0,0,15,0
120450,1,1,0,22,0,0,3,0,0,0,0,0
120450,2,1,0,0,0,0,0,0,0,0,0,13
120451,1,1,0,0,0,0,0,0,0,0,0,0
120452,1,1,21,21,21,21,21,21,21,21,21,21
120453,1,1,0,0,0,0,0,0,0,0,0,0
120453,2,1,0,0,0,0,0,0,0,0,0,0
120454,1,1,0,0,0,0,0,0,0,0,0,0
120455,1,1,0,0,0,0,0,0,0,0,0,0
120455,2,1,0,0,0,0,0,0,0,0,0,0
120456,1,1,20,12,15,6,27,12,0,0,0,0
120458,0,1,0,0,18,0,0,29,0,37,0,0
120458,1,1,0,0,0,0,0,15,0,0,0,0
120458,2,1,9,0,4,0,9,0,0,16,20,0
120458,3,1,0,0,0,0,0,0,0,0,0,0
120459,1,1,2,2,2,2,2,2,2,2,2,2
120460,0,1,0,0,13,0,0,0,0,0,26,0
120460,1,1,20,0,0,25,0,0,0,0,4,23
120461,1,1,0,0,0,0,0,0,0,0,0,0
120462,0,1,0,0,0,0,0,0,0,0,0,54
120462,1,1,0,0,0,0,0,0,0,0,0,0
120463,1,1,0,0,0,0,0,0,0,0,0,0
120463,2,1,0,0,0,0,0,0,0,0,0,0
120464,1,1,16,20,0,0,14,15,0,0,0,0
120465,1,1,7,8,3,14,0,9,13,0,0,38
120466,1,1,0,14,0,0,0,0,0,0,0,0
120466,2,1,0,0,0,0,29,0,0,0,0,0
120467,0,1,3,0,24,19,16,10,6,11,17,24
120467,1,1,0,0,0,0,0,0,0,0,0,0
120468,0,1,0,23,42,0,0,0,17,0,25,0
120468,1,1,0,27,18,14,10,12,19,22,0,12
120468,3,1,0,0,0,0,0,0,0,0,0,0
120469,1,1,23,9,0,0,0,0,0,25,0,0
120470,1,1,0,0,0,0,0,0,0,0,0,0
120470,2,1,30,0,0,0,0,0,0,0,0,0
120471,0,1,0,0,0,0,0,25,0,0,0,0
120471,1,1,11,15,16,10,14,19,18,14,17,8
120472,1,1,0,0,0,0,0,0,0,0,0,0
120473,1,1,0,0,0,0,0,0,0,0,0,0
120473,2,1,0,0,0,0,0,0,0,0,0,0
120474,1,1,0,14,0,0,0,13,20,0,22,12
120475,0,1,31,31,31,31,31,31,31,31,31,31
120475,1,1,0,0,0,0,0,0,0,0,0,0
120476,1,1,21,21,21,21,21,21,21,21,21,21
120476,2,1,0,0,0,0,9,0,0,0,7,0
120477,1,1,0,19,0,0,0,0,0,0,0,0
120477,2,1,18,0,13,6,0,0,0,11,0,10
120477,3,1,0,0,0,0,0,0,0,0,0,0
120478,1,1,0,0,0,0,0,0,0,0,0,0
120479,1,1,0,0,0,0,0,0,0,0,0,0
120479,2,1,0,0,0,0,0,0,0,0,0,0
120480,1,1,0,0,0,0,0,0,0,0,0,0
120480,2,1,0,0,0,0,0,0,0,0,0,0
120480,3,1,0,0,0,0,0,0,0,0,0,0
120481,0,1,0,0,0,0,20,0,0,0,0,28
120481,1,1,0,0,6,0,0,0,0,0,0,0
120482,1,1,0,0,0,10,0,0,0,11,0,0
120483,1,1,14,14,14,14,14,14,14,14,14,14
120484,0,1,0,0,0,0,0,0,0,0,0,0
120484,1,1,10,8,0,2,14,0,7,3,3,7
120485,1,1,23,23,23,23,23,23,23,23,23,23
120486,1,1,0,0,0,0,0,0,0,0,0,0
120486,2,1,0,0,0,0,0,0,0,0,0,14
120486,3,1,0,0,0,0,0,0,0,0,0,0
120487,0,1,0,0,11,0,0,0,0,0,0,0
120487,1,1,0,0,0,0,0,0,0,0,0,0
120488,1,1,0,0,0,0,0,0,0,0,0,0
120488,2,1,0,0,20,0,0,0,0,22,0,0
120489,0,1,28,28,28,28,28,28,28,28,28,28
120489,1,1,0,0,0,0,0,0,0,0,0,0
120489,2,1,0,0,0,0,0,0,0,0,0,0
120490,1,1,0,0,0,0,0,11,0,0,0,0
120490,2,1,0,0,0,0,0,0,0,0,0,0
120490,3,1,0,0,0,0,0,0,0,0,11,0
120491,1,1,0,0,0,0,0,0,0,0,0,0
120493,1,1,36,36,36,36,36,36,36,36,36,36
120494,1,1,0,0,0,0,0,0,0,0,0,0
120494,2,1,0,19,0,0,0,0,0,16,0,0
120495,0,1,0,0,0,0,0,0,0,0,0,0
120495,1,1,0,0,0,0,0,0,0,0,0,0
120496,1,1,21,21,21,21,21,21,21,21,21,21
120496,2,1,0,0,0,0,0,0,0,0,0,0
120497,1,1,5,5,5,5,5,5,5,5,5,5
120497,2,1,0,0,0,0,0,0,0,0,0,0
120498,0,1,16,16,16,16,16,16,16,16,16,16
120498,1,1,0,0,0,0,17,0,0,0,0,0
120499,0,1,0,0,0,0,0,0,0,0,0,0
120499,1,1,0,0,0,0,0,0,0,0,0,0
120500,1,1,0,0,0,0,13,0,0,0,0,0
120500,2,1,3,3,3,3,3,3,3,3,3,3
120501,1,1,0,0,0,0,0,0,0,0,0,0
120502,1,1,29,29,29,29,29,29,29,29,29,29
120503,1,1,0,0,0,0,0,0,0,0,0,0
120503,2,1,0,0,0,0,0,0,0,0,0,0
120504,1,1,0,0,0,2,0,0,0,0,0,0
120504,2,1,12,0,0,0,0,0,0,0,0,0
120505,1,1,12,16,0,0,0,0,0,0,0,14
120505,2,1,0,0,0,0,0,0,0,0,0,0
120506,1,1,0,0,0,0,0,0,0,0,0,0
120506,2,1,0,0,0,0,0,0,0,0,0,0
120507,1,1,0,0,0,0,0,15,0,0,0,0
120507,2,1,0,0,0,0,0,0,0,0,0,0
120508,1,1,0,0,0,0,0,0,0,0,0,0
120509,1,1,18,18,18,18,18,18,18,18,18,18
120510,1,1,0,0,0,0,0,0,0,0,0,0
120510,2,1,0,0,0,0,0,0,0,0,0,0
120511,1,1,0,0,0,0,0,0,0,0,16,0
120512,0,1,0,18,26,0,0,15,0,0,0,0
120512,1,1,0,0,32,0,19,22,0,0,0,0
120513,1,1,0,10,0,0,0,0,0,0,0,0
120513,2,1,0,0,0,15,0,0,0,0,0,12
120514,1,1,19,19,19,19,19,19,19,19,19,19
120515,1,1,0,0,0,0,0,0,0,0,0,0
120515,2,1,0,4,0,0,0,0,0,0,0,23
120515,3,1,0,11,0,0,0,14,0,0,0,0
120516,1,1,0,0,0,0,0,0,0,0,0,0
120516,2,1,0,0,0,0,0,24,0,0,0,0
120517,0,1,0,0,0,0,0,0,0,0,0,0
120517,1,1,0,0,0,0,0,0,0,0,0,0
120518,0,1,0,0,32,0,0,21,28,22,0,0
120518,1,1,15,8,2,13,0,0,20,8,12,11
120519,0,1,0,0,0,0,0,0,0,0,0,0
120519,1,1,0,0,0,0,0,0,0,0,0,0
120520,1,1,0,0,23,0,0,0,0,0,0,11
120520,2,1,0,15,0,0,0,0,0,0,0,0
120521,1,1,0,0,0,0,0,0,0,0,0,0
120521,2,1,0,0,0,0,0,0,0,0,0,0
120522,1,1,0,0,0,0,0,0,0,0,0,0
120522,2,1,0,0,0,0,0,0,0,0,0,0
120523,0,1,0,0,0,8,0,0,0,16,0,0
120523,1,1,0,11,0,5,19,12,0,0,0,10
120524,1,1,47,0,10,0,21,0,14,0,22,20
120525,0,1,12,12,12,12,12,12,12,12,12,12
120525,1,1,0,0,15,20,0,0,7,0,0,0
120526,1,1,23,23,23,23,23,23,23,23,23,23
120527,1,1,0,0,0,0,0,7,0,0,15,0
120527,2,1,0,0,0,0,0,0,0,0,0,15
120528,1,1,0,0,0,0,0,0,0,0,0,0
120528,2,1,0,0,0,0,0,0,0,0,0,0
120528,3,1,0,0,0,0,0,0,0,0,0,0
120529,0,1,17,18,2,0,11,17,0,0,0,0
120529,1,1,0,0,0,0,0,0,0,20,0,0
120530,1,1,0,0,0,0,0,0,0,0,0,0
120530,2,1,0,0,0,0,0,0,0,0,0,0
120531,1,1,14,0,0,0,0,0,0,0,0,0
120531,2,1,0,0,0,0,0,0,0,0,0,0
120532,1,1,0,0,0,0,0,0,0,0,0,0
120532,2,1,0,0,0,0,0,0,2,0,0,0
120533,1,1,19,19,19,19,19,19,19,19,19,19
120534,0,1,0,0,0,19,0,0,0,0,0,0
120534,1,1,0,0,0,0,0,0,0,0,2,0
120535,1,1,0,0,0,0,0,0,0,0,0,0
120537,0,1,0,0,0,0,0,0,0,0,0,0
120537,1,1,0,0,0,0,12,0,0,0,0,0
120538,0,1,4,0,0,0,12,0,0,41,0,19
120538,1,1,0,0,23,0,0,0,13,0,0,0
120539,1,1,0,0,0,0,0,0,0,0,0,0
120539,2,1,0,0,0,0,0,16,0,0,0,0
120540,0,1,5,5,5,5,5,5,5,5,5,5
120540,1,1,0,0,0,0,0,0,10,0,0,27
120541,1,1,0,0,0,24,0,0,0,0,0,10
120541,2,1,0,0,0,0,0,0,0,0,0,0
120542,1,1,0,0,0,0,0,0,0,0,0,0
120542,2,1,0,0,0,0,0,0,0,0,0,0
120543,1,1,0,0,0,0,0,0,0,0,0,0
120543,2,1,0,0,18,0,0,0,11,0,0,11
120544,0,1,0,0,0,0,0,0,0,0,0,0
120544,2,1,19,0,0,2,13,6,0,0,6,3
120545,0,1,0,0,0,0,0,0,0,0,0,0
120545,1,1,0,0,0,13,0,0,0,0,0,10
120546,0,1,0,0,0,0,0,0,0,0,0,0
120546,1,1,0,0,0,0,0,0,0,11,15,8
120547,1,1,0,0,0,0,0,0,0,0,0,0
120547,2,1,0,0,0,0,0,0,0,0,13,0
120548,1,1,0,0,0,0,0,0,0,0,0,0
120548,2,1,16,0,0,0,0,0,0,0,0,16
120549,1,1,0,18,0,0,0,22,0,0,17,0
120549,2,1,0,0,0,0,0,0,0,0,0,0
120550,1,1,0,0,0,0,0,0,0,0,0,0
120550,2,1,0,0,0,0,0,17,0,0,0,0
120551,0,1,0,0,0,0,0,0,0,0,0,0
120551,1,1,0,0,0,0,0,0,0,0,0,0
120552,1,1,13,18,7,16,9,29,6,22,20,5
120552,2,1,0,0,0,0,0,0,0,0,0,0
120553,0,1,0,0,0,0,0,0,0,0,0,0
120553,1,1,0,0,0,0,0,0,0,0,0,0
120554,0,1,0,0,0,0,0,3,0,16,0,30
120554,1,1,19,13,19,25,23,16,22,16,7,5
120555,1,1,0,0,0,0,0,0,0,0,0,0
120555,2,1,0,15,0,0,0,0,0,0,0,0
120556,1,1,14,9,0,0,0,0,15,6,0,14
120556,2,1,14,14,14,14,14,14,14,14,14,14
120557,1,1,0,0,0,0,0,0,0,0,0,0
120557,2,1,0,0,0,0,0,0,0,0,0,0
120557,3,1,0,0,0,0,0,0,0,0,0,0
120558,0,1,0,16,0,0,10,0,0,18,0,0
120558,1,1,0,0,0,0,0,0,0,0,0,0
120559,1,1,16,16,16,16,16,16,16,16,16,16
120560,1,1,0,0,0,0,0,0,0,0,0,0
120561,1,1,3,3,3,3,3,3,3,3,3,3
120562,1,1,0,0,0,0,0,0,0,0,0,0
120562,2,1,8,8,8,8,8,8,8,8,8,8
120563,1,1,15,0,0,0,0,0,0,0,0,0
120563,2,1,0,0,0,0,0,0,0,0,0,0
120564,1,1,23,23,23,23,23,23,23,23,23,23
120564,2,1,0,0,0,0,0,0,0,0,0,0
120565,0,1,31,31,31,31,31,31,31,31,31,31
120565,1,1,0,0,0,0,0,0,0,0,0,14
120566,1,1,0,0,0,0,0,0,0,0,0,0
120566,2,1,0,0,0,18,0,0,0,0,0,0
120566,3,1,0,0,30,0,0,0,0,0,0,0
120567,1,1,0,0,0,0,0,0,0,0,0,0
120567,2,1,0,0,0,0,0,0,0,0,0,0
120568,1,1,27,27,27,27,27,27,27,27,27,27
120568,2,1,9,9,9,9,9,9,9,9,9,9
120569,0,1,0,4,0,0,0,0,0,0,0,0
120569,1,1,0,0,0,0,0,0,0,0,0,0
120570,1,1,22,22,22,22,22,22,22,22,22,22
120570,2,1,0,0,0,0,0,0,0,0,0,0
120571,0,1,0,0,0,0,0,0,0,0,0,0
120571,1,1,12,0,0,0,0,0,0,0,0,31
120572,1,1,0,0,0,0,0,0,0,0,0,0
120572,2,1,15,15,15,15,15,15,15,15,15,15
120572,3,1,0,0,0,0,0,0,0,0,0,0
120573,1,1,0,0,0,0,0,0,0,0,0,0
120573,2,1,0,0,0,0,0,0,0,0,0,0
120574,1,1,19,16,0,13,13,0,0,0,0,12
120574,2,1,11,11,11,11,11,11,11,11,11,11
120575,1,1,14,14,14,14,14,14,14,14,14,14
120575,2,1,0,0,0,0,0,0,0,0,0,0
120576,1,1,0,0,0,0,0,0,0,0,0,0
120576,2,1,0,0,0,0,0,0,0,0,0,0
120577,0,1,0,0,0,0,0,0,0,0,0,0
120577,1,1,11,0,0,0,0,0,0,0,0,0
120579,0,1,0,0,0,0,0,0,0,0,0,0
120579,1,1,0,0,0,0,0,0,0,0,0,0
120580,1,1,0,0,0,0,16,0,0,0,0,0
120580,2,1,24,24,24,24,24,24,24,24,24,24
120581,1,1,0,0,0,0,0,0,0,0,0,0
120581,2,1,0,17,0,0,0,0,0,0,0,0
120582,1,1,0,0,0,0,0,0,0,0,0,0
120582,2,1,0,0,0,0,0,0,0,0,0,0
120583,1,1,0,0,0,0,0,0,0,0,0,0
120583,2,1,0,0,0,0,0,0,0,0,0,0
120584,1,1,0,0,22,0,0,0,4,0,21,25
120584,2,1,0,0,0,0,0,0,0,0,0,0
120584,3,1,0,0,0,0,0,0,0,0,0,0
120584,4,1,0,0,19,0,0,0,0,0,0,0
120585,0,1,0,0,14,0,0,0,0,22,0,0
120585,1,1,0,0,0,0,20,0,0,0,0,0
120586,0,1,0,0,0,0,0,0,0,0,0,0
120586,1,1,0,0,0,0,0,0,0,0,0,0
120587,1,1,0,0,0,0,0,0,0,0,0,0
120588,1,1,28,28,28,28,28,28,28,28,28,28
120589,1,1,20,20,20,20,20,20,20,20,20,20
120590,1,1,0,0,0,0,0,0,0,0,0,0
120590,2,1,0,0,0,0,0,17,0,19,0,16
120591,0,1,0,0,0,0,0,0,18,0,0,0
120591,0,2,0,0,0,0,0,0,0,0,0,0
120591,0,3,0,0,0,0,0,0,0,11,0,0
120591,1,1,13,13,13,13,13,13,13,13,13,13
120591,2,1,0,0,0,0,0,16,0,21,0,15
120592,1,1,23,0,0,5,0,0,0,0,0,22
120594,1,1,0,0,0,0,0,0,0,0,0,0
120595,1,1,0,0,0,7,15,0,0,14,3,0
120596,0,1,0,0,0,0,0,0,0,0,0,0
120596,1,1,0,39,0,12,0,0,0,0,0,10
120597,1,1,0,0,0,0,0,0,0,0,0,0
120597,2,1,0,0,0,0,0,0,0,0,0,0
120598,0,1,0,0,0,0,0,0,0,0,0,0
120598,1,1,0,0,0,14,0,0,0,0,0,0
120599,1,1,0,0,0,0,0,0,0,0,0,0
120599,2,1,8,8,8,8,8,8,8,8,8,8
120600,1,1,16,16,16,16,16,16,16,16,16,16
120601,1,1,0,0,0,0,0,0,0,0,0,0
120601,2,1,0,0,0,0,0,0,0,0,0,0
120602,1,1,0,0,6,0,0,5,16,0,0,0
120602,2,1,0,0,17,0,0,0,0,0,18,0
120603,0,1,0,0,0,0,0,0,0,0,0,0
120603,1,1,0,0,0,15,0,0,7,0,0,0
120604,0,1,0,0,0,3,0,0,0,0,0,0
120604,1,1,0,0,0,0,0,0,0,0,0,0
120605,1,1,0,0,6,0,0,14,0,0,0,0
120605,2,1,0,0,0,0,15,0,0,0,0,0
120606,1,1,18,18,18,18,18,18,18,18,18,18
120607,1,1,11,11,11,11,11,11,11,11,11,11
120608,1,1,0,0,0,0,0,0,0,0,0,0
120609,1,1,0,0,0,0,0,0,0,0,0,0
120609,2,1,0,0,0,11,0,0,0,0,0,0
120609,3,1,0,0,0,0,0,0,0,0,0,0
120610,1,1,0,0,0,0,0,0,0,0,0,0
120610,2,1,0,0,0,0,0,0,0,0,0,0
120611,1,1,0,0,0,0,0,0,7,0,0,0
120611,2,1,18,18,18,18,18,18,18,18,18,18
120612,1,1,0,0,0,0,0,0,0,0,0,0
120612,2,1,0,0,0,0,0,0,0,0,0,0
120613,1,1,0,0,0,0,0,0,0,0,0,0
120615,1,1,0,26,0,46,4,19,17,40,0,0
120616,0,1,13,23,0,0,0,0,29,26,5,5
120616,1,1,0,0,28,0,9,0,18,4,0,0
120617,1,1,0,0,0,0,0,0,0,0,0,0
120617,2,1,0,4,0,0,0,0,0,0,0,0
120617,3,1,0,0,0,0,13,0,0,0,0,0
120618,1,1,0,0,0,0,0,0,0,0,0,0
120618,2,1,0,0,0,0,0,0,0,0,0,0
120619,1,1,0,0,0,0,0,0,0,0,0,0
120619,2,1,0,0,0,0,0,0,33,0,0,0
120620,1,1,0,0,0,0,0,31,0,0,0,0
120620,2,1,0,0,0,0,0,0,0,0,13,0
120621,1,1,0,0,0,0,15,0,0,0,0,0
120621,2,1,0,0,0,0,0,0,0,0,0,0
120622,1,1,0,0,0,0,0,0,0,0,0,0
120622,2,1,8,8,8,8,8,8,8,8,8,8
120623,1,1,0,0,0,0,0,0,0,3,0,0
120624,1,1,22,29,9,16,6,0,15,0,0,8
120625,0,1,19,19,19,19,19,19,19,19,19,19
120625,1,1,0,0,0,0,0,0,0,0,0,0
120626,0,1,0,0,0,0,0,0,0,0,0,0
120626,1,1,0,0,18,0,0,0,0,0,0,0
120627,1,1,0,0,0,0,0,0,0,0,0,0
120628,1,1,0,0,0,11,0,0,0,0,0,0
120628,2,1,0,0,0,0,0,0,0,0,0,0
120629,1,1,14,14,14,14,14,14,14,14,14,14
120629,2,1,0,0,0,0,0,7,0,0,0,0
120630,1,1,5,5,5,5,5,5,5,5,5,5
120630,2,1,0,0,0,0,0,0,0,0,0,0
120631,0,1,0,9,0,0,0,10,23,24,3,0
120631,1,1,0,0,0,0,0,0,0,0,0,0
120632,0,1,0,0,0,0,0,0,0,0,0,0
120632,1,1,0,16,0,0,0,0,0,0,0,0
120633,1,1,17,17,17,17,17,17,17,17,17,17
120633,2,1,0,0,0,0,0,0,0,0,0,0
120633,3,1,0,7,0,0,11,0,0,0,0,0
120634,1,1,19,19,19,19,19,19,19,19,19,19
120635,1,1,13,13,13,13,13,13,13,13,13,13
120636,1,1,0,0,0,0,0,0,0,0,0,0
120636,2,1,0,0,0,0,0,0,0,0,0,0
120636,3,1,0,0,0,0,0,0,0,0,0,0
120637,1,1,0,0,0,0,0,0,0,0,0,0
120639,1,1,0,0,22,0,0,0,0,0,0,0
120639,2,1,0,0,0,0,19,0,0,0,0,34
120640,1,1,0,0,0,0,0,0,0,0,3,0
120640,2,1,0,0,16,7,0,0,0,0,0,0
120641,1,1,27,0,0,0,0,0,0,0,0,0
120641,2,1,0,0,0,0,0,0,0,0,0,0
120641,3,1,25,0,0,0,0,0,0,0,0,0
120642,1,1,0,0,0,0,0,0,0,0,4,0
120642,2,1,0,0,0,0,0,8,0,0,0,0
120643,0,1,31,31,31,31,31,31,31,31,31,31
120643,1,1,14,0,0,17,0,0,8,0,0,0
120644,0,1,0,0,0,0,0,0,0,0,0,0
120644,0,2,0,0,0,0,0,0,0,0,0,0
120644,1,1,0,0,0,0,0,0,0,0,0,0
120645,1,1,0,24,26,0,0,0,31,0,0,0
120645,2,1,0,24,0,0,0,21,0,0,0,0
120646,1,1,17,20,14,16,31,17,13,6,14,9
120646,2,1,0,0,0,0,0,0,0,0,0,0
120647,1,1,0,16,0,0,0,0,0,0,0,0
120647,2,1,0,0,0,0,0,0,0,0,0,0
120648,1,1,23,23,23,23,23,23,23,23,23,23
120648,2,1,0,0,0,0,0,0,0,0,0,0
120649,1,1,0,0,0,0,0,0,0,0,0,0
120650,1,1,16,0,0,0,0,0,0,0,0,0
120651,1,1,0,0,0,0,0,0,0,0,0,0
120651,2,1,0,0,0,0,0,0,0,0,0,0
120651,3,1,0,0,0,0,0,0,0,0,0,0
120651,4,1,0,0,0,0,0,0,0,0,0,0
120652,0,1,0,0,0,0,0,0,19,25,0,20
120652,1,1,0,0,0,0,0,0,10,10,0,0
120653,1,1,0,0,0,0,0,0,0,0,0,0
120653,2,1,0,0,0,0,0,0,0,0,8,0
120654,0,1,0,0,0,0,15,0,0,0,0,0
120654,1,1,0,0,0,0,0,0,0,11,0,0
120655,1,1,0,0,0,0,0,0,0,0,0,0
120655,2,1,0,0,0,0,0,0,0,0,0,0
120656,1,1,0,0,0,0,0,0,0,0,0,0
120657,1,1,25,25,25,25,25,25,25,25,25,25
120658,1,1,0,0,0,0,0,0,0,0,0,0
120659,0,1,0,0,0,0,0,0,0,0,0,0
120659,0,2,0,0,0,0,0,0,0,0,0,14
120659,1,1,0,0,0,0,15,0,0,0,0,13
120660,0,1,0,0,0,0,0,0,0,0,0,0
120660,1,1,0,0,0,0,0,0,0,0,0,0
120661,0,1,18,18,18,18,18,18,18,18,18,18
120661,1,1,0,0,0,0,0,0,0,0,0,0
120662,1,1,0,0,0,0,0,0,0,0,0,0
120662,2,1,0,0,0,0,0,0,0,0,0,0
120662,3,1,0,0,0,0,0,0,0,0,0,0
120663,1,1,0,0,0,0,0,0,0,0,0,0
120663,2,1,0,0,0,0,0,0,0,0,0,0
120664,0,1,0,0,20,23,0,0,0,0,0,9
120664,1,1,0,0,0,0,0,0,0,0,0,0
120665,1,1,0,0,0,0,0,0,0,0,0,0
120665,2,1,0,0,0,0,0,0,0,0,0,0
120666,1,1,0,18,0,13,0,0,5,0,24,0
120666,2,1,0,0,12,0,0,0,0,0,0,0
120667,1,1,0,0,0,0,0,0,0,0,0,0
120667,2,1,0,0,0,0,0,0,0,0,0,0
120668,1,1,0,0,0,0,0,0,0,0,0,0
120668,2,1,0,0,0,0,0,0,0,0,0,0
120669,0,1,0,0,0,0,0,0,0,0,0,0
120669,1,1,0,23,0,0,0,17,0,0,0,0
120670,0,1,0,0,0,0,0,0,0,0,0,0
120670,1,1,0,0,0,0,0,0,0,0,0,0
120671,1,1,23,23,23,23,23,23,23,23,23,23