ST_CASE,VEH_NO,PER_NO,P1,P2,P3,P4,P5,P6,P7,P8,P9,P10
120671,2,1,0,0,0,0,0,0,0,0,0,0
120672,0,1,0,0,0,0,0,0,0,0,0,0
120672,1,1,16,0,35,0,0,2,0,0,0,0
120673,0,1,18,18,18,18,18,18,18,18,18,18
120673,1,1,0,0,0,0,0,0,0,0,0,0
120674,1,1,0,0,0,0,0,0,0,0,0,0
120674,2,1,0,0,0,0,0,0,0,0,0,0
120675,1,1,7,7,7,7,7,7,7,7,7,7
120675,2,1,0,0,0,0,0,0,0,0,0,0
120677,1,1,6,0,7,0,0,0,17,0,0,0
120678,0,1,0,0,0,20,0,0,0,0,0,0
120678,1,1,0,0,0,0,0,0,0,0,0,0
120679,1,1,0,0,0,0,16,0,0,0,0,0
120679,2,1,14,0,0,0,0,0,0,0,0,0
120681,1,1,0,0,0,0,0,0,20,0,0,0
120682,0,1,0,0,0,0,0,0,0,0,0,0
120682,1,1,19,0,0,0,0,0,0,0,0,0
120683,2,1,0,0,0,32,0,0,0,0,20,0
120685,1,1,0,0,0,0,0,0,0,0,0,0
120686,0,1,0,0,0,0,21,0,0,0,0,0
120686,1,1,0,0,0,0,0,0,0,0,0,0
120687,1,1,0,0,0,0,22,0,7,21,0,0
120688,1,1,32,29,40,17,21,22,20,24,7,22
120689,1,1,0,12,0,0,0,29,0,0,0,0
120689,2,1,0,0,0,0,0,0,0,0,0,0
120690,1,1,0,0,0,0,0,0,0,20,0,0
120690,2,1,0,0,0,11,0,0,0,0,0,7
120691,1,1,0,0,0,0,0,0,0,0,0,0
120691,2,1,0,0,0,0,0,0,0,8,6,0
120692,1,1,0,0,0,0,0,0,0,0,0,0
120692,2,1,0,0,0,0,0,0,0,0,0,0
120694,1,1,11,11,11,11,11,11,11,11,11,11
120695,1,1,0,0,0,0,0,0,0,0,0,0
120695,2,1,0,0,0,0,0,0,0,0,0,0
120696,1,1,1,1,1,1,1,1,1,1,1,1
120696,2,1,20,20,20,20,20,20,20,20,20,20
120696,3,1,0,0,0,0,0,0,0,0,0,0
120698,1,1,0,0,0,0,0,0,0,0,0,0
120698,2,1,0,0,0,0,0,0,0,0,0,0
120699,1,1,17,17,17,17,17,17,17,17,17,17
120699,2,1,0,0,0,25,0,0,0,0,0,0
120701,0,1,0,21,0,0,0,13,0,0,0,0
120701,1,1,0,31,0,0,0,0,0,0,0,0
120702,1,1,0,0,0,0,0,0,0,0,0,0
120702,2,1,0,0,0,0,0,0,0,0,0,0
120703,1,1,20,20,20,20,20,20,20,20,20,20
120703,2,1,0,0,0,0,0,0,0,0,0,0
120704,1,1,20,0,0,0,0,0,3,0,0,0
120704,2,1,0,11,0,0,0,0,0,0,0,0
120705,1,1,0,0,0,0,0,0,0,0,0,0
120705,2,1,0,0,24,20,21,0,0,28,8,0
120706,0,1,0,7,53,0,31,24,0,0,33,17
120706,1,1,0,6,0,0,0,0,0,0,0,0
120707,1,1,0,0,0,48,26,20,0,17,15,0
120709,1,1,15,16,9,18,8,19,8,15,0,11
120709,2,1,9,11,3,15,0,21,8,14,6,16
120710,1,1,0,19,0,0,0,0,14,0,0,0
120711,1,1,0,21,0,0,0,15,7,0,19,4
120711,2,1,0,0,0,0,0,0,11,26,0,0
120711,3,1,0,0,0,0,19,0,0,0,0,0
120711,4,1,0,0,0,0,0,0,0,0,0,0
120712,1,1,25,25,25,25,25,25,25,25,25,25
120713,1,1,0,0,0,3,0,0,0,0,0,0
120713,2,1,0,0,0,0,0,0,0,0,0,0
120714,1,1,0,0,0,0,0,0,0,0,0,0
120714,2,1,26,0,0,0,0,0,0,0,0,0
120715,1,1,15,15,15,15,15,15,15,15,15,15
120716,1,1,0,0,0,0,0,0,0,0,0,0
120716,2,1,0,0,0,0,0,0,0,0,0,0
120717,1,1,34,34,34,34,34,34,34,34,34,34
120717,2,1,0,0,0,0,0,0,0,0,0,0
120718,1,1,0,0,0,0,0,0,0,0,0,0
120719,1,1,0,0,0,0,0,0,0,0,12,0
120719,2,1,0,0,0,0,0,0,0,0,0,0
120720,1,1,0,0,0,0,0,20,0,0,0,0
120720,2,1,0,0,0,0,0,0,0,0,0,0
120721,0,1,0,0,0,0,0,0,0,0,0,0
120721,1,1,0,0,0,0,0,0,0,0,0,0
120722,1,1,0,0,0,0,0,0,0,0,0,0
120723,1,1,22,22,22,22,22,22,22,22,22,22
120724,0,1,0,0,0,0,0,0,0,0,0,0
120724,1,1,2,0,0,0,0,14,0,0,0,0
120725,1,1,0,0,0,0,0,0,0,0,0,0
120725,2,1,0,0,0,0,0,0,0,0,0,0
120725,3,1,0,0,0,0,0,0,0,0,0,0
120725,4,1,0,0,0,0,0,0,0,0,0,0
120725,5,1,0,0,0,0,0,0,0,0,0,0
120725,6,1,0,0,0,0,0,0,0,0,0,0
120725,7,1,0,0,0,0,0,0,0,0,0,0
120726,0,1,0,0,0,0,0,0,0,0,0,0
120726,1,1,0,0,0,0,0,0,0,0,0,0
120727,0,1,0,0,0,0,0,0,0,0,0,0
120727,1,1,0,0,0,0,0,0,0,0,0,0
120728,0,1,0,0,0,0,0,0,0,0,0,0
120728,1,1,21,21,21,21,21,21,21,21,21,21
120729,1,1,0,0,0,0,0,0,0,0,0,0
120730,1,1,0,22,0,0,0,22,0,0,0,0
120730,2,1,0,0,0,0,0,0,0,0,0,0
120732,0,1,0,0,0,0,0,0,0,0,0,0
120732,1,1,4,4,5,0,13,18,0,0,19,6
120733,1,1,24,0,23,22,0,0,0,0,0,0
120734,1,1,0,0,0,0,0,0,0,0,0,0
120735,1,1,18,18,18,18,18,18,18,18,18,18
120736,1,1,0,0,0,0,0,0,0,0,0,0
120737,1,1,0,0,0,0,15,0,0,0,0,0
120738,1,1,12,12,12,12,12,12,12,12,12,12
120739,1,1,24,0,0,0,0,0,0,0,0,0
120739,2,1,0,10,0,0,0,14,0,0,0,0
120739,3,1,0,0,0,0,0,0,0,0,0,0
120739,4,1,0,0,0,0,0,0,0,0,0,0
120740,1,1,18,8,34,15,0,0,0,0,8,0
120741,1,1,0,0,0,0,0,0,0,0,0,0
120741,2,1,0,0,0,0,0,0,0,0,0,0
120742,0,1,0,0,0,0,0,0,0,0,0,0
120742,1,1,0,0,0,0,0,0,6,0,0,0
120743,0,1,0,0,0,0,0,0,0,0,0,0
120743,1,1,0,0,0,0,0,0,0,0,0,0
120744,0,1,29,29,29,29,29,29,29,29,29,29
120744,1,1,0,0,0,0,0,0,4,0,0,19
120745,0,1,0,0,0,0,0,0,0,0,0,0
120745,1,1,33,8,19,23,29,22,14,16,4,22
120746,1,1,0,0,0,0,0,0,11,20,0,0
120747,0,1,0,0,0,0,0,0,0,0,0,0
120747,1,1,0,0,0,0,0,0,0,0,0,0
120748,1,1,0,0,0,0,0,0,0,0,0,0
120748,2,1,0,0,0,17,0,0,0,0,0,0
120749,0,1,29,29,29,29,29,29,29,29,29,29
120749,2,1,5,5,5,5,5,5,5,5,5,5
120750,1,1,0,0,0,0,0,0,0,0,0,0
120750,2,1,0,0,0,0,0,0,0,0,0,0
120751,0,1,28,0,0,0,18,0,0,0,0,0
120751,1,1,0,0,0,0,0,0,0,17,0,0
120752,0,1,25,25,25,25,25,25,25,25,25,25
120752,1,1,0,19,5,0,0,0,0,0,0,0
120753,1,1,0,0,0,0,0,0,0,0,0,0
120754,1,1,22,22,22,22,22,22,22,22,22,22
120754,2,1,0,0,0,0,0,0,0,0,0,0
120755,0,1,0,0,0,0,0,0,0,0,29,0
120755,1,1,0,18,0,0,0,0,0,0,0,0
120756,1,1,0,0,0,0,0,0,0,0,0,0
120756,2,1,0,0,0,0,0,0,0,0,0,10
120757,0,1,0,0,0,0,0,0,0,0,0,0
120757,1,1,0,0,0,0,0,0,0,0,0,0
120758,1,1,24,24,24,24,24,24,24,24,24,24
120760,1,1,0,10,20,23,0,8,30,9,13,0
120760,2,1,0,15,12,0,0,0,0,0,3,0
120762,1,1,0,0,0,0,0,0,0,0,54,0
120762,2,1,0,0,0,0,0,0,0,0,0,0
120763,1,1,1,1,1,1,1,1,1,1,1,1
120763,2,1,0,0,0,0,0,0,0,0,0,0
120764,1,1,14,14,14,14,14,14,14,14,14,14
120764,2,1,0,0,0,0,37,0,0,0,0,0
120764,3,1,17,0,0,0,0,0,0,0,0,0
120765,1,1,17,16,28,0,0,14,13,0,22,0
120766,1,1,0,0,40,0,0,0,0,0,0,0
120766,2,1,0,0,0,0,0,0,0,0,0,0
120767,1,1,17,17,17,17,17,17,17,17,17,17
120768,1,1,0,0,0,0,0,0,0,0,0,0
120769,0,1,23,23,23,23,23,23,23,23,23,23
120769,1,1,0,0,0,0,0,0,0,11,0,0
120769,2,1,21,0,5,0,26,16,0,0,0,20
120770,0,1,0,0,0,0,0,0,0,0,0,0
120770,1,1,0,0,0,0,0,0,0,0,0,0
120771,1,1,0,0,0,0,0,0,0,0,0,0
120771,2,1,0,0,0,0,0,0,0,0,0,0
120771,3,1,24,0,0,0,0,0,0,0,0,0
120771,4,1,0,0,0,0,0,0,0,0,0,0
120771,5,1,0,0,0,0,0,0,0,0,0,0
120772,1,1,14,14,14,14,14,14,14,14,14,14
120772,2,1,0,0,0,0,0,0,0,0,17,0
120773,1,1,0,0,0,0,0,0,0,0,0,23
120773,2,1,0,0,0,0,0,0,0,0,0,0
120774,1,1,0,0,23,22,0,27,16,0,10,0
120774,2,1,0,0,0,0,0,0,0,8,12,0
120775,0,1,0,23,0,0,21,11,0,0,0,25
120775,0,2,0,0,0,33,17,0,15,26,21,0
120775,1,1,16,13,24,14,29,57,20,7,16,41
120776,1,1,13,13,13,13,13,13,13,13,13,13
120776,2,1,0,0,0,0,0,0,0,0,0,0
120777,0,1,23,26,4,42,0,13,15,12,38,21
120777,1,1,0,0,0,0,0,0,0,0,0,0
120778,0,1,0,0,0,0,0,0,0,26,0,29
120778,1,1,0,22,20,0,21,0,0,28,0,18
120779,1,1,0,0,0,0,0,0,0,0,0,0
120779,2,1,0,0,0,0,0,0,0,0,0,0
120779,3,1,0,0,0,0,0,0,0,0,0,0
120779,4,1,0,0,8,7,0,0,0,0,0,0
120780,1,1,25,25,25,25,25,25,25,25,25,25
120781,0,1,0,0,0,0,0,0,0,0,0,0
120781,1,1,0,0,0,0,0,0,0,0,0,0
120782,1,1,2,2,2,2,2,2,2,2,2,2
120783,1,1,0,0,0,0,0,0,0,0,0,0
120783,2,1,0,0,0,0,0,0,0,0,0,0
120784,1,1,25,25,25,25,25,25,25,25,25,25
120785,1,1,14,14,14,14,14,14,14,14,14,14
120785,2,1,4,4,4,4,4,4,4,4,4,4
120785,3,1,0,0,0,0,0,0,0,0,0,0
120786,0,1,0,0,0,27,0,0,0,0,15,12
120786,1,1,0,0,0,0,0,0,0,0,0,0
120787,0,1,0,0,0,0,0,0,0,0,0,0
120787,1,1,0,0,0,0,0,0,17,0,27,0
120788,1,1,0,0,0,0,0,0,0,0,0,0
120788,2,1,0,0,0,0,0,0,0,0,0,0
120789,1,1,0,0,0,0,0,0,0,0,4,0
120789,2,1,0,0,0,0,0,0,0,0,0,0
120790,1,1,0,0,0,0,0,0,11,0,0,17
120791,1,1,25,21,25,0,15,11,0,6,10,17
120792,1,1,0,0,0,0,0,0,0,0,0,0
120792,2,1,0,0,0,0,0,0,0,0,0,0
120793,1,1,0,0,0,0,0,0,0,0,0,0
120793,2,1,0,0,0,0,0,0,0,0,0,0
120793,3,1,0,0,29,0,0,0,0,0,0,0
120794,1,1,0,0,0,0,0,0,0,0,0,0
120794,2,1,0,0,0,0,0,0,0,0,0,0
120794,3,1,0,0,0,0,0,0,0,0,0,0
120795,1,1,0,0,0,0,0,0,0,0,0,0
120795,2,1,0,0,0,0,0,0,0,0,0,0
120796,0,1,0,0,0,0,0,0,20,0,0,0
120796,1,1,0,2,0,0,0,15,0,0,0,27
120796,2,1,0,0,0,0,0,0,0,0,0,0
120797,1,1,28,28,28,28,28,28,28,28,28,28
120798,1,1,0,18,0,0,0,0,0,0,0,22
120799,0,1,0,0,0,0,0,0,0,0,0,0
120799,1,1,0,0,0,0,0,4,0,0,0,0
120800,1,1,9,8,24,15,0,22,0,0,0,0
120801,1,1,14,14,14,14,14,14,14,14,14,14
120802,1,1,0,0,0,0,0,0,0,0,0,0
120803,0,1,8,0,14,18,0,0,0,0,0,17
120803,1,1,0,0,0,0,0,0,0,23,0,0
120804,0,1,39,39,39,39,39,39,39,39,39,39
120804,1,1,0,0,0,0,0,0,0,0,0,7
120805,1,1,0,0,24,0,0,0,0,7,15,0
120805,2,1,0,0,0,0,0,0,0,0,0,0
120806,1,1,0,0,0,0,6,12,0,15,0,0
120807,0,1,0,0,0,27,10,0,0,21,0,0
120807,1,1,0,10,0,0,0,0,0,0,0,0
120808,1,1,16,16,16,16,16,16,16,16,16,16
120809,1,1,9,9,9,9,9,9,9,9,9,9
120810,1,1,20,20,20,20,20,20,20,20,20,20
120810,2,1,0,0,0,0,0,0,22,0,0,0
120810,3,1,0,0,0,0,0,0,0,0,0,0
120810,4,1,0,0,0,0,0,0,0,0,0,0
120811,0,1,24,24,24,24,24,24,24,24,24,24
120811,1,1,0,0,0,0,0,0,0,0,0,0
120812,1,1,0,0,0,0,0,0,0,0,0,0
120812,2,1,0,0,0,0,0,0,0,0,0,0
120813,0,1,26,26,26,26,26,26,26,26,26,26
120813,1,1,0,0,0,0,0,0,0,0,0,0
120814,1,1,8,8,8,8,8,8,8,8,8,8
120814,2,1,0,0,0,0,0,0,5,0,0,0
120815,0,1,0,0,0,0,0,0,0,0,0,0
120815,1,1,0,10,0,30,0,4,0,0,0,0
120816,0,1,16,0,0,24,0,0,0,0,0,0
120816,1,1,0,0,0,0,0,7,0,0,26,0
120817,1,1,0,0,0,0,13,0,0,0,0,0
120817,2,1,0,0,0,0,0,0,0,0,0,0
120818,0,1,0,0,0,0,0,33,0,28,0,0
120818,1,1,0,21,0,0,0,0,8,7,0,0
120818,2,1,0,0,0,0,0,0,0,0,0,0
120819,1,1,28,17,11,37,18,19,18,34,0,21
120820,0,1,2,0,0,0,0,0,0,0,17,0
120820,1,1,0,0,9,0,0,0,0,0,0,0
120821,0,1,0,0,31,0,0,0,0,0,0,0
120821,1,1,32,32,32,32,32,32,32,32,32,32
120822,0,1,0,0,0,0,0,0,0,0,0,0
120822,1,1,0,0,0,5,0,11,0,0,0,11
120824,1,1,0,0,0,0,0,0,0,0,0,0
120825,1,1,13,13,13,13,13,13,13,13,13,13
120826,1,1,29,29,29,29,29,29,29,29,29,29
120828,1,1,0,0,4,0,0,0,0,0,0,0
120828,2,1,0,0,5,0,0,0,0,0,0,0
120829,0,1,0,0,0,0,0,0,0,0,0,0
120829,1,1,0,0,0,0,0,0,0,0,0,0
120831,1,1,0,0,0,0,0,0,0,0,0,0
120831,2,1,0,0,6,0,0,0,0,0,0,0
120832,1,1,15,36,20,18,14,23,11,24,14,21
120832,2,1,0,0,0,0,0,0,0,16,0,0
120832,3,1,0,0,0,0,0,0,0,0,0,0
120832,4,1,0,0,0,0,0,0,36,0,0,0
120833,1,1,7,0,0,0,0,0,0,0,0,0
120834,0,1,0,0,0,0,0,0,0,0,0,22
120834,1,1,0,0,0,0,0,0,0,0,0,0
120835,0,1,0,0,0,6,0,0,0,0,0,0
120835,1,1,0,0,0,0,0,0,0,0,0,0
120836,1,1,0,8,0,14,0,0,0,0,0,0
120839,1,1,0,0,0,0,0,0,0,0,0,0
120839,2,1,0,0,0,0,0,0,0,0,0,0
120839,3,1,0,0,0,0,0,0,0,0,0,0
120839,4,1,0,0,0,0,0,0,0,0,0,0
120839,5,1,0,0,0,0,0,0,0,0,0,0
120840,0,1,0,0,0,0,0,0,0,0,0,0
120840,2,1,0,0,0,0,0,0,0,0,0,0
120841,1,1,16,16,16,16,16,16,16,16,16,16
120842,1,1,0,0,0,0,0,0,0,0,0,0
120842,2,1,7,0,0,0,0,0,0,0,0,0
120843,1,1,0,0,0,0,0,0,0,0,0,0
120844,1,1,0,0,13,13,0,0,0,0,0,0
120845,1,1,0,0,0,0,0,0,0,0,0,0
120845,2,1,0,0,0,34,0,0,0,0,0,0
120846,1,1,0,0,0,0,0,0,0,0,0,0
120847,0,1,0,0,0,0,0,0,0,0,0,17
120847,1,1,0,0,0,5,0,0,0,0,0,0
120848,0,1,24,27,0,0,0,14,0,0,0,0
120848,1,1,0,0,5,0,0,0,0,0,0,0
120849,0,1,0,0,0,0,0,19,0,0,0,10
120849,1,1,0,0,0,0,0,0,0,0,0,0
120850,0,1,32,0,0,12,0,0,0,17,0,0
120850,1,1,24,0,16,11,22,26,8,8,25,22
120851,1,1,0,0,0,0,0,0,0,0,0,0
120851,2,1,0,0,0,0,0,0,0,0,0,0
120852,1,1,25,0,0,0,0,0,0,0,0,0
120853,0,1,0,0,0,0,0,0,0,0,0,0
120853,1,1,0,0,0,0,0,0,0,0,0,0
120853,3,1,0,0,0,13,0,0,0,0,0,0
120854,1,1,18,0,7,11,41,23,7,14,31,31
120854,2,1,0,0,0,0,0,0,10,0,0,0
120854,3,1,0,0,0,0,0,0,0,0,0,0
120856,1,1,8,0,0,5,18,18,0,25,20,0
120856,2,1,0,11,0,0,0,0,0,0,0,0
120856,3,1,0,0,30,12,0,0,0,0,0,0
120857,1,1,0,0,0,0,0,0,0,0,0,0
120857,2,1,0,0,0,0,0,0,0,0,0,0
120858,0,1,14,14,14,14,14,14,14,14,14,14
120858,2,1,0,17,0,0,0,0,0,0,0,0
120858,3,1,0,0,8,0,0,0,0,20,0,0
120859,1,1,9,9,9,9,9,9,9,9,9,9
120859,2,1,13,0,0,0,17,12,0,0,0,11
120860,0,1,0,0,0,0,0,0,0,0,0,0
120860,1,1,0,0,0,0,0,0,0,0,0,0
120861,1,1,23,23,23,23,23,23,23,23,23,23
120861,2,1,0,0,0,0,0,0,0,0,0,0
120862,1,1,0,0,0,0,0,0,0,0,0,0
120863,1,1,0,0,0,0,0,0,0,0,0,0
120863,2,1,0,0,0,0,0,0,0,0,0,0
120863,3,1,0,0,0,0,0,0,0,0,0,0
120864,1,1,0,0,0,0,0,0,0,0,0,0
120865,1,1,14,28,16,5,0,0,24,0,25,15
120865,2,1,0,0,0,0,0,2,0,0,0,0
120866,0,1,0,0,0,0,10,14,0,8,7,0
120866,0,2,30,0,24,24,0,0,0,0,19,0
120866,1,1,0,0,0,0,0,0,0,0,0,0
120867,1,1,0,0,0,0,0,0,0,0,0,0
120867,2,1,0,0,0,0,0,0,0,0,0,0
120868,1,1,28,33,0,0,0,0,0,0,0,37
120869,1,1,21,21,21,21,21,21,21,21,21,21
120871,1,1,11,17,14,18,12,18,20,5,31,24
120871,2,1,0,0,0,0,0,0,0,0,0,0
120871,3,1,0,0,0,0,0,0,0,0,0,0
120872,1,1,0,0,0,0,0,0,0,0,0,0
120872,2,1,0,0,0,0,0,0,0,0,0,0
120873,0,1,44,44,44,44,44,44,44,44,44,44
120873,1,1,15,10,0,0,0,0,0,0,0,0
120874,0,1,34,0,12,0,0,7,0,28,0,13
120874,1,1,0,0,0,0,12,0,23,0,0,18
120876,1,1,0,0,0,0,0,0,0,0,0,0
120876,2,1,0,0,0,0,0,0,0,0,0,0
120877,0,1,0,0,0,0,0,0,0,0,0,0
120877,1,1,11,0,12,21,9,8,17,0,12,2
120878,1,1,0,0,0,0,0,0,0,0,0,0
120878,2,1,0,0,0,0,0,0,0,0,0,0
120879,1,1,0,0,0,0,0,0,0,0,0,0
120879,2,1,0,0,0,0,0,0,0,0,0,0
120880,1,1,0,0,0,0,0,0,0,0,0,0
120880,2,1,0,0,0,0,0,0,0,0,0,0
120881,1,1,0,0,0,0,0,0,0,0,0,0
120881,2,1,0,0,0,0,0,0,0,0,0,0
120882,1,1,0,0,0,0,0,0,0,0,0,0
120882,2,1,0,0,0,0,0,0,0,0,0,0
120883,1,1,20,20,20,20,20,20,20,20,20,20
120884,1,1,0,0,0,0,0,0,0,0,0,0
120884,2,1,0,0,0,0,0,0,0,0,0,0
120885,1,1,0,0,0,0,0,0,0,0,0,0
120885,2,1,0,0,0,0,0,0,0,0,0,0
120886,0,1,0,0,0,0,0,0,0,0,0,0
120886,1,1,0,0,0,0,0,0,0,0,0,18
120887,1,1,0,0,0,0,0,0,0,0,0,0
120887,2,1,0,0,0,0,0,0,0,0,0,0
120888,1,1,6,10,8,19,14,7,20,19,34,25
120889,1,1,0,0,0,0,0,18,14,0,0,0
120889,2,1,0,0,0,0,0,0,0,0,0,0
120890,1,1,0,0,0,0,0,0,0,0,0,0
120891,0,1,0,0,0,0,0,0,0,0,0,0
120891,1,1,0,0,0,0,15,0,0,0,13,0
120892,1,1,0,11,0,0,0,0,0,0,0,0
120893,1,1,13,13,13,13,13,13,13,13,13,13
120894,1,1,0,0,0,0,0,0,0,0,0,0
120894,2,1,0,0,0,0,0,0,0,0,0,0
120895,1,1,0,0,0,0,0,0,0,0,0,0
120896,1,1,12,12,12,12,12,12,12,12,12,12
120896,2,1,0,0,0,0,0,0,0,0,0,0
120897,1,1,0,0,0,0,25,0,0,0,19,0
120897,2,1,0,0,0,0,0,0,0,0,0,0
120897,3,1,0,0,0,0,0,0,0,0,0,0
120897,4,1,0,0,0,0,0,0,0,0,0,0
120898,1,1,18,9,20,12,17,33,23,8,7,0
120898,2,1,0,0,0,0,0,0,0,0,0,0
120899,1,1,0,16,0,0,13,34,0,0,21,34
120901,1,1,0,12,0,0,17,14,0,0,11,0
120901,2,1,0,0,10,0,0,0,0,0,0,0
120902,1,1,0,0,0,0,0,19,0,0,0,0
120902,2,1,0,23,35,0,10,0,0,0,0,0
120902,3,1,0,0,0,0,0,0,0,0,0,0
120903,0,1,34,34,34,34,34,34,34,34,34,34
120903,1,1,0,0,0,0,0,0,0,0,0,0
120904,0,1,0,0,0,0,0,0,0,0,0,0
120904,1,1,0,0,0,0,0,0,0,0,0,0
120908,1,1,2,2,2,2,2,2,2,2,2,2
120909,1,1,13,13,13,13,13,13,13,13,13,13
120910,1,1,0,0,0,0,0,0,0,0,0,0
120912,1,1,0,0,0,0,0,0,0,0,0,0
120912,2,1,0,0,0,0,0,0,0,0,0,0
120913,1,1,23,23,23,23,23,23,23,23,23,23
120914,1,1,0,0,0,0,0,0,0,0,0,0
120914,2,1,0,0,0,0,0,0,0,0,0,0
120915,1,1,22,22,22,22,22,22,22,22,22,22
120915,2,1,0,0,0,0,0,0,0,18,0,0
120916,1,1,0,0,0,0,0,0,0,0,0,0
120916,2,1,0,0,0,0,0,0,0,0,0,0
120917,1,1,0,0,0,0,0,0,0,0,0,0
120917,2,1,0,0,0,0,0,0,0,0,0,0
120918,1,1,0,0,0,0,0,0,0,0,0,0
120918,2,1,0,0,11,0,0,0,0,0,0,0
120919,1,1,0,0,0,0,0,0,0,0,0,0
120919,2,1,0,0,0,0,0,0,0,0,0,0
120920,1,1,0,0,0,0,0,0,0,0,0,0
120920,2,1,0,0,0,0,0,0,0,0,0,0
120920,3,1,0,13,0,0,0,0,0,0,0,0
120921,0,1,4,4,4,4,4,4,4,4,4,4
120921,0,2,0,0,21,50,0,23,25,0,39,0
120921,1,1,0,0,0,0,0,0,0,0,0,0
120922,1,1,0,0,0,0,0,0,0,0,0,0
120922,2,1,0,0,0,0,0,0,0,0,0,0
120923,1,1,3,3,3,3,3,3,3,3,3,3
120923,2,1,0,0,18,0,0,0,0,0,0,15
120924,1,1,16,16,16,16,16,16,16,16,16,16
120924,2,1,0,0,0,0,0,0,0,0,0,0
120925,1,1,0,0,0,0,0,0,0,0,0,0
120926,1,1,0,0,0,0,0,0,0,0,0,0
120926,2,1,0,0,0,0,0,0,0,0,0,0
120927,1,1,0,0,0,0,0,0,0,0,0,0
120927,2,1,0,0,0,0,0,0,0,0,0,0
120928,1,1,0,0,0,0,0,0,0,0,0,0
120928,2,1,0,0,0,0,0,0,0,0,0,0
120928,3,1,0,0,0,0,0,0,0,0,0,0
120929,0,1,24,23,24,13,32,12,31,46,13,17
120929,1,1,0,0,0,0,0,0,0,0,0,0
120930,1,1,0,0,0,0,0,0,24,17,0,0
120931,1,1,0,0,0,0,0,0,0,0,0,0
120932,1,1,17,17,17,17,17,17,17,17,17,17
120933,1,1,23,23,23,23,23,23,23,23,23,23
120934,0,1,0,0,0,0,0,0,0,0,0,0
120934,1,1,0,0,0,0,0,13,0,0,0,0
120935,0,1,0,0,0,0,0,0,0,0,0,0
120935,1,1,0,0,0,0,0,0,0,0,0,0
120935,2,1,0,0,0,0,0,0,0,0,0,0
120936,0,1,17,16,0,0,0,18,29,0,0,0
120936,1,1,0,0,7,0,0,0,0,0,0,0
120937,0,1,27,27,27,27,27,27,27,27,27,27
120937,1,1,19,14,24,23,27,11,19,3,17,15
120938,1,1,25,25,25,25,25,25,25,25,25,25
120938,2,1,0,0,0,0,23,0,0,0,0,0
120938,3,1,0,0,0,0,0,0,0,0,0,0
120939,0,1,24,0,23,19,0,12,27,12,0,0
120939,1,1,0,0,0,0,0,0,0,0,0,0
120940,1,1,0,0,0,0,0,0,0,0,0,0
120940,2,1,0,0,0,0,0,0,0,0,0,0
120941,1,1,0,0,0,0,0,0,0,0,0,0
120941,2,1,22,22,22,22,22,22,22,22,22,22
120942,1,1,0,0,0,0,0,0,0,0,0,0
120942,2,1,0,0,0,0,0,0,0,0,0,0
120944,1,1,0,0,0,0,0,0,25,0,0,20
120945,1,1,19,0,0,0,6,0,23,20,24,0
120945,2,1,0,8,0,0,0,0,0,0,0,0
120945,3,1,0,0,0,0,0,0,0,0,0,0
120945,4,1,10,0,7,6,0,0,0,0,0,0
120946,0,1,0,0,15,0,0,0,17,0,27,0
120946,1,1,0,5,7,0,20,0,36,0,4,9
120947,0,1,0,0,13,5,0,16,7,0,10,25
120947,1,1,7,0,0,0,0,0,0,0,16,22
120949,1,1,0,3,0,0,0,0,0,0,0,0
120949,2,1,15,11,0,0,0,0,0,0,0,0
120950,1,1,0,0,0,0,0,0,0,0,0,0
120951,1,1,17,21,12,37,11,18,22,0,13,10
120953,1,1,0,0,0,0,0,0,0,0,0,0
120953,2,1,0,0,0,0,0,0,0,0,0,0
120954,1,1,0,0,0,0,0,0,0,0,0,0
120955,1,1,17,17,17,17,17,17,17,17,17,17
120955,2,1,17,17,17,17,17,17,17,17,17,17
120955,3,1,0,0,0,0,0,0,0,0,0,0
120956,1,1,0,0,0,0,0,0,0,5,0,0
120956,2,1,0,0,0,0,0,0,0,0,0,0
120956,3,1,0,0,0,0,0,0,0,0,0,0
120957,0,1,23,23,23,23,23,23,23,23,23,23
120957,1,1,0,0,0,0,0,0,0,0,0,0
120958,1,1,16,16,16,16,16,16,16,16,16,16
120958,2,1,0,8,40,0,0,27,0,0,0,0
120960,1,1,0,0,0,0,0,0,0,0,0,0
120961,0,1,26,19,23,0,15,0,25,20,0,0
120961,1,1,0,0,0,0,0,0,0,0,0,0
120963,1,1,0,0,0,0,0,0,0,0,0,0
120964,1,1,0,0,0,0,0,0,0,0,0,0
120965,1,1,0,0,0,0,0,0,0,0,0,0
120965,2,1,0,0,0,0,0,0,0,0,0,0
120966,1,1,14,14,14,14,14,14,14,14,14,14
120966,2,1,0,20,25,0,0,0,9,0,7,11
120967,1,1,16,16,16,16,16,16,16,16,16,16
120967,2,1,0,0,0,0,0,0,0,0,0,0
120968,0,1,0,0,22,10,0,0,25,0,10,0
120968,1,1,0,0,0,0,0,0,0,0,14,0
120969,1,1,0,0,0,0,0,0,0,0,0,0
120970,1,1,0,0,0,0,0,0,0,0,0,0
120970,2,1,0,0,0,0,0,0,0,0,0,0
120972,1,1,0,0,0,0,0,0,0,0,0,0