ST_CASE,VEH_NO,PER_NO,P1,P2,P3,P4,P5,P6,P7,P8,P9,P10
120972,2,1,0,0,0,0,0,0,0,0,0,0
120972,3,1,0,0,0,0,0,0,0,0,0,0
120973,0,1,11,0,21,45,0,23,4,0,11,0
120973,1,1,15,0,0,0,0,0,0,0,0,0
120974,1,1,0,0,0,0,0,0,0,19,0,0
120974,2,1,0,0,0,0,0,0,0,0,0,0
120975,1,1,0,0,0,0,0,0,0,0,0,0
120976,1,1,20,20,20,20,20,20,20,20,20,20
120977,1,1,25,25,25,25,25,25,25,25,25,25
120978,1,1,0,0,0,22,0,17,0,0,0,0
120978,2,1,0,0,0,0,0,0,0,0,0,0
120979,1,1,2,2,2,2,2,2,2,2,2,2
120979,2,1,0,0,0,0,0,0,0,0,17,0
120980,0,1,0,26,0,0,25,0,0,0,0,0
120980,1,1,16,22,0,0,0,0,0,0,0,0
120981,1,1,14,14,14,14,14,14,14,14,14,14
120981,2,1,15,0,0,0,0,0,0,29,0,0
120983,1,1,0,0,0,0,0,0,0,0,0,0
120983,2,1,0,0,0,0,0,0,0,0,0,0
120984,1,1,0,0,0,0,0,0,0,0,0,0
120984,2,1,0,0,0,0,0,0,0,0,0,0
120985,1,1,0,0,0,0,0,0,0,0,0,0
120985,2,1,16,16,16,16,16,16,16,16,16,16
120986,0,1,0,0,0,0,0,0,0,0,0,0
120986,1,1,13,0,0,0,0,0,0,0,0,0
120987,0,1,18,14,0,10,0,8,0,0,9,0
120987,1,1,0,0,0,0,0,0,0,0,0,0
120988,0,1,0,0,0,0,0,0,39,0,0,0
120988,1,1,18,18,18,18,18,18,18,18,18,18
120989,1,1,0,0,0,0,0,0,0,0,0,0
120989,2,1,0,0,0,0,0,0,0,0,0,0
120989,3,1,0,0,0,0,0,0,0,0,0,0
120990,0,1,23,23,23,23,23,23,23,23,23,23
120990,1,1,0,0,0,0,0,0,0,0,0,0
120990,2,1,0,14,0,0,0,0,0,0,14,0
120991,1,1,23,23,23,23,23,23,23,23,23,23
120992,1,1,0,0,0,0,0,0,0,0,0,0
120992,2,1,0,0,12,0,0,0,0,0,0,0
120993,0,1,0,25,16,0,0,0,0,0,0,6
120993,1,1,0,0,0,0,0,0,0,0,0,0
120994,1,1,0,0,0,0,0,0,0,0,0,0
120995,1,1,0,0,0,21,0,0,0,0,0,11
120995,2,1,0,0,0,0,0,0,9,0,0,0
120995,3,1,0,0,0,0,0,0,0,0,0,0
120996,1,1,0,0,0,0,0,0,0,0,0,0
120996,2,1,29,0,0,0,13,0,12,0,0,14
120997,1,1,26,0,0,15,0,11,18,0,47,22
120998,0,1,0,0,0,0,20,0,17,0,0,35
120998,1,1,0,23,0,15,9,0,0,0,0,0
120999,0,1,14,14,14,14,14,14,14,14,14,14
120999,1,1,0,0,0,0,0,0,0,0,0,0
121000,1,1,23,23,23,23,23,23,23,23,23,23
121001,1,1,0,0,0,0,0,0,0,0,0,0
121002,1,1,12,12,12,12,12,12,12,12,12,12
121003,1,1,14,14,14,14,14,14,14,14,14,14
121003,2,1,0,0,0,0,0,0,0,0,0,0
121004,1,1,0,0,0,0,0,0,6,0,0,0
121004,2,1,0,0,0,0,0,0,0,0,0,0
121004,3,1,0,0,0,0,0,0,0,7,0,0
121005,0,1,0,0,0,0,0,0,0,0,0,0
121005,1,1,0,0,0,0,0,19,0,0,0,0
121005,2,1,0,0,13,4,0,0,0,0,0,0
121006,1,1,0,0,0,0,0,0,0,0,0,0
121007,1,1,22,22,22,22,22,22,22,22,22,22
121008,1,1,0,0,0,0,0,0,0,0,0,0
121008,2,1,0,0,0,0,0,0,0,0,0,0
121008,3,1,0,0,0,0,0,0,0,0,0,0
121009,0,1,0,0,0,0,0,0,0,0,0,0
121009,1,1,0,0,0,0,0,0,0,0,0,0
121010,0,1,0,0,0,0,0,0,0,0,0,11
121010,0,2,36,36,36,36,36,36,36,36,36,36
121010,1,1,0,0,18,0,0,0,0,0,0,0
121011,1,1,0,9,0,28,22,0,0,12,38,17
121011,2,1,0,0,0,10,0,0,0,0,0,0
121012,0,1,0,0,0,0,11,0,0,0,0,0
121012,1,1,0,0,7,0,0,0,29,0,0,0
121013,1,1,0,0,0,0,0,0,0,0,0,0
121014,1,1,0,0,0,0,8,0,0,0,0,0
121014,2,1,0,0,0,0,0,0,0,0,0,0
121015,1,1,0,12,0,0,10,0,0,0,0,0
121015,2,1,0,0,0,0,0,0,0,0,0,0
121017,0,1,15,0,33,0,20,0,0,0,0,0
121017,1,1,0,30,6,0,27,6,18,21,10,6
121018,1,1,11,11,11,11,11,11,11,11,11,11
121018,2,1,0,0,0,0,21,0,0,0,0,0
121019,0,1,0,0,0,0,0,0,0,0,0,0
121019,1,1,0,0,0,0,0,0,0,0,0,0
121020,1,1,20,20,20,20,20,20,20,20,20,20
121021,1,1,14,21,18,22,10,24,24,18,20,6
121022,1,1,0,0,0,0,0,0,0,0,0,0
121023,1,1,22,22,22,22,22,22,22,22,22,22
121024,1,1,0,0,0,39,17,0,15,12,0,0
121024,2,1,8,0,0,0,0,0,0,0,0,0
121026,1,1,0,0,0,0,0,0,0,0,0,0
121026,2,1,0,0,0,0,0,0,0,0,0,15
121027,1,1,0,0,0,0,0,0,0,0,0,0
121027,2,1,0,0,0,0,0,0,0,0,0,0
121028,1,1,0,0,0,0,0,0,0,0,0,0
121028,2,1,0,0,0,0,0,0,0,0,0,0
121029,0,1,0,0,0,0,0,0,0,0,0,32
121029,1,1,0,0,0,0,0,0,0,0,0,14
121030,1,1,13,14,10,0,18,0,0,16,17,0
121031,1,1,27,14,5,29,11,28,21,21,25,19
121032,0,1,0,0,0,0,0,0,0,0,0,0
121032,1,1,0,0,0,0,0,0,0,0,0,0
121033,1,1,0,0,0,0,0,0,0,16,0,13
121033,2,1,0,0,0,0,0,0,0,0,0,0
121034,0,1,0,0,0,0,0,0,0,0,0,0
121034,1,1,0,0,0,0,0,0,0,0,0,0
121035,1,1,0,10,0,0,0,0,0,22,0,10
121035,2,1,0,0,0,0,0,0,0,0,0,0
121036,1,1,18,18,18,18,18,18,18,18,18,18
121037,1,1,23,23,23,23,23,23,23,23,23,23
121037,2,1,0,0,0,0,0,0,0,0,0,0
121038,0,1,32,9,0,41,11,0,0,25,0,0
121038,1,1,0,0,0,0,0,0,0,0,0,0
121038,2,1,0,0,0,0,0,0,0,0,0,0
121038,3,1,0,0,0,0,0,0,0,0,0,0
121038,4,1,0,0,0,0,0,0,0,0,0,16
121039,0,1,28,28,28,28,28,28,28,28,28,28
121039,1,1,0,0,0,0,0,0,0,0,0,0
121040,0,1,0,0,0,0,0,0,0,0,0,0
121040,1,1,0,0,0,0,0,0,0,0,0,0
121041,1,1,0,0,0,0,0,0,0,0,0,0
121041,2,1,0,0,0,0,0,0,0,0,0,0
121042,1,1,10,0,0,0,0,4,0,0,0,8
121043,1,1,0,0,0,0,0,0,0,0,0,0
121043,2,1,0,0,0,0,0,0,0,0,0,0
121044,1,1,23,0,0,0,23,0,0,0,0,0
121045,0,1,0,0,0,21,0,0,0,21,0,0
121045,1,1,0,0,0,0,0,0,0,0,0,0
121046,1,1,0,0,0,0,0,0,0,0,0,0
121046,2,1,0,0,0,0,0,0,0,0,0,0
121047,1,1,0,0,0,0,0,0,0,0,0,18
121048,0,1,17,17,17,17,17,17,17,17,17,17
121048,1,1,0,0,0,0,0,0,0,0,0,0
121049,0,1,0,0,0,0,0,0,0,0,0,0
121049,1,1,0,0,0,0,0,0,0,0,0,0
121050,1,1,0,0,0,15,0,0,12,19,0,26
121051,1,1,0,0,0,0,0,0,0,0,0,0
121052,1,1,0,0,0,0,0,0,0,0,0,0
121052,2,1,0,0,0,0,0,0,0,0,0,0
121052,3,1,0,0,0,18,0,0,13,0,0,0
121052,4,1,0,0,0,0,0,0,0,0,0,0
121053,1,1,0,0,0,0,0,0,0,0,13,0
121053,2,1,0,14,18,0,0,0,0,0,0,0
121054,1,1,0,0,0,0,9,0,0,0,0,0
121054,2,1,0,0,0,0,0,0,0,0,0,0
121055,0,1,6,36,26,22,16,21,15,27,23,21
121055,1,1,27,19,33,13,0,17,7,7,5,11
121056,0,1,0,0,0,0,0,0,0,0,0,0
121056,1,1,0,37,0,23,16,0,0,0,8,17
121058,1,1,0,0,0,0,0,0,0,0,0,0
121059,1,1,0,0,0,0,0,0,0,0,0,0
121060,1,1,0,0,0,0,0,0,0,0,0,0
121060,2,1,0,0,0,0,0,0,0,0,0,0
121061,1,1,0,0,0,0,0,0,0,0,0,0
121061,2,1,0,0,0,0,0,0,0,0,0,0
121061,3,1,0,0,0,0,0,0,0,0,0,0
121062,1,1,0,0,0,0,0,0,0,0,0,0
121062,2,1,0,0,0,0,0,0,0,0,0,0
121064,1,1,17,22,27,21,15,18,25,2,21,6
121065,0,1,0,0,0,0,0,11,0,0,0,0
121065,1,1,0,0,0,0,0,0,0,0,0,0
121067,1,1,0,0,0,0,0,0,0,0,0,0
121068,1,1,0,0,0,0,0,0,0,0,0,0
121068,2,1,0,0,0,0,0,0,0,0,0,0
121069,1,1,0,0,0,0,0,0,0,0,0,0
121069,2,1,0,0,0,0,0,0,0,0,0,0
121070,0,1,0,0,0,0,0,0,0,0,0,0
121070,1,1,0,0,0,0,0,0,0,0,0,0
121071,0,1,0,0,0,0,0,0,0,0,0,0
121071,1,1,0,0,0,0,0,0,21,0,0,11
121072,0,1,0,0,0,0,0,0,0,0,0,0
121072,1,1,0,0,0,0,0,0,0,0,0,0
121073,0,1,0,0,0,0,0,0,0,0,0,0
121073,1,1,0,0,0,0,18,0,0,0,0,0
121074,0,1,19,26,0,0,18,17,33,38,0,0
121074,1,1,13,10,0,11,0,8,11,0,8,14
121075,0,1,21,0,0,0,13,0,0,0,0,0
121075,1,1,0,0,0,0,0,0,0,0,0,0
121076,0,1,0,0,0,0,0,0,13,0,0,0
121076,1,1,0,0,0,0,0,0,0,0,0,0
121078,1,1,0,0,0,0,0,0,0,0,0,0
121080,1,1,27,27,27,27,27,27,27,27,27,27
121081,1,1,19,19,19,19,19,19,19,19,19,19
121081,2,1,0,0,0,0,30,0,0,0,0,0
121082,1,1,0,0,0,0,0,0,0,0,0,7
121082,2,1,0,0,0,0,0,0,0,0,0,10
121083,0,1,0,0,0,0,0,0,0,0,0,0
121083,1,1,0,0,0,0,0,0,0,0,0,0
121086,1,1,0,0,0,0,0,0,0,0,0,0
121086,2,1,0,0,0,0,0,0,0,0,0,0
121086,3,1,0,0,0,0,0,0,0,0,0,0
121087,0,1,0,0,0,0,0,0,0,0,0,0
121087,1,1,0,0,0,0,0,0,0,0,0,0
121088,1,1,0,0,0,0,0,0,0,0,0,0
121088,2,1,0,0,0,0,0,0,0,0,0,0
121089,1,1,0,0,0,0,0,0,0,0,0,0
121089,2,1,0,0,0,0,0,0,25,0,0,0
121090,0,1,0,0,0,0,8,0,0,0,0,0
121090,1,1,0,0,0,0,0,0,0,0,0,0
121091,1,1,0,0,0,0,0,0,0,0,0,0
121091,2,1,0,0,0,17,0,0,0,16,0,0
121092,1,1,0,0,0,4,0,0,0,0,0,0
121092,2,1,0,0,0,0,0,0,0,0,0,8
121092,3,1,0,0,0,0,0,0,0,0,2,0
121093,1,1,0,0,0,0,0,0,0,0,0,0
121093,2,1,7,0,0,13,0,15,0,15,0,0
121094,1,1,0,28,18,0,32,33,12,37,23,0
121095,1,1,0,22,0,0,0,11,7,21,0,3
121096,0,1,0,0,0,0,0,0,0,0,0,0
121096,1,1,0,0,0,23,0,0,0,0,28,9
121097,0,1,0,0,0,0,0,0,0,0,0,0
121097,1,1,0,0,0,0,0,0,0,0,0,0
121098,1,1,23,23,23,23,23,23,23,23,23,23
121098,2,1,0,0,0,0,0,0,0,0,0,0
121098,3,1,0,0,0,0,0,0,0,0,0,0
121099,1,1,0,13,0,0,0,0,0,0,0,0
121100,1,1,0,22,0,0,0,0,0,16,0,11
121102,1,1,0,0,0,0,0,0,0,0,0,0
121102,2,1,0,0,0,0,0,0,0,0,0,0
121102,3,1,0,0,0,0,0,0,0,0,0,0
121103,0,1,0,0,0,0,0,34,0,0,0,0
121103,1,1,0,0,0,0,0,0,0,19,0,0
121105,1,1,0,0,0,0,0,0,0,0,0,0
121105,2,1,0,0,0,0,0,0,0,0,0,0
121106,1,1,11,11,11,11,11,11,11,11,11,11
121107,0,1,0,0,0,0,0,0,0,0,0,0
121107,1,1,0,0,0,0,0,0,0,0,0,0
121108,1,1,0,0,0,0,0,0,0,0,0,0
121108,2,1,0,0,0,0,0,0,0,0,0,0
121109,1,1,3,3,3,3,3,3,3,3,3,3
121110,1,1,28,0,0,41,14,10,0,0,23,0
121112,1,1,0,16,0,0,0,0,0,0,11,0
121113,1,4,13,8,0,0,0,0,0,0,0,0
121114,1,1,0,0,0,0,13,0,0,0,0,0
121115,1,1,29,29,29,29,29,29,29,29,29,29
121116,1,1,0,0,0,0,0,0,0,0,0,0
121116,2,1,22,22,22,22,22,22,22,22,22,22
121117,1,1,0,0,0,0,0,0,0,0,0,0
121117,2,1,0,0,0,0,0,0,0,0,0,0
121118,0,1,0,0,0,0,0,0,0,0,0,0
121118,1,1,0,0,0,0,0,0,0,0,0,0
121119,1,1,0,0,0,0,0,0,0,0,0,0
121119,2,1,0,0,0,0,0,0,0,0,0,0
121120,1,1,15,3,0,0,0,0,0,0,22,0
121120,2,1,0,0,0,0,0,0,0,0,0,0
121121,0,1,18,14,0,0,27,0,0,0,0,0
121121,1,1,0,0,16,0,0,6,0,0,0,0
121121,2,1,0,0,0,0,0,0,0,0,0,0
121121,3,1,0,0,23,0,18,0,0,0,19,0
121122,0,1,11,11,11,11,11,11,11,11,11,11
121122,1,1,14,18,12,0,0,0,0,0,11,2
121123,1,1,0,0,0,0,0,0,0,0,0,0
121124,1,1,0,0,0,0,0,0,0,0,0,0
121124,2,1,0,0,12,0,0,0,0,0,0,0
121125,0,1,35,35,35,35,35,35,35,35,35,35
121125,1,1,0,0,0,0,0,0,0,0,0,0
121125,2,1,0,0,0,0,0,0,0,0,0,0
121126,0,1,0,0,0,0,0,26,0,5,0,10
121126,1,1,0,0,0,0,0,0,0,0,0,0
121127,1,1,23,23,23,23,23,23,23,23,23,23
121128,1,1,25,0,0,0,0,0,38,14,0,0
121129,0,1,0,0,0,0,0,0,0,0,0,0
121129,1,1,13,10,0,8,14,7,32,17,0,30
121130,1,1,0,0,0,0,0,0,0,0,0,0
121130,2,1,0,0,0,18,0,0,0,0,0,0
121131,1,1,0,0,0,13,0,0,0,0,0,0
121131,2,1,0,0,0,0,0,0,0,0,0,0
121132,1,1,0,15,6,12,0,0,37,0,0,4
121133,1,1,0,0,0,0,0,0,0,0,0,0
121133,2,1,0,0,0,0,0,0,0,0,0,0
121134,0,1,0,0,0,0,0,0,16,0,0,10
121134,1,1,0,0,0,0,0,0,0,0,0,0
121135,1,1,0,0,0,0,0,0,0,0,0,0
121135,2,1,0,7,0,0,14,0,0,0,0,0
121136,1,1,16,16,16,16,16,16,16,16,16,16
121136,2,1,0,1,0,0,2,0,0,0,0,0
121136,3,1,0,0,0,0,9,0,0,0,4,0
121136,4,1,0,0,0,12,0,30,0,0,0,0
121137,1,1,0,0,0,0,0,0,0,0,0,0
121137,2,1,0,0,0,0,0,0,0,0,0,0
121139,1,1,21,21,21,21,21,21,21,21,21,21
121139,2,1,6,6,6,6,6,6,6,6,6,6
121140,0,1,0,0,18,0,0,12,0,0,17,0
121140,1,1,0,52,0,0,0,0,7,0,0,32
121141,1,1,21,21,21,21,21,21,21,21,21,21
121141,2,1,0,0,0,0,0,0,0,0,0,0
121142,1,1,2,2,2,2,2,2,2,2,2,2
121143,1,1,0,0,0,0,0,0,17,0,0,0
121143,2,1,0,0,0,0,0,0,0,0,0,0
121144,0,1,0,17,0,18,21,0,0,17,0,13
121144,1,1,0,0,19,0,0,0,0,0,0,27
121145,1,1,0,0,0,0,0,0,0,0,0,0
121145,2,1,0,0,0,0,0,0,0,0,0,0
121146,0,1,0,0,0,0,0,0,0,0,0,0
121146,1,1,0,0,0,0,0,0,0,0,0,0
121147,1,1,0,0,0,0,0,0,0,9,0,0
121147,2,1,0,0,2,0,0,0,0,0,0,0
121148,1,1,19,19,19,19,19,19,19,19,19,19
121149,1,1,11,4,0,0,20,0,12,9,18,11
121150,1,1,0,0,0,0,0,0,0,0,0,0
121150,2,1,0,0,0,0,0,0,0,0,0,0
121151,1,1,0,0,0,0,0,7,0,0,0,0
121151,2,1,0,0,0,0,0,0,0,0,0,0
121152,1,1,0,0,0,0,0,0,0,0,0,0
121153,0,1,10,10,10,10,10,10,10,10,10,10
121153,1,1,18,0,10,0,0,0,0,15,0,0
121154,1,1,10,3,0,21,0,16,11,15,23,13
121154,2,1,0,0,0,0,0,0,0,0,0,0
121156,1,1,0,0,0,0,0,0,0,0,0,0
121157,1,1,0,0,0,0,0,0,0,0,0,0
121157,2,1,0,0,0,0,0,0,0,0,0,0
121157,3,1,0,0,0,0,0,0,0,0,0,0
121157,4,1,0,0,0,0,0,0,0,0,0,0
121158,1,1,0,0,0,0,0,0,0,0,0,0
121158,2,1,0,0,0,0,0,0,0,0,0,0
121160,0,1,0,0,0,0,0,0,0,0,0,0
121160,1,1,0,0,0,0,17,0,0,0,0,0
121161,0,1,0,0,0,0,0,0,0,0,0,0
121161,1,1,15,15,15,15,15,15,15,15,15,15
121162,1,1,21,21,21,21,21,21,21,21,21,21
121162,2,1,0,0,0,0,0,0,0,0,0,0
121163,1,1,0,0,0,0,0,0,0,0,0,0
121163,2,1,0,0,0,0,0,0,0,0,0,0
121164,1,1,0,0,0,0,0,0,0,0,0,0
121164,2,1,8,0,11,5,12,38,0,11,16,11
121165,1,1,0,0,0,0,0,0,0,0,0,0
121165,2,1,0,17,0,0,0,29,19,22,20,0
121165,3,1,0,0,0,0,0,0,0,0,0,0
121166,0,1,0,0,30,0,0,8,0,0,0,20
121166,1,1,0,0,0,0,0,0,0,0,0,0
121167,1,1,0,0,0,0,12,0,0,0,0,0
121167,2,1,0,6,0,0,0,0,0,0,0,4
121168,1,1,20,0,0,0,0,0,0,0,0,0
121168,2,1,0,0,0,0,0,0,0,0,0,0
121168,3,1,0,0,0,0,0,0,0,0,0,0
121168,4,1,0,0,0,0,0,0,0,0,0,0
121169,1,1,0,0,0,0,0,0,0,0,0,0
121171,1,1,17,0,0,0,0,0,0,0,0,0
121172,1,1,0,0,0,0,0,16,0,0,0,0
121172,2,1,0,0,0,0,0,0,0,0,0,0
121173,1,1,0,0,0,0,0,0,0,0,0,0
121174,1,1,0,0,0,0,10,0,13,0,0,0
121174,2,1,0,0,0,0,0,0,0,0,0,0
121176,1,1,0,0,0,0,0,0,0,0,0,0
121176,2,1,0,0,0,0,0,0,0,0,0,0
121177,0,1,14,14,14,14,14,14,14,14,14,14
121177,1,1,0,0,0,0,0,0,0,0,0,0
121178,1,1,0,0,0,0,6,0,0,0,0,0
121178,2,1,10,0,0,0,0,0,0,0,0,0
121179,1,1,0,0,0,0,0,0,0,0,0,0
121179,2,1,0,0,0,0,0,0,0,0,0,0
121180,1,1,0,0,0,0,0,0,0,0,0,0
121180,2,1,0,0,0,15,0,0,0,0,0,0
121180,3,1,0,0,0,0,0,0,0,0,0,0
121180,4,1,0,0,0,0,0,0,0,0,0,0
121181,1,1,0,8,0,0,0,0,0,0,0,0
121181,2,1,0,0,0,0,0,0,0,0,0,0
121182,0,1,0,0,0,0,0,0,0,0,0,0
121182,1,1,0,0,0,0,0,0,0,0,0,0
121183,1,1,8,8,8,8,8,8,8,8,8,8
121183,2,1,0,0,0,0,0,0,0,0,0,0
121184,1,1,0,0,0,0,0,0,0,0,0,0
121184,2,1,0,0,0,0,0,0,0,0,0,0
121185,1,1,5,5,20,15,12,2,7,11,9,19
121185,2,1,0,0,0,0,0,0,0,0,0,0
121186,0,1,0,0,0,21,0,0,0,0,0,0
121186,1,1,0,0,0,0,0,0,0,0,0,0
121187,1,1,25,25,25,25,25,25,25,25,25,25
121187,2,1,0,0,0,0,16,16,0,0,0,0
121188,0,1,0,0,0,0,0,0,0,0,0,0
121188,1,1,0,0,0,0,0,0,0,0,0,0
121189,1,1,0,0,0,0,0,0,0,0,0,0
121189,2,1,0,0,0,0,0,0,0,0,0,0
121190,0,1,0,0,0,0,0,0,0,0,0,0
121190,1,1,0,0,0,0,22,0,19,19,0,0
121191,1,1,0,0,0,0,0,0,0,0,0,0
121191,2,1,0,0,0,0,0,0,0,0,0,4
121192,1,1,18,18,18,18,18,18,18,18,18,18
121192,2,1,0,0,0,0,0,0,0,0,0,0
121194,1,1,0,0,0,0,0,0,0,0,0,0
121196,1,1,13,13,13,13,13,13,13,13,13,13
121196,2,1,0,0,0,0,0,0,0,0,0,0
121197,0,1,0,0,0,0,0,0,0,0,0,0
121197,1,1,0,0,16,7,0,0,0,0,0,0
121198,1,1,13,0,0,24,0,12,0,0,16,0
121198,2,1,13,21,0,0,0,14,21,22,14,21
121199,0,1,0,0,0,0,0,0,0,0,0,0
121199,1,1,0,0,0,0,5,0,0,0,0,0
121200,1,1,0,0,0,0,0,0,5,0,0,0
121200,2,1,0,0,0,22,0,0,0,0,0,0
121201,0,1,0,0,0,0,0,0,0,0,0,0
121201,1,1,0,0,3,0,0,0,0,0,0,0
121202,1,1,0,0,0,0,0,0,0,0,0,0
121202,2,1,0,0,0,0,0,0,0,0,0,27
121203,1,1,16,7,0,25,0,0,13,0,10,6
121203,2,1,0,0,0,0,0,0,0,0,0,0
121204,0,1,0,0,0,12,0,0,35,0,0,0
121204,1,1,0,0,0,0,0,0,0,0,0,0
121205,1,1,0,0,0,22,0,0,0,0,14,0
121205,2,1,0,0,0,0,0,0,0,0,0,0
121206,0,1,27,27,27,27,27,27,27,27,27,27
121206,1,1,0,0,0,0,0,0,0,0,0,0
121207,0,1,0,0,30,8,0,0,21,17,30,0
121207,1,1,0,0,0,0,0,13,0,0,0,0
121208,0,1,0,0,0,0,0,0,0,0,0,0
121208,1,1,0,0,0,0,17,0,0,0,0,0
121209,1,1,0,0,0,0,0,0,0,0,0,0
121210,1,1,24,24,24,24,24,24,24,24,24,24
121211,1,1,28,28,28,28,28,28,28,28,28,28
121212,1,1,0,0,0,0,0,0,0,0,0,0
121213,1,1,0,0,0,0,0,0,0,0,0,0
121213,2,1,0,0,0,0,0,0,0,0,0,0
121213,3,1,12,0,0,0,0,0,0,0,0,0
121214,1,1,16,16,16,16,16,16,16,16,16,16
121214,2,1,0,0,0,0,0,0,0,0,0,0
121214,3,1,0,0,0,0,0,0,0,0,0,12
121214,4,1,4,4,4,4,4,4,4,4,4,4
121215,1,1,0,0,0,0,0,0,0,0,0,0
121215,2,1,0,0,0,0,0,0,0,0,0,0
121216,1,1,0,0,0,0,0,0,0,0,0,0
121217,1,1,26,26,26,26,26,26,26,26,26,26
121218,0,1,0,0,0,0,0,0,0,0,0,0
121218,1,1,0,0,0,0,0,0,0,0,0,0
121219,1,1,0,7,0,0,14,26,0,0,0,0
121220,0,1,13,0,0,0,0,0,5,0,0,0
121220,1,1,0,0,0,0,0,0,0,0,0,0
121221,0,1,0,0,0,0,38,0,0,23,0,0
121221,1,1,0,5,0,19,8,0,0,26,0,0
121222,1,1,0,0,0,0,0,0,0,0,0,0
121223,1,1,29,29,29,29,29,29,29,29,29,29
121224,1,1,14,14,14,14,14,14,14,14,14,14
121224,2,1,0,0,0,0,0,0,0,0,0,0
121225,1,1,0,0,0,0,0,0,0,0,0,0
121226,1,1,0,0,0,0,0,0,0,0,0,0
121226,2,1,0,0,0,0,0,0,0,0,0,0
121227,0,1,0,0,0,0,14,44,0,0,29,0
121227,1,1,0,0,0,0,0,0,0,0,0,0
121228,1,1,4,4,4,4,4,4,4,4,4,4
121228,2,1,0,0,0,0,0,0,0,0,0,0
121229,0,1,17,17,17,17,17,17,17,17,17,17
121229,1,1,0,0,0,0,0,0,0,0,0,0
121231,1,1,0,0,0,0,0,0,0,0,0,0
121231,2,1,0,0,0,0,0,0,0,0,0,0
121231,3,1,0,0,0,0,0,0,0,0,0,0
121231,4,1,0,0,0,0,0,0,0,0,0,0
121231,5,1,0,0,0,0,0,0,0,0,0,0
121232,0,1,0,0,0,15,0,0,0,0,24,15
121232,1,1,0,0,0,19,0,0,0,0,0,0
121234,1,1,22,22,22,22,22,22,22,22,22,22
121234,2,1,17,17,17,17,17,17,17,17,17,17
121235,1,1,0,16,0,0,0,0,0,0,0,0
121235,2,1,0,0,0,0,0,0,0,0,0,0
121236,1,1,0,0,0,0,0,0,0,0,10,0
121236,2,1,0,0,10,0,0,0,0,0,0,0
121237,0,1,0,0,0,0,0,0,0,0,0,0
121237,1,1,0,0,0,0,0,0,0,0,0,0
121238,1,1,0,0,0,0,0,0,0,0,0,0
121238,2,1,0,0,0,0,0,0,0,12,0,0
121239,1,1,0,0,0,0,0,0,0,0,0,0
121239,2,1,0,5,0,0,0,0,0,0,0,0
121240,1,1,0,0,0,0,0,0,8,0,0,15
121241,1,1,0,6,3,19,22,0,0,0,0,16
121241,2,1,0,0,0,0,21,0,0,0,0,0
121242,1,1,0,0,0,0,0,0,0,0,0,0
121242,2,1,0,0,0,0,0,0,0,0,0,0
121243,1,1,0,0,0,3,0,9,0,9,20,14
121244,1,1,0,0,0,0,20,0,0,0,0,0
121244,2,1,0,0,0,0,0,0,0,0,0,0
121245,1,1,0,0,0,0,0,0,0,0,0,0
121245,2,1,0,0,0,0,0,0,0,14,0,0
121246,0,1,0,0,0,0,0,7,27,9,19,0
121246,1,1,0,0,0,0,19,0,0,0,0,0
121247,0,1,0,0,0,0,0,0,0,0,0,0
121247,1,1,0,0,0,0,0,0,0,0,0,0
121248,0,1,30,4,14,14,17,17,10,0,28,16
121248,1,1,0,0,0,0,0,0,0,0,0,0
121249,1,1,0,0,0,0,0,0,0,0,0,0
121249,2,1,0,0,0,0,0,0,0,0,0,0
121249,3,1,0,0,0,0,0,0,0,0,0,0
121250,1,1,0,12,0,0,18,0,0,0,0,0
121250,2,1,0,0,0,0,0,0,0,0,0,0
121251,1,1,0,0,0,0,0,0,0,0,0,0
121251,2,1,0,0,0,0,0,0,0,0,0,0
121252,1,1,34,3,0,0,0,15,0,0,0,0
121253,1,1,0,0,17,0,0,0,0,0,0,0
121253,2,1,0,0,0,0,0,7,0,0,0,0
121254,1,1,0,11,0,0,0,0,0,0,0,0
121254,2,1,0,0,0,0,0,0,0,0,0,0
121255,1,1,0,0,0,0,0,0,0,0,0,0
121255,2,1,0,0,0,0,0,0,0,0,0,0
121255,3,1,0,0,0,0,0,0,0,0,0,0
121255,4,1,0,0,0,0,0,0,0,0,0,0
121256,1,1,0,0,0,0,0,0,0,0,0,0
121256,2,1,0,0,0,0,0,0,0,0,0,0
121257,1,1,0,0,0,0,0,0,0,0,14,0
121257,2,1,0,0,0,0,0,0,0,0,0,0
121258,1,1,0,0,0,0,0,0,0,0,0,0
121258,2,1,0,0,0,0,0,0,0,0,0,0
121259,1,1,0,0,0,0,0,0,0,0,0,0
121260,1,1,10,0,0,0,0,0,12,11,0,11
121260,2,1,0,0,0,30,0,0,0,0,0,0
121260,3,1,0,11,0,0,15,0,0,0,0,0
121261,1,1,0,16,0,0,0,0,0,0,0,0
121261,2,1,0,0,0,0,0,0,0,0,0,0
121262,1,1,0,0,0,0,0,0,0,0,0,0
121262,2,1,0,0,23,0,0,0,0,0,0,0
121263,1,1,0,0,0,0,0,0,0,0,0,0
121263,2,1,0,21,0,0,0,0,0,15,22,14
121264,1,1,0,0,0,0,0,0,0,0,0,0
121265,1,1,0,0,0,0,0,0,0,0,0,0
121266,1,1,0,0,0,0,0,0,0,0,0,0
121267,1,1,0,0,0,0,0,0,0,0,0,0
121267,2,1,28,28,28,28,28,28,28,28,28,28
121268,1,1,32,0,33,0,0,0,0,0,26,0
121269,0,1,0,0,0,0,0,0,0,0,0,0