ST_CASE,VEH_NO,PER_NO,P1,P2,P3,P4,P5,P6,P7,P8,P9,P10
121835,1,1,0,0,0,0,0,0,0,0,0,0
121836,1,1,0,0,0,0,0,0,0,0,0,0
121836,2,1,0,0,0,0,0,0,0,0,0,0
121837,1,1,0,0,0,0,0,0,13,0,0,0
121837,2,1,0,0,0,0,0,0,0,0,0,0
121838,1,1,25,25,25,25,25,25,25,25,25,25
121838,2,1,0,0,0,19,0,0,0,0,0,0
121838,3,1,0,0,0,0,0,0,0,0,0,0
121839,1,1,0,0,0,0,0,0,0,0,0,4
121839,2,1,14,0,0,0,0,0,0,0,0,23
121840,0,1,0,0,0,25,34,14,0,13,0,19
121840,1,1,0,0,0,0,0,0,0,0,0,0
121841,1,1,0,0,0,14,0,6,0,0,0,0
121841,2,1,0,0,0,0,0,0,0,0,0,0
121842,0,1,0,0,0,0,0,0,0,0,0,0
121842,1,1,16,16,16,16,16,16,16,16,16,16
121843,1,1,15,15,15,15,15,15,15,15,15,15
121844,1,1,15,15,15,15,15,15,15,15,15,15
121845,1,1,14,14,14,14,14,14,14,14,14,14
121845,2,1,0,0,0,0,0,0,0,0,0,0
121846,1,1,15,15,15,15,15,15,15,15,15,15
121847,1,1,14,14,14,14,14,14,14,14,14,14
121848,1,1,0,15,0,0,25,25,0,0,0,16
121849,1,1,12,12,12,12,12,12,12,12,12,12
121850,1,1,24,24,24,24,24,24,24,24,24,24
121850,2,1,0,0,0,0,0,0,0,0,0,0
121851,1,1,0,0,15,0,18,14,0,0,8,11
121851,2,1,38,0,20,0,0,9,17,0,0,16
121853,1,1,14,14,14,14,14,14,14,14,14,14
121853,2,1,0,0,0,0,0,0,0,0,0,0
121854,1,1,5,5,5,5,5,5,5,5,5,5
121854,2,1,0,0,0,0,0,0,0,0,0,0
121855,0,1,0,0,0,0,0,0,0,23,0,0
121855,1,1,0,0,0,0,0,0,0,0,0,0
121856,0,1,0,0,0,0,0,0,0,0,0,0
121856,1,1,0,0,0,0,0,0,0,0,0,0
121857,1,1,0,0,0,0,0,0,0,0,0,0
121857,2,1,0,0,0,0,0,0,0,0,0,0
121858,1,1,0,22,12,30,0,0,6,12,27,0
121858,2,1,25,18,0,0,0,0,0,0,0,18
121859,1,1,10,2,10,27,27,6,21,5,7,23
121859,2,1,0,0,0,0,0,0,0,0,0,0
121860,1,1,0,0,0,0,8,0,0,0,0,0
121860,2,1,0,0,0,0,0,0,0,0,8,0
121861,1,1,0,20,0,0,0,0,0,0,0,0
121861,2,1,0,15,0,0,0,0,0,0,0,0
121862,1,1,0,0,9,0,0,0,3,0,23,0
121863,1,1,0,0,0,0,0,0,0,0,0,0
121864,1,1,0,0,0,0,0,0,0,0,0,0
121864,2,1,0,0,0,0,0,0,0,0,0,0
121865,1,1,0,0,0,0,0,0,0,30,0,14
121865,2,1,0,0,0,9,0,0,0,0,0,0
121866,1,1,0,0,0,0,0,13,0,0,0,0
121866,2,1,23,23,23,23,23,23,23,23,23,23
121867,1,1,0,0,0,0,0,0,0,0,0,0
121867,2,1,0,0,0,0,0,0,0,0,0,0
121868,0,1,28,28,28,28,28,28,28,28,28,28
121868,1,1,0,0,0,0,0,0,0,0,0,0
121869,0,1,0,0,0,0,0,0,0,0,0,0
121869,1,1,0,0,0,0,0,0,0,0,0,0
121870,1,1,14,14,14,14,14,14,14,14,14,14
121870,2,1,0,0,0,0,0,0,0,0,0,0
121870,3,1,0,0,0,0,0,0,0,0,0,0
121871,1,1,0,0,0,0,0,0,0,0,0,0
121871,2,1,0,0,0,0,0,0,0,0,0,0
121872,1,1,0,0,0,0,0,0,0,0,0,0
121872,2,1,0,0,0,0,0,0,0,0,0,0
121873,1,1,15,15,15,15,15,15,15,15,15,15
121873,2,1,0,0,0,0,0,0,0,0,0,0
121874,0,1,0,0,0,0,0,0,0,0,0,0
121874,1,1,0,0,0,7,15,29,0,18,0,18
121876,0,1,0,0,0,0,0,0,0,0,0,0
121876,1,1,0,0,14,0,0,0,0,0,0,0
121877,1,1,0,0,0,0,0,0,0,0,0,0
121877,2,1,0,0,0,0,0,0,0,0,0,0
121878,1,1,0,0,0,0,0,0,0,0,0,0
121878,2,1,0,0,0,0,0,0,0,7,0,0
121878,3,1,0,0,0,0,0,0,0,0,0,0
121878,4,1,0,0,0,0,0,0,0,0,0,0
121879,1,1,0,0,0,0,0,0,0,0,0,0
121879,2,1,0,0,0,0,0,0,0,0,0,0
121881,1,1,0,0,0,0,0,0,0,0,0,0
121881,2,1,0,0,22,0,0,0,0,0,0,0
121882,0,1,0,0,0,0,0,0,0,0,0,0
121882,1,1,0,0,0,0,0,0,0,0,0,0
121883,1,1,0,0,0,0,0,0,0,12,0,0
121883,2,1,0,0,14,0,0,0,0,0,0,0
121884,1,1,0,0,0,0,0,0,0,0,0,0
121884,2,1,0,0,0,0,0,0,0,0,0,0
121885,1,1,0,0,0,0,0,0,0,0,0,0
121885,2,1,0,0,0,0,0,0,0,0,0,0
121885,3,1,15,0,0,0,0,0,0,0,0,0
121885,4,1,0,0,0,0,0,0,0,0,0,0
121887,1,1,39,39,39,39,39,39,39,39,39,39
121888,1,1,0,0,0,0,0,0,0,0,0,0
121888,2,1,0,0,0,0,0,0,7,0,0,0
121888,3,1,0,0,0,0,0,0,0,0,0,0
121889,0,1,0,0,0,0,35,0,0,0,0,0
121889,1,1,15,0,0,0,0,0,0,0,0,24
121890,1,1,22,20,8,16,17,28,22,29,21,0
121891,1,1,17,17,17,17,17,17,17,17,17,17
121892,1,1,0,0,0,0,0,0,0,0,0,0
121892,2,1,0,0,0,0,0,0,0,0,0,0
121893,1,1,14,0,12,0,0,0,0,0,0,0
121893,2,1,0,0,0,0,0,0,0,0,0,0
121894,1,1,23,23,23,23,23,23,23,23,23,23
121894,2,1,0,0,0,0,0,0,0,0,0,0
121895,1,1,0,0,0,0,0,0,0,0,0,0
121895,2,1,0,0,0,0,0,0,0,0,0,0
121896,1,1,13,20,25,0,22,0,19,16,11,0
121897,1,1,0,0,17,11,0,0,19,0,12,22
121897,2,1,16,0,0,7,20,0,0,0,0,0
121898,1,1,0,0,0,0,0,0,0,0,0,0
121900,0,1,0,0,0,0,27,0,0,0,8,0
121900,1,1,0,8,0,0,30,0,6,0,15,14
121901,1,1,27,0,0,33,15,24,22,9,0,25
121902,1,1,19,19,19,19,19,19,19,19,19,19
121902,2,1,0,0,0,0,0,0,0,0,0,0
121903,0,1,0,0,0,0,0,14,0,20,0,0
121903,1,1,0,0,0,0,0,0,19,0,0,7
121904,1,1,0,0,0,0,0,0,0,0,0,0
121904,2,1,0,0,0,0,0,0,0,0,0,0
121905,1,1,0,0,0,0,0,0,0,0,0,0
121905,2,1,0,0,0,0,0,0,0,0,0,0
121906,1,1,0,0,0,0,0,0,0,0,0,0
121906,2,1,0,0,0,0,0,0,0,0,0,0
121908,1,1,0,0,0,0,0,0,0,0,0,0
121909,1,1,0,0,0,0,0,0,0,0,0,0
121909,2,1,0,0,0,0,0,0,0,0,0,0
121910,1,1,0,0,0,0,0,0,0,0,0,0
121910,2,1,0,0,11,0,0,0,0,0,0,0
121910,3,1,0,0,0,0,0,0,0,0,14,0
121911,1,1,0,0,0,0,0,0,0,0,0,0
121911,2,1,0,0,0,0,0,0,0,0,0,0
121912,1,1,17,17,17,17,17,17,17,17,17,17
121912,2,1,0,0,0,0,0,0,0,0,0,0
121912,3,1,0,19,0,0,6,0,22,0,0,0
121913,1,1,14,18,0,16,3,14,0,22,19,0
121913,2,1,0,0,0,0,0,15,0,0,0,0
121914,0,1,8,8,8,8,8,8,8,8,8,8
121914,1,1,0,0,4,17,10,0,0,0,0,19
121915,1,1,0,0,0,0,0,0,0,0,0,0
121915,2,1,0,0,0,0,0,0,0,0,0,0
121916,1,1,0,0,0,0,0,0,0,0,0,0
121916,2,1,0,16,0,0,0,0,0,0,0,0
121917,1,1,0,0,0,0,0,0,0,0,0,0
121917,2,1,0,0,0,15,0,0,0,0,0,0
121918,0,1,0,0,0,0,0,0,0,0,0,0
121918,1,1,11,0,0,17,0,0,0,0,0,0
121919,1,1,17,17,17,17,17,17,17,17,17,17
121919,2,1,0,0,0,0,0,0,0,0,0,0
121920,0,1,0,0,0,14,0,0,0,21,0,0
121920,1,1,12,0,0,0,0,0,0,0,13,0
121921,1,1,19,19,19,19,19,19,19,19,19,19
121921,2,1,0,0,0,0,0,0,0,19,5,0
121922,0,1,0,0,0,0,0,0,0,0,0,0
121922,1,1,0,0,0,0,0,0,0,0,0,0
121923,1,1,0,28,0,0,21,0,0,0,0,0
121923,2,1,0,0,0,0,10,0,0,0,0,0
121924,1,1,0,0,0,0,0,0,0,0,0,0
121925,1,1,0,15,0,0,0,0,0,0,0,0
121926,1,1,0,0,0,0,0,0,0,0,0,0
121927,1,1,0,0,17,0,5,0,16,0,0,14
121928,1,1,0,0,0,0,0,0,0,0,0,0
121928,2,1,0,0,0,0,0,0,0,0,0,0
121929,1,1,33,33,33,33,33,33,33,33,33,33
121930,1,1,10,10,10,10,10,10,10,10,10,10
121930,2,1,0,0,0,0,0,0,0,0,0,0
121930,3,1,21,21,21,21,21,21,21,21,21,21
121931,1,1,3,0,28,0,24,16,0,3,8,10
121931,2,1,0,0,0,0,0,0,0,0,0,0
121932,1,1,0,29,21,0,0,0,0,0,0,0
121932,2,1,0,0,0,0,0,0,0,0,0,0
121933,1,1,0,0,0,0,0,0,0,0,0,0
121934,1,1,15,0,0,0,0,0,8,0,0,0
121935,0,1,0,22,0,0,0,0,0,0,23,0
121935,1,1,0,0,0,0,0,0,0,0,0,0
121936,1,1,0,0,0,0,0,0,16,0,0,0
121937,0,1,0,0,0,0,0,10,0,0,0,0
121937,1,1,0,0,0,0,0,0,0,0,0,0
121938,1,1,0,0,0,0,0,0,0,0,0,0
121938,2,1,0,0,0,0,0,0,0,0,0,0
121938,3,1,0,0,0,0,0,0,0,0,0,0
121938,4,1,0,0,0,0,0,0,0,0,0,0
121939,1,1,0,0,0,0,0,0,0,7,0,0
121939,2,1,0,0,0,0,0,0,0,0,0,0
121940,1,1,0,0,0,0,5,0,0,0,0,0
121941,0,1,39,0,0,20,0,0,18,0,0,0
121941,1,1,18,18,12,9,8,14,9,6,6,0
121942,1,1,0,0,0,9,15,0,0,0,0,0
121942,2,1,0,0,0,0,0,0,0,0,0,0
121943,0,1,42,42,42,42,42,42,42,42,42,42
121943,1,1,0,11,0,0,0,0,22,0,0,0
121944,1,1,0,0,0,0,19,0,0,0,0,0
121944,2,1,0,0,0,0,0,0,0,0,0,0
121946,1,1,0,0,0,0,0,0,0,0,0,0
121948,1,1,0,0,0,0,0,0,0,0,0,0
121949,1,1,22,22,22,22,22,22,22,22,22,22
121950,0,1,0,0,0,0,0,0,0,0,0,0
121950,1,1,0,0,19,0,0,0,0,0,0,0
121951,1,1,0,0,0,0,0,0,0,0,0,0
121951,2,1,0,0,0,0,0,0,0,0,0,0
121952,1,1,22,22,22,22,22,22,22,22,22,22
121953,1,1,0,0,0,0,0,6,0,0,0,0
121953,2,1,1,1,1,1,1,1,1,1,1,1
121954,1,1,0,0,0,0,0,0,12,0,0,0
121954,2,1,0,0,0,0,0,0,0,0,0,0
121955,1,1,1,1,1,1,1,1,1,1,1,1
121955,2,1,0,0,0,0,0,0,0,0,0,0
121955,3,1,0,0,16,0,0,0,0,0,0,0
121956,1,1,0,19,0,0,22,0,0,0,0,0
121956,2,1,0,0,0,0,0,0,0,0,0,0
121956,3,1,0,0,0,0,0,0,0,0,0,0
121956,4,1,0,0,0,0,0,0,0,0,0,0
121957,0,1,0,2,0,37,0,17,0,0,0,0
121957,1,1,0,0,20,28,23,18,21,0,21,14
121958,0,1,0,0,0,0,0,0,0,0,0,0
121958,1,1,0,0,0,0,0,0,0,0,0,17
121959,1,1,22,21,8,0,0,0,15,18,31,0
121959,2,1,0,19,0,0,23,0,0,0,0,0
121960,0,1,0,0,0,0,0,0,0,0,0,0
121960,1,1,0,0,0,0,0,0,0,0,0,0
121961,0,1,0,0,0,0,0,0,0,0,0,0
121961,1,1,0,0,0,0,0,0,0,0,0,0
121962,1,1,0,0,0,0,0,0,0,0,0,0
121962,2,1,0,0,0,0,0,0,0,0,0,0
121962,3,1,0,0,0,0,0,0,0,0,0,0
121963,1,1,0,0,0,0,0,0,0,0,0,0
121963,2,1,0,0,0,0,0,0,0,0,0,0
121964,1,1,22,22,22,22,22,22,22,22,22,22
121964,2,1,0,0,0,0,0,0,0,0,0,0
121964,3,1,0,0,0,5,0,0,0,0,0,0
121965,0,1,0,0,0,0,0,0,0,0,0,0
121965,1,1,0,0,0,0,0,0,0,0,0,0
121966,0,1,0,0,48,0,0,0,0,12,0,23
121966,1,1,0,0,0,0,0,0,0,0,0,0
121967,1,1,0,0,0,0,0,0,0,0,0,0
121967,2,1,0,0,0,0,0,0,0,0,0,0
121968,1,1,24,24,24,24,24,24,24,24,24,24
121968,2,1,19,0,0,0,0,0,0,0,0,0
121969,1,1,0,0,0,0,0,0,0,0,0,0
121969,2,1,0,0,0,0,0,0,0,0,0,0
121970,1,1,0,0,0,0,0,42,0,0,0,0
121970,2,1,0,0,0,0,0,0,0,0,0,0
121970,3,1,0,0,0,0,0,0,0,0,0,0
121971,1,1,0,22,0,0,0,0,0,0,0,0
121972,0,1,5,5,5,5,5,5,5,5,5,5
121972,0,2,0,0,0,0,0,0,0,0,0,0
121972,1,1,0,19,0,7,10,0,14,13,0,16
121973,0,1,0,0,0,0,0,0,0,22,0,0
121973,0,2,20,0,0,0,0,0,0,0,0,0
121973,0,3,0,0,0,0,0,0,0,0,0,0
121973,1,1,1,1,1,1,1,1,1,1,1,1
121974,1,1,14,14,14,14,14,14,14,14,14,14
121974,2,1,0,0,0,0,0,0,0,0,0,0
121975,1,1,0,0,0,0,0,0,0,0,0,0
121975,2,1,0,0,0,0,0,0,0,0,0,0
121976,1,1,0,0,0,0,0,0,0,0,0,0
121976,2,1,0,0,0,0,0,0,0,0,0,0
121977,0,1,0,0,0,0,0,0,0,0,0,0
121977,1,1,8,20,0,0,9,26,0,0,0,0
121978,0,1,0,0,0,0,0,0,0,0,0,0
121978,1,1,0,16,0,7,12,0,13,0,19,0
121979,0,1,0,33,6,28,17,0,10,7,15,26
121979,1,1,0,5,0,0,0,9,0,0,0,7
121980,0,1,0,0,0,16,0,22,0,36,0,22
121980,1,1,30,0,9,24,0,0,0,0,29,10
121981,1,1,0,0,0,0,0,0,0,0,0,0
121982,0,1,0,22,0,0,0,0,0,0,44,9
121982,1,1,0,0,0,0,0,0,0,0,0,0
121983,1,1,14,14,14,14,14,14,14,14,14,14
121983,2,1,0,24,24,0,0,0,15,0,0,0
121983,3,1,0,0,0,0,0,0,0,0,0,0
121984,1,1,0,0,0,0,0,0,0,0,20,0
121984,2,1,0,0,0,0,0,0,0,0,0,0
121985,1,1,23,27,15,13,25,5,12,0,20,17
121985,2,1,0,0,0,0,0,0,0,0,0,0
121986,1,1,0,0,0,0,0,0,0,0,0,0
121986,2,1,0,0,0,0,0,0,0,0,0,0
121986,3,1,0,0,0,0,0,0,0,0,0,0
121987,1,1,0,0,0,0,0,0,0,0,0,0
121987,2,1,0,0,0,0,0,0,0,0,0,0
121987,3,1,0,0,0,0,0,0,0,9,0,12
121988,1,1,13,13,13,13,13,13,13,13,13,13
121989,0,1,0,0,0,0,0,0,0,0,0,0
121989,1,1,0,0,0,0,0,0,0,0,0,0
121992,1,1,0,0,0,0,0,0,0,0,0,0
121992,2,1,0,0,0,0,0,0,0,22,0,0
121993,1,1,0,0,0,0,0,0,0,0,0,0
121993,2,1,7,0,13,0,0,0,0,0,0,0
121994,1,1,0,0,0,0,0,0,0,0,0,0
121994,2,1,0,0,0,0,0,0,0,0,0,0
121995,1,1,0,0,0,0,0,0,0,0,0,0
121995,2,1,0,0,0,0,0,0,0,0,0,0
121995,3,1,0,0,0,0,0,0,0,0,0,0
121996,1,1,0,0,0,0,0,0,0,0,0,0
121996,2,1,0,0,0,0,0,0,0,0,0,0
121996,3,1,17,0,0,0,0,0,0,0,0,0
121997,1,1,0,0,0,0,0,0,12,0,0,0
121997,2,1,0,0,0,0,0,0,0,0,0,0
121998,1,1,0,0,0,0,0,0,0,0,0,0
121998,2,1,0,0,0,0,0,0,0,0,0,0
121999,1,1,12,6,17,34,9,33,45,0,20,27
122000,0,1,0,0,0,0,0,0,0,0,0,0
122000,0,2,17,0,0,0,0,25,0,0,0,0
122000,0,3,0,0,0,0,0,0,0,0,0,0
122000,0,4,0,0,30,0,0,0,0,13,0,18
122000,1,1,16,16,16,16,16,16,16,16,16,16
122001,0,1,0,0,0,0,0,0,0,0,0,0
122001,1,1,0,0,0,0,0,0,0,0,0,0
122001,2,1,0,0,0,0,0,0,0,0,0,0
122002,0,1,6,6,6,6,6,6,6,6,6,6
122002,1,1,0,0,0,0,0,0,0,0,0,0
122003,1,1,0,0,0,0,0,0,12,0,0,0
122003,2,1,0,0,0,0,0,0,0,0,0,0
122003,3,1,0,0,0,0,0,0,0,0,0,0
122004,0,1,1,1,1,1,1,1,1,1,1,1
122004,1,1,0,0,0,0,19,0,0,0,0,0
122005,1,1,13,13,13,13,13,13,13,13,13,13
122005,2,1,0,0,0,0,0,0,0,0,0,0
122007,1,1,0,0,12,0,0,0,0,0,0,0
122007,2,1,0,0,0,0,0,0,0,0,0,0
122007,3,1,0,0,0,0,0,0,0,0,24,0
122008,1,1,24,0,4,11,23,0,4,0,21,8
122008,2,1,0,0,0,0,0,0,0,0,0,0
122009,1,1,0,7,0,0,0,0,0,0,0,0
122009,2,1,17,17,17,17,17,17,17,17,17,17
122010,1,1,0,0,0,0,0,0,0,0,0,0
122011,1,1,0,0,0,0,0,0,0,0,0,0
122011,2,1,0,0,0,0,0,0,0,0,0,0
122012,1,1,0,0,0,0,0,0,0,0,0,0
122012,2,1,0,0,0,0,0,0,0,0,0,0
122012,3,1,0,0,0,0,0,0,0,0,0,0
122012,4,1,0,0,0,0,0,0,0,0,0,0
122013,1,1,15,15,15,15,15,15,15,15,15,15
122013,2,1,0,0,0,0,0,0,0,0,0,0
122014,1,1,0,0,14,0,0,18,0,0,8,21
122015,1,1,0,0,0,0,0,0,0,0,0,0
122015,2,1,0,0,0,0,0,0,0,0,0,0
122016,0,1,0,0,0,0,0,0,0,0,0,0
122016,1,1,0,0,0,0,0,0,0,0,0,0
122017,1,1,0,0,0,0,0,0,0,0,0,0
122018,1,1,0,0,0,0,0,13,0,0,0,0
122019,1,1,0,0,0,0,0,0,0,0,0,0
122019,2,1,0,0,0,0,0,0,0,0,0,0
122020,1,1,0,18,0,6,11,15,10,15,0,0
122020,2,1,0,0,18,0,0,0,0,0,0,0
122021,1,1,21,9,0,8,0,14,23,0,0,0
122022,1,1,0,0,11,11,13,14,15,11,16,12
122023,1,1,0,0,0,0,0,8,0,0,0,0
122023,2,1,0,0,0,0,0,0,0,0,0,0
122024,1,1,0,0,0,0,0,0,0,0,0,0
122024,2,1,0,0,4,0,0,0,0,0,0,0
122025,0,1,0,0,21,0,0,0,0,0,0,15
122025,1,1,26,4,0,0,0,0,10,15,18,5
122026,0,1,35,35,35,35,35,35,35,35,35,35
122026,1,1,0,16,0,11,16,0,0,0,0,6
122027,1,1,15,15,15,15,15,15,15,15,15,15
122028,1,1,26,26,26,26,26,26,26,26,26,26
122028,2,1,0,0,0,0,0,0,0,0,0,0
122029,1,1,1,1,1,1,1,1,1,1,1,1
122029,2,1,0,0,0,0,0,0,0,0,0,34
122030,1,1,11,11,11,11,11,11,11,11,11,11
122031,0,1,0,0,0,0,8,0,0,0,0,0
122031,1,1,0,0,0,0,0,0,0,0,0,0
122032,0,1,0,0,17,0,0,0,0,39,0,0
122032,1,1,37,2,17,15,15,0,0,0,17,2
122033,0,1,16,18,0,0,16,20,15,20,5,0
122033,1,1,0,0,0,17,0,0,0,0,0,0
122034,1,1,9,9,9,9,9,9,9,9,9,9
122036,0,1,21,21,21,21,21,21,21,21,21,21
122036,1,1,0,0,0,0,0,0,0,0,0,0
122037,1,1,9,14,3,24,10,11,11,17,9,23
122037,2,1,0,12,21,24,0,12,15,8,14,24
122038,1,1,0,0,0,0,0,0,0,0,0,32
122038,2,1,0,0,0,0,0,0,0,7,0,0
122039,0,1,0,0,0,0,0,0,0,0,0,29
122039,1,1,0,0,0,0,0,0,0,0,0,0
122040,0,1,0,0,0,11,0,21,0,0,17,0
122040,1,1,0,0,0,0,0,13,0,0,0,0
122041,0,1,0,0,0,0,0,0,0,0,0,0
122041,1,1,0,0,0,4,0,0,0,0,0,0
122042,1,1,0,0,0,0,0,0,0,0,0,0
122043,1,1,0,18,27,0,3,0,0,0,0,0
122043,2,1,0,0,0,0,0,0,0,22,0,0
122044,1,1,0,0,0,0,0,6,0,0,0,0
122044,2,1,0,0,0,13,0,0,0,0,31,10
122045,1,1,0,0,0,0,0,0,0,31,0,0
122045,2,1,0,7,18,0,0,11,31,0,24,0
122046,1,1,33,33,33,33,33,33,33,33,33,33
122047,1,1,0,0,0,0,0,0,0,0,0,0
122048,1,1,0,0,12,15,0,0,0,18,0,30
122050,1,1,0,0,0,0,0,0,0,0,0,0
122050,2,1,0,0,0,0,0,0,0,0,0,0
122050,3,1,0,0,0,0,0,0,0,0,0,0
122051,1,1,0,0,0,0,0,0,0,0,0,0
122051,2,1,0,0,0,0,0,0,0,0,0,0
122052,1,1,14,14,14,14,14,14,14,14,14,14
122053,1,1,0,0,0,0,0,0,0,0,0,0
122053,2,1,0,0,0,0,0,0,0,0,0,0
122054,1,1,0,0,0,0,0,0,0,0,0,0
122054,2,1,0,0,0,0,0,0,0,0,0,0
122054,3,1,0,0,0,0,0,0,0,0,0,0
122055,1,1,0,0,0,0,0,0,0,0,0,17
122055,2,1,0,0,0,0,0,0,0,0,0,0
122056,1,1,0,0,12,0,0,0,0,0,0,0
122056,2,1,20,20,20,20,20,20,20,20,20,20
122059,1,1,0,0,0,0,0,0,0,0,0,0
122059,2,1,0,0,0,0,0,0,0,0,0,0
122060,1,1,24,0,0,15,9,18,35,25,21,0
122061,0,1,0,0,17,30,0,22,31,15,0,0
122061,1,1,0,15,0,0,13,0,0,0,9,12
122061,2,1,0,0,0,0,0,19,0,0,0,0
122062,1,1,16,27,0,0,0,0,0,17,0,7
122064,1,1,0,0,0,0,0,13,0,0,0,0
122064,2,1,0,0,0,0,0,0,0,0,0,0
122065,0,1,0,0,0,0,0,0,0,0,0,0
122065,1,1,0,0,0,0,0,0,0,0,0,0
122066,1,1,0,0,0,0,0,0,0,0,0,0
122066,2,1,0,0,0,0,0,0,0,0,0,0
122067,1,1,0,0,0,0,22,0,0,0,0,0
122067,2,1,0,0,0,0,0,0,9,0,6,0
122068,1,1,22,22,22,22,22,22,22,22,22,22
122071,0,1,0,0,0,0,0,0,0,0,0,0
122071,1,1,0,0,0,0,0,0,0,0,0,0
122072,0,1,14,0,0,0,0,23,36,8,0,0
122072,1,1,0,0,0,0,0,0,0,0,0,0
122073,1,1,0,0,0,0,0,0,0,0,0,0
122073,2,1,0,0,0,0,0,0,0,0,0,0
122074,1,1,0,0,0,0,0,0,0,0,0,0
122074,2,1,0,0,0,0,0,0,0,0,0,0
122075,0,1,12,12,12,12,12,12,12,12,12,12
122075,1,1,8,0,18,24,8,14,0,0,0,0
122075,2,1,0,19,0,0,0,0,0,0,0,0
122076,1,1,0,0,0,0,0,0,0,0,0,0
122076,2,1,20,20,20,20,20,20,20,20,20,20
122077,1,1,13,13,13,13,13,13,13,13,13,13
122078,1,1,13,0,0,0,0,0,21,6,0,6
122078,2,1,0,0,0,0,0,0,0,0,0,0
122080,1,1,22,22,22,22,22,22,22,22,22,22
122080,2,1,0,0,0,0,0,0,0,0,0,0
122080,3,1,0,0,0,0,0,0,0,0,0,0
122081,0,1,11,11,11,11,11,11,11,11,11,11
122081,1,1,0,20,0,0,0,0,6,0,0,0
122082,1,1,0,0,24,0,15,0,9,0,0,0
122082,2,1,0,0,0,0,0,7,0,0,0,9
122083,1,1,0,0,20,0,0,0,0,7,0,0
122083,2,1,0,0,0,0,0,10,0,0,0,0
122084,1,1,12,12,12,12,12,12,12,12,12,12
122085,1,1,0,0,0,0,0,0,0,0,0,0
122085,2,1,0,0,0,0,0,0,0,0,0,0
122086,1,1,0,0,0,0,0,0,0,0,0,0
122086,2,1,0,0,0,0,0,0,0,0,0,0
122087,1,1,0,0,0,0,0,0,0,0,0,0
122087,2,1,0,21,0,0,0,0,0,0,0,0
122087,3,1,0,0,0,0,0,0,0,0,0,0
122088,0,1,36,36,36,36,36,36,36,36,36,36
122088,1,1,7,7,7,7,7,7,7,7,7,7
122089,1,1,0,0,0,0,0,0,0,44,0,0
122091,0,1,0,0,0,0,0,0,0,0,0,0
122091,1,1,7,0,0,0,0,0,0,0,0,0
122092,1,1,0,0,0,0,0,0,0,0,0,0
122092,2,1,0,0,0,0,0,0,0,0,0,0
122092,3,1,0,0,0,0,0,0,0,0,0,0
122093,0,1,0,9,0,29,0,44,0,0,0,0
122093,1,1,0,0,0,0,0,0,0,0,0,0
122094,0,1,18,0,33,0,25,0,0,14,0,5
122094,1,1,0,0,0,0,0,0,0,0,0,0
122095,1,1,0,0,0,0,0,0,0,0,0,0
122095,2,1,0,0,0,3,0,0,7,0,0,0
122095,3,1,0,0,0,0,0,0,0,0,0,0
122096,1,1,21,21,21,21,21,21,21,21,21,21
122097,1,1,0,8,0,0,0,12,0,0,0,0
122097,2,1,0,13,0,0,0,0,0,0,11,0
122098,1,1,0,0,0,0,0,0,0,0,0,0
122098,2,1,0,0,0,0,0,0,0,20,0,0
122098,3,1,0,0,0,0,0,0,0,0,0,0
122099,1,1,0,0,0,0,0,0,0,0,0,0
122100,1,1,0,0,0,0,0,0,0,0,0,0
122100,2,1,0,0,0,0,0,30,16,0,0,0
122101,1,1,0,0,0,0,0,0,0,0,0,0
122102,0,1,0,0,0,0,0,0,0,0,0,0
122102,1,1,0,0,0,0,0,0,0,0,0,0
122103,1,1,0,0,0,0,0,0,0,0,0,0
122103,2,1,0,0,0,0,0,0,0,0,0,0
122104,1,1,16,16,16,16,16,16,16,16,16,16
122105,0,1,0,0,0,0,0,0,0,0,0,0
122105,1,1,0,0,0,0,0,0,0,0,0,0
122106,1,1,0,0,0,0,0,0,0,0,0,0
122106,2,1,30,0,0,0,0,0,0,0,0,0
122107,1,1,0,16,0,0,0,12,0,37,0,0
122108,0,1,0,0,0,0,0,0,0,0,0,0
122108,1,1,0,0,0,0,0,0,0,0,0,0
122109,1,1,17,0,0,0,0,0,0,15,0,0
122109,2,1,0,0,0,0,0,0,0,0,0,0
122110,1,1,0,0,0,0,0,0,0,0,0,0
122111,1,1,34,10,0,25,0,0,10,0,21,0
122112,1,1,0,0,0,0,10,13,3,0,0,4
122113,0,1,0,0,0,0,0,0,0,0,0,0
122113,1,1,0,0,0,0,0,0,20,0,0,0
122114,1,1,0,0,0,0,0,31,0,20,0,0
122114,2,1,0,0,0,0,0,0,0,0,0,0
122115,1,1,0,0,0,0,0,0,0,0,0,0
122115,2,1,0,0,0,0,0,13,0,0,0,0
122116,1,1,5,0,0,0,17,0,0,0,0,0
122117,1,1,0,0,0,0,0,0,0,0,0,0
122118,1,1,0,0,0,0,0,13,0,0,0,0
122119,1,1,0,0,0,0,0,0,0,0,0,0
122119,2,1,0,0,0,0,0,0,0,0,0,0
122120,1,1,23,23,23,23,23,23,23,23,23,23
122121,1,1,27,0,0,0,0,0,0,0,0,0
122121,2,1,0,0,0,0,0,0,0,0,0,0
122122,1,1,0,0,0,6,0,0,0,0,0,0
122122,2,1,0,0,0,12,0,0,0,0,0,0
122122,3,1,0,0,0,0,0,0,0,0,0,0
122122,4,1,0,0,0,0,0,0,0,0,0,0