ST_CASE,VEH_NO,PER_NO,P1,P2,P3,P4,P5,P6,P7,P8,P9,P10
122407,1,1,0,0,0,0,0,0,0,0,0,12
122408,1,1,0,0,0,0,0,0,0,0,0,0
122408,2,1,0,0,0,0,0,0,0,0,0,0
122409,1,1,0,0,0,0,0,0,0,0,0,0
122410,1,1,0,0,12,0,0,23,0,0,0,0
122410,2,1,0,0,0,0,0,0,0,29,0,0
122411,1,1,26,0,11,19,0,0,0,0,8,0
122411,2,1,0,0,0,0,0,0,0,0,0,0
122412,1,1,7,7,7,7,7,7,7,7,7,7
122412,4,1,0,0,0,0,0,0,0,0,0,0
122413,0,1,13,13,13,13,13,13,13,13,13,13
122413,1,1,0,0,0,0,0,0,0,0,0,0
122414,1,1,23,23,23,23,23,23,23,23,23,23
122414,2,1,0,0,0,0,9,0,0,0,0,0
122415,1,1,0,0,0,0,0,0,0,0,0,0
122416,1,1,0,0,0,0,0,0,0,0,0,0
122416,2,1,0,0,0,0,0,0,0,0,0,0
122417,1,1,2,2,2,2,2,2,2,2,2,2
122418,1,1,0,0,0,0,0,0,12,0,0,0
122418,2,1,8,0,0,14,0,0,0,11,12,0
122419,1,1,12,12,12,12,12,12,12,12,12,12
122419,2,1,0,0,0,0,0,21,0,0,0,0
122419,3,1,0,0,0,0,0,0,0,0,0,0
122420,0,1,0,0,0,0,0,0,0,0,0,0
122420,1,1,0,0,0,0,0,0,0,0,0,0
122421,1,1,0,0,0,34,0,0,0,0,36,0
122421,2,1,0,5,8,0,0,0,0,19,0,0
122422,0,1,0,0,12,0,21,19,0,13,6,0
122422,1,1,0,0,0,13,7,0,0,0,14,0
122423,1,1,18,18,18,18,18,18,18,18,18,18
122424,1,1,0,0,19,0,0,0,0,0,0,33
122424,2,1,0,0,0,0,0,0,0,0,0,0
122425,0,1,0,18,22,17,0,30,27,35,0,0
122425,1,1,0,0,0,0,0,0,0,0,0,0
122426,1,1,0,0,0,0,0,0,0,0,0,0
122426,2,1,0,0,0,0,0,0,0,0,0,0
122427,0,1,0,0,0,0,0,0,0,0,0,0
122427,1,1,0,0,0,0,0,0,0,0,0,0
122428,0,1,15,15,15,15,15,15,15,15,15,15
122428,1,1,0,0,0,0,0,0,0,0,0,0
122429,1,1,0,0,0,0,0,0,0,0,0,0
122429,2,1,0,0,0,0,0,0,0,0,0,0
122430,1,1,18,18,18,18,18,18,18,18,18,18
122430,2,1,0,0,0,0,0,0,0,0,0,0
122431,0,1,0,0,0,0,0,0,0,0,0,0
122431,1,1,0,0,0,0,0,0,0,0,0,0
122432,0,1,4,4,4,4,4,4,4,4,4,4
122432,1,1,0,0,0,0,0,0,0,0,0,0
122433,1,1,0,2,0,22,0,0,0,0,0,23
122433,2,1,0,19,0,15,0,0,0,0,0,0
122434,0,1,0,0,0,0,0,0,0,0,0,0
122434,1,1,0,0,0,0,16,18,0,0,0,0
122435,1,1,0,0,0,0,16,0,16,0,10,0
122436,1,1,0,0,0,0,0,0,0,0,0,0
122436,2,1,0,0,0,0,0,0,0,0,0,0
122437,1,1,29,29,29,29,29,29,29,29,29,29
122437,2,1,0,0,0,0,0,0,0,0,0,0
122438,1,1,0,10,0,0,0,0,0,8,0,0
122439,1,1,0,0,0,0,0,0,0,0,0,0
122439,2,1,0,0,0,0,0,0,0,0,0,0
122440,1,1,15,8,13,7,16,19,22,10,14,11
122440,2,1,0,0,0,0,0,0,0,0,0,0
122441,0,1,0,0,0,0,0,0,0,0,0,0
122441,1,1,0,0,0,0,0,0,0,0,0,0
122442,1,1,0,0,14,22,0,0,0,0,0,0
122442,2,1,3,3,3,3,3,3,3,3,3,3
122443,1,1,0,0,0,0,20,0,0,0,0,0
122443,2,1,0,0,0,0,0,0,0,0,0,0
122444,1,1,0,0,0,0,0,0,0,0,0,0
122444,2,1,0,0,0,0,0,0,0,0,0,0
122445,0,1,6,6,6,6,6,6,6,6,6,6
122445,1,1,0,26,0,0,0,12,0,0,0,0
122446,1,1,15,15,15,15,15,15,15,15,15,15
122446,2,1,0,0,0,0,0,0,0,0,0,0
122447,0,1,9,9,9,9,9,9,9,9,9,9
122447,1,1,10,8,0,18,17,21,0,10,0,0
122448,1,1,26,23,10,22,0,9,25,28,4,0
122448,2,1,0,0,0,0,0,0,0,0,0,0
122449,1,1,0,0,0,0,0,0,0,0,0,0
122449,2,1,0,0,0,0,0,0,0,0,0,0
122449,3,1,0,0,0,0,11,0,0,0,0,0
122449,4,1,0,0,0,0,0,0,0,0,0,0
122450,0,1,0,0,0,0,0,0,0,0,0,0
122450,1,1,0,0,0,0,0,0,0,0,0,0
122450,2,1,0,0,0,0,0,0,0,0,0,0
122451,1,1,24,24,24,24,24,24,24,24,24,24
122452,1,1,17,17,17,17,17,17,17,17,17,17
122453,1,1,9,9,9,9,9,9,9,9,9,9
122454,1,1,0,0,0,0,0,0,0,0,0,0
122455,1,1,33,33,33,33,33,33,33,33,33,33
122455,2,1,0,0,0,0,0,0,0,0,0,0
122456,0,1,0,0,0,0,0,0,0,2,0,0
122456,0,2,0,0,0,0,0,29,0,0,0,0
122456,1,1,0,0,0,0,0,0,0,0,0,0
122456,2,1,0,0,0,0,0,0,0,0,0,0
122457,0,1,18,18,18,18,18,18,18,18,18,18
122457,1,1,0,0,0,0,0,0,0,0,0,0
122458,1,1,0,0,0,0,0,0,0,0,0,0
122458,2,1,4,0,0,0,0,0,0,0,22,0
122459,1,1,20,20,20,20,20,20,20,20,20,20
122459,2,1,0,0,0,0,0,0,0,0,0,0
122460,0,1,0,0,0,0,0,0,0,0,0,0
122460,1,1,0,0,0,0,0,0,0,0,0,0
122461,0,1,0,0,0,0,0,0,0,0,0,0
122461,1,1,10,0,22,0,0,11,0,0,0,2
122462,1,1,0,0,0,0,0,0,0,0,0,0
122462,2,1,0,0,0,0,0,0,0,4,0,0
122463,1,1,0,0,0,0,0,0,0,0,0,0
122463,2,1,0,0,0,0,0,0,0,0,0,0
122464,1,1,0,0,0,0,0,0,0,0,0,0
122464,2,1,0,0,0,0,0,0,0,0,0,0
122464,3,1,0,0,0,0,0,0,0,0,0,0
122465,1,1,0,0,0,0,0,0,0,0,0,0
122465,2,1,0,0,0,12,0,0,0,0,0,0
122466,1,1,0,0,0,0,0,0,0,0,0,0
122466,2,1,0,0,0,0,0,0,0,0,0,0
122468,1,1,8,0,0,18,0,0,0,0,0,0
122468,2,1,0,0,0,0,0,0,0,0,0,0
122469,1,1,0,18,0,0,0,0,0,11,0,0
122470,1,1,0,0,0,0,0,0,0,0,0,0
122470,2,1,0,0,0,0,0,0,0,0,15,0
122471,0,1,0,0,0,0,0,0,0,0,0,0
122471,1,1,0,0,0,0,0,0,0,0,0,0
122472,1,1,3,0,0,0,0,35,18,9,9,6
122472,2,1,0,0,0,0,0,0,22,0,0,0
122472,3,1,0,0,0,0,0,0,0,0,0,0
122472,4,1,0,0,0,0,23,0,0,0,0,0
122472,5,1,0,0,0,0,0,0,0,0,0,0
122473,0,1,2,2,2,2,2,2,2,2,2,2
122473,1,1,0,0,0,0,0,0,0,0,0,0
122474,0,1,0,15,0,0,0,0,0,0,0,0
122474,1,1,17,0,10,6,0,0,14,0,0,19
122475,1,1,0,0,0,0,0,0,0,0,0,0
122475,2,1,0,0,0,0,0,0,0,0,0,0
122476,1,1,14,0,0,22,0,0,0,0,0,0
122477,1,1,18,0,0,12,15,22,17,0,0,4
122478,1,1,0,0,0,0,0,0,0,0,0,0
122478,2,1,0,0,0,0,0,0,0,0,0,0
122479,1,1,0,0,0,0,0,0,0,0,0,0
122479,2,1,0,0,0,0,0,0,0,0,0,0
122479,3,1,0,0,0,0,0,0,0,0,0,0
122480,1,1,28,28,28,28,28,28,28,28,28,28
122481,1,1,0,0,0,0,0,0,0,0,0,0
122482,1,1,6,13,5,4,0,0,9,0,19,0
122482,2,1,0,0,0,0,0,0,0,0,0,0
122483,1,1,0,0,0,0,0,0,0,0,0,0
122483,2,1,0,0,0,0,0,0,0,0,0,0
122483,3,1,0,0,0,0,0,0,0,0,0,0
122484,0,1,1,1,1,1,1,1,1,1,1,1
122484,1,1,6,6,6,6,6,6,6,6,6,6
122485,1,1,0,0,0,0,0,0,0,0,0,0
122486,1,1,0,0,0,0,0,0,0,0,0,0
122486,2,1,0,0,0,0,17,0,28,0,0,0
122487,1,1,0,0,0,0,0,0,0,0,0,0
122487,2,1,0,0,0,0,0,0,0,0,0,0
122488,1,1,0,31,0,0,3,0,0,8,0,0
122488,2,1,0,0,0,0,0,0,0,0,0,0
122489,1,1,24,24,24,24,24,24,24,24,24,24
122490,1,1,0,0,0,0,0,0,0,0,0,0
122491,0,1,12,14,0,0,0,0,0,0,16,13
122491,1,1,0,0,0,14,0,0,14,0,0,7
122492,1,1,16,16,16,16,16,16,16,16,16,16
122492,2,1,6,6,6,6,6,6,6,6,6,6
122493,0,1,14,14,14,14,14,14,14,14,14,14
122493,1,1,0,0,0,0,0,0,0,0,0,0
122494,0,1,0,0,26,0,23,8,12,12,21,0
122494,1,1,0,0,0,0,0,0,0,0,0,0
122495,1,1,0,0,0,0,0,0,0,0,0,0
122495,2,1,20,20,20,20,20,20,20,20,20,20
122496,0,1,1,1,1,1,1,1,1,1,1,1
122496,1,1,0,0,0,0,0,0,0,0,0,0
122497,0,1,0,0,0,0,0,0,0,0,0,0
122497,1,1,0,0,0,0,0,0,0,0,0,0
122498,1,1,0,0,0,0,0,0,0,0,0,0
122498,2,1,0,0,0,0,0,0,0,0,0,0
122499,1,1,0,0,0,0,0,0,0,0,0,0
122499,2,1,0,0,0,0,0,0,0,0,0,0
122499,3,1,0,0,0,0,0,0,0,0,0,0
122499,4,1,0,0,0,0,0,0,0,0,0,0
122499,5,1,0,0,0,0,0,0,0,0,0,11
122500,0,1,30,30,30,30,30,30,30,30,30,30
122500,1,1,17,17,17,17,17,17,17,17,17,17
122501,1,1,0,0,13,20,0,0,0,10,0,0
122502,1,1,0,0,0,0,0,0,0,0,0,0
122504,1,1,0,0,0,0,0,0,0,0,0,0
122504,2,1,10,0,0,0,0,0,0,0,0,0
122504,3,1,0,0,0,0,0,0,0,0,0,0
122505,1,1,15,15,15,15,15,15,15,15,15,15
122506,1,1,25,25,25,25,25,25,25,25,25,25
122507,0,1,0,0,0,0,0,0,0,0,0,0
122507,1,1,0,0,0,0,0,0,24,0,0,0
122507,2,1,12,0,8,0,30,0,8,0,14,0
122508,1,1,0,0,0,0,0,0,0,0,0,0
122509,1,1,0,0,0,0,0,0,0,0,0,0
122509,2,1,0,0,0,0,0,0,0,0,0,0
122510,1,1,36,36,36,36,36,36,36,36,36,36
122510,2,1,0,0,0,0,0,0,0,0,0,0
122511,1,1,0,15,0,0,19,0,13,0,0,0
122511,2,1,12,5,0,20,0,7,22,12,4,0
122512,0,1,0,0,0,0,0,0,0,0,0,0
122512,1,1,15,15,15,15,15,15,15,15,15,15
122513,1,1,13,13,13,13,13,13,13,13,13,13
122514,1,1,0,0,0,0,0,0,0,0,0,0
122514,2,1,0,0,0,0,0,0,0,0,0,0
122515,0,1,0,0,0,0,0,0,0,0,0,0
122515,1,1,0,0,0,0,0,0,0,0,0,0
122516,1,1,0,8,0,10,0,14,0,3,41,0
122516,2,1,0,0,0,0,0,0,0,0,0,0
122516,3,1,0,14,0,15,0,0,0,0,0,0
122517,1,1,0,0,0,0,15,0,0,0,0,0
122518,1,1,0,0,0,0,0,0,0,0,0,0
122518,2,1,0,0,0,0,8,0,0,0,0,0
122518,3,1,0,0,0,0,0,0,0,0,0,0
122518,4,1,0,0,0,0,0,0,0,0,0,0
122518,5,1,0,0,0,0,0,0,0,0,0,0
122519,0,1,0,0,0,0,0,0,0,0,0,0
122519,1,1,0,0,0,6,0,0,10,0,28,0
122520,0,1,0,0,0,0,0,0,0,0,0,0
122520,1,1,0,0,0,0,0,0,0,0,0,0
122521,1,1,0,0,0,0,0,0,0,0,0,0
122521,2,1,0,0,0,0,0,0,0,0,0,0
122522,1,1,0,0,0,0,0,0,0,0,0,15
122522,2,1,0,0,0,0,0,0,0,0,0,0
122523,0,1,0,0,0,0,0,0,0,0,0,0
122523,1,1,13,16,0,0,0,21,0,0,0,9
122524,0,1,0,20,22,19,4,0,15,0,0,0
122524,1,1,0,0,0,0,0,0,0,0,0,0
122525,1,1,0,0,17,0,2,0,0,0,9,0
122526,0,1,0,13,0,0,0,0,0,0,0,0
122526,1,1,14,0,0,0,0,0,0,0,0,0
122527,1,1,0,0,0,17,0,0,0,0,0,0
122527,2,1,0,0,0,0,0,0,0,0,0,0
122527,3,1,0,0,0,0,0,0,0,0,0,24
122528,1,1,12,25,16,12,7,18,24,13,45,10
122529,1,1,0,0,0,0,19,22,0,0,0,0
122529,2,1,0,28,0,0,0,0,0,0,0,0
122529,3,1,0,0,0,0,0,0,0,0,0,0
122530,1,1,0,0,0,0,0,0,0,0,0,0
122530,2,1,0,0,0,0,0,0,0,0,0,0
122531,1,1,0,0,0,0,0,0,13,0,23,22
122532,1,1,0,0,0,0,0,0,0,0,0,0
122533,1,1,0,0,0,0,0,0,0,0,0,0
122533,2,1,0,0,0,0,0,0,0,0,8,0
122534,1,1,0,0,21,0,9,0,12,0,0,22
122535,1,1,20,20,20,20,20,20,20,20,20,20
122536,0,1,0,0,0,0,0,0,0,0,0,0
122536,1,1,0,14,21,0,0,0,11,0,25,0
122537,1,1,0,0,0,0,0,0,0,0,0,0
122538,1,1,25,25,25,25,25,25,25,25,25,25
122539,1,1,0,0,0,0,0,0,0,0,0,0
122539,2,1,0,0,0,0,0,0,0,0,0,0
122540,0,1,0,0,0,0,0,0,0,0,0,0
122540,1,1,0,0,0,0,0,0,0,0,0,0
122541,1,1,0,0,0,0,0,0,0,0,0,0
122541,2,1,0,0,0,0,0,0,0,0,0,0
122542,1,1,0,0,0,0,0,0,0,0,24,0
122542,2,1,0,0,0,0,0,0,4,0,0,0
122543,0,1,0,0,0,0,0,0,0,0,0,0
122543,1,1,0,0,0,0,0,0,0,0,0,0
122544,1,1,0,0,0,0,2,0,0,0,0,0
122544,2,1,0,0,23,0,0,0,0,0,0,0
122545,1,1,27,27,27,27,27,27,27,27,27,27
122545,2,1,0,0,0,0,0,0,0,0,0,0
122546,1,1,17,17,17,17,17,17,17,17,17,17
122547,0,1,0,0,8,0,0,0,0,0,0,0
122547,1,1,0,0,0,0,0,14,27,22,0,13
122548,1,1,0,16,0,7,9,21,0,20,31,0
122549,1,1,0,0,0,0,0,0,0,0,0,0
122550,1,1,0,0,0,0,0,0,0,0,0,0
122550,2,1,0,0,0,0,0,0,0,0,0,0
122550,3,1,0,0,0,0,0,0,0,0,0,0
122551,0,1,0,0,0,0,0,0,0,0,0,0
122551,1,1,0,0,0,0,0,0,0,0,0,0
122553,0,1,9,15,38,36,19,0,0,0,35,0
122553,1,1,0,0,0,0,0,0,0,0,0,0
122554,1,1,9,9,9,9,9,9,9,9,9,9
122555,1,1,32,14,20,14,23,14,14,20,15,8
122555,2,1,0,16,5,0,6,8,13,0,27,10
122556,1,1,0,0,0,0,0,0,0,0,0,0
122556,2,1,0,0,0,0,0,0,0,0,0,0
122556,3,1,0,0,0,0,0,0,0,0,0,0
122557,0,1,0,0,0,0,0,0,0,0,0,0
122557,0,2,0,0,0,0,0,0,0,0,0,0
122557,1,1,0,0,0,0,0,0,0,0,0,0
122558,1,1,0,7,0,0,0,0,0,0,0,0
122558,2,1,0,0,14,0,0,0,0,0,0,0
122559,1,1,0,0,0,0,0,0,0,0,0,0
122559,2,1,0,0,0,0,0,0,0,0,0,0
122560,0,1,0,0,0,0,0,0,0,0,0,0
122560,1,1,0,22,0,0,0,0,0,0,0,0
122561,0,1,0,0,0,0,0,0,0,0,0,0
122561,1,1,12,6,0,7,0,0,21,0,0,0
122562,1,1,18,0,0,0,0,0,0,0,0,0
122563,1,1,15,15,15,15,15,15,15,15,15,15
122564,1,1,0,0,0,0,0,0,0,0,0,0
122564,2,1,0,0,0,0,0,0,0,0,0,0
122565,1,1,0,0,0,0,0,0,0,0,0,0
122566,1,1,0,0,0,0,0,0,0,10,0,0
122566,2,1,0,0,0,30,0,0,0,0,0,0
122567,0,1,0,0,0,0,0,0,0,0,0,0
122567,1,1,0,0,0,0,0,0,0,0,0,0
122568,1,1,0,0,0,0,0,0,0,0,0,0
122568,2,1,0,0,0,0,0,0,0,0,0,0
122568,3,1,0,0,0,0,0,0,0,0,0,0
122569,1,1,1,1,1,1,1,1,1,1,1,1
122569,2,1,0,0,0,0,0,0,0,0,0,0
122570,1,1,0,0,0,0,0,0,0,0,0,0
122570,2,1,0,0,0,0,0,0,0,0,0,0
122571,0,1,0,0,0,17,33,15,24,0,0,24
122571,1,1,0,0,0,0,5,0,0,0,0,0
122572,1,1,0,0,32,0,0,0,0,0,0,0
122572,2,1,0,0,0,0,0,0,0,0,0,0
122573,1,1,0,0,0,0,0,0,0,0,0,0
122573,2,1,0,0,0,0,0,0,0,0,0,0
122575,0,1,0,19,0,0,0,0,0,0,5,0
122575,1,1,0,0,0,0,0,0,0,0,0,0
122576,0,1,0,0,0,37,13,0,25,0,12,0
122576,1,1,0,0,6,0,0,0,0,0,0,0
122577,0,1,0,0,0,0,0,0,0,0,0,0
122577,1,1,0,0,0,0,0,0,0,0,0,0
122578,0,1,0,0,0,0,0,0,0,0,0,0
122578,1,1,0,0,0,0,0,0,0,0,0,0
122579,1,1,0,0,0,0,0,0,0,0,0,0
122579,2,1,0,0,0,0,0,0,0,0,0,0
122580,1,1,11,0,0,0,0,0,0,0,0,0
122580,2,1,0,0,0,0,0,0,0,0,0,0
122580,3,1,0,0,0,0,0,0,0,0,0,0
122581,1,1,0,0,0,0,0,0,0,0,0,0
122581,2,1,0,0,0,0,0,0,0,0,0,0
122582,1,1,0,0,15,0,6,0,0,0,8,17
122582,2,1,0,0,0,0,0,0,0,0,0,0
122583,1,1,0,0,0,0,0,0,0,0,0,0
122583,2,1,0,0,0,0,0,0,0,0,0,0
122584,0,1,25,25,25,25,25,25,25,25,25,25
122584,1,1,0,0,0,0,0,0,0,0,0,0
122585,1,1,0,0,0,0,0,0,0,0,0,0
122585,2,1,0,0,0,0,0,0,0,0,0,0
122585,3,1,0,0,0,0,0,0,0,0,0,0
122586,0,1,10,17,22,6,16,22,22,21,18,22
122586,1,1,0,0,0,11,0,0,0,0,0,0
122587,1,1,0,0,14,0,0,0,0,0,0,0
122588,1,1,27,9,25,0,12,0,22,11,28,21
122588,2,1,0,0,0,0,0,0,0,0,0,0
122589,0,1,0,0,0,12,20,0,0,26,0,18
122589,1,1,0,0,0,0,0,0,0,0,0,0
122590,1,1,0,0,0,0,0,0,0,0,0,0
122591,1,1,0,0,0,0,0,0,0,0,0,0
122591,2,1,0,0,0,0,0,0,0,0,0,0
122592,0,1,0,0,0,0,0,0,0,0,0,0
122592,1,1,5,5,5,5,5,5,5,5,5,5
122593,1,1,20,11,7,15,0,0,0,16,21,13
122594,1,1,14,14,14,14,14,14,14,14,14,14
122595,1,1,18,18,18,18,18,18,18,18,18,18
122596,1,1,19,19,19,19,19,19,19,19,19,19
122596,2,1,0,0,0,0,0,0,0,0,0,0
122597,1,1,0,0,0,0,0,0,0,0,0,0
122597,2,1,0,0,0,0,0,0,0,0,0,0
122598,1,1,14,14,14,14,14,14,14,14,14,14
122598,2,1,0,0,0,0,0,0,0,0,0,0
122599,1,1,0,0,0,0,0,0,0,0,0,0
122599,2,1,0,0,0,0,0,0,0,0,0,0
122600,1,1,0,0,0,0,0,0,0,0,0,0
122600,2,1,0,0,0,0,0,0,0,0,0,0
122601,1,1,9,0,0,0,0,0,0,0,0,0
122602,1,1,10,0,8,0,0,0,32,0,0,0
122602,2,1,24,0,28,9,0,0,0,0,0,0
122603,1,1,0,0,0,0,0,0,0,0,0,0
122603,2,1,0,0,0,0,0,0,0,0,0,0
122603,3,1,0,0,0,0,0,0,0,0,0,0
122603,4,1,0,0,0,0,0,0,0,0,0,0
122603,5,1,0,0,0,0,0,0,0,0,0,0
122603,6,1,0,0,0,0,0,0,0,0,0,0
122604,1,1,0,0,0,0,0,0,21,0,0,0
122605,0,1,0,0,0,0,0,16,0,0,0,28
122605,1,1,0,0,0,0,0,0,0,0,19,3
122606,1,1,0,0,0,0,0,0,0,0,0,0
122606,2,1,0,0,0,0,0,0,0,0,0,0
122607,1,1,0,0,0,0,0,0,0,0,0,0
122608,1,1,0,0,0,0,0,0,0,0,0,0
122608,2,1,33,0,0,0,0,0,0,0,0,0
122609,1,1,0,0,0,0,0,0,0,0,16,0
122609,2,1,0,0,0,0,0,0,0,0,0,0
122609,3,1,0,0,0,0,0,0,0,19,0,0
122610,0,1,0,0,0,0,0,0,0,0,0,0
122610,1,1,0,0,0,0,0,0,0,0,0,0
122611,1,1,0,0,0,0,21,17,0,0,0,7
122612,1,1,0,0,0,0,0,0,0,0,0,0
122612,2,1,6,0,0,0,0,0,0,0,0,0
122613,1,1,8,8,8,8,8,8,8,8,8,8
122613,2,1,0,0,0,0,0,0,0,0,8,0
122614,1,1,0,0,0,0,0,0,0,0,0,0
122615,1,1,12,0,10,18,0,28,0,0,0,0
122616,1,1,19,0,0,9,0,0,7,6,0,0
122616,2,1,0,21,0,0,0,0,0,0,0,0
122616,3,1,0,0,0,0,0,0,0,0,0,0
122616,4,1,0,0,0,0,0,0,0,0,0,0
122617,1,1,0,0,0,0,0,0,0,0,0,0
122617,2,1,0,0,0,0,0,0,0,0,0,0
122618,1,1,0,0,0,0,0,0,0,0,0,0
122618,2,1,14,0,0,10,3,19,0,0,0,0
122619,1,1,0,0,0,0,0,0,0,0,0,0
122620,1,1,0,0,0,0,0,0,0,0,0,0
122621,0,1,0,12,0,27,17,0,24,0,0,0
122621,1,1,0,0,0,0,0,0,0,0,16,0
122623,1,1,0,0,0,0,0,0,0,0,0,0
122623,2,1,0,0,0,0,0,0,0,0,0,0
122624,0,1,0,0,0,0,0,0,0,0,0,0
122624,1,1,0,0,17,0,0,0,0,0,0,0
122625,0,1,27,27,27,27,27,27,27,27,27,27
122625,1,1,0,0,0,0,0,28,17,0,0,0
122625,2,1,11,0,0,11,19,0,0,8,0,13
122626,0,1,0,0,0,0,0,0,0,0,0,0
122626,1,1,0,0,0,0,0,0,0,0,0,0
122627,0,1,0,0,0,0,0,0,0,0,0,0
122627,1,1,0,0,0,0,0,0,18,0,0,0
122628,1,1,0,0,0,0,0,0,0,0,0,0
122628,2,1,0,0,0,0,0,0,3,0,0,0
122629,0,1,0,0,21,13,13,12,27,0,23,0
122629,1,1,0,0,0,0,0,0,0,15,0,0
122630,0,1,36,36,36,36,36,36,36,36,36,36
122630,1,1,0,0,0,0,0,0,0,0,0,0
122631,1,1,0,0,0,0,0,0,0,0,0,0
122631,2,1,0,0,0,0,0,0,0,0,0,0
122632,0,1,0,0,0,0,0,0,0,0,0,0
122632,1,1,0,0,0,0,0,0,0,0,0,0
122632,2,1,0,0,0,0,0,0,0,0,0,0
122633,1,1,0,0,0,0,0,0,0,0,0,0
122634,1,1,0,0,0,0,0,0,0,0,0,0
122634,2,1,0,0,0,0,0,0,0,0,0,0
122634,3,1,0,0,0,0,0,0,14,0,0,0
122634,4,1,0,0,0,0,0,0,0,0,0,0
122635,0,1,0,0,21,0,28,0,0,0,0,6
122635,1,1,0,0,0,0,0,0,0,0,0,0
122636,0,1,0,0,9,0,0,0,23,13,0,0
122636,1,1,7,6,0,0,18,0,0,0,0,0
122637,1,1,9,0,0,0,0,0,0,7,0,19
122637,2,1,0,0,0,0,0,0,0,0,4,13
122638,1,1,0,0,0,0,0,0,0,0,0,0
122638,2,1,0,0,0,16,0,0,18,0,0,0
122639,1,1,0,0,0,0,0,0,0,0,15,0
122639,2,1,0,0,0,0,0,0,0,0,0,0
122640,1,1,0,0,0,0,0,0,0,0,0,0
122641,1,1,7,4,0,1,6,15,14,13,2,5
122641,2,1,17,5,8,0,0,0,0,0,18,0
122642,1,1,4,24,27,22,7,25,3,18,17,10
122643,0,1,0,0,0,0,0,0,0,0,0,0
122643,1,1,0,0,0,0,0,0,0,0,0,0
122644,1,1,24,24,24,24,24,24,24,24,24,24
122645,1,1,0,0,0,0,0,0,0,0,0,0
122645,2,1,0,15,0,0,0,0,0,0,0,7
122646,1,1,0,0,0,0,0,0,0,0,0,0
122646,2,1,0,0,0,0,0,0,0,0,0,0
122647,1,1,0,0,0,0,0,0,0,0,0,0
122647,2,1,0,0,0,0,0,0,0,0,0,0
122647,3,1,0,0,0,0,0,0,0,0,0,0
122647,4,1,0,0,0,0,0,0,0,0,0,0
122648,0,1,0,0,0,0,0,0,0,0,0,0
122648,1,1,0,0,0,0,0,0,0,0,0,0
122649,0,1,0,0,0,0,11,0,0,25,16,24
122649,1,1,24,0,0,0,0,0,24,0,25,0
122650,0,1,0,0,0,0,0,0,0,0,0,0
122650,1,1,0,0,0,0,0,0,0,0,0,10
122651,1,1,0,0,13,0,0,0,0,17,40,0
122652,1,1,31,12,20,11,6,14,15,8,12,12
122653,0,1,0,0,0,0,17,29,0,8,0,22
122653,1,1,0,0,0,0,0,0,0,0,17,0
122654,1,1,21,21,21,21,21,21,21,21,21,21
122654,2,1,0,0,0,0,15,0,0,0,0,0
122655,1,1,27,27,27,27,27,27,27,27,27,27
122656,0,1,8,14,0,0,35,0,0,0,30,0
122656,1,1,18,18,18,18,18,18,18,18,18,18
122657,1,1,36,36,36,36,36,36,36,36,36,36
122657,2,1,0,11,0,0,0,0,0,0,0,0
122658,1,1,25,25,25,25,25,25,25,25,25,25
122659,1,1,18,22,28,20,0,21,0,0,0,0
122659,2,1,0,0,0,0,0,0,0,0,0,0
122660,0,1,3,3,3,3,3,3,3,3,3,3
122660,1,1,0,0,0,0,0,0,0,0,0,0
122661,1,1,0,0,0,0,0,0,0,0,0,0
122661,2,1,0,0,0,0,0,0,0,0,0,0
122662,1,1,0,0,0,0,0,0,0,0,0,0
122662,2,1,0,0,0,0,0,0,0,0,0,0
122663,1,1,0,0,0,0,0,0,0,0,0,0
122663,2,1,0,0,0,0,0,0,0,0,0,0
122664,1,1,0,0,0,0,0,0,0,0,0,0
122664,2,1,0,0,0,0,0,0,0,0,0,0
122665,1,1,0,0,0,0,0,0,0,0,0,0
122666,1,1,0,0,0,0,0,0,0,0,0,0
122666,2,1,13,0,0,0,0,0,0,0,0,0
122668,1,1,0,0,0,0,0,0,0,0,0,0
122668,2,1,0,0,0,0,0,0,0,0,0,0
122669,1,1,11,11,11,11,11,11,11,11,11,11
122670,1,1,0,0,0,0,0,0,0,0,0,0
122670,2,1,13,13,13,13,13,13,13,13,13,13
122671,0,1,6,6,6,6,6,6,6,6,6,6
122671,1,1,0,0,0,0,0,0,0,0,0,0
122672,1,1,19,19,19,19,19,19,19,19,19,19
122673,1,1,0,0,0,0,0,0,0,0,0,0
122673,2,1,0,0,0,0,0,0,0,0,0,0
122674,0,1,0,0,0,0,0,13,0,0,0,0
122674,1,1,0,0,0,0,0,0,0,0,0,0
122675,1,1,0,0,0,0,0,0,0,0,0,0
122675,2,1,0,0,0,0,0,0,7,0,0,0
122676,1,1,25,25,25,25,25,25,25,25,25,25
122677,1,1,0,0,0,0,0,0,0,0,0,0
122677,2,1,0,0,0,0,0,0,0,0,0,0
122678,0,1,32,30,28,15,27,24,30,0,0,0
122678,1,1,0,0,0,0,0,0,0,0,0,0
122678,2,1,0,0,0,0,15,0,0,0,0,12
122679,0,1,32,32,32,32,32,32,32,32,32,32
122679,1,1,0,0,0,0,0,0,0,0,0,0
122681,0,1,2,2,2,2,2,2,2,2,2,2
122681,1,1,0,0,0,0,0,0,0,0,0,55
122682,1,1,15,15,15,15,15,15,15,15,15,15
122683,0,1,0,0,0,0,0,0,0,0,0,0
122683,1,1,9,11,9,21,0,0,18,0,22,12
122684,0,1,0,0,0,0,0,0,0,0,0,0
122684,1,1,0,0,0,0,0,0,0,0,0,0
122685,0,1,15,9,11,26,9,16,9,30,0,16