ST_CASE,VEH_NO,PER_NO,P1,P2,P3,P4,P5,P6,P7,P8,P9,P10
130496,2,1,7,17,17,0,0,4,6,9,6,24
130497,1,1,0,0,0,0,0,0,0,0,0,0
130497,2,1,0,0,0,0,0,0,0,0,0,0
130498,0,1,0,0,0,28,0,0,0,0,0,0
130498,1,1,0,0,0,0,0,0,0,0,28,0
130499,1,1,0,0,16,0,23,0,0,0,20,22
130499,2,1,0,0,0,0,0,0,0,0,0,0
130500,1,1,0,0,0,0,0,0,27,0,0,0
130500,2,1,0,0,0,0,0,0,0,0,0,0
130501,1,1,15,15,15,15,15,15,15,15,15,15
130502,1,1,0,0,0,0,0,0,0,0,0,0
130503,1,1,20,20,20,20,20,20,20,20,20,20
130503,2,1,0,0,0,0,0,0,0,0,0,0
130504,1,1,0,0,0,0,0,0,0,16,0,0
130504,2,1,0,0,0,0,0,0,0,0,0,0
130505,1,1,0,18,0,0,0,0,0,0,0,0
130505,2,1,0,0,0,11,24,0,21,0,26,11
130506,1,1,29,29,29,29,29,29,29,29,29,29
130506,2,1,0,0,0,0,0,16,0,11,0,0
130507,1,1,0,0,0,0,0,0,0,0,0,0
130508,1,1,14,12,35,0,0,8,30,0,0,9
130509,0,1,0,5,22,0,0,31,5,27,0,0
130509,1,1,0,0,0,0,0,0,0,0,0,0
130510,0,1,0,0,0,0,14,0,7,4,0,0
130510,1,1,0,0,0,0,0,0,27,0,0,0
130511,1,1,0,0,0,0,0,0,0,0,0,0
130511,2,1,0,0,0,0,0,0,0,0,0,0
130512,1,1,0,0,0,0,0,0,0,0,0,0
130512,2,1,0,0,0,0,0,0,0,0,0,0
130513,1,1,0,26,10,15,0,0,0,23,0,0
130514,1,1,0,0,0,0,0,0,0,0,0,0
130514,2,1,0,0,0,0,0,0,0,0,0,0
130514,3,1,0,0,0,0,0,0,0,0,14,0
130514,4,1,0,0,0,0,0,0,0,0,0,0
130515,1,1,0,0,15,0,0,0,12,3,0,0
130516,1,1,0,0,0,0,0,0,0,0,0,0
130516,2,1,0,0,0,0,0,0,0,0,0,0
130516,3,1,0,0,0,0,0,0,0,0,0,0
130516,4,1,0,0,0,0,0,0,0,0,0,0
130516,5,1,0,0,0,0,0,0,0,0,0,0
130516,6,1,0,0,0,0,0,0,0,0,0,0
130517,0,1,18,14,0,0,12,0,30,10,18,0
130517,1,1,0,0,0,0,0,0,0,0,0,0
130518,1,1,19,0,0,0,0,0,0,8,0,11
130518,2,1,0,0,0,11,0,0,0,0,0,0
130519,1,1,0,0,0,0,0,0,0,0,0,0
130520,1,1,0,16,0,17,0,0,0,0,0,0
130520,2,1,0,0,0,0,1,0,0,0,0,0
130521,1,1,0,0,20,22,0,0,0,15,0,0
130522,1,1,20,0,0,0,0,0,0,15,0,0
130523,1,1,0,0,0,0,0,0,0,14,0,0
130524,1,1,0,0,0,0,16,34,0,0,0,0
130525,1,1,0,0,0,0,0,0,0,0,0,0
130526,1,1,0,21,0,0,0,0,0,0,0,0
130527,1,1,26,26,26,26,26,26,26,26,26,26
130528,1,1,0,0,0,0,0,0,0,0,0,0
130529,1,1,0,26,0,0,0,0,0,0,0,0
130529,2,1,0,0,0,0,0,0,0,0,0,0
130530,1,1,0,0,5,0,0,14,0,0,0,0
130530,2,1,0,0,0,0,0,0,0,0,0,0
130531,1,1,0,0,0,0,0,0,0,0,0,0
130532,1,1,0,0,20,0,0,20,0,0,0,0
130533,1,1,0,0,0,0,0,0,0,0,0,0
130533,2,1,0,0,0,0,0,0,0,0,0,0
130534,1,1,0,0,0,0,0,0,0,0,0,0
130534,2,1,0,0,0,0,0,0,0,0,0,0
130535,1,1,8,0,15,39,0,0,0,14,0,0
130536,1,1,0,0,11,0,0,0,0,0,19,0
130536,2,1,0,0,0,0,0,0,0,0,0,0
130537,0,1,0,0,0,0,0,0,0,0,0,0
130537,1,1,19,0,12,13,9,0,6,0,24,12
130538,1,1,0,0,0,0,0,0,0,0,0,0
130539,1,1,0,0,0,0,0,0,0,0,35,0
130540,1,1,7,7,7,7,7,7,7,7,7,7
130540,2,1,0,0,0,0,0,0,0,0,0,0
130541,1,1,0,0,14,0,0,0,0,0,0,0
130541,2,1,0,0,0,0,0,0,2,0,0,0
130541,3,1,0,0,0,0,0,0,0,0,0,0
130542,1,1,0,0,0,0,0,0,0,0,0,0
130542,2,1,0,0,0,0,0,0,0,0,0,0
130542,3,1,0,0,0,0,0,0,0,0,0,0
130543,1,1,27,24,0,16,0,0,42,0,12,7
130543,2,1,0,0,0,0,0,0,0,0,0,0
130544,1,1,25,0,0,0,0,0,0,11,0,0
130545,1,1,0,0,0,0,0,0,0,0,0,0
130545,2,1,0,0,0,0,0,0,0,0,0,0
130546,1,1,0,0,0,0,0,0,7,0,0,0
130547,1,1,0,20,0,38,0,0,0,0,0,0
130548,1,1,0,0,0,0,0,0,0,0,0,0
130548,2,1,0,13,0,0,0,0,0,0,13,23
130549,1,1,0,0,0,0,0,0,0,0,0,0
130549,2,1,22,18,0,0,0,0,0,0,0,0
130549,3,1,0,0,0,0,0,0,0,0,0,0
130550,1,1,0,5,0,0,23,0,0,10,14,0
130551,1,1,0,0,0,0,0,0,0,0,0,9
130551,2,1,14,14,14,14,14,14,14,14,14,14
130552,1,1,0,0,0,0,0,0,0,0,0,0
130552,2,1,0,0,0,0,0,0,0,0,0,0
130553,0,1,19,0,29,0,0,0,16,0,0,0
130553,1,1,0,0,0,0,0,0,0,0,13,0
130554,1,1,0,0,0,0,0,0,0,0,0,0
130554,2,1,0,15,0,0,0,0,0,0,0,0
130555,0,1,1,1,1,1,1,1,1,1,1,1
130555,1,1,0,0,0,0,0,0,0,0,0,0
130556,1,1,0,16,8,17,0,0,0,18,20,17
130557,1,1,0,0,0,0,0,0,0,0,0,0
130557,2,1,0,0,0,0,22,0,0,0,0,0
130558,1,1,18,18,18,18,18,18,18,18,18,18
130559,1,1,0,0,0,0,0,0,0,0,0,0
130559,2,1,0,0,0,0,0,0,0,0,0,0
130560,1,1,0,24,0,0,0,0,0,0,0,0
130561,1,1,0,0,0,0,0,0,0,0,0,0
130562,1,1,0,0,0,0,0,0,0,0,0,0
130562,2,1,0,0,0,0,0,0,0,0,0,0
130563,1,1,14,14,14,14,14,14,14,14,14,14
130564,1,1,0,0,0,0,0,0,0,0,0,15
130565,1,1,6,6,6,6,6,6,6,6,6,6
130566,0,1,21,0,58,24,0,0,0,20,4,36
130566,1,1,0,0,0,0,0,0,0,0,0,0
130567,0,1,0,0,0,0,0,0,0,0,0,0
130567,1,1,0,0,0,0,0,0,0,11,21,0
130568,0,1,18,0,24,0,14,0,0,18,0,0
130568,1,1,0,0,0,0,0,0,0,8,0,0
130569,1,1,19,0,0,9,0,12,21,0,0,0
130570,1,1,0,0,0,0,0,0,0,0,0,0
130571,1,1,0,16,11,0,0,0,35,0,12,0
130572,0,1,21,21,21,21,21,21,21,21,21,21
130572,1,1,0,25,0,0,0,0,0,0,0,0
130573,1,1,0,0,23,0,0,13,0,0,0,0
130574,1,1,0,0,0,0,0,0,0,0,0,0
130576,0,1,0,0,0,0,0,0,0,0,0,0
130576,1,2,0,18,0,0,0,0,0,24,0,0
130577,0,1,0,0,38,0,0,0,0,0,0,24
130577,1,1,19,0,0,0,7,0,0,0,0,49
130578,1,1,0,0,0,0,0,0,18,0,0,0
130578,2,1,0,0,0,0,0,0,0,0,0,0
130579,1,1,0,0,0,0,0,0,0,14,0,5
130580,0,1,0,0,0,0,0,0,0,0,0,0
130580,1,1,0,0,0,0,0,0,0,0,0,0
130581,1,1,0,0,0,0,0,0,0,0,0,0
130581,2,1,0,0,2,0,0,0,0,0,0,0
130582,1,1,0,0,0,0,0,0,0,0,0,0
130583,0,1,0,0,0,0,0,0,0,0,0,0
130583,1,1,0,0,0,0,0,0,0,0,0,0
130584,1,1,40,40,40,40,40,40,40,40,40,40
130585,1,1,0,0,0,0,0,0,0,0,0,0
130585,2,1,0,0,0,0,0,0,0,0,0,0
130585,3,1,0,0,0,0,0,0,0,0,0,0
130586,1,1,0,0,0,0,0,0,0,0,0,0
130586,2,1,0,0,0,0,0,0,0,0,0,0
130587,1,1,7,7,7,7,7,7,7,7,7,7
130588,1,1,0,0,0,0,0,0,0,0,0,0
130588,2,1,0,0,0,0,0,0,0,0,0,0
130589,1,1,0,0,0,0,0,0,0,0,21,16
130589,2,1,0,0,0,0,0,0,0,0,0,0
130590,1,1,0,0,0,0,0,0,0,0,0,0
130591,0,1,24,24,24,24,24,24,24,24,24,24
130591,1,1,0,0,0,0,0,0,0,12,0,0
130592,1,1,7,23,0,16,0,0,8,0,0,4
130593,0,1,0,0,0,0,18,0,27,0,0,13
130593,1,1,0,11,8,9,21,13,30,0,9,12
130594,1,1,0,0,0,0,0,5,0,0,0,0
130594,2,1,0,0,0,0,0,0,0,0,0,0
130595,1,1,20,5,0,0,0,11,21,17,9,0
130595,2,1,6,0,14,20,0,0,16,0,0,0
130596,1,1,11,11,11,11,11,11,11,11,11,11
130596,2,1,0,0,0,0,0,0,0,0,0,0
130597,1,1,0,0,0,8,0,8,0,0,0,0
130597,2,1,0,0,0,0,0,0,0,0,0,0
130597,3,1,0,0,0,0,0,0,0,4,0,0
130598,1,1,0,0,0,0,0,0,0,0,0,0
130598,2,1,0,0,0,0,0,0,0,0,0,0
130599,1,1,0,0,0,0,0,19,0,0,0,0
130599,2,1,0,0,0,0,0,0,0,0,0,0
130600,1,1,0,0,0,13,20,0,0,0,0,0
130600,2,1,15,0,12,0,0,7,10,0,26,0
130601,1,1,0,0,0,0,0,0,0,0,0,0
130602,1,1,13,13,13,13,13,13,13,13,13,13
130603,1,1,29,29,29,29,29,29,29,29,29,29
130604,0,1,13,19,0,13,0,25,39,0,33,0
130604,1,1,0,0,0,0,22,0,0,0,0,0
130605,1,1,6,6,6,6,6,6,6,6,6,6
130605,2,1,0,0,0,0,0,34,0,0,0,0
130606,1,1,11,11,11,11,11,11,11,11,11,11
130606,2,1,0,0,0,0,0,36,0,0,0,0
130607,0,1,4,4,4,4,4,4,4,4,4,4
130607,1,1,0,0,0,0,0,0,0,0,0,0
130608,1,1,0,0,0,0,0,0,0,0,0,0
130608,2,1,0,0,0,0,0,0,0,0,0,0
130608,3,1,0,0,0,0,0,0,0,0,0,0
130609,1,1,13,13,13,13,13,13,13,13,13,13
130610,1,1,0,0,0,0,0,0,0,0,0,0
130610,2,1,0,0,0,0,0,0,0,0,0,0
130610,3,1,0,0,0,0,0,0,0,0,0,0
130611,1,1,0,0,0,0,0,0,0,0,0,0
130611,2,1,0,0,0,0,0,0,0,0,0,0
130611,3,1,0,0,0,0,0,0,0,0,0,0
130611,4,1,0,0,0,0,0,0,0,0,0,0
130612,1,1,0,0,0,0,17,0,8,0,0,0
130612,2,1,0,0,0,0,0,0,0,3,0,0
130613,0,1,0,0,0,28,0,0,0,0,0,0
130613,1,1,0,0,0,14,0,0,0,0,0,0
130615,1,1,0,0,0,0,0,0,0,0,0,0
130616,1,1,0,0,0,0,0,0,0,0,0,0
130616,2,1,0,0,0,0,0,0,0,0,0,0
130617,1,1,0,0,0,0,0,0,0,0,0,0
130617,2,1,0,0,0,0,0,0,0,0,0,0
130618,1,1,0,0,0,0,0,0,0,0,0,0
130618,2,1,0,0,0,0,0,0,0,0,0,0
130619,0,1,32,32,32,32,32,32,32,32,32,32
130619,1,1,0,0,0,0,0,0,0,0,0,0
130620,1,1,0,0,0,0,0,0,0,0,0,0
130620,2,1,0,0,0,0,0,0,0,0,0,0
130620,3,1,0,0,0,28,0,0,0,0,0,0
130621,1,1,3,3,3,3,3,3,3,3,3,3
130623,1,2,0,0,0,0,0,17,0,0,0,0
130623,2,1,0,0,0,0,0,0,0,0,0,0
130623,3,1,0,0,0,0,0,0,0,0,0,0
130624,1,1,0,17,0,0,0,0,0,0,0,0
130625,0,1,0,0,0,0,20,0,39,0,0,0
130625,1,1,5,0,54,21,0,23,0,5,14,0
130628,1,1,1,1,1,1,1,1,1,1,1,1
130628,2,1,0,0,0,0,0,0,0,0,0,0
130630,0,1,25,22,24,15,19,0,0,21,15,36
130630,1,1,0,0,0,0,0,0,0,0,0,0
130631,1,1,12,12,12,12,12,12,12,12,12,12
130631,2,2,0,0,0,0,0,0,0,0,0,0
130631,3,1,0,0,0,11,0,0,0,0,0,15
130632,1,1,0,0,0,0,4,15,0,0,0,20
130633,0,1,0,0,0,0,0,0,0,0,0,0
130633,1,1,0,0,0,0,0,0,0,0,0,0
130634,1,1,14,24,6,22,23,11,4,42,13,12
130634,2,1,0,0,0,0,0,0,0,0,0,0
130634,3,1,24,0,0,0,0,0,0,0,0,0
130636,1,1,0,0,0,0,0,0,0,0,0,0
130636,2,1,0,0,0,0,0,0,0,0,0,19
130636,3,1,0,0,0,0,0,0,0,0,0,0
130636,4,1,0,0,0,0,0,0,0,0,0,0
130637,1,1,0,0,0,0,0,0,15,0,0,0
130637,2,1,0,0,0,0,0,0,0,0,0,0
130638,1,1,0,0,9,0,0,0,0,0,23,14
130638,2,1,24,21,0,0,25,0,0,0,23,0
130639,1,1,0,0,0,0,12,24,0,0,0,0
130640,1,1,11,11,11,11,11,11,11,11,11,11
130641,1,1,0,0,0,0,0,0,0,0,0,7
130641,2,1,0,0,0,0,0,0,0,0,0,0
130642,1,1,12,14,0,0,0,19,17,2,0,0
130643,1,1,0,0,0,0,0,0,0,0,0,0
130643,2,1,0,0,0,0,0,0,0,0,0,0
130644,1,1,0,0,0,0,0,0,0,0,0,0
130645,1,1,0,0,0,0,0,0,0,0,0,0
130645,2,1,19,19,19,19,19,19,19,19,19,19
130646,1,1,17,17,17,17,17,17,17,17,17,17
130647,1,1,0,0,0,0,0,0,0,0,0,0
130647,2,1,0,0,0,0,0,0,0,0,0,0
130648,1,1,20,20,20,20,20,20,20,20,20,20
130648,2,1,0,0,0,0,0,0,0,0,0,0
130649,1,1,0,0,0,0,0,0,0,0,0,0
130649,2,1,0,0,0,0,12,0,0,14,0,0
130650,1,1,0,0,0,0,0,0,0,0,0,0
130650,2,1,0,0,0,0,0,0,0,0,0,0
130652,1,1,31,31,31,31,31,31,31,31,31,31
130653,1,1,25,25,25,25,25,25,25,25,25,25
130654,1,1,0,0,0,0,0,0,0,0,0,0
130654,2,1,0,0,0,0,0,0,0,0,0,0
130655,1,3,0,20,0,11,15,30,0,20,8,7
130656,1,1,0,0,0,0,0,0,13,13,0,0
130657,0,1,12,12,12,12,12,12,12,12,12,12
130657,1,1,0,0,0,0,0,0,0,0,0,0
130657,2,1,0,0,0,0,0,0,0,0,0,0
130658,1,1,0,0,0,0,0,0,0,0,0,0
130660,0,1,0,0,0,0,0,0,0,0,0,0
130660,1,1,0,0,0,10,8,4,0,0,13,0
130660,2,1,0,0,0,0,0,0,0,0,0,0
130661,1,1,0,0,0,0,0,0,0,0,0,0
130662,0,1,3,3,3,3,3,3,3,3,3,3
130662,1,1,0,0,0,0,0,0,0,0,0,0
130663,0,1,0,0,0,0,0,0,0,0,0,0
130663,1,1,0,0,0,0,0,0,0,0,0,0
130664,1,1,0,0,0,0,0,0,0,0,0,0
130664,2,1,0,7,0,0,0,0,0,0,0,0
130665,1,2,0,0,0,0,0,0,0,0,0,0
130665,2,1,0,0,0,0,0,0,0,0,0,0
130666,0,1,19,19,19,19,19,19,19,19,19,19
130666,1,1,0,0,0,0,0,0,0,0,0,0
130666,2,1,0,0,0,0,0,0,0,0,0,0
130667,1,2,0,0,0,0,0,0,0,0,0,0
130667,2,1,0,0,0,0,0,0,0,0,0,0
130669,1,1,0,0,0,0,0,0,0,0,0,0
130669,2,1,10,0,0,0,0,0,0,0,0,0
130670,1,2,0,0,0,15,0,0,0,0,0,0
130673,1,1,15,15,15,15,15,15,15,15,15,15
130675,1,1,5,5,5,5,5,5,5,5,5,5
130676,1,1,0,0,0,0,0,0,0,15,0,0
130677,0,1,8,8,8,8,8,8,8,8,8,8
130677,1,1,0,0,0,0,0,17,0,0,0,0
130678,0,1,19,0,0,0,13,0,0,0,0,0
130678,1,1,0,0,0,0,0,7,0,0,0,0
130679,1,1,0,0,0,0,0,0,0,0,0,0
130679,2,1,0,0,0,0,0,0,0,0,0,0
130680,1,1,0,0,0,0,0,0,0,0,0,0
130681,1,1,16,12,13,4,15,15,11,16,11,16
130682,1,1,0,0,0,0,0,0,0,0,0,0
130682,2,1,0,0,0,0,0,0,0,0,0,0
130683,0,1,0,0,0,20,0,0,0,0,0,0
130683,1,1,0,0,0,0,4,0,16,0,0,0
130684,1,1,0,0,0,0,0,0,0,0,0,0
130684,2,1,0,0,29,0,0,0,0,0,0,0
130685,1,1,0,10,0,0,0,0,0,0,0,0
130686,1,1,0,0,0,0,0,0,0,0,0,0
130686,2,1,0,0,0,0,0,0,0,0,0,0
130687,1,1,0,0,0,0,0,0,0,0,0,0
130688,1,1,0,0,0,0,0,0,0,0,0,0
130688,2,1,0,0,0,0,0,0,0,0,0,0
130689,1,1,0,0,0,0,0,0,0,0,0,0
130689,2,1,0,0,0,0,0,0,0,0,0,0
130690,1,4,0,22,16,0,0,0,0,0,0,0
130691,1,1,0,0,0,0,0,0,19,0,0,0
130692,0,1,0,0,14,0,0,0,0,0,28,0
130692,1,1,16,16,16,16,16,16,16,16,16,16
130693,0,1,9,0,0,0,0,0,0,0,0,0
130693,1,1,0,0,0,0,0,0,0,0,4,0
130694,1,1,31,0,0,24,0,0,31,36,0,0
130695,1,1,0,0,0,0,0,0,0,0,0,0
130696,1,1,15,15,15,15,15,15,15,15,15,15
130697,1,1,0,0,0,0,0,0,0,0,0,0
130697,2,1,0,0,0,0,0,0,0,0,0,0
130699,1,1,0,0,0,0,0,0,0,0,0,0
130700,1,1,0,0,16,0,0,0,0,15,0,0
130700,2,1,0,0,0,0,0,0,0,0,10,0
130701,0,1,0,0,0,0,0,0,0,0,0,0
130701,1,1,0,0,0,0,0,0,0,0,0,0
130702,1,1,0,33,9,0,0,0,0,0,0,0
130702,2,1,3,3,3,3,3,3,3,3,3,3
130703,1,1,0,15,0,0,0,0,0,0,0,0
130703,2,1,0,0,0,6,15,0,0,0,0,0
130704,1,1,0,0,0,0,0,0,0,0,0,0
130704,2,1,0,0,0,0,0,0,0,0,0,0
130705,1,1,0,0,0,0,0,0,0,0,0,0
130706,1,1,0,0,0,22,0,23,9,0,0,0
130707,0,1,0,0,0,0,0,0,0,0,0,0
130707,1,1,0,0,0,0,0,0,0,0,0,0
130708,0,1,0,0,0,0,0,0,0,0,0,0
130708,1,1,0,0,0,0,0,0,0,0,0,5
130709,1,1,26,26,26,26,26,26,26,26,26,26
130710,1,1,31,31,31,31,31,31,31,31,31,31
130711,1,1,17,21,5,13,31,6,0,0,8,7
130712,1,1,0,0,0,9,0,0,0,0,0,4
130712,2,1,0,0,0,0,0,0,0,0,0,0
130713,0,1,0,0,0,0,0,0,0,0,0,0
130713,1,1,0,0,0,0,0,0,0,0,11,0
130714,1,1,18,18,18,18,18,18,18,18,18,18
130714,2,1,28,28,28,28,28,28,28,28,28,28
130715,1,1,0,0,0,0,0,0,0,0,0,0
130715,2,1,15,15,15,15,15,15,15,15,15,15
130716,1,1,0,20,16,0,0,0,42,17,0,23
130717,1,1,0,0,0,0,0,0,0,0,0,0
130717,2,1,0,0,0,0,0,0,0,0,0,0
130718,1,1,0,0,0,0,0,0,0,0,0,0
130719,1,1,0,0,0,0,0,0,0,0,0,0
130719,2,1,0,0,0,0,0,0,0,0,0,0
130719,3,1,0,0,0,0,0,0,0,0,0,0
130720,1,1,5,5,5,5,5,5,5,5,5,5
130720,2,1,0,0,0,0,0,0,13,0,0,11
130721,0,1,0,0,0,0,0,0,0,0,0,0
130721,1,1,0,0,13,0,0,0,0,6,0,0
130722,1,1,0,0,0,0,0,0,0,0,0,0
130722,2,1,0,0,0,0,0,0,0,0,0,0
130723,0,1,4,4,4,4,4,4,4,4,4,4
130723,1,1,16,16,16,16,16,16,16,16,16,16
130724,1,1,0,0,0,0,0,0,0,0,0,0
130724,2,1,0,0,0,0,0,0,0,0,0,0
130725,1,1,31,0,19,0,0,0,0,0,0,0
130725,2,1,0,0,0,0,0,0,0,0,0,0
130726,0,1,0,0,0,0,0,0,0,0,0,0
130726,1,1,0,0,0,0,0,0,0,0,0,0
130727,0,1,8,8,8,8,8,8,8,8,8,8
130727,1,1,0,0,0,0,0,0,0,0,0,0
130728,1,1,0,0,0,0,0,0,0,0,0,0
130729,1,1,13,13,13,13,13,13,13,13,13,13
130730,1,1,0,0,0,0,0,0,0,0,0,0
130731,1,1,0,6,0,0,0,4,0,0,25,0
130731,2,1,10,0,0,0,0,0,0,0,0,0
130732,1,1,33,33,33,33,33,33,33,33,33,33
130733,1,1,0,0,0,0,0,0,0,0,0,0
130734,1,1,0,0,0,0,0,0,8,0,0,0
130734,2,1,22,0,0,0,0,0,0,0,0,0
130735,1,1,0,0,0,0,0,0,0,0,0,0
130736,1,1,0,0,0,0,0,0,0,0,0,0
130737,1,1,0,0,7,0,0,27,0,0,0,0
130737,2,1,0,0,0,0,0,0,0,0,0,0
130738,0,1,29,29,29,29,29,29,29,29,29,29
130738,1,1,0,0,0,0,0,0,0,33,0,0
130739,1,1,0,0,0,0,0,0,0,0,0,0
130739,2,1,0,0,0,0,0,0,0,0,0,0
130740,1,1,4,0,5,0,0,16,0,13,17,11
130740,2,1,0,0,0,0,0,0,0,0,0,0
130741,1,1,0,0,0,0,0,0,0,0,0,0
130741,2,1,0,0,0,0,0,0,0,0,0,0
130742,1,1,0,0,0,0,0,0,0,0,0,0
130742,2,1,0,0,0,0,0,0,0,0,0,0
130743,1,1,0,0,0,0,0,0,0,0,0,0
130743,2,1,0,0,0,0,0,0,0,0,0,0
130743,3,1,0,0,0,0,0,0,0,0,0,0
130744,1,1,0,0,0,0,0,0,0,0,0,0
130744,2,1,0,0,0,0,0,0,0,0,0,0
130745,1,1,7,7,7,7,7,7,7,7,7,7
130745,2,1,10,10,10,10,10,10,10,10,10,10
130745,3,1,0,0,0,18,0,0,0,39,0,0
130746,1,1,0,0,9,0,0,0,0,0,0,0
130746,2,1,0,0,0,0,0,0,0,0,0,0
130747,1,1,17,17,17,17,17,17,17,17,17,17
130748,1,1,0,0,0,0,0,0,0,0,0,0
130748,2,1,7,7,7,7,7,7,7,7,7,7
130749,1,1,0,13,13,8,0,0,0,0,0,12
130749,2,1,0,0,0,0,0,0,0,0,0,0
130750,1,1,0,22,24,0,0,0,26,0,0,14
130750,2,1,0,0,0,0,17,9,18,0,13,0
130751,1,1,0,0,15,0,0,26,0,0,0,24
130752,1,1,24,0,0,27,17,0,0,16,0,0
130753,1,1,0,0,0,0,0,0,0,0,0,0
130753,2,1,0,0,0,0,0,0,0,0,0,0
130753,3,1,0,0,0,0,0,0,0,0,0,0
130754,0,1,50,50,50,50,50,50,50,50,50,50
130754,1,1,0,0,0,0,0,0,0,0,0,0
130755,1,1,0,0,0,0,0,0,0,0,0,0
130756,1,1,0,0,0,0,0,0,0,0,0,0
130756,2,1,0,0,0,0,0,0,0,0,0,0
130757,1,1,35,35,35,35,35,35,35,35,35,35
130758,1,1,0,0,0,0,0,0,0,0,0,0
130758,2,1,0,0,0,0,0,0,0,0,0,0
130759,0,1,0,0,0,0,0,0,0,0,0,0
130759,1,1,0,5,0,18,0,0,0,0,0,0
130759,2,1,0,0,0,0,0,0,0,0,0,0
130760,1,1,0,0,25,0,0,0,0,0,0,0
130760,2,1,0,0,0,0,0,0,26,0,0,0
130760,3,1,0,0,0,0,0,0,0,0,0,0
130760,4,1,0,0,0,0,0,0,0,0,0,0
130761,0,1,0,0,23,23,0,11,0,8,0,0
130761,1,1,0,0,0,0,0,0,0,0,0,0
130762,0,1,0,0,0,0,13,0,0,0,0,0
130762,1,1,0,0,0,0,0,0,0,0,0,0
130764,1,1,21,21,21,21,21,21,21,21,21,21
130765,1,1,0,0,0,0,0,0,0,0,0,0
130766,1,1,0,0,0,0,0,0,38,0,0,0
130767,1,1,0,0,0,0,0,0,0,0,0,0
130768,1,1,0,0,0,0,0,0,0,0,0,0
130769,1,1,0,0,0,0,0,0,0,0,0,0
130769,2,1,0,0,0,0,0,0,0,0,0,0
130770,1,1,0,0,0,0,0,0,0,0,0,0
130771,1,1,13,13,13,13,13,13,13,13,13,13
130772,1,1,18,18,18,18,18,18,18,18,18,18
130773,1,1,0,0,0,0,0,0,0,0,0,0
130773,2,1,0,0,0,0,0,0,0,0,0,0
130774,0,1,0,0,0,21,0,0,0,0,0,25
130774,1,1,11,18,12,7,0,28,14,0,0,10
130775,1,1,0,0,0,0,0,0,0,0,0,0
130776,1,1,0,0,0,0,0,0,0,0,0,0
130776,2,1,0,0,0,0,0,0,0,0,0,0
130777,1,1,0,0,0,0,0,0,0,0,20,9
130777,2,1,0,0,0,0,0,0,0,0,0,0
130778,1,1,7,7,7,7,7,7,7,7,7,7
130778,2,1,0,0,0,0,0,0,0,0,0,0
130779,1,1,0,0,0,0,0,0,0,0,0,0
130779,2,1,0,0,0,0,0,0,0,0,0,0
130780,1,1,0,0,0,0,0,0,6,0,0,0
130781,1,1,0,0,0,0,0,0,0,0,0,0
130782,1,1,12,24,8,0,22,9,3,20,5,0
130783,1,1,0,0,0,0,0,0,0,0,0,0
130783,2,1,0,0,0,0,0,0,0,0,0,0
130784,1,1,0,0,0,0,0,0,0,9,0,0
130784,2,1,0,0,0,0,0,0,0,0,0,0
130784,3,1,0,0,0,0,0,0,0,0,0,0
130784,4,1,0,0,0,0,0,0,0,0,0,0
130785,1,1,0,0,7,14,13,0,0,0,0,0
130786,1,1,4,4,4,4,4,4,4,4,4,4
130786,2,1,0,0,0,0,0,0,4,0,0,0
130787,1,1,0,20,0,0,0,0,0,29,0,0
130787,2,1,0,0,0,0,0,0,0,0,0,0
130788,1,1,0,0,0,0,0,12,0,0,16,0
130788,2,1,0,0,0,0,0,0,0,0,20,0
130789,1,1,0,0,0,0,0,15,6,0,0,0
130789,2,1,0,0,0,0,0,0,0,0,0,0
130789,3,1,0,0,0,0,0,0,0,0,0,0
130789,4,1,0,0,0,0,0,0,0,0,0,0
130789,5,1,0,0,0,0,0,0,0,0,0,0
130789,6,1,0,0,0,0,0,0,0,0,0,0
130789,7,1,0,11,0,0,0,0,0,0,5,0
130790,0,1,63,12,15,0,0,0,23,0,0,0
130790,1,1,0,0,0,0,0,0,0,0,0,0
130791,1,1,20,0,0,0,0,0,12,0,0,0
130792,1,1,28,0,0,0,0,0,0,0,0,0
130792,2,1,0,0,0,0,0,0,0,0,0,0
130793,1,1,0,0,0,0,0,0,0,0,0,0
130793,2,1,0,0,0,0,0,0,0,0,0,0
130794,1,1,0,0,0,0,0,0,0,0,0,0
130794,2,1,0,0,0,0,0,0,0,0,0,0
130797,1,1,0,0,0,0,0,0,0,0,0,0
130798,1,1,0,0,0,0,0,31,0,0,0,30
130799,1,1,22,22,22,22,22,22,22,22,22,22
130799,2,1,0,0,0,0,19,0,0,0,0,0
130800,1,1,0,0,0,0,0,0,0,0,0,0
130800,2,1,0,0,0,0,0,0,0,0,0,0
130801,1,1,0,0,0,0,0,0,0,0,0,0
130802,1,1,21,21,21,21,21,21,21,21,21,21
130803,1,1,16,16,16,16,16,16,16,16,16,16
130804,0,1,31,0,18,0,0,18,0,0,0,0
130804,1,1,0,0,14,0,0,0,0,0,18,0
130805,1,1,0,0,2,0,0,0,0,0,0,0
130805,2,1,0,0,0,0,0,0,0,0,0,0
130806,1,1,0,0,0,0,0,0,0,0,0,0
130806,2,1,0,0,0,0,0,0,0,0,0,0
130808,1,1,18,14,0,0,0,23,0,34,0,14
130809,1,1,0,0,0,0,0,0,0,0,0,0
130810,0,1,14,0,28,3,0,0,0,0,10,13
130810,1,1,0,0,0,0,0,0,20,0,0,0
130811,1,1,0,0,0,0,0,0,0,0,0,0
130812,1,1,0,0,0,0,0,0,0,0,0,0
130812,2,1,0,0,0,0,0,0,0,0,0,0