ST_CASE,VEH_NO,PER_NO,P1,P2,P3,P4,P5,P6,P7,P8,P9,P10
130813,1,1,0,0,0,0,0,0,0,0,0,0
130813,2,1,0,0,0,0,0,0,0,0,0,0
130814,1,1,0,0,0,0,0,0,0,0,0,0
130814,2,1,0,0,0,0,0,0,0,0,0,0
130816,1,1,0,0,0,0,0,0,0,0,0,0
130816,2,1,0,0,0,0,0,0,0,0,0,0
130817,1,1,0,0,0,0,0,0,0,0,0,0
130817,2,1,0,0,0,0,0,22,0,0,0,0
130818,1,1,0,0,0,5,0,0,0,0,0,0
130818,2,1,0,0,0,0,0,0,0,0,0,0
130819,1,1,0,0,0,0,0,0,0,0,0,0
130819,2,1,0,0,0,0,0,0,9,0,0,0
130820,0,1,0,0,0,30,11,0,0,0,0,17
130820,0,2,0,0,0,0,0,0,4,23,0,0
130820,1,1,0,0,0,0,0,0,0,0,0,0
130821,1,1,15,15,15,15,15,15,15,15,15,15
130821,2,1,0,0,0,0,0,0,0,0,0,0
130822,1,1,0,0,0,0,13,0,0,0,0,0
130822,2,1,0,0,14,0,0,0,0,18,0,0
130823,1,1,0,0,0,0,0,0,0,0,0,0
130824,0,1,22,22,22,22,22,22,22,22,22,22
130824,1,1,0,0,0,0,0,0,0,0,0,0
130825,1,1,0,0,0,0,0,0,0,0,0,0
130825,2,1,0,0,0,0,0,0,0,0,0,0
130825,3,1,0,0,0,0,0,0,0,0,0,0
130826,1,1,0,0,0,0,0,0,0,0,0,0
130826,2,1,0,0,0,0,0,0,0,0,0,0
130827,1,1,18,18,18,18,18,18,18,18,18,18
130828,1,1,0,0,4,0,0,0,0,0,0,0
130829,1,1,33,33,33,33,33,33,33,33,33,33
130830,1,1,0,0,0,0,0,0,0,0,0,0
130830,2,1,0,0,0,0,0,0,0,0,0,0
130831,1,1,0,0,0,15,0,0,0,15,0,0
130832,0,1,0,0,0,0,0,0,0,0,0,0
130832,1,1,0,0,0,0,8,13,0,0,29,0
130833,1,1,10,16,17,0,0,0,16,0,0,0
130833,2,1,0,0,0,13,0,15,2,0,20,0
130834,0,1,25,0,28,0,0,26,0,0,0,34
130834,1,1,16,16,16,16,16,16,16,16,16,16
130835,1,1,37,37,37,37,37,37,37,37,37,37
130837,1,1,0,0,0,0,0,0,0,8,0,0
130838,1,1,0,0,0,0,0,0,0,0,0,0
130838,2,1,0,0,0,0,13,0,0,0,19,0
130839,1,1,0,0,0,0,0,0,0,0,0,0
130839,2,1,11,0,0,0,23,12,0,14,23,0
130840,1,1,0,0,0,0,0,0,0,0,0,0
130841,1,1,0,0,0,0,0,0,0,0,0,0
130841,2,1,0,0,0,0,10,0,0,0,0,0
130842,1,1,12,9,0,11,0,29,0,0,0,0
130842,2,1,5,5,5,5,5,5,5,5,5,5
130843,1,1,13,13,13,13,13,13,13,13,13,13
130843,2,1,0,0,0,0,0,0,0,0,0,0
130844,1,1,0,0,13,0,0,0,22,17,32,10
130845,0,1,0,0,0,0,0,0,0,0,0,0
130845,1,1,0,0,0,0,0,4,0,0,0,0
130847,1,1,18,14,19,4,43,12,13,9,15,19
130848,1,1,0,0,0,0,0,0,0,0,0,0
130849,1,1,0,0,0,0,0,0,0,0,0,0
130850,0,1,15,15,15,15,15,15,15,15,15,15
130850,1,1,0,0,0,0,0,0,0,0,0,0
130851,1,1,0,0,0,0,0,28,0,0,0,0
130851,2,1,0,0,10,0,0,0,0,0,0,0
130852,1,1,0,0,0,0,0,0,0,0,0,0
130852,2,1,0,0,0,0,0,0,0,0,0,0
130854,1,1,0,0,0,0,0,0,0,17,14,0
130855,1,1,0,18,10,0,19,0,11,0,0,20
130855,2,1,0,28,0,0,0,0,0,0,0,0
130856,1,1,0,0,0,0,0,0,0,0,0,0
130856,2,1,0,0,0,0,0,0,0,0,25,0
130858,1,1,0,0,0,0,0,0,0,0,0,0
130858,2,1,0,0,0,0,0,13,0,10,0,27
130859,0,1,0,0,0,0,0,0,0,0,0,0
130859,1,1,0,8,0,0,0,0,24,0,19,0
130860,1,1,3,3,3,3,3,3,3,3,3,3
130860,2,1,14,0,0,0,0,0,0,0,0,0
130861,1,1,0,0,0,0,0,0,0,0,0,0
130861,2,1,0,0,0,0,0,0,0,0,0,0
130862,1,1,11,11,11,11,11,11,11,11,11,11
130862,2,1,0,0,0,0,0,0,0,0,0,0
130863,1,1,15,15,15,15,15,15,15,15,15,15
130864,1,1,0,0,15,37,0,0,0,0,15,25
130865,1,1,16,16,16,16,16,16,16,16,16,16
130866,1,1,0,0,0,0,0,0,2,0,10,0
130866,2,1,0,0,0,0,0,0,0,1,0,0
130867,1,1,0,0,0,16,0,0,18,0,32,0
130868,1,1,0,0,0,0,0,0,0,0,0,0
130869,0,1,18,0,0,0,0,0,0,0,0,0
130869,2,1,0,0,0,0,0,0,0,0,0,14
130870,1,1,18,18,18,18,18,18,18,18,18,18
130871,1,1,0,16,0,7,23,21,2,10,17,0
130872,1,1,37,0,0,0,0,0,0,0,0,0
130872,2,1,0,0,0,0,0,0,4,0,0,0
130873,0,1,26,0,0,0,0,0,0,0,0,0
130873,1,1,0,0,0,0,0,0,0,0,0,0
130874,1,1,0,0,0,0,0,0,0,0,0,0
130874,2,1,0,28,0,0,0,0,0,0,0,6
130874,3,1,0,0,0,0,0,0,0,0,0,0
130874,4,1,0,0,0,0,0,0,0,0,0,0
130874,5,1,0,0,0,0,0,0,0,0,0,0
130875,1,1,0,0,0,0,17,0,0,0,0,0
130875,2,1,0,0,0,0,14,0,0,0,0,0
130876,0,1,0,0,26,0,0,0,0,19,0,0
130876,1,1,0,0,0,0,0,0,0,0,0,0
130877,1,1,4,4,4,4,4,4,4,4,4,4
130877,2,1,0,0,0,0,0,0,0,0,29,0
130877,3,1,0,11,29,0,12,0,13,0,17,0
130877,4,1,0,0,0,0,0,0,0,0,0,0
130878,1,1,0,0,0,0,0,0,0,0,0,0
130879,1,1,15,15,15,15,15,15,15,15,15,15
130880,1,1,0,0,0,0,0,0,0,0,0,0
130880,2,1,0,0,0,0,0,0,0,0,0,0
130881,1,1,0,0,0,0,0,0,0,9,0,0
130881,2,1,0,0,0,0,0,0,0,0,0,0
130882,1,1,0,0,0,0,0,0,0,0,0,0
130882,2,1,0,0,0,0,0,0,0,0,0,0
130883,0,1,23,0,0,17,15,0,21,0,26,0
130883,1,1,0,0,0,0,0,0,0,0,0,0
130884,1,1,27,27,27,27,27,27,27,27,27,27
130885,1,1,0,26,21,0,0,0,21,0,0,0
130886,1,1,0,11,0,9,14,0,2,0,29,0
130887,1,1,0,0,0,22,0,25,0,11,31,31
130888,1,1,0,0,0,0,0,0,0,0,0,0
130888,2,1,10,22,13,0,25,0,0,0,0,29
130889,1,1,0,0,0,0,0,0,0,0,0,0
130889,2,1,0,0,0,0,0,0,0,0,0,0
130890,1,1,0,10,21,17,8,0,0,11,24,0
130890,2,1,12,0,0,0,0,0,0,5,0,0
130891,1,1,0,0,17,0,0,0,0,0,0,18
130893,1,1,0,0,0,0,0,0,0,0,0,16
130894,1,1,21,21,21,21,21,21,21,21,21,21
130895,1,1,23,16,0,19,0,0,26,0,19,22
130895,2,1,0,0,0,0,0,0,0,0,0,0
130896,0,1,0,0,16,0,0,0,0,0,0,34
130896,1,1,0,0,0,0,0,0,0,11,0,0
130897,1,1,0,0,0,0,0,0,0,0,0,0
130897,2,1,0,0,0,0,0,0,0,0,16,12
130898,1,1,0,0,0,0,0,0,0,0,0,0
130898,2,1,0,0,0,0,0,0,0,0,0,0
130898,3,1,0,0,0,0,0,0,0,0,0,0
130898,4,1,0,0,0,0,0,0,0,0,0,0
130898,5,1,0,0,0,0,0,0,0,0,0,0
130898,6,1,0,0,0,0,0,0,0,0,0,0
130899,1,1,0,0,0,0,0,0,0,0,0,0
130899,2,1,0,0,0,0,0,0,0,0,0,0
130900,1,1,20,20,20,20,20,20,20,20,20,20
130901,1,1,21,10,12,24,6,11,14,26,23,17
130901,2,1,11,0,0,0,0,0,0,0,0,0
130902,1,1,0,0,21,0,0,0,0,0,0,23
130902,2,1,0,0,0,0,0,0,0,0,0,0
130903,0,1,0,0,0,0,0,0,0,0,0,0
130903,0,2,0,0,0,0,0,0,0,0,0,0
130903,1,1,0,0,0,0,0,0,0,0,0,0
130904,1,1,0,0,0,0,0,0,0,0,0,0
130904,2,1,0,0,0,0,0,0,0,0,0,0
130905,0,1,25,25,25,25,25,25,25,25,25,25
130905,1,1,0,0,0,0,0,0,0,0,0,21
130906,1,1,0,0,0,0,0,0,0,0,0,0
130907,1,1,0,0,0,0,0,0,0,0,0,0
130907,2,1,9,0,0,0,0,13,0,0,22,0
130908,1,1,0,0,0,0,0,0,0,0,0,0
130908,2,1,16,0,0,0,0,0,0,7,3,0
130908,3,1,0,0,0,0,0,0,0,0,0,0
130910,1,1,0,0,0,6,0,0,5,10,12,0
130910,2,1,0,0,0,0,0,0,0,0,0,0
130910,3,1,3,3,3,3,3,3,3,3,3,3
130912,1,1,0,0,0,0,19,4,11,0,0,0
130912,2,1,15,0,0,0,0,0,0,4,20,0
130913,1,1,17,17,17,17,17,17,17,17,17,17
130914,1,1,13,0,0,0,0,0,0,0,0,0
130914,2,1,0,0,26,0,0,0,0,0,0,0
130915,1,1,0,0,0,0,13,30,0,12,0,0
130916,1,1,9,31,22,12,14,27,6,21,19,11
130917,1,1,0,0,0,0,0,0,0,0,0,0
130917,2,1,0,0,0,0,0,0,0,0,0,0
130917,3,1,0,0,0,0,0,0,0,0,0,0
130917,4,1,11,0,0,0,0,0,13,0,0,0
130917,5,1,0,0,0,0,0,4,0,0,0,0
130918,1,1,24,24,24,24,24,24,24,24,24,24
130919,1,1,0,0,0,0,0,0,0,0,0,0
130920,0,1,0,0,0,0,0,0,0,0,0,0
130920,1,1,0,0,0,0,0,0,0,0,0,0
130921,1,1,0,0,0,0,0,0,0,0,0,0
130922,1,1,0,0,0,0,0,0,0,0,0,9
130922,2,1,0,0,0,0,0,0,0,0,0,0
130922,3,1,0,0,0,0,0,0,0,0,0,0
130923,1,1,0,0,0,0,0,0,0,0,0,0
130924,1,1,2,2,2,2,2,2,2,2,2,2
130924,2,1,0,0,0,0,0,8,0,0,29,0
130925,1,1,0,0,0,0,27,0,0,0,0,21
130926,1,1,0,0,0,0,0,0,0,0,0,0
130926,2,1,0,0,0,15,0,0,0,0,0,0
130927,1,1,0,0,0,0,0,0,0,0,21,18
130927,2,1,0,0,0,0,0,0,0,0,0,0
130928,1,1,0,0,0,0,0,0,0,0,0,0
130928,2,1,10,16,13,13,0,0,14,10,0,5
130929,0,1,0,0,0,0,0,0,0,13,0,0
130929,1,1,0,0,0,0,0,0,0,0,0,0
130929,2,1,0,0,0,0,0,0,0,0,0,0
130930,1,1,9,9,9,9,9,9,9,9,9,9
130930,2,1,0,0,0,0,0,0,0,0,0,0
130931,1,1,0,0,0,0,0,0,0,0,0,0
130931,2,1,0,0,0,0,0,0,0,0,0,0
130932,1,1,15,15,15,15,15,15,15,15,15,15
130933,0,1,0,0,0,0,0,0,0,0,0,0
130933,1,1,0,17,0,0,0,0,0,0,0,0
130934,1,1,7,19,30,0,0,21,0,19,0,3
130935,1,1,20,20,20,20,20,20,20,20,20,20
130936,1,1,0,0,0,0,0,0,0,0,0,0
130936,2,1,0,0,0,0,0,0,0,0,0,0
130937,1,1,0,11,12,0,30,35,11,19,0,17
130938,0,1,0,0,0,0,0,0,0,0,0,0
130938,1,1,0,15,0,0,0,0,0,0,0,0
130939,1,1,0,0,0,17,14,23,17,0,0,10
130939,2,1,0,0,0,0,0,0,0,0,0,0
130940,1,1,0,0,0,0,0,0,0,0,0,0
130941,1,1,0,0,0,0,0,0,0,0,0,0
130942,0,1,15,30,18,36,17,37,14,6,21,20
130942,1,1,0,0,0,0,0,0,0,0,8,0
130943,0,1,0,0,0,0,0,0,0,0,0,0
130943,1,1,0,0,0,0,0,0,0,0,0,0
130944,1,1,0,0,0,0,0,0,0,0,0,0
130945,1,1,0,0,0,0,0,0,0,0,0,0
130946,1,1,2,2,2,2,2,2,2,2,2,2
130947,1,1,0,0,0,0,0,0,0,0,0,0
130948,1,1,28,0,6,38,0,0,5,0,0,0
130949,1,1,0,0,22,21,0,0,0,0,0,0
130950,1,1,16,16,16,16,16,16,16,16,16,16
130951,1,1,0,0,0,28,16,0,0,24,0,19
130951,2,1,0,0,0,0,0,0,0,0,0,0
130952,1,1,0,0,0,0,0,0,0,0,0,0
130952,2,1,0,0,0,0,0,0,0,0,0,0
130953,1,1,0,0,0,0,0,0,0,0,0,0
130953,2,1,0,0,0,0,0,0,0,0,0,0
130954,0,1,0,0,0,6,0,31,0,0,0,0
130954,1,1,0,24,16,0,0,0,0,0,27,12
130955,1,1,0,0,0,0,0,0,0,0,0,0
130955,2,1,0,0,0,0,0,0,0,0,0,0
130956,1,1,0,0,0,0,0,0,0,0,0,0
130956,2,1,0,0,0,0,0,0,0,0,0,0
130957,1,1,0,0,0,0,0,0,0,0,0,0
130958,1,1,0,12,0,0,11,14,0,25,0,0
130959,1,1,26,0,0,0,0,0,0,0,0,0
130959,2,1,0,0,0,0,0,0,0,0,0,0
130960,1,1,21,21,21,21,21,21,21,21,21,21
130961,1,1,6,6,6,6,6,6,6,6,6,6
130962,0,1,7,7,7,7,7,7,7,7,7,7
130962,1,1,0,0,0,0,11,0,0,0,0,0
130963,1,1,0,0,0,0,0,0,0,0,0,0
130963,2,1,0,0,0,0,0,0,0,0,0,0
130964,1,1,0,0,0,0,0,0,0,0,0,0
130964,2,1,0,0,0,0,0,0,0,0,0,0
130965,1,1,0,0,0,0,0,0,0,0,0,0
130965,2,1,0,0,0,0,0,0,0,0,0,0
130966,1,1,0,0,0,0,0,0,0,0,0,0
130966,2,1,0,0,0,0,0,0,0,0,0,0
130967,1,1,0,0,0,0,0,0,0,0,0,0
130967,2,1,0,0,0,0,0,0,0,0,0,0
130968,0,1,0,0,0,0,0,0,0,0,0,0
130968,0,2,21,0,0,0,16,0,75,0,0,0
130968,0,3,0,0,0,0,0,15,0,0,0,12
130968,1,1,0,0,0,0,0,0,0,0,0,0
130969,1,1,19,19,19,19,19,19,19,19,19,19
130970,1,1,0,0,19,12,0,16,0,0,12,21
130971,1,1,0,0,0,10,0,0,0,0,19,0
130972,1,1,40,40,40,40,40,40,40,40,40,40
130973,1,1,0,0,0,0,0,0,0,0,0,0
130973,2,1,0,0,0,0,0,0,0,0,0,0
130974,0,1,10,10,10,10,10,10,10,10,10,10
130974,1,1,0,0,0,0,0,26,0,0,0,0
130974,2,1,0,4,0,0,0,13,0,0,7,0
130975,0,1,11,11,11,11,11,11,11,11,11,11
130975,1,1,0,0,0,0,0,0,0,10,0,0
130976,1,1,0,0,8,17,0,14,0,0,0,0
130977,1,1,0,0,0,0,0,0,0,0,0,0
130978,1,1,18,0,0,0,0,0,0,0,21,0
130979,0,1,0,0,0,0,0,13,0,0,0,0
130979,1,1,0,0,0,0,11,0,14,0,24,0
130980,1,1,0,0,14,28,13,0,14,0,20,21
130981,0,1,23,17,0,52,11,0,0,0,0,20
130981,1,1,0,18,28,0,15,22,0,0,0,0
130982,1,1,7,0,0,0,0,0,0,0,0,13
130983,1,1,0,0,0,0,0,0,0,0,0,0
130983,2,1,0,0,0,0,0,0,0,0,0,0
130984,1,1,16,0,19,0,25,7,24,0,0,18
130984,2,1,0,0,0,0,0,0,0,0,0,0
130984,3,1,0,0,0,0,0,0,0,0,0,0
130985,1,1,7,25,21,2,0,29,15,23,9,25
130986,1,1,6,6,6,6,6,6,6,6,6,6
130987,1,1,0,0,0,0,0,0,0,0,0,0
130987,2,1,0,0,0,0,0,0,0,0,0,0
130988,1,1,0,10,0,0,21,0,0,25,0,27
130988,2,1,0,0,0,23,0,0,0,0,15,0
130989,1,1,0,0,0,0,0,0,0,0,0,0
130989,2,1,0,0,0,0,0,0,0,0,0,0
130990,1,1,0,0,0,0,0,0,0,0,0,0
130990,2,1,0,22,0,0,0,0,0,0,0,15
130991,1,1,0,0,0,0,0,0,0,0,0,0
130992,1,1,1,1,1,1,1,1,1,1,1,1
130992,2,1,0,0,0,0,0,0,0,0,0,0
130993,1,1,0,0,0,0,22,0,0,0,0,0
130994,1,3,0,0,0,0,0,0,0,0,0,0
130995,1,1,0,0,0,0,0,8,0,0,0,0
130995,2,1,0,0,0,0,0,0,0,0,0,0
130996,1,1,0,0,0,0,0,0,0,0,0,0
130997,1,1,0,0,0,30,0,0,0,0,0,16
130997,2,1,0,0,0,0,0,7,0,0,0,0
130998,1,1,6,26,0,0,13,0,0,15,0,0
130999,1,1,0,0,0,0,0,0,0,0,0,0
130999,2,1,0,0,0,12,0,0,10,0,0,12
131000,1,1,0,0,0,0,0,0,0,0,0,0
131000,2,1,0,0,0,0,0,0,0,0,0,0
131001,1,1,0,0,0,0,0,0,0,0,0,0
131002,0,1,0,0,0,0,0,0,0,0,0,0
131002,1,1,0,0,15,0,0,0,19,0,0,0
131003,1,1,5,5,5,5,5,5,5,5,5,5
131003,2,1,0,0,0,0,0,0,0,0,0,0
131003,3,1,0,0,0,0,0,0,0,0,0,0
131004,1,1,0,0,0,0,0,0,0,0,0,0
131004,2,1,0,0,0,0,0,0,0,0,0,0
131005,1,1,32,0,22,15,0,24,0,0,18,28
131006,0,1,0,0,0,0,0,0,0,0,0,0
131006,1,1,0,12,14,0,18,0,0,0,0,0
131007,1,1,0,0,0,0,0,0,0,0,0,0
131009,1,1,12,20,16,0,16,15,13,20,5,20
131010,1,1,0,0,19,0,17,0,0,0,0,0
131010,2,1,0,0,0,0,0,0,0,0,0,0
131010,3,1,0,0,0,0,0,0,0,0,0,0
131010,4,1,0,0,0,0,0,0,0,0,0,0
131010,5,1,0,18,0,0,13,0,0,0,0,0
131010,6,1,0,0,0,0,0,0,0,0,0,0
131011,1,1,13,13,13,13,13,13,13,13,13,13
131012,1,1,0,0,0,0,0,0,0,0,0,0
131014,1,1,0,0,18,16,0,0,0,0,12,0
131015,1,1,0,0,0,0,0,0,0,0,0,0
131015,2,1,0,0,0,0,0,0,0,0,0,0
131015,3,1,0,0,0,0,0,0,0,0,0,0
131016,1,1,0,24,29,16,20,10,0,0,18,14
131016,2,1,0,0,0,0,0,0,0,0,0,0
131016,3,1,0,0,0,0,0,0,25,0,0,0
131018,1,1,0,13,31,0,0,25,11,0,12,0
131019,1,1,20,20,20,20,20,20,20,20,20,20
131020,1,1,0,0,0,0,0,0,0,0,0,0
131021,1,1,0,0,0,0,0,0,0,0,0,0
131021,2,1,0,0,0,0,0,0,0,0,0,0
131021,3,1,0,0,0,0,0,0,0,0,0,0
131022,1,1,0,0,0,0,0,0,0,0,0,0
131023,1,1,0,0,17,0,0,0,0,0,0,0
131023,2,1,0,0,0,0,0,0,0,0,0,0
131024,0,1,0,0,0,0,0,0,0,0,0,0
131024,1,1,0,0,0,0,0,0,0,0,0,0
131025,0,1,0,0,0,0,0,0,0,0,0,0
131025,1,1,0,0,0,0,0,0,0,0,0,0
131026,1,1,0,0,25,0,14,0,18,20,0,10
131027,0,1,0,0,16,0,0,0,0,33,0,20
131027,1,1,0,17,0,0,0,0,9,9,0,0
131027,2,1,0,0,0,0,0,0,0,0,0,0
131028,1,1,0,0,0,0,0,0,13,0,0,0
131028,2,1,0,0,0,0,0,0,0,0,0,0
131029,1,1,0,0,0,0,0,0,0,0,0,0
131029,2,1,0,0,0,0,0,0,0,0,0,0
131030,1,1,0,0,0,0,0,0,0,0,0,0
131030,2,1,0,0,0,0,0,0,0,0,0,0
131031,1,1,0,0,0,0,0,0,0,0,0,0
131031,2,1,0,0,0,0,0,0,0,0,0,0
131032,1,1,0,0,0,0,0,0,0,0,0,0
131032,2,1,0,0,0,0,0,0,0,0,0,0
131033,1,1,17,17,17,17,17,17,17,17,17,17
131034,1,1,8,0,0,0,0,0,27,15,0,0
131034,2,1,0,0,0,0,0,0,0,0,0,0
131035,1,1,32,32,32,32,32,32,32,32,32,32
131035,2,1,0,0,0,0,0,0,0,0,0,0
131036,1,1,10,11,14,0,0,0,0,14,7,0
131036,2,1,34,0,15,0,0,0,0,0,0,0
131036,3,1,0,0,0,0,0,0,0,0,0,0
131037,1,1,0,0,0,0,0,0,0,0,0,0
131037,2,1,0,0,0,0,0,0,0,0,0,16
131038,1,1,11,11,11,11,11,11,11,11,11,11
131040,1,1,0,0,0,0,0,0,0,0,0,0
131040,2,1,0,0,0,0,0,0,0,0,8,0
131041,1,1,0,0,0,0,0,0,0,10,0,0
131042,0,1,0,0,0,0,0,0,0,0,0,0
131042,1,1,0,0,0,0,0,0,0,0,0,0
131043,1,1,0,0,0,15,0,0,0,0,0,0
131043,2,1,37,7,0,0,0,0,0,0,22,12
131043,3,1,15,0,0,0,0,0,0,0,0,20
131044,1,1,0,0,0,0,0,0,0,0,0,0
131044,2,1,0,0,0,0,0,0,0,0,0,0
131045,1,1,0,0,32,0,18,15,0,19,15,0
131046,1,1,26,0,0,13,18,0,0,10,0,0
131047,1,1,0,0,0,0,26,0,0,0,0,24
131047,2,1,0,0,35,0,0,10,0,10,21,0
131048,1,1,0,0,0,0,0,0,0,22,0,0
131048,2,1,0,0,0,0,0,0,0,0,0,0
131049,0,1,33,33,33,33,33,33,33,33,33,33
131049,1,1,7,7,7,7,7,7,7,7,7,7
131050,1,1,0,0,0,0,0,0,0,0,0,0
131051,1,1,0,0,0,0,42,15,0,0,7,0
131052,1,1,0,0,0,0,0,0,0,0,0,0
131052,2,1,0,0,0,0,0,0,0,0,0,0
131053,1,1,33,33,33,33,33,33,33,33,33,33
131054,0,1,0,0,0,0,0,0,0,0,0,0
131054,1,1,0,0,0,0,0,0,0,0,0,0
131054,2,1,0,0,0,0,0,0,0,0,0,0
131055,1,1,0,0,0,0,0,0,0,0,0,0
131055,2,1,0,0,0,0,0,0,0,0,0,0
131056,1,1,0,0,0,10,0,0,0,27,0,0
131057,0,1,0,0,0,12,0,0,0,0,0,0
131057,1,1,0,0,0,0,0,0,0,0,0,0
131058,1,1,0,0,0,0,0,0,0,0,0,0
131058,2,1,0,0,0,0,0,0,0,0,0,0
131059,1,1,0,0,0,0,0,0,0,0,0,0
131059,2,1,0,0,0,0,0,0,0,0,0,0
131060,1,1,0,0,0,0,0,0,0,0,0,28
131060,2,1,0,0,0,0,0,0,0,0,0,0
131062,1,1,0,0,0,0,9,0,26,0,8,0
131062,2,1,0,0,0,0,0,0,0,0,0,0
131063,1,1,0,0,0,6,0,0,0,0,0,0
131063,2,1,0,0,0,0,0,0,0,0,0,0
131064,1,1,15,0,0,0,0,0,0,0,0,0
131064,2,1,0,0,0,0,0,0,0,0,0,0
131065,1,1,0,0,0,0,0,0,0,0,0,0
131066,1,1,26,0,0,0,0,0,0,0,0,0
131067,1,1,0,0,0,0,0,0,4,13,17,4
131067,2,1,28,14,16,0,13,0,0,32,0,12
131067,3,1,0,0,0,0,0,0,0,0,0,0
131067,4,1,0,0,0,0,0,0,0,0,0,0
131068,0,1,22,17,15,18,0,18,11,0,38,0
131068,1,1,0,0,0,0,0,0,0,0,0,0
131069,1,1,0,20,0,0,0,0,21,8,0,0
131069,2,1,0,0,0,5,0,0,0,0,0,0
131070,1,1,0,0,0,7,0,0,0,0,0,0
131070,2,1,0,0,0,0,0,0,0,0,0,0
131071,1,1,0,0,0,0,0,0,0,0,0,0
131071,2,1,27,0,0,17,35,0,0,0,0,0
131072,1,1,0,0,0,0,0,0,0,0,0,22
131072,2,1,0,0,0,0,0,13,0,0,0,0
131073,1,1,0,0,0,0,0,0,0,0,0,0
131073,2,1,0,0,0,0,0,0,0,0,0,0
131074,1,1,0,0,0,0,0,0,0,0,0,0
131074,2,1,0,0,0,0,0,0,0,0,0,0
131075,1,1,0,0,0,0,0,0,0,0,0,0
131076,0,1,0,0,0,0,0,0,0,0,0,0
131076,1,1,13,0,0,20,11,12,0,0,5,11
131077,1,1,0,0,15,0,0,0,0,0,0,0
131078,1,1,0,0,0,0,17,0,0,0,0,0
131079,1,1,0,19,0,0,0,13,0,15,25,0
131081,1,1,24,24,24,24,24,24,24,24,24,24
131082,0,1,0,0,0,0,0,0,35,17,14,0
131082,1,1,0,0,0,0,15,29,0,0,0,0
131083,1,1,0,0,0,0,0,0,0,0,0,0
131084,1,1,0,0,0,0,0,0,0,0,0,0
131084,2,1,10,0,26,0,0,0,0,22,27,0
131085,1,1,0,0,0,0,0,0,0,0,0,0
131085,2,1,0,0,0,0,0,0,0,0,20,0
131086,1,1,0,0,0,0,0,0,0,0,0,0
131086,2,1,0,0,0,0,0,0,0,0,0,0
131087,1,1,0,0,0,0,0,0,0,0,0,0
131087,2,1,0,0,0,0,0,0,0,0,0,0
131087,3,1,9,10,0,0,0,7,27,7,0,0
131088,1,1,0,0,0,0,0,0,0,0,0,0
131088,2,1,0,0,0,0,0,0,0,0,0,0
131089,1,1,0,13,0,0,0,0,0,0,31,0
131089,2,1,16,11,8,23,0,0,7,14,33,0
131090,0,1,0,0,0,0,0,0,0,0,0,0
131090,1,1,0,0,0,0,0,0,0,0,4,0
131091,1,1,0,0,0,0,0,0,0,0,0,0
131091,2,1,6,6,6,6,6,6,6,6,6,6
131091,3,1,0,0,0,0,0,0,0,0,0,0
131092,1,1,0,0,0,0,0,0,0,0,0,0
131093,1,1,0,0,0,0,0,0,0,0,0,0
131093,2,1,0,0,0,0,0,0,0,0,0,0
131094,1,1,0,0,0,0,0,0,0,0,0,0
131094,2,2,0,0,0,0,21,0,0,0,11,0
131095,1,1,19,0,0,6,0,11,17,0,0,27
131095,2,1,0,0,0,0,0,0,0,0,0,0
131095,3,1,0,0,0,0,0,0,0,0,0,0
131096,1,1,0,11,0,16,0,0,13,16,0,10
131097,1,1,14,0,9,0,0,23,0,0,0,15
131097,2,1,0,0,0,0,0,0,0,0,0,5
131098,1,1,10,10,10,10,10,10,10,10,10,10
131099,0,1,0,0,0,0,0,4,0,0,0,0
131099,1,1,0,12,0,0,0,0,0,0,0,11
131101,1,1,17,9,16,25,14,12,16,24,24,13
131102,1,1,18,18,18,18,18,18,18,18,18,18
131102,2,1,0,0,0,0,0,0,0,0,0,0
131103,1,1,0,0,0,4,0,0,0,0,16,0
131103,2,1,0,0,0,0,0,10,0,25,0,0
131104,1,1,30,26,0,3,0,22,0,15,0,17
131104,2,1,3,0,0,0,0,0,7,0,0,0
131104,3,1,0,0,0,0,0,0,0,0,0,0
131105,1,1,29,29,29,29,29,29,29,29,29,29
131106,1,1,0,0,0,0,0,0,0,0,0,0
131107,1,1,0,0,0,0,0,0,0,0,0,0
131107,2,1,0,14,0,27,0,0,0,0,6,0
131107,3,1,0,0,18,0,0,0,0,0,0,0
131108,0,1,0,0,0,0,0,0,0,0,0,0
131108,1,1,0,0,0,13,0,0,0,0,0,0
131109,1,1,0,0,0,0,0,0,0,0,0,0
131109,2,1,0,0,0,0,0,0,0,0,0,0
131109,3,1,0,0,0,0,0,0,0,0,0,0
131110,1,1,0,0,0,0,0,0,0,0,0,0
131110,2,1,0,0,0,0,0,0,0,0,0,0
131111,1,1,4,4,4,4,4,4,4,4,4,4
131111,2,1,0,0,0,0,0,0,0,0,0,0
131112,1,1,0,0,0,25,0,0,23,0,0,22
131113,1,1,0,0,0,0,0,0,0,24,0,0
131113,2,1,0,0,0,0,0,0,0,0,0,0
131114,1,1,16,16,16,16,16,16,16,16,16,16
131115,1,1,13,13,13,13,13,13,13,13,13,13
131115,2,1,0,0,0,0,0,0,0,0,0,0
131116,0,1,19,0,28,15,0,0,0,0,0,0
131116,1,1,0,0,0,0,0,19,0,0,0,0
131117,1,1,3,3,3,3,3,3,3,3,3,3
131118,1,1,34,0,0,0,0,0,0,0,0,21
131119,0,1,0,0,0,0,0,0,0,0,0,0
131119,1,1,0,0,0,0,0,0,0,0,0,0
131120,1,1,0,0,0,0,39,0,6,0,0,18
131121,1,1,0,0,0,0,0,0,0,0,0,0