ST_CASE,VEH_NO,PER_NO,P1,P2,P3,P4,P5,P6,P7,P8,P9,P10
170228,1,1,0,0,0,0,0,0,0,0,0,0
170228,2,1,0,0,0,0,0,0,0,0,0,0
170228,3,1,0,0,0,0,0,0,0,0,0,0
170228,4,1,10,0,0,0,0,0,0,0,0,0
170229,1,1,0,0,0,0,0,0,0,0,34,0
170230,0,1,0,16,38,25,47,12,6,52,13,0
170230,1,1,0,0,0,0,0,20,0,0,0,0
170231,1,1,29,29,29,29,29,29,29,29,29,29
170232,1,1,0,0,0,0,0,0,0,0,0,0
170232,2,1,0,0,0,0,0,0,0,0,0,0
170233,1,1,13,27,35,11,11,39,21,4,18,18
170233,2,1,0,0,16,24,0,0,0,17,22,0
170234,1,1,0,0,0,0,0,0,0,0,0,0
170234,2,1,0,24,9,0,0,7,26,19,17,0
170235,1,1,0,27,0,24,29,0,0,42,24,0
170235,2,1,0,0,0,0,0,25,0,0,0,0
170236,1,1,11,11,3,0,0,11,14,25,5,23
170236,2,1,0,7,14,0,0,0,7,0,9,0
170237,1,1,0,12,0,11,23,0,0,16,21,13
170238,1,1,0,0,0,0,0,0,0,0,0,0
170238,2,1,0,0,0,0,0,0,0,0,0,0
170239,1,1,16,0,16,0,18,0,0,0,0,0
170239,2,1,0,0,0,0,0,6,0,0,0,0
170240,1,1,0,0,0,0,0,0,19,11,0,0
170240,2,1,0,0,0,0,0,7,0,0,0,0
170241,1,1,18,18,18,18,18,18,18,18,18,18
170242,1,1,0,0,0,0,0,0,0,0,0,0
170242,2,1,24,24,24,24,24,24,24,24,24,24
170243,0,1,0,0,0,0,0,0,0,0,0,0
170243,1,1,0,0,0,0,0,0,0,0,0,0
170244,0,1,0,0,0,19,0,0,0,17,0,10
170244,2,1,17,17,17,17,17,17,17,17,17,17
170245,1,1,16,16,16,16,16,16,16,16,16,16
170246,1,1,0,0,0,0,0,0,0,0,0,0
170246,2,1,0,0,0,0,0,0,0,0,0,0
170246,3,1,0,0,0,0,0,0,0,0,0,0
170247,1,1,4,4,4,4,4,4,4,4,4,4
170248,0,1,0,0,0,0,0,0,0,0,0,0
170248,1,1,0,0,0,0,0,0,0,0,0,0
170249,1,1,5,8,35,14,11,18,9,17,12,34
170250,1,1,0,22,26,15,20,11,10,13,16,0
170250,2,1,0,0,0,0,0,0,0,0,0,0
170251,0,1,0,0,0,19,0,0,0,0,0,0
170251,1,1,0,0,0,0,0,0,0,0,0,0
170252,0,1,0,0,0,0,0,0,0,0,0,0
170252,0,2,0,0,0,0,0,0,24,0,0,12
170252,1,1,0,0,0,0,0,0,0,0,0,0
170253,1,1,0,0,0,0,0,15,0,0,0,0
170253,2,1,0,0,0,0,0,0,0,0,0,0
170253,3,1,0,0,0,0,0,6,0,0,0,0
170253,4,1,0,0,0,0,16,0,0,0,0,0
170254,1,1,0,0,0,0,0,0,0,0,0,0
170255,1,1,0,0,0,0,0,0,0,0,0,0
170255,2,1,0,0,0,0,0,0,0,0,0,0
170256,0,1,0,0,14,30,0,0,0,35,11,17
170256,1,1,0,0,0,0,0,0,0,0,0,0
170257,1,1,27,0,19,0,0,0,0,26,0,0
170257,2,1,0,0,0,0,0,0,0,0,0,0
170258,0,1,0,0,0,0,0,0,0,0,0,0
170258,1,1,0,8,0,0,7,11,8,9,0,9
170259,1,1,0,0,4,0,0,0,0,0,0,0
170259,2,1,0,0,0,6,8,0,0,0,0,0
170259,3,1,0,0,0,0,0,0,0,0,0,0
170259,4,1,0,3,0,0,0,0,0,0,0,0
170260,1,1,0,0,0,0,0,0,17,9,0,0
170260,2,1,0,0,0,0,0,3,0,0,0,0
170261,1,1,17,17,17,17,17,17,17,17,17,17
170262,1,1,19,0,30,0,19,0,0,0,0,0
170262,2,1,0,12,25,0,0,0,0,15,0,13
170262,3,1,0,0,0,0,0,0,0,0,0,0
170263,1,1,0,0,7,0,0,0,0,0,0,0
170265,1,1,0,0,0,0,0,0,0,0,0,0
170265,2,1,0,0,0,0,0,0,0,0,0,0
170265,3,1,0,0,0,0,0,0,0,0,0,0
170265,4,1,0,0,0,0,0,0,0,0,0,0
170266,1,1,0,8,17,17,16,0,10,12,14,9
170267,1,1,0,19,0,4,0,9,15,8,0,11
170267,2,1,10,0,0,0,16,0,0,0,0,0
170268,1,1,18,18,18,18,18,18,18,18,18,18
170268,2,1,0,0,0,0,0,0,0,0,0,0
170269,1,1,0,0,0,0,0,0,0,0,0,0
170269,2,1,0,0,0,0,0,0,0,0,0,0
170270,0,1,0,0,0,0,0,0,0,0,0,0
170270,1,1,22,0,0,0,17,13,0,0,0,10
170271,1,1,0,0,0,0,0,0,0,0,0,0
170272,0,1,0,0,0,0,0,0,0,0,0,0
170272,1,1,0,0,0,0,0,0,0,0,0,0
170272,2,1,0,0,0,0,0,0,0,0,0,20
170273,1,1,20,20,20,20,20,20,20,20,20,20
170273,2,1,0,13,0,0,0,0,0,0,0,0
170273,3,1,0,0,0,0,0,0,0,0,0,0
170273,4,1,0,0,0,0,0,0,0,0,0,0
170273,5,1,0,0,0,0,0,0,0,0,0,0
170273,6,1,0,0,0,0,0,19,0,24,0,0
170274,1,1,0,0,0,0,0,0,0,0,0,0
170274,2,1,0,0,0,0,0,0,0,0,0,0
170275,1,1,9,9,9,9,9,9,9,9,9,9
170276,1,1,0,0,0,0,0,0,0,0,0,0
170277,1,1,0,0,0,0,0,0,0,0,0,0
170278,1,1,27,27,27,27,27,27,27,27,27,27
170279,1,1,0,0,0,0,30,0,0,0,0,19
170279,2,1,0,18,0,13,0,0,19,6,0,0
170280,1,1,0,0,0,0,0,0,0,0,9,0
170280,2,1,0,0,0,16,0,0,0,0,0,0
170281,1,1,0,0,0,0,0,0,0,0,0,0
170282,1,1,2,2,2,2,2,2,2,2,2,2
170282,2,1,23,23,23,23,23,23,23,23,23,23
170283,1,1,29,29,29,29,29,29,29,29,29,29
170284,1,1,15,15,15,15,15,15,15,15,15,15
170285,1,1,0,0,0,0,0,0,0,0,0,0
170285,2,1,0,0,0,0,0,0,0,0,0,2
170286,0,1,0,0,0,0,0,0,0,0,0,0
170286,1,1,12,2,0,4,9,0,5,21,16,0
170287,1,1,28,28,28,28,28,28,28,28,28,28
170288,1,1,20,13,0,0,0,0,0,0,0,0
170289,0,1,0,0,0,0,0,0,0,0,0,0
170289,1,1,0,0,0,0,0,0,0,0,0,0
170290,1,1,13,13,13,13,13,13,13,13,13,13
170291,1,1,0,0,0,0,0,0,0,0,0,0
170291,2,1,0,0,0,0,0,0,0,0,0,0
170291,3,1,0,0,0,0,0,0,0,0,0,0
170292,1,1,0,0,0,0,0,0,0,0,0,27
170292,2,1,0,0,0,0,0,0,0,0,0,0
170292,3,1,0,0,16,0,0,0,0,0,0,0
170292,4,1,0,0,0,0,0,0,0,0,0,0
170293,0,1,0,0,0,0,0,0,0,0,0,0
170293,1,1,0,0,0,12,0,14,0,0,0,0
170294,0,1,0,0,0,0,0,0,0,0,0,0
170294,1,1,0,0,0,0,10,0,0,0,0,0
170295,1,1,0,0,0,0,0,0,0,0,0,0
170296,1,1,0,0,0,0,0,0,0,0,0,0
170296,2,1,0,0,0,0,0,0,0,0,0,0
170297,0,1,0,0,0,0,0,0,0,0,0,0
170297,1,1,0,0,0,0,0,0,0,0,0,0
170298,1,1,24,24,24,24,24,24,24,24,24,24
170298,2,1,0,0,0,0,0,0,0,10,0,0
170299,1,1,0,0,0,0,0,0,0,0,0,0
170300,1,1,0,0,0,0,0,0,0,0,0,0
170301,1,1,10,10,10,10,10,10,10,10,10,10
170302,1,1,26,26,26,26,26,26,26,26,26,26
170303,1,1,0,0,0,0,0,0,0,0,0,0
170303,2,1,0,26,0,0,0,0,0,0,0,0
170304,1,1,0,0,0,0,0,0,0,0,0,0
170304,2,1,0,0,0,0,0,0,0,0,0,0
170305,1,1,0,0,0,0,0,0,0,0,0,0
170305,2,1,0,0,0,0,0,0,0,0,0,17
170305,3,1,0,0,0,0,0,0,27,0,0,0
170306,1,1,12,18,31,12,10,14,8,15,13,13
170307,1,1,1,1,1,1,1,1,1,1,1,1
170307,2,1,0,0,0,0,0,0,0,0,0,0
170308,1,1,0,0,0,0,0,0,0,0,0,0
170308,2,1,0,0,0,0,0,0,0,0,0,0
170309,1,1,0,0,0,0,0,0,0,0,0,0
170310,1,1,0,0,0,0,0,0,0,0,0,0
170311,1,1,0,0,0,0,0,0,0,0,0,0
170311,2,1,0,0,0,0,0,0,0,0,0,0
170312,1,1,0,0,0,0,0,0,0,0,0,0
170312,2,1,0,0,0,0,0,0,0,0,0,0
170313,1,1,0,0,0,0,0,0,0,0,0,0
170313,2,1,0,0,0,0,0,0,0,0,0,0
170313,3,1,0,0,0,0,0,0,0,0,0,0
170316,0,1,0,0,0,0,17,16,0,0,0,0
170316,1,1,0,0,0,0,0,0,0,0,0,0
170317,1,1,0,0,0,0,0,0,0,0,0,0
170317,2,1,0,0,0,0,0,0,0,0,0,0
170318,1,1,0,0,0,0,0,0,0,0,0,0
170318,2,1,0,0,0,0,0,0,0,0,0,0
170319,1,1,14,14,14,14,14,14,14,14,14,14
170320,0,1,20,0,0,0,0,9,0,0,24,0
170320,1,1,0,0,0,0,0,0,0,0,0,0
170321,1,1,14,14,14,14,14,14,14,14,14,14
170322,1,1,0,0,0,0,0,0,0,0,0,0
170322,2,1,11,0,0,0,0,0,0,0,0,0
170323,1,1,0,13,0,0,0,0,0,16,0,0
170323,2,1,20,0,9,0,0,0,0,0,0,12
170323,3,1,0,0,0,0,0,0,0,14,0,0
170324,1,1,7,7,7,7,7,7,7,7,7,7
170325,1,1,0,0,0,0,0,0,0,0,0,0
170326,1,1,0,0,0,0,0,0,0,0,0,0
170327,1,1,16,16,16,16,16,16,16,16,16,16
170328,0,1,21,21,21,21,21,21,21,21,21,21
170328,1,1,6,6,6,6,6,6,6,6,6,6
170329,1,1,0,0,0,0,0,0,0,15,0,0
170329,2,1,0,0,0,0,0,0,0,0,0,0
170330,1,1,2,2,2,2,2,2,2,2,2,2
170332,1,1,0,0,0,0,0,0,0,0,0,0
170333,1,1,0,0,0,0,0,0,0,0,0,0
170334,1,1,20,0,26,0,0,16,13,17,0,0
170335,0,1,14,34,0,0,0,9,0,0,0,0
170335,1,1,3,0,14,5,12,13,6,0,10,0
170336,0,1,0,0,0,0,0,0,0,0,0,0
170336,1,1,0,0,0,0,0,0,0,0,0,0
170337,1,1,0,0,0,0,0,0,0,0,0,0
170338,1,1,0,0,0,0,0,0,0,0,0,0
170338,2,1,0,0,0,0,0,0,0,0,0,0
170339,0,1,0,0,0,0,0,0,0,24,0,23
170339,1,1,9,30,5,4,4,15,0,0,22,0
170340,1,1,0,0,0,0,0,0,0,0,0,0
170341,1,1,0,0,0,26,0,0,0,0,0,0
170341,2,1,0,0,0,0,0,0,0,0,0,0
170342,0,1,0,0,0,0,0,0,0,0,0,0
170342,1,1,0,0,0,0,0,0,0,0,0,0
170343,0,1,0,0,14,13,0,0,0,0,0,36
170343,1,1,0,0,0,0,0,0,0,0,0,0
170344,1,1,14,0,0,23,0,0,0,0,0,0
170345,1,1,1,1,1,1,1,1,1,1,1,1
170346,1,1,0,27,0,0,0,0,0,21,0,0
170346,2,1,0,0,0,0,0,0,0,0,0,0
170347,1,1,0,0,0,0,0,0,0,0,0,0
170348,1,1,18,18,18,18,18,18,18,18,18,18
170349,0,1,0,0,0,0,0,0,0,0,0,0
170349,1,1,0,0,0,0,0,0,0,19,0,8
170350,0,1,0,0,22,0,0,0,0,7,18,0
170350,1,1,0,0,0,0,0,0,0,0,0,0
170351,1,1,0,11,0,19,10,17,0,0,0,0
170352,1,1,18,18,18,18,18,18,18,18,18,18
170353,0,1,0,0,0,0,0,0,0,0,0,0
170353,1,1,19,19,19,19,19,19,19,19,19,19
170354,1,1,0,0,0,0,17,17,0,0,0,0
170355,1,1,32,32,32,32,32,32,32,32,32,32
170356,1,1,20,26,12,0,6,23,15,15,6,32
170356,2,1,0,0,0,0,0,0,30,0,0,0
170357,1,1,0,0,20,0,5,10,23,0,0,0
170357,2,1,0,0,0,0,0,0,0,0,0,0
170357,3,1,19,0,0,0,28,0,0,0,0,0
170358,1,1,26,26,26,26,26,26,26,26,26,26
170358,2,1,0,0,0,0,0,0,0,0,0,0
170359,1,1,0,0,0,0,0,0,0,0,0,0
170359,2,1,0,0,0,0,0,0,0,0,0,0
170359,3,1,0,0,0,0,0,0,0,0,0,0
170360,1,1,21,21,21,21,21,21,21,21,21,21
170361,1,1,0,0,0,0,0,0,0,0,0,0
170361,2,1,0,0,0,0,0,0,0,0,0,0
170362,0,1,29,0,0,29,0,27,0,0,0,48
170362,1,1,15,0,0,0,0,0,14,0,11,18
170363,1,1,0,0,0,0,0,0,0,0,0,0
170363,2,1,0,0,0,0,0,0,0,0,0,0
170364,1,1,27,27,27,27,27,27,27,27,27,27
170364,2,1,0,0,0,0,0,0,0,0,0,0
170365,1,1,18,0,15,0,0,4,0,0,20,0
170365,2,1,0,0,0,0,0,0,0,0,0,0
170366,1,1,0,0,0,0,0,0,0,0,0,0
170366,2,1,0,0,0,0,0,0,0,0,0,0
170366,3,1,0,0,0,0,0,0,0,0,0,0
170367,1,1,28,10,0,0,0,0,7,31,7,14
170367,2,1,0,0,0,0,0,0,13,17,0,0
170367,5,1,0,0,0,0,0,0,0,0,0,0
170368,1,1,0,0,0,22,0,0,0,0,16,0
170369,1,1,13,24,20,7,6,0,14,10,0,15
170369,2,1,0,0,0,0,0,0,0,0,0,0
170370,1,1,0,0,0,0,0,0,0,0,0,0
170372,1,1,0,0,0,0,0,0,18,0,0,0
170372,2,1,0,0,0,0,0,0,0,0,0,23
170373,1,1,22,22,22,22,22,22,22,22,22,22
170374,0,1,17,17,20,0,0,0,0,0,0,0
170374,1,1,0,6,0,0,21,0,0,0,0,14
170375,1,1,0,0,12,0,0,0,0,0,0,0
170375,2,1,0,0,0,0,0,0,0,0,0,0
170375,3,1,0,0,0,0,0,0,0,0,0,0
170375,4,1,0,0,0,0,0,0,0,0,0,0
170375,5,1,0,0,0,0,0,0,0,0,0,0
170376,1,1,0,0,0,0,0,0,0,29,0,0
170376,2,1,0,0,0,0,0,0,0,0,0,0
170376,3,1,0,0,0,0,0,0,0,0,0,0
170376,4,1,0,0,0,0,4,0,0,0,0,0
170376,5,1,0,0,0,0,0,0,0,0,0,0
170376,6,1,0,0,0,0,0,0,8,0,0,0
170376,7,1,0,0,0,0,0,0,0,0,0,10
170376,8,1,0,0,0,0,0,0,0,0,0,0
170377,1,1,0,0,0,0,0,0,0,0,0,0
170377,2,1,0,0,0,19,0,0,0,19,0,0
170378,1,1,22,22,22,22,22,22,22,22,22,22
170379,0,1,0,0,0,0,0,0,0,0,0,0
170379,1,1,0,0,23,0,11,13,0,0,0,0
170380,1,1,4,0,13,22,0,0,0,17,17,0
170380,2,1,0,0,0,0,0,11,0,0,0,0
170381,1,1,17,17,17,17,17,17,17,17,17,17
170381,2,1,0,0,25,0,0,0,0,0,9,0
170382,0,1,0,0,31,0,10,0,0,0,22,29
170382,1,1,0,0,0,0,0,0,0,0,0,0
170383,0,1,25,32,10,26,0,8,19,19,18,0
170383,1,1,0,21,18,20,0,0,8,0,0,15
170384,1,1,20,20,20,20,20,20,20,20,20,20
170384,2,1,0,0,0,0,0,0,0,0,0,0
170385,1,1,25,25,25,25,25,25,25,25,25,25
170386,1,1,0,0,0,0,0,0,0,0,0,0
170387,0,1,11,23,33,36,10,24,16,16,42,22
170387,1,1,0,0,0,0,0,0,0,0,0,0
170388,1,1,16,16,16,16,16,16,16,16,16,16
170389,1,1,11,11,11,11,11,11,11,11,11,11
170390,1,1,18,8,0,0,32,0,15,0,0,0
170390,2,1,13,7,0,0,0,0,0,0,0,0
170391,0,1,0,0,0,0,0,0,0,0,0,0
170391,1,1,0,0,0,0,0,0,19,0,0,0
170392,1,1,19,0,15,0,20,18,0,15,0,28
170392,2,1,18,11,26,0,10,0,0,0,26,0
170393,1,1,0,0,0,0,0,0,0,0,0,0
170394,1,1,0,0,0,0,0,0,0,0,0,0
170394,2,1,0,0,0,0,0,0,0,0,0,0
170395,1,1,18,0,26,0,14,11,29,0,0,19
170395,2,1,0,0,0,11,0,29,0,0,0,0
170395,3,1,0,0,0,0,0,0,0,0,0,0
170396,1,1,6,10,12,0,0,5,6,0,7,13
170397,1,1,12,12,12,12,12,12,12,12,12,12
170398,1,1,23,0,23,20,15,41,18,34,14,0
170399,1,1,24,24,24,24,24,24,24,24,24,24
170400,1,1,0,0,0,0,0,0,0,0,0,0
170401,1,1,18,18,18,18,18,18,18,18,18,18
170402,1,1,0,0,0,0,0,0,0,0,0,0
170403,0,1,0,0,0,0,0,0,0,0,0,0
170403,1,1,0,0,0,0,0,0,0,0,0,0
170404,1,1,0,0,0,0,0,0,0,0,0,0
170404,2,1,0,0,0,0,0,0,0,0,0,0
170405,0,1,0,0,0,0,0,0,0,0,0,0
170405,1,1,19,14,0,0,36,0,0,0,0,15
170406,1,1,0,0,0,0,0,0,0,0,0,0
170407,1,1,0,0,0,7,14,19,0,0,0,0
170408,1,1,0,21,0,14,0,7,14,33,0,22
170409,1,1,29,29,29,29,29,29,29,29,29,29
170410,1,1,0,0,0,0,0,0,0,0,0,0
170410,2,1,0,0,0,5,0,0,0,0,0,0
170410,3,1,0,0,0,0,0,0,0,0,0,0
170411,1,1,0,0,0,0,0,46,0,0,8,0
170411,2,1,12,0,0,0,16,0,0,0,0,27
170412,1,1,24,14,0,0,7,9,5,8,25,0
170413,1,1,22,22,22,22,22,22,22,22,22,22
170414,1,1,11,11,11,11,11,11,11,11,11,11
170414,2,1,7,0,10,0,13,30,0,35,21,12
170415,1,1,3,3,3,3,3,3,3,3,3,3
170416,1,1,19,19,19,19,19,19,19,19,19,19
170417,1,1,23,9,0,29,0,0,0,0,16,24
170418,1,1,17,17,17,17,17,17,17,17,17,17
170419,1,1,20,20,20,20,20,20,20,20,20,20
170420,1,1,0,0,0,0,0,0,0,0,0,0
170420,2,1,0,0,0,0,0,11,0,0,11,0
170421,1,1,11,0,0,0,0,0,41,0,35,15
170421,2,1,0,0,0,22,0,0,11,0,0,9
170422,1,1,18,18,18,18,18,18,18,18,18,18
170423,1,1,0,0,0,0,0,0,0,0,0,0
170423,2,1,0,0,0,0,0,0,0,0,0,0
170425,1,1,17,12,0,19,12,19,8,10,0,18
170426,1,1,0,0,0,0,0,0,0,0,0,0
170426,2,1,0,0,0,0,0,0,0,0,0,0
170427,1,1,0,0,0,0,0,0,0,0,0,0
170427,2,1,0,0,0,0,0,0,0,0,0,0
170428,1,1,0,0,13,0,0,0,0,0,0,0
170430,1,1,0,0,0,0,0,0,0,0,0,0
170430,2,1,0,0,0,0,0,0,0,0,0,0
170431,1,1,0,0,0,0,0,0,0,0,0,0
170431,2,1,0,0,0,0,0,0,0,0,0,0
170432,1,1,0,0,0,0,0,0,0,0,0,0
170432,2,1,0,0,0,0,0,0,0,0,0,0
170433,1,1,0,0,0,0,0,0,0,0,0,0
170433,2,1,17,0,0,5,0,0,0,0,0,0
170434,1,1,33,33,33,33,33,33,33,33,33,33
170435,0,1,9,9,9,9,9,9,9,9,9,9
170435,1,1,15,9,0,0,10,2,3,0,19,0
170436,1,1,0,0,0,0,0,0,0,0,0,0
170436,2,1,0,0,0,0,0,15,0,16,15,0
170437,1,1,0,0,0,0,0,0,0,0,0,0
170438,1,1,18,18,18,18,18,18,18,18,18,18
170439,1,1,21,21,21,21,21,21,21,21,21,21
170439,2,1,0,0,0,0,0,0,0,0,0,0
170440,1,1,0,11,0,0,0,0,0,0,0,0
170440,2,1,7,7,7,7,7,7,7,7,7,7
170441,1,1,0,0,16,0,0,0,28,0,0,0
170441,2,1,17,0,0,0,0,0,0,11,0,0
170442,1,1,0,0,25,0,0,12,10,0,21,8
170443,0,1,0,0,0,0,0,0,0,0,0,0
170443,1,1,0,0,0,0,0,0,0,0,0,0
170444,1,1,0,0,0,0,0,0,0,0,0,0
170444,2,1,0,0,0,0,0,0,0,0,0,0
170445,1,1,0,0,0,0,0,0,0,0,0,0
170445,2,1,0,0,13,0,0,0,0,0,0,0
170446,1,1,35,35,35,35,35,35,35,35,35,35
170447,1,1,0,0,0,0,0,0,0,0,0,0
170449,1,1,5,5,5,5,5,5,5,5,5,5
170450,0,1,0,0,0,0,0,0,0,0,0,0
170450,1,1,0,0,0,0,0,0,0,0,0,0
170451,1,1,0,0,0,0,0,0,0,0,0,0
170451,2,1,0,0,0,0,0,0,0,0,0,0
170452,0,1,0,0,32,0,18,13,0,0,0,0
170452,1,1,0,0,9,0,0,0,0,0,11,0
170453,1,1,0,15,23,0,0,15,8,6,11,46
170454,1,1,0,0,0,0,0,0,0,0,0,0
170454,2,1,0,0,0,0,0,0,0,0,0,0
170455,1,1,0,19,39,10,0,6,0,0,0,0
170455,2,1,14,0,13,0,6,0,8,0,0,27
170456,1,1,30,0,16,0,0,0,23,23,0,0
170456,2,1,0,0,0,21,0,3,0,0,0,19
170456,3,1,0,0,0,0,0,0,0,0,0,0
170456,4,1,19,0,18,0,9,0,0,0,0,0
170456,5,1,0,0,0,21,0,0,0,0,0,19
170456,6,1,0,0,0,0,0,0,0,0,0,0
170457,1,1,2,2,2,2,2,2,2,2,2,2
170457,2,1,0,0,0,0,0,0,0,0,0,0
170458,0,1,0,0,8,0,0,0,0,0,0,0
170458,1,1,0,0,0,0,0,0,0,0,0,0
170459,1,1,0,0,0,0,0,0,0,0,0,0
170460,1,1,0,0,0,0,0,0,0,0,0,0
170460,2,1,0,0,0,0,0,0,9,0,0,0
170461,1,1,0,0,0,0,0,0,0,0,0,0
170461,2,1,0,0,0,0,0,0,0,0,0,0
170462,1,1,0,0,0,10,0,0,0,0,0,13
170462,2,1,0,0,0,0,0,0,0,0,0,0
170462,3,1,0,0,0,0,0,0,0,0,0,0
170462,4,1,0,0,0,0,0,0,0,0,0,0
170463,1,1,0,0,0,28,27,0,16,0,0,0
170463,2,1,0,0,0,0,0,0,0,0,0,0
170464,1,1,0,0,0,0,0,0,0,0,0,0
170465,1,1,0,0,0,0,0,0,0,0,0,0
170465,2,1,0,0,0,0,0,0,0,0,0,0
170466,1,1,14,0,0,0,0,14,45,0,0,0
170466,2,1,0,0,0,0,0,0,0,0,0,0
170467,1,1,7,11,23,0,24,4,4,26,0,12
170468,0,1,29,0,0,0,0,0,12,0,33,6
170468,1,1,4,16,16,0,19,3,21,0,0,6
170469,1,1,0,0,0,0,0,0,0,0,0,0
170469,2,1,0,0,0,0,0,0,0,0,0,0
170471,1,1,17,17,17,17,17,17,17,17,17,17
170472,1,1,0,0,0,0,0,0,0,0,0,0
170472,2,1,0,0,0,0,0,0,0,0,0,0
170473,1,1,15,15,15,15,15,15,15,15,15,15
170473,2,1,0,0,0,0,0,0,0,0,0,0
170474,1,1,0,0,0,0,20,0,23,17,0,12
170474,2,1,0,0,0,0,0,0,0,0,0,0
170475,1,1,0,0,0,0,0,0,0,0,0,0
170475,2,1,0,0,0,0,0,0,0,0,0,0
170476,1,1,0,0,0,0,0,0,0,0,0,0
170476,2,1,0,0,0,0,0,0,0,0,0,0
170477,1,1,11,11,11,11,11,11,11,11,11,11
170478,1,1,16,0,0,0,0,0,0,0,0,0
170478,2,1,0,0,0,0,0,0,0,0,0,0
170479,1,1,16,16,16,16,16,16,16,16,16,16
170479,2,1,1,1,1,1,1,1,1,1,1,1
170480,0,1,18,0,9,0,0,0,10,0,0,0
170480,1,1,22,4,6,21,10,22,9,19,7,12
170481,0,1,0,0,0,0,0,0,0,0,0,0
170481,1,1,0,0,0,0,0,0,0,0,0,0
170482,1,1,0,0,0,0,0,0,0,0,0,0
170482,2,1,0,0,0,0,0,0,0,0,0,0
170483,1,1,0,22,11,0,0,14,0,2,10,0
170484,1,1,0,0,0,0,0,0,0,0,0,0
170484,2,1,0,0,0,0,0,0,0,0,0,0
170485,1,1,0,0,0,0,0,0,0,0,0,0
170485,2,1,0,0,0,0,0,0,0,2,0,0
170486,1,1,20,20,20,20,20,20,20,20,20,20
170486,2,1,0,0,0,0,0,0,0,0,0,0
170486,3,1,14,29,6,24,22,29,6,19,11,10
170487,1,1,7,7,7,7,7,7,7,7,7,7
170488,1,1,0,6,0,0,0,0,9,0,13,0
170488,2,1,14,16,0,0,0,8,24,12,3,0
170488,3,1,0,0,0,0,0,0,0,0,0,0
170488,4,1,7,0,10,0,0,0,0,0,0,0
170488,5,1,0,0,0,0,0,0,0,0,0,0
170488,6,1,0,0,0,0,0,0,0,0,0,0
170489,1,1,22,22,22,22,22,22,22,22,22,22
170490,1,1,1,1,1,1,1,1,1,1,1,1
170491,1,1,0,21,0,23,0,35,9,20,0,0
170492,1,1,0,8,0,0,0,0,12,13,0,0
170493,1,1,0,0,0,0,0,0,0,0,0,0
170493,2,1,0,0,0,0,0,0,0,0,24,0
170494,1,1,0,0,0,0,0,0,0,0,0,0
170494,2,1,0,0,0,0,0,0,0,0,0,0
170495,1,1,35,35,35,35,35,35,35,35,35,35
170496,0,1,0,0,0,0,0,0,0,0,22,0
170496,1,1,0,6,22,0,0,0,0,0,0,0
170498,1,1,16,16,16,16,16,16,16,16,16,16
170499,1,1,2,2,2,2,2,2,2,2,2,2
170499,2,1,0,0,0,0,0,0,0,0,0,0
170500,0,1,20,20,20,20,20,20,20,20,20,20
170500,1,1,5,17,3,13,7,0,4,4,0,23
170501,0,1,0,0,0,0,0,0,0,0,0,0
170501,1,1,0,0,0,0,0,0,0,0,0,0
170502,0,1,0,0,20,6,0,0,0,0,0,41
170502,1,1,9,11,0,24,0,13,37,5,0,0
170503,1,1,8,0,0,0,20,0,0,29,0,0
170504,1,1,0,0,0,0,0,0,0,0,0,0
170505,1,1,0,10,15,9,0,8,0,7,23,0
170506,1,1,14,14,14,14,14,14,14,14,14,14
170507,1,1,0,0,0,0,0,0,0,0,0,0
170507,2,1,0,0,0,0,0,0,0,0,0,0
170508,1,1,0,0,0,0,0,22,0,0,0,0
170508,2,1,0,0,20,0,0,0,21,0,15,0
170509,1,1,0,0,0,0,0,0,0,0,0,0
170511,1,1,0,26,0,0,0,0,6,0,0,0
170511,2,1,18,25,0,0,3,0,0,0,0,0
170512,1,1,16,17,20,8,22,17,21,10,16,12
170513,1,1,0,0,0,0,0,0,0,0,0,0
170514,1,1,8,8,8,8,8,8,8,8,8,8
170515,1,1,25,25,25,25,25,25,25,25,25,25
170516,1,1,0,9,21,9,0,0,0,27,9,14
170517,1,1,19,9,23,19,11,0,12,20,0,2
170518,1,1,0,0,0,0,0,0,0,0,0,0
170518,2,1,0,0,0,0,0,0,0,0,0,0
170519,1,1,0,0,0,0,15,11,0,0,0,0
170519,2,1,0,0,0,0,0,0,0,0,0,0
170520,1,1,17,17,17,17,17,17,17,17,17,17
170522,1,1,0,0,0,0,0,0,0,0,0,0
170522,2,1,0,0,0,0,0,0,0,0,0,0
170523,1,1,0,0,0,0,0,0,0,0,0,0
170523,2,1,0,0,15,0,0,0,0,9,0,0
170523,3,1,0,0,0,0,0,0,0,0,0,0
170523,4,1,0,0,35,0,0,0,0,0,13,0
170524,1,1,0,0,23,0,0,0,0,0,0,0
170524,2,1,0,0,0,0,0,0,0,0,0,0
170525,0,1,0,0,0,0,0,0,0,0,0,0
170525,0,2,0,0,0,0,0,0,0,0,0,0
170525,1,1,4,4,4,4,4,4,4,4,4,4
170526,1,1,0,0,0,0,0,0,0,0,0,0
170526,2,1,0,0,0,0,0,0,0,0,0,0