ST_CASE,VEH_NO,PER_NO,P1,P2,P3,P4,P5,P6,P7,P8,P9,P10
170527,1,1,0,0,0,0,0,0,0,0,0,0
170528,1,1,14,15,21,0,12,4,0,27,9,7
170528,2,1,0,12,15,17,0,0,0,20,0,13
170529,1,1,22,0,8,26,0,21,8,24,17,34
170531,0,1,0,0,0,13,0,0,28,26,0,0
170531,1,1,0,0,0,0,0,0,0,0,0,0
170532,1,1,0,10,0,0,5,0,0,0,0,16
170532,2,1,0,0,0,0,0,0,0,0,0,0
170533,1,1,31,31,31,31,31,31,31,31,31,31
170533,2,1,0,0,0,0,0,0,0,0,0,0
170533,3,1,0,0,0,0,0,0,0,0,0,0
170534,1,1,0,0,0,0,0,0,0,0,0,0
170534,2,1,0,0,0,0,0,0,0,0,0,0
170535,1,1,0,0,0,0,0,25,0,13,24,0
170535,2,1,0,0,0,0,0,18,0,0,0,0
170535,3,1,0,0,0,0,21,0,0,0,0,0
170536,1,1,0,0,0,0,0,0,0,0,0,0
170536,2,1,0,31,0,0,0,0,0,0,0,0
170536,3,1,0,0,0,0,0,0,24,0,0,0
170537,1,1,0,0,0,0,0,0,0,0,0,0
170537,2,1,0,0,0,0,0,0,0,0,0,0
170538,1,1,0,0,0,0,0,0,0,0,0,0
170538,2,1,0,0,0,0,0,0,0,0,0,0
170539,1,1,19,0,13,0,0,0,11,24,17,0
170540,1,1,14,14,14,14,14,14,14,14,14,14
170540,2,1,0,0,0,0,0,0,0,0,0,0
170541,1,1,20,20,20,20,20,20,20,20,20,20
170543,1,1,0,0,0,0,0,0,0,0,0,0
170544,1,1,18,0,0,19,14,0,0,13,10,0
170546,0,1,40,32,7,14,29,15,14,7,14,0
170546,1,1,0,0,0,0,0,0,0,0,8,0
170547,1,1,16,16,16,16,16,16,16,16,16,16
170547,2,1,1,1,1,1,1,1,1,1,1,1
170548,1,1,0,0,0,0,0,0,0,0,0,0
170548,2,1,0,0,0,0,0,0,0,0,2,0
170549,1,1,0,0,0,0,0,0,0,0,0,0
170549,2,1,0,0,0,0,0,0,0,0,0,0
170550,1,1,0,0,0,0,0,0,0,0,0,0
170550,2,1,0,0,0,0,0,0,0,0,0,0
170551,1,1,0,0,26,0,0,30,0,11,0,2
170552,1,1,19,19,19,19,19,19,19,19,19,19
170553,1,1,6,0,17,11,20,21,23,3,12,0
170554,1,1,25,25,25,25,25,25,25,25,25,25
170555,1,1,0,0,11,0,0,8,14,0,0,0
170555,2,1,0,0,0,0,0,0,0,0,0,0
170556,0,1,0,20,0,0,0,14,0,0,0,34
170556,1,1,0,0,0,20,0,0,0,0,0,13
170557,0,1,0,0,0,0,0,0,0,0,0,0
170557,1,1,0,0,0,0,0,0,0,0,0,0
170558,1,1,0,0,0,0,0,0,0,0,0,0
170559,1,1,0,0,0,0,0,0,0,0,0,0
170560,1,1,8,8,8,8,8,8,8,8,8,8
170561,1,1,11,11,11,11,11,11,11,11,11,11
170562,1,1,0,4,0,0,0,12,0,0,4,12
170562,2,1,0,0,7,0,0,0,0,0,0,0
170563,0,1,0,0,0,0,0,0,0,0,0,0
170563,1,1,0,14,0,3,10,6,0,0,17,0
170564,0,1,0,0,0,0,0,0,0,0,0,0
170564,1,1,0,0,0,0,0,0,0,0,0,0
170565,1,1,0,0,0,0,0,0,0,0,0,0
170565,2,1,0,0,0,0,0,0,0,0,0,0
170566,1,1,0,0,0,0,0,0,0,13,16,0
170567,1,1,17,17,17,17,17,17,17,17,17,17
170568,1,1,0,0,0,0,0,0,0,0,0,0
170568,2,1,0,0,0,0,12,0,0,0,0,0
170569,1,1,1,1,1,1,1,1,1,1,1,1
170569,2,1,0,0,0,0,0,0,0,0,0,0
170570,1,1,21,21,21,21,21,21,21,21,21,21
170570,2,1,0,0,0,0,0,0,0,0,0,0
170571,0,1,0,0,0,0,0,0,0,20,40,0
170571,1,1,11,0,0,7,0,0,0,0,0,0
170572,1,1,0,0,0,15,0,0,0,0,0,0
170572,2,1,10,0,0,0,0,15,0,14,0,0
170573,1,1,0,0,0,0,0,0,0,0,0,0
170574,1,1,0,0,0,0,0,0,20,0,0,0
170574,2,1,23,0,0,0,0,0,0,0,0,0
170575,1,1,11,18,9,43,10,21,12,6,7,27
170575,2,1,24,23,18,20,34,0,0,21,0,0
170575,3,1,0,0,0,26,29,0,17,0,0,0
170575,4,1,0,10,0,0,0,0,0,0,0,0
170575,5,1,13,0,0,0,19,16,6,4,0,0
170575,6,1,0,0,0,0,25,6,10,12,0,8
170576,1,1,0,0,0,0,0,0,0,0,0,0
170576,2,1,0,13,0,0,28,0,21,24,0,0
170577,1,1,18,18,18,18,18,18,18,18,18,18
170578,1,1,10,0,0,0,16,0,0,0,0,0
170578,2,1,0,0,0,0,0,0,0,0,0,0
170579,1,1,30,30,30,30,30,30,30,30,30,30
170579,2,1,0,0,0,0,0,0,0,0,0,0
170580,1,1,0,0,0,0,0,0,0,0,0,0
170580,2,1,0,0,0,0,0,0,0,0,0,0
170581,1,1,23,23,23,23,23,23,23,23,23,23
170581,2,1,9,29,22,26,22,6,9,18,27,10
170582,0,1,22,22,22,22,22,22,22,22,22,22
170582,1,1,13,13,13,13,13,13,13,13,13,13
170583,1,1,0,0,0,0,0,0,0,0,0,0
170583,2,1,0,0,0,0,0,0,0,0,0,0
170584,1,1,0,0,0,30,0,0,0,0,0,0
170585,1,1,27,27,27,27,27,27,27,27,27,27
170586,1,1,23,0,4,0,0,0,12,0,15,40
170586,2,1,13,9,22,0,11,0,17,15,14,0
170587,1,1,0,0,0,0,0,0,0,0,0,0
170587,2,1,0,0,0,0,0,0,0,0,0,0
170587,3,1,0,0,0,0,0,0,0,0,0,0
170588,0,1,13,13,13,13,13,13,13,13,13,13
170588,1,1,3,0,0,0,0,0,0,0,0,0
170589,1,1,0,0,0,0,0,0,0,0,0,0
170589,2,1,0,0,0,0,0,0,0,0,0,0
170590,1,1,11,11,11,11,11,11,11,11,11,11
170590,2,1,11,0,0,19,4,0,0,25,0,0
170590,3,1,0,0,25,0,18,0,0,0,0,15
170590,4,1,0,0,0,0,0,0,26,0,19,0
170590,5,1,0,0,0,5,0,0,0,0,0,5
170591,1,1,18,0,0,3,0,16,0,18,0,14
170591,2,1,27,27,27,27,27,27,27,27,27,27
170592,1,1,35,35,35,35,35,35,35,35,35,35
170593,1,1,13,13,13,13,13,13,13,13,13,13
170593,2,1,0,0,0,0,0,0,0,0,0,0
170593,3,1,0,0,0,0,0,0,0,0,0,7
170593,4,1,0,2,0,0,5,0,3,0,0,15
170594,0,1,0,0,0,0,0,0,0,0,0,0
170594,1,1,0,0,0,0,0,0,0,0,0,0
170595,1,1,0,28,4,0,0,25,0,7,18,8
170595,2,1,0,18,0,45,24,21,6,23,7,0
170595,3,1,0,0,0,0,0,0,0,24,0,0
170596,1,1,0,0,0,0,0,0,0,0,0,0
170596,2,1,8,0,0,0,0,0,0,0,0,0
170597,1,1,25,30,20,5,11,18,27,12,15,28
170597,2,1,0,0,0,16,0,0,0,0,0,0
170597,3,1,0,0,0,0,0,0,0,0,0,0
170598,1,1,29,29,29,29,29,29,29,29,29,29
170599,1,1,0,0,22,0,0,0,0,0,0,0
170601,0,1,0,0,0,0,0,0,0,0,10,0
170601,0,2,0,15,0,0,24,0,0,0,0,0
170601,1,1,8,11,0,12,0,0,0,11,0,11
170602,1,1,0,0,0,0,0,0,0,0,0,0
170602,2,1,0,0,0,0,21,0,21,0,0,0
170604,0,1,0,14,20,16,34,0,0,0,0,26
170604,1,1,0,0,0,25,0,13,0,0,0,0
170605,1,1,0,0,0,0,0,0,0,23,0,0
170606,1,1,0,0,0,0,0,0,0,0,0,0
170606,2,1,0,0,0,0,0,0,0,0,0,0
170607,1,1,15,27,0,15,8,22,19,16,30,0
170608,1,1,0,0,0,9,0,0,3,12,0,5
170608,2,1,0,0,0,0,0,0,0,0,0,0
170609,1,1,10,0,0,16,0,0,19,0,0,0
170610,1,1,0,18,17,0,0,4,24,6,0,0
170610,2,1,0,0,0,0,0,0,0,0,0,0
170610,3,1,8,0,0,0,0,0,0,0,0,0
170611,1,1,0,0,0,0,0,0,0,0,0,0
170612,1,1,21,21,21,21,21,21,21,21,21,21
170612,2,1,0,0,0,0,0,0,0,0,0,0
170613,1,1,0,0,0,0,0,0,0,0,0,0
170613,2,1,0,0,0,0,0,0,0,0,0,0
170613,3,1,0,0,0,0,0,0,0,0,0,0
170614,0,1,50,26,18,0,10,20,0,22,0,4
170614,1,1,0,0,0,0,0,0,22,0,35,0
170614,2,1,0,0,0,12,7,19,26,0,22,0
170615,1,1,0,0,0,0,22,0,0,14,0,0
170616,1,1,0,0,0,0,0,0,0,0,0,0
170616,2,1,0,0,0,0,0,0,0,0,0,0
170617,1,1,0,0,0,0,0,0,0,0,0,0
170618,0,1,6,0,0,0,0,0,16,21,0,0
170619,1,1,0,3,0,0,0,0,0,18,0,19
170619,2,1,0,0,0,0,0,0,0,0,0,0
170620,1,1,0,3,0,0,0,0,0,0,0,0
170620,2,1,0,0,0,0,0,0,0,0,0,0
170621,1,1,0,0,0,0,0,0,0,0,0,0
170622,1,1,0,0,0,0,0,0,7,0,0,0
170622,2,1,0,0,0,0,0,0,0,0,0,0
170623,1,1,19,19,19,19,19,19,19,19,19,19
170624,1,1,0,0,0,0,0,0,0,0,0,0
170624,2,1,0,0,0,0,0,0,0,0,0,0
170625,0,1,0,0,0,0,0,0,0,0,0,0
170625,1,1,0,0,0,3,0,0,0,0,0,0
170626,1,1,0,22,0,17,23,0,30,0,0,0
170626,2,1,0,0,0,0,0,0,0,0,0,0
170627,1,1,0,0,0,0,0,0,0,0,0,0
170628,1,1,19,2,0,23,4,25,0,0,15,5
170629,1,1,0,0,0,0,0,0,0,0,0,0
170629,2,1,0,0,0,0,0,0,0,0,0,0
170630,1,1,0,0,0,0,0,0,0,0,0,0
170630,2,1,0,0,0,0,0,0,0,0,0,0
170632,1,1,0,0,0,0,0,0,0,0,0,0
170632,2,1,0,0,0,0,0,0,0,0,0,0
170633,1,1,0,0,0,0,0,22,0,0,0,0
170634,1,1,0,0,0,0,0,0,0,0,0,0
170634,2,1,0,0,0,0,0,0,0,0,0,0
170635,1,1,0,0,0,0,0,0,0,0,0,0
170635,2,1,0,0,0,0,0,0,0,0,0,0
170636,1,1,0,0,22,0,0,0,21,0,0,13
170637,1,1,0,0,0,0,0,0,0,0,0,0
170638,1,1,0,0,0,0,0,0,0,0,18,19
170639,0,1,0,20,0,0,0,14,28,14,0,24
170639,1,1,9,11,6,10,0,0,13,0,18,0
170640,1,1,17,17,17,17,17,17,17,17,17,17
170640,2,1,14,0,0,11,0,0,0,23,0,21
170640,3,1,0,14,0,0,0,0,15,0,0,0
170640,4,1,0,0,0,0,17,0,0,0,0,0
170641,1,1,5,5,5,5,5,5,5,5,5,5
170641,2,1,0,0,0,0,0,0,0,0,0,0
170642,1,1,0,0,0,0,0,0,0,0,0,0
170643,1,1,0,0,0,0,0,0,0,0,0,0
170644,1,1,0,0,0,0,0,0,0,0,0,0
170644,2,1,0,0,0,0,0,0,0,0,0,0
170644,3,1,0,0,0,0,0,0,0,0,0,0
170645,1,1,40,43,14,18,26,8,2,21,25,17
170645,2,1,0,0,8,0,0,0,18,0,0,0
170646,1,1,0,16,0,0,0,20,0,0,0,24
170647,1,1,0,0,0,12,16,12,0,20,19,0
170647,2,1,0,0,0,0,0,0,0,0,0,0
170648,1,1,0,0,0,25,0,0,14,0,19,6
170649,0,1,17,17,17,17,17,17,17,17,17,17
170649,1,1,20,0,11,0,0,0,0,0,0,0
170649,2,1,0,0,0,0,0,0,0,0,0,15
170650,1,1,3,3,3,3,3,3,3,3,3,3
170651,1,1,20,15,7,15,19,0,0,0,0,0
170651,2,1,0,0,0,0,0,0,0,0,0,0
170652,0,1,7,7,7,7,7,7,7,7,7,7
170652,1,1,0,0,0,0,0,0,0,0,0,0
170653,1,1,14,13,0,0,28,15,10,0,0,0
170653,2,1,0,0,0,0,0,0,0,0,0,0
170655,1,1,0,0,0,0,0,0,0,0,0,0
170655,2,1,0,0,0,0,0,0,0,0,0,0
170656,1,1,0,0,0,0,15,0,20,0,0,0
170656,2,1,0,0,0,30,0,0,0,0,0,0
170657,1,1,0,0,0,21,35,6,0,0,0,0
170657,2,1,12,13,21,26,25,0,8,0,17,19
170657,3,1,0,22,0,0,0,0,17,0,0,9
170658,1,1,0,0,0,0,0,0,0,0,0,0
170658,2,1,0,0,0,0,22,0,0,0,0,0
170658,3,1,0,0,0,0,0,29,0,0,0,0
170658,4,1,0,0,0,0,0,0,0,0,0,0
170659,1,1,0,0,0,0,0,0,0,0,0,0
170660,1,1,16,16,16,16,16,16,16,16,16,16
170660,2,1,0,0,0,0,0,0,0,0,0,8
170661,1,1,0,0,0,0,0,0,0,0,0,0
170662,1,1,0,0,0,0,0,0,0,0,0,0
170663,1,1,0,24,14,0,29,18,15,0,12,21
170664,1,1,19,19,19,19,19,19,19,19,19,19
170665,1,1,0,0,0,0,0,0,0,0,0,0
170665,2,1,0,0,0,0,0,0,0,0,0,0
170666,1,1,0,0,0,0,0,0,0,0,0,0
170666,2,1,0,0,0,0,0,0,0,0,0,0
170667,1,1,14,0,19,0,0,0,0,0,21,14
170668,0,1,0,0,0,0,0,0,0,0,0,0
170668,0,2,0,0,0,0,0,0,15,0,0,0
170668,1,1,0,16,0,0,16,0,0,0,0,0
170669,1,1,0,0,17,20,0,0,0,34,21,23
170670,1,1,0,10,5,27,21,14,12,0,29,0
170671,1,1,0,0,0,0,0,0,0,0,0,0
170671,2,1,0,0,0,0,0,0,0,0,0,0
170671,3,1,0,0,0,0,0,0,0,11,0,0
170672,1,1,0,0,0,0,0,0,0,0,0,0
170673,1,1,0,0,0,0,0,0,0,0,0,0
170673,2,1,12,0,0,0,0,0,0,0,0,0
170673,3,1,0,0,0,0,0,0,0,0,0,0
170674,0,1,0,0,0,0,0,0,0,0,0,15
170674,0,2,0,0,0,0,0,0,0,0,0,37
170674,1,1,0,0,0,0,0,0,0,0,0,0
170675,1,1,14,13,11,8,13,22,23,15,26,15
170676,1,1,0,0,0,0,0,0,0,0,0,0
170677,1,1,5,5,5,5,5,5,5,5,5,5
170677,2,1,0,0,0,0,0,0,0,0,0,0
170678,1,1,0,0,18,0,0,2,8,0,20,0
170679,1,1,10,10,10,10,10,10,10,10,10,10
170680,1,1,0,0,0,0,0,0,0,0,0,0
170681,1,1,0,0,0,0,0,0,0,0,0,0
170682,1,1,20,20,20,20,20,20,20,20,20,20
170683,1,1,0,0,0,0,0,0,0,0,0,0
170684,1,1,17,17,17,17,17,17,17,17,17,17
170685,1,1,0,0,0,0,0,0,0,0,0,0
170686,1,1,2,2,2,2,2,2,2,2,2,2
170686,2,1,0,0,0,0,0,0,0,0,0,0
170688,1,1,18,9,19,14,0,13,5,13,5,13
170688,2,1,0,0,0,0,0,0,0,0,0,0
170689,1,1,13,13,13,13,13,13,13,13,13,13
170689,2,1,0,4,0,0,0,0,0,0,0,0
170689,3,1,0,0,0,0,0,0,0,0,0,0
170689,4,1,0,0,0,0,0,0,6,0,0,0
170689,5,1,0,0,0,0,0,0,0,0,0,0
170690,1,1,15,15,15,15,15,15,15,15,15,15
170691,1,1,20,20,20,20,20,20,20,20,20,20
170692,1,1,0,49,0,0,0,0,14,0,0,0
170692,2,1,0,0,0,0,0,0,0,0,0,0
170692,3,1,0,0,0,0,0,0,0,0,0,0
170693,1,1,1,1,1,1,1,1,1,1,1,1
170693,2,1,0,0,0,0,0,0,0,0,0,0
170694,1,1,0,0,0,13,23,0,0,0,0,12
170694,2,1,0,0,0,0,0,13,0,0,0,0
170695,1,1,0,0,0,0,0,0,0,0,0,0
170695,2,1,0,0,0,0,0,0,0,0,0,0
170696,1,1,0,0,0,0,0,0,0,0,0,0
170696,2,1,0,0,0,0,0,0,0,0,0,0
170697,1,1,17,17,17,17,17,17,17,17,17,17
170698,1,1,0,0,0,0,0,0,0,0,0,0
170699,1,1,0,0,0,0,0,0,0,0,0,0
170700,1,1,0,0,0,0,0,0,0,0,0,0
170700,2,1,15,15,15,15,15,15,15,15,15,15
170701,1,1,0,0,0,0,0,0,0,0,0,0
170701,2,1,0,0,0,0,0,0,20,0,0,0
170702,1,1,0,10,0,12,10,25,19,14,8,0
170702,2,1,18,0,0,0,0,0,0,0,0,0
170703,0,1,0,0,0,0,0,21,11,0,27,0
170703,1,1,8,3,24,5,0,10,19,9,13,19
170704,1,1,15,15,15,15,15,15,15,15,15,15
170705,1,1,24,0,0,0,0,0,0,0,13,0
170705,2,1,0,0,0,0,0,0,0,0,0,0
170706,1,1,0,0,0,0,0,0,12,0,0,0
170707,1,1,16,16,16,16,16,16,16,16,16,16
170708,0,1,0,0,29,0,48,0,0,0,20,0
170708,1,1,0,7,0,0,0,0,7,6,7,0
170709,0,1,0,0,0,0,0,0,0,0,0,0
170709,0,2,0,0,0,16,0,0,0,0,0,0
170709,0,3,0,0,0,0,0,0,0,0,0,15
170709,1,1,0,0,0,0,0,0,25,0,0,0
170710,1,1,17,17,17,17,17,17,17,17,17,17
170711,1,1,0,0,0,0,0,0,0,0,0,0
170712,1,1,0,0,0,0,0,0,0,0,0,0
170712,2,1,0,0,0,0,0,0,0,0,0,0
170712,3,1,0,0,0,0,18,0,0,0,0,0
170713,1,1,5,5,5,5,5,5,5,5,5,5
170713,2,1,0,0,0,0,0,0,0,0,12,0
170714,1,1,0,0,0,0,0,0,0,0,0,0
170714,2,1,24,0,0,0,0,0,0,0,0,0
170715,0,1,0,0,0,0,0,0,6,0,0,0
170715,1,1,0,0,0,0,0,0,0,0,0,0
170716,1,1,0,0,0,0,0,0,0,0,0,0
170716,2,1,0,0,0,0,0,0,0,0,0,0
170717,1,1,0,0,9,0,0,27,20,0,0,16
170717,2,1,0,0,0,0,12,0,0,22,21,23
170718,1,1,0,0,0,0,0,0,0,0,0,0
170718,2,1,0,0,0,0,0,0,0,0,0,0
170718,3,1,0,0,0,0,0,0,0,0,44,0
170719,1,1,0,0,0,0,0,0,0,0,0,0
170719,2,1,0,0,0,0,0,0,0,0,0,0
170722,1,1,9,0,0,0,0,0,0,0,0,0
170722,2,1,0,0,0,0,0,0,0,0,0,0
170722,3,1,0,0,0,0,0,0,0,0,0,0
170723,0,1,0,0,0,0,0,0,0,0,0,0
170723,1,1,0,0,0,0,0,0,0,0,0,27
170724,1,1,0,0,31,0,12,4,0,0,6,18
170725,1,1,0,0,0,0,0,0,0,0,19,0
170726,0,1,0,0,0,0,0,0,0,0,0,0
170726,1,1,0,0,0,0,0,0,0,0,0,0
170727,1,1,0,4,9,0,0,0,12,16,0,0
170727,2,1,0,0,0,0,0,0,0,0,0,0
170728,1,1,4,4,4,4,4,4,4,4,4,4
170728,2,1,0,0,0,0,0,0,0,0,0,0
170728,3,1,0,0,0,0,14,0,15,17,0,0
170729,1,1,0,0,0,0,0,0,0,0,0,0
170729,2,1,10,18,0,22,0,0,0,31,0,16
170730,1,1,16,16,16,16,16,16,16,16,16,16
170730,2,1,0,0,0,0,0,0,0,0,0,0
170730,3,1,0,0,5,0,3,35,0,0,27,11
170731,1,1,14,14,14,14,14,14,14,14,14,14
170732,1,1,11,11,11,11,11,11,11,11,11,11
170732,2,1,0,0,0,0,0,0,0,0,0,0
170733,1,1,28,28,28,28,28,28,28,28,28,28
170734,1,1,13,13,13,13,13,13,13,13,13,13
170734,2,1,26,0,23,0,0,0,21,0,0,26
170735,1,2,0,13,15,21,3,0,0,34,7,0
170736,0,1,6,6,6,6,6,6,6,6,6,6
170736,1,1,20,38,0,0,0,0,14,21,10,12
170737,1,1,0,0,11,0,0,0,23,9,16,13
170737,2,1,8,8,8,8,8,8,8,8,8,8
170738,1,1,0,0,0,0,0,0,0,0,0,0
170739,1,1,33,33,33,33,33,33,33,33,33,33
170740,0,1,0,0,0,0,0,0,0,0,0,0
170740,1,1,0,0,0,0,0,0,0,0,0,0
170741,0,1,0,0,0,0,0,0,31,0,0,0
170741,1,1,0,0,0,0,0,0,0,0,0,0
170742,0,1,15,15,15,15,15,15,15,15,15,15
170742,1,1,0,0,0,0,0,0,0,0,0,0
170743,1,1,0,0,0,0,0,0,0,0,0,0
170744,0,1,0,0,0,0,28,0,0,0,0,0
170744,1,1,0,0,13,0,0,0,0,0,0,31
170745,1,1,0,0,0,0,0,0,0,0,0,0
170745,2,1,0,0,0,0,0,0,0,0,0,0
170746,1,1,0,0,20,0,26,0,0,0,0,17
170748,1,1,0,0,0,0,0,0,0,0,0,0
170748,2,1,0,0,0,0,0,0,0,0,0,0
170749,1,1,0,0,0,0,0,0,0,0,0,0
170749,2,1,0,0,0,0,0,0,0,0,0,0
170750,0,1,0,0,0,0,0,0,0,0,0,0
170750,1,1,9,22,12,13,9,17,14,23,20,14
170751,1,1,21,21,21,21,21,21,21,21,21,21
170752,1,1,0,20,0,5,0,0,0,0,0,16
170753,0,1,0,15,0,29,0,0,28,0,0,7
170753,1,1,0,0,0,0,0,0,0,0,0,0
170755,1,1,0,14,5,0,0,0,0,17,18,0
170756,1,1,0,19,0,0,0,0,0,0,0,0
170756,2,1,0,0,0,0,0,0,0,0,0,0
170756,3,1,0,0,0,0,0,0,0,0,0,0
170757,1,1,0,0,0,0,0,0,0,0,0,0
170758,1,1,17,17,17,17,17,17,17,17,17,17
170758,2,1,4,4,4,4,4,4,4,4,4,4
170759,1,1,15,0,23,26,20,25,0,0,24,12
170760,1,1,20,13,3,14,12,5,28,17,11,28
170760,2,1,0,0,0,0,0,0,0,0,0,0
170760,3,1,0,0,0,0,0,0,0,0,0,0
170761,1,1,0,0,0,0,0,0,0,0,0,0
170762,1,1,0,0,0,0,0,0,0,0,0,0
170762,2,1,0,0,0,0,0,0,0,0,0,0
170763,1,1,18,18,18,18,18,18,18,18,18,18
170763,2,1,25,0,0,0,0,0,0,0,0,0
170764,1,1,0,0,0,0,0,0,0,0,0,0
170764,2,1,0,0,0,0,0,0,0,0,0,0
170765,1,1,0,0,0,0,17,0,0,18,12,30
170765,2,1,0,0,0,0,0,0,0,0,0,0
170765,3,1,0,0,0,0,0,0,0,3,0,0
170766,1,1,0,0,0,0,0,0,0,0,0,0
170766,2,1,0,0,0,0,0,0,0,0,0,0
170767,1,1,0,23,0,0,0,14,0,0,23,0
170767,2,1,0,0,0,0,0,0,0,0,0,0
170768,1,1,14,7,30,0,18,6,25,0,0,0
170769,1,1,0,16,0,31,0,27,20,12,24,0
170770,0,1,6,47,7,0,18,0,0,0,9,20
170770,1,1,0,0,0,0,0,0,0,0,0,0
170771,0,1,0,0,0,11,26,0,0,0,0,17
170771,1,1,9,5,16,0,9,0,6,0,13,9
170772,1,1,1,1,1,1,1,1,1,1,1,1
170773,1,1,0,0,0,0,0,0,0,0,0,0
170773,2,1,0,0,0,0,0,0,0,0,0,0
170774,0,1,36,36,36,36,36,36,36,36,36,36
170774,1,1,0,0,0,0,0,0,0,0,0,0
170775,1,1,0,0,0,0,0,0,0,0,0,0
170776,1,1,0,0,0,0,0,0,0,0,0,0
170777,1,1,24,24,24,24,24,24,24,24,24,24
170778,1,1,0,0,0,0,0,0,0,0,0,0
170779,1,1,0,13,0,0,18,8,21,20,24,12
170780,1,1,9,13,12,20,16,14,6,7,21,5
170780,2,1,26,0,0,0,0,0,0,22,0,0
170782,1,1,26,25,0,10,3,0,0,3,0,21
170785,1,1,0,0,0,0,0,0,0,0,0,0
170785,2,1,0,0,8,0,0,0,0,0,0,15
170786,1,1,0,0,0,15,0,6,0,0,0,0
170786,2,1,0,0,0,0,0,0,0,0,0,0
170787,1,1,5,5,5,5,5,5,5,5,5,5
170787,2,1,22,0,0,0,0,0,11,0,18,0
170789,1,1,6,6,6,6,6,6,6,6,6,6
170791,1,1,0,0,0,0,0,0,0,0,0,0
170792,1,1,3,3,3,3,3,3,3,3,3,3
170792,2,1,0,0,0,0,0,0,0,0,0,0
170793,1,1,0,0,0,12,0,0,0,0,0,0
170793,2,1,0,0,0,0,0,0,0,0,0,0
170794,1,1,17,17,17,17,17,17,17,17,17,17
170794,2,1,0,0,0,0,0,0,0,0,0,0
170795,1,1,0,32,0,0,0,39,0,0,9,0
170795,2,1,0,0,26,0,0,0,13,17,0,13
170797,1,1,0,0,0,0,0,0,0,0,0,0
170797,2,1,12,0,0,12,28,0,28,0,23,0
170798,0,1,0,0,0,0,0,0,0,0,0,0
170798,1,1,0,0,0,0,0,0,0,29,27,0
170798,3,1,0,0,0,0,0,0,0,0,0,0
170798,4,1,0,0,0,0,0,0,0,0,0,0
170798,5,1,0,0,0,0,0,0,13,0,0,0
170799,1,1,0,0,0,8,0,13,0,0,0,5
170800,0,1,0,0,0,0,0,0,0,0,0,0
170800,1,1,0,0,0,0,0,0,0,0,0,0
170801,0,1,0,0,0,19,13,0,0,0,0,0
170801,1,1,0,0,0,0,0,0,0,0,0,0
170802,0,1,0,0,0,0,0,0,0,0,0,0
170802,1,1,0,0,0,0,0,0,0,0,0,0
170803,1,1,0,0,0,0,0,0,0,0,0,0
170803,2,1,0,0,0,0,0,0,6,0,0,0
170803,3,1,0,14,0,0,20,0,0,0,0,0
170804,0,1,0,0,0,0,0,18,13,0,0,12
170804,1,1,0,0,0,0,0,0,0,0,0,0
170805,1,1,0,0,0,0,0,0,0,0,0,0
170806,1,1,0,0,0,0,0,0,0,0,0,0
170806,2,1,0,0,0,0,0,0,0,0,0,0
170806,3,1,0,0,0,0,0,0,0,0,0,0
170807,1,1,0,7,13,0,18,0,19,21,30,0
170808,0,1,37,0,0,0,10,0,0,0,32,0
170808,1,1,5,0,0,14,18,0,16,0,0,0
170809,0,1,0,0,0,0,0,0,0,0,0,0
170809,1,1,11,11,11,11,11,11,11,11,11,11
170810,1,1,0,0,0,0,0,0,0,0,0,0
170810,2,1,20,0,8,14,9,0,0,36,0,16
170811,1,1,4,4,4,4,4,4,4,4,4,4
170812,1,1,26,26,26,26,26,26,26,26,26,26
170813,0,1,0,6,0,0,0,0,32,0,0,40
170813,1,1,0,0,0,0,0,0,0,0,0,0
170814,0,1,0,0,0,0,0,0,0,0,0,0
170814,1,1,0,0,7,0,0,0,0,0,0,0
170816,1,1,18,0,17,13,0,0,16,33,0,0
170816,2,1,0,0,0,0,0,0,0,0,0,0
170816,3,1,0,0,0,0,0,0,0,0,0,0
170816,4,1,0,0,0,0,0,0,0,0,0,0
170817,1,1,0,0,0,0,0,0,0,0,0,0
170817,2,1,0,0,0,0,0,0,9,9,0,0
170818,0,1,0,0,0,0,0,0,0,0,0,0
170818,1,1,0,0,0,6,0,0,9,0,0,0
170818,2,1,0,0,17,16,13,0,0,3,0,0
170819,0,1,0,0,0,0,0,0,0,0,0,0
170819,1,1,0,19,0,0,0,0,0,0,0,18
170820,1,1,0,0,0,0,0,0,0,0,0,0
170820,2,1,10,0,18,38,45,0,0,0,12,0
170821,1,1,17,17,17,17,17,17,17,17,17,17
170821,2,1,12,0,0,0,0,0,0,0,0,0
170822,0,1,24,24,24,24,24,24,24,24,24,24
170822,1,1,13,0,0,0,0,0,0,10,0,0
170823,1,1,2,2,2,2,2,2,2,2,2,2
170825,1,1,13,0,0,6,0,0,0,0,27,22
170826,1,1,21,21,21,21,21,21,21,21,21,21
170827,1,1,17,17,17,17,17,17,17,17,17,17
170827,2,1,0,0,0,0,0,0,0,0,0,0
170828,0,1,0,0,0,0,0,0,0,0,0,0
170828,1,1,0,14,0,0,0,0,0,0,0,0