ST_CASE,VEH_NO,PER_NO,P1,P2,P3,P4,P5,P6,P7,P8,P9,P10
171136,1,1,15,7,0,0,18,17,18,17,0,14
171137,1,1,17,21,0,11,30,0,0,22,5,0
171138,1,1,0,0,0,0,0,0,0,0,0,0
171138,2,1,0,0,0,0,0,0,0,0,0,0
171139,1,1,0,0,0,0,0,0,0,0,0,0
171140,1,1,0,0,0,5,0,0,10,0,15,0
171141,1,1,0,0,0,0,0,0,0,0,0,0
171142,1,1,0,0,0,0,0,0,0,0,0,0
171142,2,1,0,0,0,0,0,0,0,0,0,0
171143,1,1,0,0,0,0,0,0,0,0,0,0
171143,2,1,0,0,0,0,0,0,0,0,0,0
171144,1,1,18,18,18,18,18,18,18,18,18,18
171145,1,1,0,0,0,0,0,0,0,0,0,0
171145,2,1,0,0,0,0,0,0,0,17,0,0
171146,1,1,0,14,6,21,14,27,24,12,10,0
171147,1,1,16,16,16,16,16,16,16,16,16,16
171147,2,1,0,0,0,0,0,0,0,0,0,0
171148,0,1,33,0,25,0,24,0,0,0,11,4
171148,1,1,0,0,0,0,0,0,0,0,0,0
171149,1,1,0,0,0,0,0,0,0,0,0,0
171149,2,1,0,0,0,0,0,0,0,0,0,0
171150,0,1,0,0,0,0,0,0,0,0,0,0
171150,1,1,0,0,0,0,24,23,34,0,0,0
171151,1,1,25,17,0,0,0,0,0,0,0,0
171151,2,1,0,0,0,0,0,0,0,0,0,0
171152,1,1,0,0,21,0,11,9,0,10,0,7
171153,1,1,23,23,23,23,23,23,23,23,23,23
171154,0,1,17,17,17,17,17,17,17,17,17,17
171154,1,1,0,6,0,0,19,21,0,0,0,6
171155,1,1,12,12,12,12,12,12,12,12,12,12
171157,1,1,0,0,0,30,0,0,0,0,0,0
171157,2,1,0,0,0,0,0,0,0,0,0,0
171158,1,1,6,12,12,9,29,17,16,5,9,10
171158,2,1,23,9,17,22,19,14,26,22,13,12
171159,1,1,0,0,0,0,0,0,0,0,0,0
171160,0,1,0,0,0,0,0,0,0,0,0,0
171160,1,1,0,0,0,9,0,0,0,0,0,0
171161,1,1,0,0,0,0,0,0,0,0,0,0
171161,2,1,0,0,0,0,0,0,0,0,0,0
171162,1,1,19,19,19,19,19,19,19,19,19,19
171163,0,1,0,0,0,0,0,0,0,0,0,0
171163,1,1,24,0,0,0,0,0,0,0,0,0
171164,1,1,26,26,26,26,26,26,26,26,26,26
171165,0,1,0,0,0,0,0,0,0,0,0,0
171165,1,1,0,0,0,0,0,0,0,0,0,0
171166,1,1,0,0,0,0,0,0,0,0,0,0
171167,1,1,19,19,19,19,19,19,19,19,19,19
171168,0,1,0,0,0,0,0,0,0,0,0,0
171168,1,1,0,0,0,0,14,0,0,0,0,0
171169,1,1,0,0,0,0,0,0,0,0,0,0
171169,2,1,0,0,0,0,0,0,0,0,0,0
171170,0,1,0,18,0,0,0,0,0,0,0,0
171170,1,1,11,0,0,0,0,0,0,0,0,0
171171,1,1,0,0,0,0,10,0,0,0,0,4
171171,2,1,0,0,0,21,0,0,8,0,9,0
171172,1,1,0,0,0,0,0,0,0,0,0,0
171173,1,1,0,18,0,0,0,0,0,0,0,14
171174,1,1,20,15,17,0,8,0,0,20,16,11
171174,2,1,14,0,16,0,0,0,0,0,0,0
171175,1,1,10,0,0,0,0,0,0,0,0,18
171175,2,1,0,0,0,15,6,18,0,20,0,0
171176,1,1,0,0,0,0,0,0,0,0,0,0
171176,2,1,0,0,0,0,0,0,0,0,0,0
171177,1,1,0,0,0,0,0,0,0,0,0,0
171178,0,1,0,0,0,0,19,0,0,4,0,0
171178,1,1,8,24,8,0,13,0,10,0,31,0
171180,1,1,18,18,18,18,18,18,18,18,18,18
171181,1,1,0,0,0,0,0,0,0,0,0,0
171181,2,1,0,0,0,0,0,0,0,0,0,0
171182,1,1,0,29,21,6,0,8,15,0,31,0
171183,1,1,16,16,16,16,16,16,16,16,16,16
171184,0,1,28,0,44,0,6,0,15,0,0,0
171184,1,1,0,0,0,0,0,0,0,0,0,0
171185,0,1,17,14,0,0,0,0,0,12,0,15
171185,1,1,9,2,0,22,0,0,20,0,9,15
171186,1,1,0,0,59,0,0,20,0,12,0,20
171187,1,1,0,0,0,0,0,0,0,0,0,0
171188,0,1,0,0,0,0,0,0,0,0,0,0
171188,1,1,0,0,0,0,0,0,0,0,0,0
171189,0,1,49,49,49,49,49,49,49,49,49,49
171189,1,1,0,0,0,0,0,0,0,0,0,0
171190,1,1,14,0,12,16,0,14,27,8,4,22
171191,1,1,19,29,13,12,28,22,19,37,19,20
171192,1,1,0,12,0,0,0,0,0,0,0,0
171192,2,1,0,0,0,7,0,0,17,0,0,0
171193,1,1,0,0,0,0,0,0,0,0,0,0
171194,1,1,21,21,21,21,21,21,21,21,21,21
171195,1,1,0,0,0,0,0,0,0,0,0,0
171195,2,1,0,0,0,0,0,0,0,0,0,0
171196,1,1,21,0,0,0,0,0,0,0,10,15
171196,2,1,8,12,0,0,0,0,8,0,0,0
171197,0,1,0,0,31,0,0,0,0,24,23,0
171197,1,1,0,0,0,0,0,0,0,0,0,0
171198,1,1,4,0,22,6,8,4,23,5,15,0
171198,2,1,0,0,0,0,0,0,0,0,0,0
171198,3,1,0,0,0,0,0,0,0,0,0,0
171198,4,1,0,0,0,0,0,0,0,15,0,0
171198,5,1,0,0,0,0,0,0,0,0,0,0
171198,6,1,0,0,0,0,0,0,0,0,0,9
171198,7,1,0,0,0,0,27,0,0,0,0,0
171199,1,1,0,0,0,0,0,0,0,0,0,0
171199,2,1,0,0,0,0,0,0,0,0,0,0
171200,1,1,0,0,0,0,0,15,0,0,0,0
171200,2,1,0,0,12,0,0,0,20,0,0,0
171201,1,1,0,0,0,0,0,0,0,0,0,0
171202,0,1,23,7,0,0,0,0,18,0,19,0
171202,1,1,0,0,0,0,0,0,0,0,0,0
171203,0,1,0,21,7,11,0,0,0,0,0,0
171203,1,1,11,0,0,0,0,0,0,0,0,0
171204,1,1,0,0,0,0,0,0,0,0,0,0
171204,2,1,0,0,0,0,0,0,0,0,0,0
171205,0,1,0,29,0,27,6,31,0,14,0,0
171205,1,1,0,0,0,0,0,0,0,0,0,0
171206,1,1,5,5,5,5,5,5,5,5,5,5
171207,1,1,26,19,21,15,12,0,10,0,0,0
171208,1,1,17,0,0,18,0,0,0,0,0,34
171209,1,1,5,0,0,23,0,13,0,0,17,22
171209,2,1,0,0,0,0,0,0,0,0,0,0
171210,1,1,0,0,0,0,0,0,0,0,0,0
171211,1,1,0,0,0,0,0,0,0,0,0,0
171211,2,1,0,0,0,0,0,0,0,0,0,0
171212,1,1,0,13,0,19,18,0,31,0,0,0
171213,1,1,0,0,0,0,15,0,0,0,0,0
171213,2,1,0,10,0,0,0,0,0,0,0,0
171214,0,1,0,0,0,0,0,0,0,0,0,0
171214,1,1,0,0,10,0,0,0,0,0,0,0
171215,1,1,0,0,0,0,0,0,0,6,0,0
171215,2,1,0,0,0,0,0,0,8,0,0,0
171216,1,1,0,0,0,14,0,0,0,0,0,0
171216,2,1,0,0,10,14,0,0,0,0,0,0
171217,1,1,0,0,0,0,0,0,0,0,0,0
171217,2,1,0,0,0,0,0,0,0,0,0,0
171218,1,1,17,0,11,0,25,14,14,33,18,24
171218,2,1,24,0,0,0,0,0,0,0,9,0
171219,0,1,0,0,0,0,0,0,0,0,0,0
171219,1,1,0,0,0,0,0,0,0,0,0,0
171220,1,1,0,13,0,29,0,0,0,16,0,0
171221,0,1,35,4,16,21,24,6,20,23,15,17
171221,1,1,0,0,0,0,0,0,0,0,0,0
171222,1,1,0,0,0,0,0,0,0,0,13,0
171223,1,1,41,0,0,14,12,10,19,0,0,0
171224,1,1,9,0,0,9,0,0,21,0,0,0
171224,2,1,0,11,21,0,0,14,8,13,0,21
171225,1,1,0,0,0,0,0,23,0,26,0,0
171226,0,1,13,13,13,13,13,13,13,13,13,13
171226,1,1,0,0,0,0,0,0,0,0,0,0
171227,0,1,0,0,0,34,0,0,0,0,0,0
171227,1,1,0,0,0,0,0,0,0,0,0,16
171228,1,1,0,0,4,0,0,15,0,0,0,7
171229,1,1,36,0,0,0,0,27,30,14,0,0
171229,2,1,5,0,0,0,11,0,0,0,0,0
171229,3,1,0,0,0,0,0,0,0,0,0,0
171230,1,1,0,0,0,0,0,0,0,0,0,0
171230,2,1,0,15,0,0,0,0,11,0,0,21
171231,1,1,0,0,0,0,0,0,0,0,0,0
171233,1,1,0,0,0,0,0,0,0,0,0,0
171233,2,1,0,0,0,0,0,0,0,0,0,0
171235,1,1,0,0,0,0,0,0,0,0,0,0
171235,2,1,14,0,0,18,0,22,0,0,0,0
171236,1,1,0,0,0,0,0,0,0,0,0,0
171236,2,1,20,0,0,0,0,0,0,0,0,0
171236,3,1,0,0,0,0,0,0,0,0,0,0
171237,1,1,16,16,16,16,16,16,16,16,16,16
171238,1,1,0,0,0,14,0,0,0,0,0,0
171238,2,1,0,0,0,0,0,0,0,0,0,0
171239,1,1,16,16,16,16,16,16,16,16,16,16
171240,1,1,9,9,9,9,9,9,9,9,9,9
171241,0,1,23,33,0,0,43,25,18,22,0,17
171241,1,1,0,10,0,0,0,0,0,0,29,0
171242,1,1,23,0,0,0,0,0,0,0,0,13
171243,1,1,0,0,0,0,0,0,35,0,0,18
171244,0,1,0,0,0,21,0,0,0,10,0,24
171244,1,1,0,0,0,0,0,0,0,0,0,0
171245,1,1,0,0,0,0,22,0,0,0,0,0
171245,2,1,0,0,7,0,0,0,0,17,0,0
171247,1,1,0,0,0,0,0,0,0,0,0,0
171247,2,1,0,0,0,0,0,0,0,0,0,0
171248,0,1,22,16,0,0,21,12,0,0,0,0
171248,1,1,7,7,7,7,7,7,7,7,7,7
171249,0,1,0,21,0,0,0,0,14,0,0,22
171249,1,1,0,0,0,0,7,0,0,5,0,0
171250,0,1,0,21,15,0,0,13,0,12,11,0
171250,1,1,0,0,0,12,17,0,0,0,0,0
171250,2,1,0,25,12,0,0,19,14,0,0,28
171251,1,1,21,21,21,21,21,21,21,21,21,21
171253,1,1,13,40,6,6,0,13,8,0,2,0
171253,2,1,0,15,0,0,8,0,0,0,0,0
171253,3,1,0,0,0,0,0,0,0,0,0,0
171257,0,1,0,0,0,0,0,0,0,0,0,0
171257,1,1,0,0,0,0,0,0,0,0,0,0
171258,1,1,0,0,12,0,12,0,4,0,0,0
171259,1,1,0,14,0,0,0,12,0,0,0,21
171259,2,1,0,0,0,0,0,0,0,13,0,0
171259,3,1,0,0,0,0,0,0,0,0,0,0
171260,1,1,0,0,21,0,0,0,15,20,0,0
171261,1,1,0,0,0,0,0,0,0,0,0,0
171262,1,1,0,0,0,10,0,0,0,0,0,0
171262,2,1,0,0,0,0,0,0,0,0,0,0
171263,1,1,11,18,19,20,0,19,0,20,12,8
171264,1,1,30,0,0,0,0,0,0,0,0,0
171264,2,1,0,4,0,0,0,0,19,9,0,0
171265,1,1,20,17,0,20,20,9,20,0,25,5
171267,1,1,0,0,12,0,7,11,21,0,0,8
171268,0,1,0,0,0,0,10,0,0,0,0,0
171268,1,1,0,0,0,0,0,0,0,0,0,0
171269,1,1,0,0,5,0,5,12,0,10,0,18
171271,1,1,15,0,29,8,13,12,11,15,17,25
171272,0,1,0,6,0,0,0,0,33,0,0,0
171272,1,1,0,5,0,0,0,19,0,0,30,0
171272,2,1,16,0,3,0,0,0,0,0,0,0
171272,3,1,0,0,0,0,0,0,0,0,0,0
171273,0,1,0,16,0,0,0,0,0,0,0,0
171273,0,2,0,0,0,0,0,0,18,0,0,16
171273,1,1,0,0,0,0,0,0,7,0,0,0
171273,4,1,0,3,0,0,0,0,0,0,0,0
171275,1,1,19,26,7,10,10,26,8,11,18,27
171276,1,1,2,2,2,2,2,2,2,2,2,2
171276,2,1,0,0,0,0,0,0,0,0,0,0
171276,3,1,0,0,0,0,0,0,0,0,0,0
171276,4,1,0,0,0,0,0,0,0,0,0,0
171277,0,1,27,17,0,9,0,16,13,26,20,0
171277,1,1,14,11,0,5,15,20,0,0,0,0
171278,1,1,0,0,0,0,0,18,0,0,10,0
171279,1,1,0,5,0,32,9,0,18,15,21,0
171280,1,1,0,0,0,0,0,0,0,0,0,0
171280,2,1,0,0,0,0,0,0,0,0,0,0
171281,0,1,0,0,0,0,0,44,14,19,0,6
171281,1,1,11,10,10,10,12,10,15,20,34,0
171282,1,1,0,0,0,27,0,0,0,0,0,0
171283,1,1,20,0,8,6,22,0,9,13,4,0
171283,2,1,0,0,0,0,0,0,0,0,0,0
180001,1,1,0,8,0,20,16,19,20,0,0,16
180002,1,1,0,0,0,0,0,0,0,0,0,0
180002,2,1,0,0,0,0,0,0,0,0,0,0
180003,1,1,0,0,0,0,16,28,0,15,0,0
180004,1,1,33,33,33,33,33,33,33,33,33,33
180004,2,1,0,0,0,0,0,0,0,0,0,0
180005,1,1,0,0,0,0,0,0,0,0,0,0
180006,1,1,0,0,28,0,0,0,22,0,0,0
180007,1,1,0,0,0,0,0,0,0,0,0,0
180007,2,1,0,0,0,0,0,0,0,0,0,0
180008,0,1,0,0,0,0,0,0,0,0,0,0
180008,1,1,0,0,0,0,0,0,0,0,0,0
180008,2,1,3,3,3,3,3,3,3,3,3,3
180009,1,1,13,13,13,13,13,13,13,13,13,13
180009,2,1,0,0,0,0,0,0,0,0,0,0
180010,1,1,22,22,22,22,22,22,22,22,22,22
180011,1,1,0,0,0,0,0,0,0,0,0,0
180011,2,1,0,0,0,0,0,0,0,0,0,0
180011,3,1,0,0,0,0,0,0,0,0,0,0
180012,1,1,31,31,31,31,31,31,31,31,31,31
180013,1,1,25,25,25,25,25,25,25,25,25,25
180014,0,1,0,0,0,0,0,24,0,0,0,33
180014,1,1,0,0,0,0,0,0,0,0,0,0
180015,1,1,0,0,0,0,0,0,0,0,0,0
180015,2,1,0,0,0,0,0,0,0,0,0,0
180015,3,1,0,0,0,0,0,0,0,0,0,0
180016,1,1,0,0,0,0,0,0,0,0,0,0
180016,2,1,0,0,0,0,0,0,0,0,0,0
180017,1,1,0,0,0,0,0,0,0,0,0,0
180017,2,1,0,0,0,0,0,0,0,0,0,0
180018,1,1,0,16,0,7,0,0,20,24,0,0
180018,2,1,0,0,0,0,0,0,0,0,0,0
180018,3,1,8,8,8,8,8,8,8,8,8,8
180019,1,1,19,0,18,52,15,27,0,28,9,0
180019,2,1,0,0,0,0,0,0,0,0,0,0
180020,1,1,0,0,0,0,0,0,0,0,0,0
180022,1,1,0,0,0,0,0,0,0,0,0,0
180022,2,1,0,0,0,0,0,0,0,0,0,0
180022,3,1,0,0,0,0,0,0,0,0,0,0
180022,4,1,0,0,0,0,0,0,0,0,0,0
180022,5,1,0,0,0,0,0,0,0,0,0,0
180022,6,1,0,0,0,0,0,0,0,0,0,0
180023,1,1,2,2,2,2,2,2,2,2,2,2
180023,2,1,0,0,0,0,0,0,0,0,0,0
180023,3,1,0,0,0,0,0,0,0,0,0,0
180023,4,1,0,0,0,0,0,0,0,0,0,0
180023,5,1,0,0,0,0,0,0,0,0,0,0
180024,1,1,0,0,0,0,0,0,0,0,0,0
180025,1,1,0,0,0,0,0,0,0,0,0,0
180026,1,1,0,0,0,0,0,0,0,0,0,0
180026,2,1,0,0,0,0,0,0,0,0,0,0
180027,1,1,0,0,0,0,16,19,25,18,9,41
180028,1,1,8,3,0,16,0,0,0,0,0,0
180028,2,1,0,0,0,0,0,0,0,0,0,0
180029,1,1,0,0,0,0,0,0,0,0,0,0
180030,1,1,15,13,0,0,0,0,0,0,20,0
180030,2,1,0,0,0,0,0,0,0,0,0,0
180031,1,1,0,13,14,0,0,11,14,0,8,0
180031,2,1,0,0,0,0,0,0,0,0,0,0
180032,1,1,0,0,0,0,0,0,0,0,0,0
180033,1,1,0,0,0,0,0,0,0,0,0,0
180033,2,1,0,0,0,0,0,0,0,0,0,0
180034,1,1,0,0,0,0,0,0,0,0,0,0
180034,2,1,0,0,0,0,0,0,0,0,0,0
180034,3,1,0,0,0,0,0,0,0,0,0,0
180035,0,1,0,0,0,0,0,0,0,0,0,0
180035,1,1,0,0,0,0,0,0,0,0,0,0
180036,1,1,0,0,0,0,0,0,0,0,0,0
180036,2,1,0,0,0,0,0,0,0,0,0,0
180037,1,1,0,0,0,0,0,0,0,0,0,0
180037,2,1,0,0,0,0,0,0,0,0,0,0
180038,1,1,0,0,0,0,0,0,0,0,15,0
180039,1,1,0,0,0,0,0,0,0,0,0,0
180039,2,1,0,0,0,0,0,0,0,0,0,0
180039,3,1,0,0,0,0,0,0,0,0,0,0
180040,1,1,19,13,12,24,32,18,0,0,0,19
180041,1,1,10,0,0,0,34,0,0,34,0,25
180042,1,1,19,19,19,19,19,19,19,19,19,19
180042,2,1,0,0,0,0,0,0,0,0,0,0
180043,1,1,0,0,0,0,0,0,0,0,0,0
180044,0,1,20,20,20,20,20,20,20,20,20,20
180044,1,1,7,0,6,0,21,9,10,19,12,12
180045,1,1,7,7,7,7,7,7,7,7,7,7
180046,1,1,0,11,0,0,0,0,0,0,0,0
180047,1,1,0,0,10,0,23,0,0,0,0,16
180048,0,1,7,7,7,7,7,7,7,7,7,7
180048,1,1,0,0,0,0,0,0,0,0,0,0
180049,1,1,0,0,0,0,0,16,0,33,0,12
180050,0,1,41,41,41,41,41,41,41,41,41,41
180050,1,1,0,0,0,0,0,0,0,0,0,0
180051,0,1,0,0,0,0,0,0,0,0,0,0
180051,1,1,0,0,0,0,0,0,0,0,0,0
180052,1,1,0,0,0,0,0,0,0,0,0,24
180053,1,1,0,0,0,0,0,0,0,0,0,0
180054,0,1,2,2,2,2,2,2,2,2,2,2
180054,1,1,0,0,0,0,0,0,0,0,0,0
180055,1,1,0,8,0,0,18,0,0,0,0,0
180056,1,1,0,0,0,0,0,0,0,0,0,0
180056,2,1,0,0,0,0,0,0,0,0,0,0
180057,1,1,0,0,0,0,0,0,0,0,0,0
180058,1,1,22,23,0,13,17,32,10,0,5,0
180058,2,1,20,21,0,0,0,15,26,0,0,15
180059,1,1,6,9,17,0,0,26,11,0,13,16
180060,1,1,0,0,3,0,0,0,0,0,17,0
180060,2,1,0,0,0,0,0,0,0,0,0,0
180061,0,1,0,0,0,0,0,0,0,0,0,0
180061,0,2,0,0,0,0,0,0,0,0,0,0
180061,1,1,0,0,0,0,0,0,0,0,0,0
180062,1,1,0,0,0,0,0,0,0,0,0,0
180063,1,1,0,0,0,0,0,0,0,0,0,0
180064,1,1,22,22,22,22,22,22,22,22,22,22
180065,1,1,11,0,23,0,0,0,9,0,0,0
180066,0,1,0,0,0,0,0,0,0,0,0,0
180066,1,1,0,0,0,0,0,0,0,0,0,0
180067,1,1,0,0,0,0,0,0,0,0,0,0
180067,2,1,0,0,0,0,4,0,0,0,0,14
180068,1,1,15,15,15,15,15,15,15,15,15,15
180068,2,1,0,0,0,0,0,0,0,0,0,0
180069,1,1,0,0,0,0,0,0,0,0,0,0
180070,0,1,41,41,41,41,41,41,41,41,41,41
180070,1,1,0,0,0,0,0,0,0,0,0,0
180071,1,1,0,25,0,0,0,0,11,15,0,24
180072,1,1,0,0,0,0,0,0,0,0,0,0
180072,2,1,0,0,0,0,0,0,0,0,0,0
180073,0,1,21,11,0,11,0,0,0,0,0,15
180073,1,1,0,0,0,0,0,0,0,0,0,0
180074,0,1,0,0,0,0,0,0,0,0,0,15
180074,1,1,0,0,0,0,0,0,0,0,0,0
180074,2,1,0,0,0,0,0,0,0,0,0,0
180075,1,1,12,0,0,0,0,10,17,3,0,0
180076,1,1,0,0,0,0,0,0,0,0,0,0
180076,2,1,0,0,0,0,0,0,0,0,0,0
180076,3,1,0,0,0,0,0,0,0,0,0,0
180077,1,1,0,23,19,0,0,33,0,14,0,18
180077,2,1,20,13,0,24,23,7,0,19,0,10
180077,3,1,0,0,0,0,0,0,0,0,0,0
180077,4,1,0,0,0,0,0,0,0,0,0,0
180078,1,1,17,17,17,17,17,17,17,17,17,17
180078,2,1,0,0,0,0,0,0,0,0,0,0
180079,1,1,0,0,0,0,0,0,0,0,0,0
180079,2,1,0,0,0,0,0,0,0,0,0,0
180080,1,1,0,0,0,0,0,0,0,0,0,0
180081,1,1,0,0,0,0,0,0,0,0,0,0
180081,2,1,0,0,0,0,0,0,0,0,0,0
180082,1,1,0,0,0,0,0,0,0,0,0,0
180083,1,1,0,0,0,0,0,0,0,0,0,0
180084,1,1,0,0,0,0,0,0,0,0,0,0
180085,1,1,38,0,16,22,0,0,20,0,0,0
180085,2,1,0,0,8,45,21,0,0,0,0,0
180086,1,1,0,0,0,0,0,0,0,0,0,0
180086,2,1,0,0,0,0,0,0,0,0,0,0
180086,3,1,0,0,0,0,0,0,0,0,0,0
180086,4,1,0,0,0,0,0,0,0,0,0,0
180087,1,1,0,0,20,24,22,0,0,0,0,10
180087,2,1,0,0,0,0,0,0,0,0,0,0
180088,0,1,0,0,0,0,0,0,0,0,0,0
180088,1,1,0,0,0,18,0,22,0,0,0,6
180089,1,1,0,0,0,0,0,0,0,0,0,0
180089,2,1,0,0,0,0,0,0,0,0,0,0
180090,1,1,0,0,22,21,18,0,13,0,0,0
180090,2,1,0,0,0,0,0,0,0,0,0,0
180091,1,1,0,0,0,0,0,0,0,0,0,0
180092,1,1,0,0,0,0,0,0,0,0,0,0
180093,1,1,0,0,0,0,0,0,0,0,0,0
180094,1,1,0,0,0,0,0,0,0,0,0,0
180095,1,1,0,0,0,0,0,0,0,0,0,0
180095,2,1,0,0,0,0,0,0,0,0,0,0
180096,1,1,0,0,0,0,0,0,0,0,0,0
180097,1,1,12,12,12,12,12,12,12,12,12,12
180098,1,1,0,13,0,0,0,0,0,0,0,0
180098,2,1,0,0,0,0,0,0,0,0,0,0
180099,0,1,0,0,0,0,0,0,0,0,0,0
180099,1,1,0,0,0,0,0,0,0,0,0,0
180100,1,1,0,0,7,0,0,20,0,0,0,13
180101,1,1,0,0,0,0,0,0,0,0,0,0
180101,2,1,2,2,2,2,2,2,2,2,2,2
180101,3,1,0,0,0,0,0,0,0,0,0,0
180102,1,1,0,0,0,0,10,10,5,24,18,3
180103,1,1,0,0,0,0,0,0,0,0,0,0
180103,2,1,0,0,0,0,0,0,0,0,0,0
180104,1,1,23,23,23,23,23,23,23,23,23,23
180105,1,1,0,0,0,0,0,0,0,11,0,0
180105,2,1,0,0,0,0,0,0,0,0,0,0
180106,1,1,0,0,0,0,0,0,0,0,0,0
180106,2,1,0,0,0,0,0,20,0,0,25,0
180107,1,1,15,15,15,15,15,15,15,15,15,15
180107,2,1,0,0,0,0,0,0,0,0,0,0
180108,1,1,0,0,0,0,0,0,0,0,0,0
180108,2,1,32,32,32,32,32,32,32,32,32,32
180109,0,1,0,0,0,0,0,0,0,0,0,0
180109,1,1,15,0,0,0,0,0,0,0,0,0
180110,1,1,0,0,0,0,0,0,0,0,0,0
180110,2,1,0,0,0,0,0,0,0,0,0,0
180111,1,1,0,24,0,0,17,24,22,27,12,9
180112,1,1,0,0,0,0,0,0,0,0,0,0
180112,2,1,0,0,0,0,12,0,0,0,0,0
180113,1,1,0,0,0,0,0,0,0,0,0,0
180114,0,1,9,9,9,9,9,9,9,9,9,9
180114,1,1,0,10,0,13,0,9,0,0,15,8
180115,0,1,0,0,0,0,0,0,0,0,0,0
180115,1,1,0,0,0,0,0,0,0,0,0,0
180116,1,1,0,0,0,0,0,0,0,0,0,0
180117,1,1,0,0,11,11,0,23,9,0,0,0
180117,2,1,0,0,0,0,0,0,0,0,0,0
180118,1,1,27,28,15,19,0,12,15,0,0,0
180119,1,1,0,0,0,0,7,0,0,0,26,0
180119,2,1,0,0,0,0,0,0,14,0,0,0
180120,1,1,26,28,11,0,0,10,0,0,21,15
180121,1,1,41,0,12,0,30,0,20,0,17,18
180122,1,1,0,0,0,0,0,0,0,0,0,0
180122,2,1,0,0,0,0,0,0,0,0,0,0
180123,1,1,0,0,0,0,0,0,0,0,0,0
180123,2,1,0,0,0,0,0,0,0,0,0,0
180124,0,1,21,52,0,8,0,0,35,0,0,0
180124,1,1,0,0,0,0,0,0,0,0,0,0
180125,1,1,0,29,0,0,0,0,0,16,12,0
180126,1,1,0,0,0,0,0,0,0,0,0,0
180126,2,1,0,0,0,0,0,0,0,0,0,0
180126,3,1,0,0,0,0,0,0,0,0,0,0
180127,1,1,0,0,0,0,0,0,0,0,0,0
180127,2,1,0,0,0,0,0,0,0,0,0,0
180127,3,1,0,0,0,11,0,0,0,22,0,0
180128,0,1,21,0,0,0,0,0,37,28,0,0
180128,1,1,0,0,0,0,0,0,0,0,0,0
180129,0,1,41,0,0,0,0,10,30,7,0,0
180129,1,1,0,0,0,0,0,0,0,0,0,0
180130,0,1,0,0,0,0,0,0,0,0,0,0
180130,1,1,0,0,0,0,0,0,0,0,0,0
180131,1,1,20,20,20,20,20,20,20,20,20,20
180131,2,1,0,0,0,0,0,0,0,0,0,0
180132,1,1,0,0,0,0,0,0,0,0,0,0
180133,1,1,0,0,0,0,0,0,0,0,0,0
180133,2,1,0,0,0,0,0,0,0,0,0,0
180134,1,1,0,0,0,0,0,0,0,0,0,0
180134,2,1,0,0,0,0,0,0,0,0,0,0
180134,3,1,0,0,0,0,0,12,0,0,0,0
180135,1,1,0,0,0,0,0,0,0,0,0,0
180135,2,1,0,0,0,0,0,0,0,0,0,0
180136,1,1,0,0,0,0,0,0,0,0,0,0
180136,2,1,0,0,0,0,0,0,0,0,0,0
180136,3,1,0,0,0,0,0,0,0,0,0,0
180137,1,1,0,0,0,0,0,0,0,0,0,0
180137,2,1,0,0,0,0,0,0,0,0,0,0
180137,3,1,0,15,0,0,0,0,0,0,0,0
180138,1,1,0,0,0,0,16,0,0,0,0,29
180139,1,1,0,7,0,0,0,0,0,0,0,0
180140,1,1,0,0,0,0,0,0,0,0,0,0
180140,2,1,23,0,0,0,0,0,0,0,0,0
180141,1,1,14,14,14,14,14,14,14,14,14,14
180142,1,1,0,0,0,0,0,0,0,0,0,0
180143,1,1,0,0,0,0,0,0,0,0,0,0
180143,2,1,4,4,4,4,4,4,4,4,4,4
180144,1,1,0,0,0,0,0,0,0,0,0,0
180144,2,1,0,0,0,0,0,0,0,0,0,0
180145,1,1,22,22,22,22,22,22,22,22,22,22
180146,1,1,7,0,0,18,11,0,0,0,0,0
180147,1,1,0,17,0,0,0,13,12,17,0,15
180147,2,1,0,0,0,0,0,0,0,0,0,0
180148,1,1,0,0,0,0,0,0,0,0,0,0
180148,2,1,0,0,0,0,0,0,0,0,0,0
180149,1,1,0,0,0,0,0,0,0,15,0,0
180149,2,1,0,0,0,0,6,0,0,0,0,0
180150,0,1,35,21,0,26,0,10,0,0,0,0
180150,1,1,0,20,13,0,20,4,0,0,11,16
180151,1,1,0,0,0,0,0,0,0,0,0,0
180152,1,1,0,0,0,0,0,0,0,0,0,0
180152,2,1,1,1,1,1,1,1,1,1,1,1
180153,1,1,0,0,0,0,0,0,0,0,0,0
180153,2,1,0,0,9,0,0,0,0,0,0,0
180154,1,1,18,18,18,18,18,18,18,18,18,18
180155,1,1,0,0,0,0,0,0,0,0,0,0
180155,2,1,0,0,0,0,0,0,0,0,0,0
180155,3,1,0,0,0,0,0,0,0,0,0,0
180156,1,1,0,0,0,0,0,0,0,0,0,0
180157,1,1,0,0,0,0,0,0,0,0,0,0
180157,2,1,0,0,0,0,0,0,0,0,0,0
180158,1,1,14,8,0,0,4,0,14,12,0,0
180159,1,1,0,0,0,0,0,0,0,0,0,0
180159,2,1,0,0,0,0,0,0,0,0,0,0
180160,1,1,0,0,0,0,0,0,0,0,0,0
180160,2,1,0,0,0,0,0,0,0,0,0,0
180161,0,1,31,31,31,31,31,31,31,31,31,31
180161,1,1,0,0,4,5,9,6,0,22,0,0
180162,1,1,5,5,5,5,5,5,5,5,5,5
180162,2,1,0,0,0,0,0,0,0,0,0,0