ST_CASE,VEH_NO,PER_NO,P1,P2,P3,P4,P5,P6,P7,P8,P9,P10
180163,1,1,0,0,0,0,36,0,0,0,0,0
180163,2,1,0,0,0,0,0,0,0,0,0,0
180164,1,1,0,0,0,0,0,0,0,0,0,0
180164,2,1,0,0,0,0,0,0,0,0,0,0
180165,1,1,0,0,0,0,0,0,0,0,0,0
180165,2,1,0,0,0,0,0,0,12,0,0,0
180166,1,1,0,32,0,17,5,0,0,21,0,4
180166,2,1,0,0,0,0,0,0,0,0,0,0
180167,1,1,0,0,0,0,0,0,0,0,0,0
180167,2,1,0,0,0,0,0,0,0,0,0,0
180168,1,1,0,13,0,13,0,33,0,0,24,0
180169,1,1,0,0,0,23,0,21,12,17,0,0
180170,1,1,0,0,0,0,0,0,0,0,0,0
180171,1,1,0,0,0,0,0,0,0,0,0,0
180171,2,1,0,0,0,0,0,0,0,0,0,0
180172,1,1,0,0,0,0,0,0,0,0,0,0
180172,2,1,0,0,0,0,0,0,0,0,0,0
180172,3,1,0,0,0,0,0,0,0,0,0,0
180173,1,1,0,21,0,0,0,27,18,0,19,17
180174,1,1,17,17,17,17,17,17,17,17,17,17
180174,2,1,0,0,0,0,0,0,0,0,0,0
180175,1,1,0,0,0,14,0,37,0,29,0,0
180175,2,1,0,0,0,0,0,0,0,0,0,0
180175,3,1,0,0,0,9,0,0,0,0,19,0
180176,1,1,0,0,0,0,0,0,0,0,0,0
180176,2,1,0,0,0,0,0,0,0,0,0,0
180177,1,1,0,0,0,0,0,0,0,0,0,0
180177,2,1,0,0,0,0,0,0,0,0,0,0
180178,1,1,0,17,32,0,0,0,28,24,17,6
180179,0,1,0,0,0,47,0,27,0,0,0,0
180179,1,1,0,0,0,0,0,0,0,0,0,0
180180,1,1,0,0,0,0,0,0,0,0,0,0
180180,2,1,0,0,0,0,0,0,0,0,0,0
180181,1,1,0,0,0,0,0,0,0,0,0,0
180182,0,1,0,0,0,0,0,0,0,0,0,0
180182,1,1,0,0,0,0,0,0,0,0,0,0
180183,1,1,0,10,20,18,8,0,0,14,7,18
180184,1,1,0,0,0,0,0,0,0,0,0,0
180184,2,1,0,0,0,0,0,0,0,0,0,0
180184,3,1,0,0,0,0,0,0,0,0,0,0
180184,4,1,0,0,0,0,0,0,0,0,0,0
180185,1,1,0,0,0,0,0,0,0,0,0,0
180186,1,1,0,0,0,0,0,0,0,0,0,0
180186,2,1,0,0,0,0,0,0,0,0,0,0
180186,3,1,0,0,0,0,0,0,0,0,0,0
180187,1,1,0,0,0,0,0,0,0,0,0,0
180187,2,1,0,0,0,0,0,0,0,0,0,0
180188,1,1,18,18,18,18,18,18,18,18,18,18
180189,1,1,0,0,0,0,0,0,0,0,0,0
180190,1,1,0,0,0,0,0,0,0,0,20,0
180191,1,1,0,0,0,0,0,0,0,0,0,0
180191,2,1,0,0,0,0,0,0,0,0,0,0
180191,3,1,0,0,0,0,0,0,0,0,0,0
180192,1,1,21,21,21,21,21,21,21,21,21,21
180192,2,1,0,0,0,0,0,0,0,0,0,0
180193,1,1,6,6,6,6,6,6,6,6,6,6
180194,1,1,0,14,0,3,25,18,30,29,0,30
180195,1,1,0,0,0,0,0,0,0,0,0,0
180195,2,1,0,0,0,0,0,0,0,0,0,0
180196,0,1,0,0,0,0,0,0,0,0,0,0
180196,1,1,0,0,0,0,0,0,0,0,0,0
180197,1,1,0,0,0,0,0,0,0,0,0,0
180198,1,1,16,16,16,16,16,16,16,16,16,16
180198,2,1,0,0,0,17,0,0,0,0,0,0
180199,1,1,26,11,17,16,34,0,23,0,21,25
180200,1,1,0,0,0,0,0,18,0,0,0,0
180200,2,1,0,0,0,0,0,0,0,0,0,0
180200,3,1,0,0,0,0,0,0,0,0,0,0
180201,1,1,0,0,23,0,0,0,0,0,0,0
180202,1,1,0,0,0,0,0,0,0,0,0,0
180202,2,1,0,0,0,0,0,0,0,27,0,0
180202,3,1,11,0,0,0,0,0,0,0,0,0
180202,4,1,0,0,0,0,0,0,6,0,0,0
180203,1,1,0,0,0,0,0,0,0,0,0,0
180203,2,1,0,0,0,0,0,0,0,0,0,0
180204,0,1,0,0,0,30,0,0,18,13,29,25
180204,1,1,0,0,6,0,0,0,22,0,0,0
180205,1,1,0,0,0,0,0,0,0,0,0,0
180205,2,1,0,0,0,0,0,0,0,0,0,0
180206,1,1,0,0,0,0,0,0,0,0,0,0
180207,1,1,0,0,0,19,9,21,0,0,0,0
180208,1,1,0,0,0,0,0,0,0,0,0,0
180209,1,1,0,0,0,0,0,0,0,0,0,0
180210,1,1,0,0,0,0,0,0,0,0,0,0
180210,2,1,0,0,0,10,0,0,0,25,0,0
180210,3,1,0,0,0,0,0,0,0,0,0,0
180211,1,1,0,0,0,0,0,0,0,0,0,0
180211,2,1,0,0,0,0,0,0,0,0,0,0
180212,1,1,0,0,0,0,0,0,0,0,0,0
180212,2,1,0,0,0,0,0,0,0,0,0,0
180213,1,1,0,20,0,24,14,0,21,0,0,0
180213,2,1,8,0,0,0,0,0,0,0,0,0
180214,1,1,0,0,0,0,0,0,0,0,0,0
180215,1,1,22,22,22,22,22,22,22,22,22,22
180216,1,1,0,0,0,0,0,0,0,0,0,0
180216,2,1,0,0,0,0,0,0,0,0,0,0
180216,3,1,0,0,0,0,0,0,0,0,0,0
180217,0,1,0,0,0,0,0,0,0,0,0,0
180217,1,1,0,0,0,0,0,0,0,0,0,12
180218,1,1,0,0,0,0,23,0,0,0,0,0
180218,2,1,0,0,0,0,0,0,0,0,0,0
180219,1,1,2,0,20,3,0,0,20,23,13,12
180219,2,1,0,0,0,0,0,0,0,0,0,0
180220,1,1,42,0,22,25,15,21,0,9,18,14
180221,1,1,0,0,0,0,0,0,0,0,0,0
180221,2,1,0,0,0,0,0,0,0,0,0,0
180221,3,1,0,0,15,0,0,0,0,0,0,0
180222,1,1,19,19,19,19,19,19,19,19,19,19
180222,2,1,0,0,0,0,0,0,0,0,0,0
180223,1,1,21,21,21,21,21,21,21,21,21,21
180224,1,1,0,0,0,27,10,12,10,0,25,0
180224,2,1,0,0,0,0,0,0,0,0,0,0
180225,1,1,0,0,0,0,0,0,0,0,0,0
180225,2,1,0,0,0,0,0,0,0,0,0,0
180225,3,1,0,0,0,0,0,0,0,0,0,0
180226,1,1,12,12,12,12,12,12,12,12,12,12
180227,1,1,19,0,0,0,0,0,0,0,0,0
180228,1,1,0,0,0,0,0,10,0,0,0,0
180228,2,1,0,0,0,0,0,0,0,0,0,0
180229,1,1,0,0,0,0,0,0,0,0,0,0
180229,2,1,0,0,0,0,0,0,0,0,0,0
180229,3,1,0,0,0,0,0,0,0,0,0,0
180230,1,1,0,0,20,13,0,0,0,27,0,0
180230,2,1,0,0,0,0,0,0,0,0,0,0
180231,1,1,0,0,0,0,0,0,0,0,0,0
180231,2,1,0,0,0,0,0,0,0,0,0,0
180232,1,1,0,0,0,0,0,0,0,0,0,0
180232,2,1,0,0,0,0,0,0,0,0,0,0
180233,1,1,39,39,39,39,39,39,39,39,39,39
180234,0,1,23,23,23,23,23,23,23,23,23,23
180234,1,1,15,15,15,15,15,15,15,15,15,15
180235,1,1,13,13,13,13,13,13,13,13,13,13
180236,0,1,0,0,0,0,0,0,0,0,0,0
180236,1,1,0,0,0,0,0,0,0,0,0,0
180237,1,1,0,0,0,0,17,0,0,0,0,0
180238,1,1,0,0,0,0,0,0,0,0,0,0
180238,2,1,0,0,0,0,0,0,0,0,0,0
180239,1,1,0,0,0,0,0,0,0,0,0,0
180240,1,1,0,0,0,0,0,0,0,0,26,0
180241,1,1,0,0,0,0,0,0,0,0,0,0
180241,2,1,0,0,0,0,0,0,0,0,0,0
180242,1,1,13,13,13,13,13,13,13,13,13,13
180243,1,1,16,16,16,16,16,16,16,16,16,16
180244,1,1,21,21,21,21,21,21,21,21,21,21
180244,2,1,0,0,0,0,0,0,0,0,0,0
180245,1,1,22,0,8,0,0,14,0,0,0,20
180246,0,1,0,0,0,0,0,0,2,12,0,0
180246,1,1,0,0,0,0,0,0,0,0,0,0
180247,1,1,0,7,0,0,0,0,0,0,0,0
180248,1,1,0,0,0,0,0,18,24,10,2,0
180248,2,1,0,0,0,0,0,0,0,0,0,0
180248,3,1,0,0,0,0,0,0,0,0,0,0
180249,1,1,0,0,0,0,0,0,0,0,0,0
180249,2,1,0,0,0,0,0,0,0,0,0,0
180250,0,1,0,36,0,0,0,39,0,0,18,0
180250,1,1,0,0,0,0,0,0,0,0,0,0
180251,1,1,0,0,0,0,0,0,0,0,0,0
180251,2,1,0,0,0,22,0,0,0,0,0,0
180252,0,1,0,9,0,4,0,23,0,9,0,26
180252,1,1,0,0,0,0,0,0,0,0,0,0
180253,1,1,0,30,0,0,0,7,0,0,0,30
180253,2,1,0,0,0,0,0,0,0,0,0,0
180254,1,1,0,0,0,0,0,0,0,0,0,0
180255,1,1,4,4,4,4,4,4,4,4,4,4
180255,2,1,0,0,0,0,0,0,0,0,0,0
180256,1,1,0,0,0,0,0,0,0,0,0,0
180256,2,1,0,0,0,0,0,0,0,0,0,0
180257,1,1,0,0,16,0,0,0,12,9,0,14
180258,1,1,0,0,0,0,0,0,0,0,0,0
180258,2,1,0,0,0,0,0,0,0,0,0,0
180259,1,1,0,0,0,0,0,0,0,0,0,0
180260,1,1,0,14,0,17,7,0,0,0,10,17
180261,1,1,0,0,0,0,0,0,0,19,0,0
180261,2,1,0,0,0,0,0,0,21,0,0,0
180262,1,1,15,6,0,10,0,0,9,19,3,24
180263,1,1,0,0,0,0,0,0,0,0,0,0
180263,2,1,0,0,0,0,0,0,0,0,0,0
180264,0,1,0,0,0,0,0,0,0,0,0,0
180264,1,1,0,0,0,9,26,16,0,0,0,45
180265,1,1,0,0,0,0,0,0,0,0,0,0
180265,2,1,2,2,2,2,2,2,2,2,2,2
180266,1,1,0,0,0,0,0,0,0,0,0,0
180266,2,1,0,0,0,0,0,0,0,0,0,0
180267,1,1,0,0,0,0,0,0,0,0,0,0
180268,0,1,26,26,26,26,26,26,26,26,26,26
180268,1,1,0,0,0,0,0,0,0,0,0,0
180269,1,1,0,0,0,0,0,0,0,0,0,0
180269,2,1,0,0,0,0,0,0,0,0,0,0
180270,1,1,9,14,17,18,20,13,16,4,23,36
180271,1,1,0,0,0,0,0,0,0,0,0,0
180272,1,1,33,15,0,0,0,0,19,0,0,0
180273,0,1,9,9,9,9,9,9,9,9,9,9
180273,1,1,11,4,0,11,21,4,13,0,18,0
180274,1,1,0,0,0,0,0,0,0,0,0,0
180274,2,1,0,0,0,0,0,0,0,0,0,0
180274,3,1,0,0,19,0,0,0,0,0,0,0
180275,1,1,21,21,21,21,21,21,21,21,21,21
180275,2,1,0,0,0,0,0,0,0,0,0,0
180276,1,1,10,4,5,4,23,7,19,0,15,6
180276,2,1,0,0,12,11,0,0,32,0,0,24
180277,1,1,19,19,19,19,19,19,19,19,19,19
180278,1,1,11,9,0,14,0,11,8,8,15,0
180279,1,1,7,19,20,0,0,0,0,0,0,5
180280,1,1,18,16,0,0,0,0,0,28,0,17
180281,1,1,0,31,0,16,0,10,19,0,0,13
180281,2,1,0,0,0,0,0,0,39,0,23,26
180282,1,1,0,0,0,0,0,0,0,0,0,0
180283,0,1,17,0,0,0,12,0,0,14,21,20
180283,1,1,0,0,0,0,0,0,0,0,0,0
180285,1,1,0,0,0,0,0,0,0,0,0,0
180285,2,1,0,0,0,0,0,0,0,0,0,0
180286,1,1,0,0,0,0,0,0,0,0,0,0
180287,1,1,0,0,0,0,0,0,0,0,0,0
180288,1,1,0,0,0,0,0,0,0,0,0,0
180289,1,1,0,0,0,0,0,0,0,0,0,0
180289,2,1,0,0,0,0,0,0,0,0,0,0
180290,1,1,0,0,0,20,0,30,5,0,0,14
180291,1,1,0,0,0,15,0,0,18,10,20,0
180291,2,1,0,0,0,0,0,0,0,0,0,0
180292,1,1,0,0,0,0,0,0,0,0,0,0
180292,2,1,0,0,0,0,0,0,0,0,0,0
180293,1,1,12,0,12,0,0,24,0,0,0,17
180294,1,1,0,0,0,0,0,0,0,0,0,0
180294,2,1,0,0,0,0,19,0,0,0,6,6
180295,1,1,15,0,11,40,12,17,0,0,10,4
180296,1,1,34,34,34,34,34,34,34,34,34,34
180297,1,1,6,6,6,6,6,6,6,6,6,6
180297,2,1,0,0,0,0,0,0,0,0,0,0
180298,0,1,8,0,26,20,0,0,21,0,32,21
180298,0,2,13,0,13,3,0,11,0,31,30,32
180298,1,1,0,0,0,0,0,0,0,0,0,0
180299,1,1,0,11,0,0,14,0,19,0,0,0
180299,2,1,0,0,0,0,0,0,0,0,0,0
180300,0,1,0,0,0,0,0,0,0,0,0,0
180300,1,1,0,0,0,0,0,0,0,0,0,0
180301,1,1,19,0,0,23,0,16,19,0,0,4
180301,2,1,0,33,0,0,0,0,0,0,0,0
180301,3,1,0,0,0,0,0,0,0,0,0,0
180302,1,1,0,0,0,0,0,0,0,0,0,0
180302,2,1,0,0,0,0,0,19,0,0,0,0
180302,3,1,0,0,0,0,0,0,0,0,0,0
180303,1,1,12,10,7,4,0,0,14,12,13,38
180304,1,1,0,0,49,0,0,0,0,0,0,0
180304,2,1,0,0,0,0,0,0,0,0,0,0
180305,1,1,24,24,24,24,24,24,24,24,24,24
180305,2,1,0,0,0,0,0,0,0,0,0,0
180306,1,1,8,8,8,8,8,8,8,8,8,8
180306,2,1,0,0,0,0,0,0,0,0,0,0
180307,1,1,0,0,0,0,0,0,0,0,0,0
180307,2,1,0,0,0,0,0,0,0,0,0,0
180308,1,1,0,0,16,0,0,0,0,0,0,0
180308,2,1,0,0,0,0,0,0,0,0,0,0
180309,1,1,0,0,0,0,0,0,0,0,0,0
180309,2,1,0,0,0,0,0,0,0,0,0,0
180310,1,1,0,13,0,0,0,0,0,0,0,0
180310,2,1,4,0,0,0,0,0,0,15,0,0
180311,1,1,0,0,0,0,0,0,0,0,0,0
180312,1,1,0,0,0,0,0,0,0,0,0,0
180312,2,1,0,0,0,0,0,0,0,0,0,0
180313,0,1,21,17,17,23,17,6,21,8,17,24
180313,1,1,0,0,0,0,0,0,0,0,0,0
180314,1,1,28,0,0,0,0,0,12,0,0,0
180315,1,1,0,0,0,0,27,0,0,0,0,0
180316,1,1,27,27,27,27,27,27,27,27,27,27
180316,2,1,0,0,0,0,0,0,0,0,0,0
180317,1,1,0,0,0,0,0,0,0,0,0,0
180318,1,1,8,8,8,8,8,8,8,8,8,8
180318,2,1,14,14,14,14,14,14,14,14,14,14
180319,1,1,2,2,2,2,2,2,2,2,2,2
180319,2,1,0,0,0,0,0,0,0,0,0,0
180319,3,1,0,0,0,0,0,0,0,0,0,0
180319,4,1,0,0,0,0,0,0,0,0,0,0
180320,1,1,13,0,11,12,0,20,17,2,0,2
180321,1,1,0,0,0,0,0,0,0,0,0,0
180321,2,1,0,0,0,0,0,0,2,0,0,0
180321,3,1,0,0,0,0,0,0,0,0,0,0
180322,1,1,0,8,0,0,0,0,0,0,0,0
180323,0,1,0,0,0,0,0,0,0,0,0,0
180323,1,1,0,0,0,0,0,0,0,0,0,0
180324,1,1,0,0,0,0,0,0,0,0,0,0
180324,2,1,0,0,0,0,0,0,0,0,0,0
180325,1,1,0,0,0,0,0,0,0,0,0,0
180325,2,1,0,0,0,0,0,0,0,0,0,0
180326,1,1,33,33,33,33,33,33,33,33,33,33
180327,1,1,13,20,0,19,0,0,0,0,8,0
180327,2,1,0,0,0,0,0,0,0,0,0,0
180327,3,1,0,0,0,0,0,0,0,0,0,0
180328,1,1,4,39,0,0,23,0,0,2,0,17
180329,1,1,0,0,27,0,0,31,0,0,0,0
180329,2,1,0,0,0,0,0,0,0,0,0,0
180329,3,1,0,0,0,0,0,0,0,0,0,0
180330,0,1,20,11,0,19,0,21,28,0,0,0
180330,1,1,0,0,0,0,0,0,0,0,0,0
180330,2,1,0,0,0,0,0,0,0,0,0,0
180331,1,1,0,0,0,0,0,0,0,0,0,0
180331,2,1,17,35,0,0,0,0,0,0,0,0
180332,1,1,0,28,15,0,17,37,14,10,13,0
180332,2,1,0,27,0,0,0,0,0,0,0,0
180333,1,1,0,0,0,0,0,0,0,0,0,0
180333,2,1,0,0,0,0,0,0,0,0,0,0
180334,1,1,32,15,33,13,0,13,12,10,12,4
180334,2,1,0,0,0,0,0,0,0,0,0,0
180335,1,1,0,0,0,0,0,0,0,0,0,0
180335,2,1,0,0,0,0,0,0,0,0,0,0
180336,1,1,15,15,25,28,12,32,0,6,0,0
180336,2,1,0,0,0,7,0,0,0,0,0,0
180337,1,1,0,0,0,0,15,23,14,0,6,0
180337,2,1,29,29,29,29,29,29,29,29,29,29
180338,1,1,17,17,17,17,17,17,17,17,17,17
180339,1,1,18,18,18,18,18,18,18,18,18,18
180340,1,1,0,0,7,0,0,0,0,0,0,0
180341,0,1,0,0,19,10,27,0,0,0,34,0
180341,1,1,0,0,0,0,0,0,0,0,0,0
180342,1,1,1,1,1,1,1,1,1,1,1,1
180343,1,1,0,0,0,0,0,0,0,0,0,0
180343,2,1,0,0,0,0,0,0,0,0,0,0
180344,1,1,0,0,0,0,0,0,0,0,0,0
180344,2,1,0,0,0,0,0,0,0,0,0,0
180345,1,1,0,0,0,0,0,0,0,0,0,23
180345,2,1,0,0,0,0,0,22,22,0,0,0
180346,1,1,0,0,0,8,0,0,11,0,0,10
180346,2,1,21,21,21,21,21,21,21,21,21,21
180347,1,1,0,10,0,0,16,0,0,13,0,0
180347,2,1,0,0,0,0,0,0,0,0,0,0
180347,3,1,0,0,16,0,0,0,13,0,0,0
180348,0,1,0,0,0,0,0,0,0,0,0,0
180348,1,1,0,0,0,0,0,0,0,0,0,0
180349,1,1,0,0,0,0,0,0,0,0,0,0
180349,2,1,0,0,0,0,0,0,0,0,0,0
180349,3,1,0,0,0,0,0,0,0,0,0,0
180350,1,1,0,0,0,0,0,0,0,0,0,0
180350,2,1,0,0,0,0,0,0,0,0,0,0
180351,0,1,0,0,0,0,0,0,0,26,0,0
180351,1,1,0,0,0,0,0,0,0,0,0,0
180352,1,1,16,16,16,16,16,16,16,16,16,16
180353,1,1,0,0,0,0,0,0,0,0,0,0
180353,2,1,0,0,0,0,0,0,0,0,0,0
180353,3,1,0,0,0,0,0,0,0,0,0,0
180354,0,1,0,25,0,0,0,0,0,0,0,0
180354,1,1,0,0,0,0,0,0,0,0,0,0
180355,0,1,0,0,0,0,0,0,0,0,0,0
180355,1,1,0,0,0,0,0,0,0,0,0,0
180356,1,1,0,0,0,0,0,0,0,0,0,0
180356,2,1,0,0,0,0,0,0,0,0,0,0
180357,1,1,0,0,0,0,0,19,0,10,0,0
180358,1,1,0,0,0,0,0,0,0,0,0,0
180359,0,1,9,9,9,9,9,9,9,9,9,9
180359,1,1,0,0,4,25,0,5,17,18,27,14
180360,1,1,6,6,6,6,6,6,6,6,6,6
180360,2,1,0,0,0,0,0,0,0,0,0,0
180361,1,1,0,12,6,18,26,11,29,21,0,0
180362,1,1,0,0,0,0,0,0,0,0,0,0
180362,2,1,0,0,0,0,0,0,0,0,0,0
180363,0,1,0,29,0,11,12,0,0,0,21,0
180363,1,1,0,0,0,0,0,0,0,0,0,0
180364,1,1,0,0,0,0,0,0,0,0,0,0
180364,2,1,0,0,0,0,0,0,0,0,0,0
180365,1,1,13,13,13,13,13,13,13,13,13,13
180366,1,1,16,16,16,16,16,16,16,16,16,16
180367,1,1,0,0,0,0,0,0,0,0,0,0
180367,2,1,0,0,0,0,0,0,0,0,0,0
180368,1,1,6,6,6,6,6,6,6,6,6,6
180368,2,1,0,0,0,0,0,0,0,0,0,0
180369,1,1,0,0,0,0,0,3,0,0,0,0
180369,2,1,0,0,0,0,0,0,0,0,0,0
180370,0,1,25,0,32,0,0,22,0,6,4,0
180370,1,1,0,0,0,0,0,0,0,0,0,0
180371,1,1,0,0,0,0,0,0,0,0,0,0
180372,1,1,0,0,14,0,0,5,0,0,0,0
180373,1,1,0,0,0,0,0,0,0,3,7,0
180374,1,1,0,0,0,0,0,0,0,0,0,0
180374,2,1,0,0,0,0,0,0,0,0,0,0
180375,1,1,0,0,0,0,0,0,0,0,0,0
180376,0,1,0,0,0,0,0,0,0,0,0,0
180376,1,1,0,0,0,0,0,0,0,0,0,0
180377,1,1,26,0,0,23,16,24,22,0,0,0
180377,2,1,0,0,6,1,0,0,3,10,9,0
180378,0,1,0,0,0,0,0,0,0,0,0,0
180378,1,1,0,0,0,0,0,0,0,0,0,0
180379,1,1,0,15,0,0,0,0,0,0,0,6
180379,2,1,0,0,0,0,0,0,0,0,0,0
180380,1,1,0,0,13,19,0,0,0,24,22,12
180381,1,1,36,7,0,0,0,0,26,21,16,22
180382,1,1,16,0,0,0,0,0,17,0,0,0
180383,1,1,17,17,17,17,17,17,17,17,17,17
180384,1,1,0,0,0,0,0,0,0,0,0,0
180384,2,1,0,0,0,0,0,0,0,0,0,0
180385,1,1,0,0,0,0,0,0,0,0,0,0
180385,2,1,0,0,0,0,0,0,0,0,0,0
180386,1,1,0,0,0,0,0,0,0,0,0,0
180387,1,1,20,17,7,0,11,0,0,0,19,0
180388,1,1,0,20,0,0,27,0,11,0,0,0
180388,2,1,0,0,0,0,0,0,0,0,0,0
180389,1,1,27,27,27,27,27,27,27,27,27,27
180390,0,1,0,0,27,21,22,0,0,12,0,0
180390,1,1,0,0,0,0,3,0,0,0,0,11
180391,0,1,32,32,32,32,32,32,32,32,32,32
180391,1,1,0,0,0,0,0,0,0,0,0,0
180392,1,1,2,2,2,2,2,2,2,2,2,2
180392,2,1,0,0,0,0,0,0,0,0,0,0
180392,3,1,0,20,0,0,0,0,0,13,0,0
180393,1,1,20,20,20,20,20,20,20,20,20,20
180394,1,1,0,0,0,0,0,0,0,0,0,0
180394,2,1,0,0,0,0,0,0,0,0,0,0
180395,1,1,0,0,0,0,0,0,0,0,0,0
180395,2,1,0,0,0,0,0,0,0,0,0,0
180397,1,1,0,0,0,0,0,0,0,0,0,0
180398,1,1,0,0,24,17,0,0,0,0,0,17
180399,0,1,0,0,0,0,0,0,0,0,0,0
180399,1,1,9,9,9,9,9,9,9,9,9,9
180400,1,1,0,0,0,0,0,0,0,0,0,0
180400,2,1,2,2,2,2,2,2,2,2,2,2
180401,1,1,0,0,0,0,0,0,27,0,0,0
180402,1,1,0,0,0,0,0,0,0,0,0,0
180402,2,1,0,0,0,0,0,0,6,0,0,0
180402,3,1,0,0,0,0,0,0,0,0,0,0
180402,4,1,0,0,0,0,0,0,0,0,0,0
180402,5,1,0,0,0,0,0,0,3,0,0,0
180403,1,1,11,11,11,11,11,11,11,11,11,11
180403,2,1,0,0,0,0,0,0,0,0,0,0
180403,3,1,0,0,0,0,0,0,0,0,0,0
180404,1,1,0,0,0,0,0,0,0,0,0,0
180404,2,1,0,0,0,0,0,0,0,0,0,0
180405,1,1,0,0,0,0,0,0,0,0,0,0
180405,2,1,0,0,0,0,0,0,0,0,0,0
180406,0,1,11,33,0,0,0,0,0,25,0,0
180406,1,1,0,0,0,0,0,0,0,0,0,0
180407,1,1,0,0,25,0,0,0,0,0,0,36
180407,2,1,0,0,25,0,0,0,0,0,0,0
180408,1,1,0,0,0,0,0,15,0,0,0,0
180409,1,1,0,0,0,0,0,0,0,0,0,0
180409,2,1,0,0,0,0,0,0,0,0,0,19
180409,3,1,18,0,11,0,0,0,27,0,0,0
180410,1,1,0,0,0,0,0,0,0,0,0,0
180410,2,1,0,0,0,0,0,0,0,0,0,0
180411,1,1,23,0,0,0,0,0,0,0,0,0
180412,1,1,0,0,0,0,0,0,0,0,0,0
180412,2,1,0,0,0,0,0,0,0,0,0,0
180413,0,1,0,0,0,0,0,0,0,0,0,0
180413,0,2,0,0,0,0,0,0,0,0,0,0
180413,1,1,12,12,12,12,12,12,12,12,12,12
180414,1,1,6,21,16,10,12,0,0,10,0,15
180415,1,1,0,0,23,0,0,0,0,0,0,0
180415,2,1,0,0,0,0,0,0,0,0,0,0
180416,1,1,0,0,0,0,0,0,0,0,0,0
180416,2,1,0,0,11,0,0,0,0,0,0,0
180417,1,1,0,0,34,0,0,0,0,11,0,0
180418,1,1,0,0,0,0,0,0,0,0,0,0
180418,2,1,0,0,0,0,0,0,0,0,22,0
180419,1,1,0,0,0,0,0,0,0,0,0,0
180419,2,1,0,5,0,0,0,0,0,12,9,0
180420,1,1,0,0,0,0,0,0,0,0,0,0
180420,2,1,0,0,0,0,0,0,0,0,0,0
180421,1,1,0,0,0,0,0,0,0,0,0,0
180421,2,1,0,0,0,0,0,0,0,0,0,0
180422,2,1,17,17,17,17,17,17,17,17,17,17
180423,1,1,0,0,0,0,0,0,0,0,0,0
180424,1,1,0,0,0,0,0,0,0,0,0,0
180424,2,1,0,0,0,0,0,0,0,0,0,0
180424,3,1,0,0,0,0,0,0,0,0,0,0
180424,4,1,0,0,0,0,0,0,0,0,0,0
180424,5,1,0,0,0,0,0,0,0,0,0,0
180424,6,1,0,0,0,0,0,0,0,0,0,0
180425,1,1,0,0,0,0,0,0,0,0,0,0
180425,2,1,0,0,0,0,0,0,0,0,0,0
180426,1,1,0,0,0,0,0,0,0,19,0,0
180426,2,1,0,0,0,0,0,0,0,0,0,0
180428,1,1,0,0,0,0,0,0,0,0,0,0
180428,2,1,0,0,0,0,0,0,0,0,0,0
180429,1,1,0,0,0,0,0,0,0,0,0,0
180429,2,1,16,35,16,9,8,12,25,22,5,23
180430,1,1,0,0,0,16,12,0,0,0,0,11
180431,1,1,0,0,0,0,0,0,0,2,0,0
180431,2,1,0,0,0,6,0,0,0,0,0,0
180432,1,1,0,0,0,0,0,0,0,0,0,0
180433,1,1,0,0,0,0,0,0,0,0,20,0
180433,2,1,0,0,0,0,0,33,6,0,27,0
180434,1,1,20,40,0,26,16,15,31,15,16,12
180435,1,1,0,0,0,0,0,0,0,0,0,0
180435,2,1,0,0,0,0,0,0,0,0,0,0
180436,1,1,0,20,0,0,0,0,0,16,0,0
180436,2,1,28,0,0,0,0,0,8,11,0,0
180437,1,1,0,0,0,0,0,0,0,0,0,0
180438,1,1,26,0,0,0,0,15,0,0,0,0
180438,2,1,0,0,0,0,0,0,0,0,0,0
180439,1,1,18,18,18,18,18,18,18,18,18,18
180440,1,1,0,0,0,37,23,11,0,0,0,10
180440,2,1,0,0,0,0,0,0,0,0,0,0
180441,1,1,23,17,0,0,0,0,22,0,0,0
180442,1,1,0,0,0,0,0,0,0,0,0,0
180443,1,1,0,0,14,0,0,0,0,11,21,35
180444,1,1,0,0,0,0,0,0,0,0,0,0
180444,2,1,0,24,0,0,0,0,0,0,19,0
180445,1,1,0,0,0,0,0,0,0,0,0,0
180445,2,1,0,0,0,0,28,0,16,0,0,0
180446,1,1,0,0,0,0,0,0,0,0,0,0
180446,2,1,0,0,0,0,0,0,0,0,0,0
180447,1,1,21,21,21,21,21,21,21,21,21,21
180447,2,1,0,0,0,0,0,0,0,0,0,0
180448,0,1,7,0,0,0,23,0,0,0,0,0
180448,1,1,0,0,3,0,0,0,0,0,0,0
180449,0,1,0,0,17,32,28,0,0,0,17,0
180449,1,1,0,0,0,0,0,0,0,0,0,0
180450,1,1,0,0,0,0,0,0,0,0,0,0
180451,1,1,0,0,0,0,0,0,0,0,0,0
180451,2,1,0,0,0,0,0,0,0,0,0,0
180452,1,1,0,0,0,0,0,0,8,0,0,0
180453,1,1,0,0,0,0,0,0,0,0,0,0
180453,2,1,0,0,0,0,0,0,0,0,0,0
180454,1,1,0,0,0,0,0,0,0,0,0,0
180454,2,1,0,0,0,0,0,0,0,0,0,0
180455,1,1,0,0,0,0,0,0,0,0,0,9
180455,2,1,0,0,0,0,9,0,0,0,0,0
180456,1,1,0,29,0,0,0,0,0,0,0,22
180456,2,1,0,0,0,0,0,0,0,0,0,0
180456,3,1,0,0,0,0,0,0,0,4,0,0
180456,4,1,0,0,0,0,0,0,0,0,0,0
180457,1,1,0,0,0,0,0,0,0,0,0,0
180457,2,1,0,0,0,0,0,0,0,0,0,0
180458,1,1,0,0,0,0,0,21,0,18,0,0