ST_CASE,VEH_NO,PER_NO,P1,P2,P3,P4,P5,P6,P7,P8,P9,P10
180458,2,1,0,0,0,0,0,0,0,0,0,0
180459,1,1,10,10,10,10,10,10,10,10,10,10
180459,2,1,0,0,0,0,0,0,0,0,0,0
180460,1,1,0,0,0,0,0,0,18,0,0,0
180461,0,1,0,0,0,0,0,0,0,19,0,0
180461,1,1,2,0,9,10,0,0,0,0,0,0
180462,1,1,0,0,0,0,0,0,0,0,0,0
180462,2,1,0,35,0,0,0,13,0,0,0,0
180463,1,1,0,0,0,0,0,0,0,0,0,0
180463,2,1,0,0,15,0,0,0,0,0,13,0
180464,1,1,12,12,12,12,12,12,12,12,12,12
180465,1,1,23,23,23,23,23,23,23,23,23,23
180466,1,1,0,0,0,0,0,0,0,0,0,0
180466,2,1,0,0,0,0,0,0,0,0,0,0
180467,1,1,25,25,25,25,25,25,25,25,25,25
180467,2,1,0,0,0,0,0,0,0,0,0,0
180468,0,1,0,0,0,0,0,0,0,0,0,0
180468,1,1,0,0,0,0,0,0,0,0,0,0
180469,1,1,0,0,0,0,0,0,0,0,0,0
180469,2,1,0,0,0,0,0,0,0,0,0,0
180470,1,1,8,8,8,8,8,8,8,8,8,8
180471,1,1,0,0,0,0,0,0,0,0,0,0
180471,2,1,0,0,0,0,0,0,0,0,0,0
180472,1,1,2,2,2,2,2,2,2,2,2,2
180473,1,1,0,0,0,0,0,0,0,0,0,0
180473,2,1,0,0,0,0,0,0,0,0,0,0
180474,1,1,0,0,0,0,0,0,0,0,0,0
180474,2,1,5,0,0,0,0,0,0,9,0,11
180475,1,1,21,21,21,21,21,21,21,21,21,21
180476,1,1,14,14,14,14,14,14,14,14,14,14
180477,1,1,40,40,40,40,40,40,40,40,40,40
180478,1,1,0,0,0,0,0,0,0,0,0,0
180478,2,1,0,0,0,0,0,0,0,0,0,0
180478,3,1,0,0,0,0,0,0,0,0,0,0
180479,1,1,6,0,15,0,0,0,39,0,0,0
180479,2,1,0,0,0,0,0,0,0,0,0,0
180480,0,1,0,43,18,11,0,0,0,23,0,0
180480,1,1,0,0,0,5,0,0,0,0,0,0
180481,1,1,3,8,0,0,12,8,0,0,0,0
180482,0,1,0,0,0,0,0,0,0,0,0,0
180482,1,1,0,0,0,0,0,0,0,0,0,0
180483,0,1,0,0,0,0,0,0,7,0,36,0
180483,1,1,0,0,7,20,0,0,0,0,0,0
180484,1,1,12,0,0,14,4,20,13,8,21,8
180485,1,1,0,0,0,0,0,0,0,0,0,0
180486,1,1,15,15,15,15,15,15,15,15,15,15
180486,2,1,0,0,0,0,0,0,0,0,0,0
180487,1,1,0,16,0,15,0,56,7,0,0,0
180488,1,1,0,0,0,22,0,12,0,0,0,0
180488,2,1,31,12,0,25,0,0,0,0,0,0
180489,1,1,9,9,9,9,9,9,9,9,9,9
180489,2,1,0,0,0,0,0,0,0,0,0,0
180489,3,1,0,0,0,0,0,0,0,0,0,0
180490,1,1,1,1,1,1,1,1,1,1,1,1
180490,2,1,1,1,1,1,1,1,1,1,1,1
180491,1,1,0,0,0,0,0,0,0,0,0,0
180491,2,1,0,0,0,0,0,0,0,0,0,0
180492,1,1,10,57,4,0,0,22,28,0,19,0
180493,0,1,13,0,0,26,0,0,0,0,16,0
180493,1,1,0,0,0,10,0,19,0,0,0,0
180493,2,1,0,11,0,0,0,0,0,0,20,25
180494,1,1,0,23,10,0,16,17,0,0,0,29
180494,2,1,0,0,0,0,0,0,0,0,0,0
180495,1,1,6,0,0,19,21,8,20,16,0,20
180496,0,1,0,0,0,0,0,0,0,0,0,0
180496,1,1,0,0,0,0,0,13,0,0,13,0
180496,2,1,0,0,11,21,11,18,0,0,19,0
180496,3,1,0,15,0,8,0,0,0,23,0,0
180496,4,1,0,0,0,0,0,0,0,0,0,0
180497,1,1,20,20,20,20,20,20,20,20,20,20
180497,2,1,0,0,0,0,0,0,0,0,0,0
180498,1,1,16,16,16,16,16,16,16,16,16,16
180498,2,1,10,10,10,10,10,10,10,10,10,10
180499,1,1,0,0,0,11,0,0,14,0,16,0
180499,2,1,0,0,0,0,0,0,0,0,0,0
180499,3,1,0,0,0,0,0,0,0,0,0,0
180500,1,1,12,0,0,0,0,0,24,0,0,0
180500,2,1,0,21,0,0,0,0,0,0,31,0
180501,1,1,20,20,20,20,20,20,20,20,20,20
180502,1,1,0,0,0,23,0,19,0,35,40,0
180503,1,1,0,0,0,0,0,0,0,0,0,0
180503,2,1,0,0,0,0,0,0,0,0,0,0
180504,1,1,0,0,0,0,0,0,0,0,0,0
180504,2,1,0,0,4,0,21,0,9,0,0,0
180506,1,1,13,0,0,0,0,22,19,0,23,0
180507,1,1,0,0,0,0,0,0,0,0,0,0
180507,2,1,0,0,0,0,0,0,0,0,0,0
180508,1,1,0,0,0,0,0,0,0,0,0,0
180508,2,1,0,0,0,0,0,0,0,0,0,0
180509,0,1,0,0,0,0,0,0,0,0,0,0
180509,1,1,0,0,0,0,0,0,0,0,0,0
180510,1,1,0,0,0,0,0,0,0,0,0,0
180510,2,1,0,0,0,0,0,0,0,0,0,0
180511,1,1,0,0,0,0,0,0,0,0,0,0
180511,2,1,0,0,0,0,0,0,0,0,0,0
180511,3,1,0,0,0,0,0,0,0,0,0,0
180512,1,1,0,19,0,13,0,14,9,16,0,0
180513,0,1,3,3,3,3,3,3,3,3,3,3
180513,1,1,8,7,0,10,13,17,0,9,3,9
180514,1,1,0,0,0,0,0,0,0,0,0,0
180514,2,1,0,0,0,0,0,0,0,0,0,0
180516,1,1,0,0,0,0,0,0,0,0,0,0
180516,2,1,0,0,0,19,0,0,0,0,0,0
180517,1,1,0,0,0,0,0,0,0,0,0,0
180517,2,1,0,0,0,0,0,0,0,20,0,0
180518,1,1,0,0,0,0,0,0,0,0,0,0
180519,1,1,0,0,0,0,0,0,0,0,0,0
180519,2,1,0,0,0,0,0,0,0,0,0,0
180520,3,1,0,0,0,0,0,0,0,0,0,0
180521,0,1,0,0,0,0,20,0,0,0,0,0
180521,1,1,13,8,26,19,10,9,8,14,11,6
180522,0,1,20,20,20,20,20,20,20,20,20,20
180522,1,1,0,0,0,0,0,0,0,0,0,0
180523,1,1,3,0,0,0,0,0,0,0,0,0
180523,2,1,0,0,0,0,0,0,0,0,0,0
180523,3,1,0,0,0,0,0,0,0,0,0,0
180524,1,1,0,0,0,0,0,0,0,0,0,0
180524,2,1,0,23,11,0,0,0,0,0,0,0
180525,1,1,15,0,0,32,0,0,14,0,0,0
180526,1,1,8,15,16,36,15,0,0,0,0,15
180527,0,1,0,0,0,0,0,10,0,2,0,0
180527,1,1,0,0,0,0,0,0,0,0,0,0
180528,1,1,0,0,0,0,0,0,0,0,0,0
180528,2,1,0,0,0,0,0,0,0,0,0,0
180529,0,1,0,0,0,0,0,0,0,0,0,0
180529,1,1,0,0,0,0,0,0,0,0,0,0
180530,0,1,0,0,0,0,0,0,0,0,0,0
180530,1,1,0,0,0,0,0,0,0,0,0,0
180530,2,1,0,0,0,0,0,0,0,0,0,0
180530,3,1,0,0,0,0,0,0,0,0,0,0
180530,4,1,0,0,0,0,0,0,0,0,0,0
180531,1,1,0,0,0,0,0,0,0,0,0,0
180532,1,1,6,0,0,0,0,0,0,0,0,0
180533,0,1,0,0,0,0,0,0,0,0,0,0
180533,1,1,0,0,0,0,10,0,0,6,0,0
180534,0,1,0,14,25,0,0,0,0,0,18,0
180534,1,1,0,0,0,0,0,0,0,0,0,0
180535,1,1,0,0,0,0,0,0,0,0,0,0
180536,1,1,5,5,5,5,5,5,5,5,5,5
180536,2,1,16,16,16,16,16,16,16,16,16,16
180536,3,1,23,21,15,19,0,0,0,14,0,16
180537,1,1,0,0,0,0,0,0,0,0,0,0
180538,1,1,0,0,29,0,0,0,0,0,0,0
180538,2,1,0,0,0,0,10,0,0,0,0,0
180540,1,1,0,0,0,0,0,0,0,0,0,0
180540,2,1,0,0,0,0,0,0,0,0,0,0
180540,3,1,15,0,0,0,0,0,0,0,0,0
180541,1,1,0,0,0,0,0,0,0,0,0,0
180541,2,1,22,0,0,0,0,0,0,0,0,0
180541,3,1,0,0,0,0,0,0,0,0,0,0
180541,4,1,0,0,0,0,0,0,0,0,0,0
180541,5,1,0,0,0,0,0,0,12,0,0,0
180541,6,1,0,0,0,0,0,0,0,0,0,0
180541,7,1,6,6,6,6,6,6,6,6,6,6
180541,8,1,0,0,0,0,0,0,29,0,0,0
180542,1,1,10,15,16,0,0,18,9,22,19,0
180543,1,1,0,6,0,0,29,49,4,20,23,26
180544,1,1,0,0,0,0,0,0,0,0,0,0
180545,1,1,0,0,0,0,0,0,27,0,0,0
180545,2,1,0,0,0,0,0,0,0,0,0,0
180545,3,1,0,14,0,0,0,0,0,0,29,0
180546,1,1,18,18,18,18,18,18,18,18,18,18
180547,1,1,0,0,0,0,0,0,0,0,0,0
180547,2,1,0,0,0,0,0,0,0,0,0,0
180548,0,1,21,22,0,0,16,21,0,0,0,13
180548,1,1,0,0,0,0,0,19,0,11,0,12
180549,1,1,0,0,0,0,0,0,16,0,0,0
180550,1,1,18,0,13,0,29,0,4,19,0,8
180551,1,1,0,0,0,0,0,0,0,0,0,0
180551,2,1,0,0,0,0,0,0,0,0,0,0
180551,3,1,0,0,0,0,0,0,0,0,0,0
180552,0,1,5,0,0,0,18,54,0,0,24,35
180552,1,1,4,4,4,4,4,4,4,4,4,4
180553,0,1,0,12,24,0,0,11,0,25,0,0
180553,1,1,0,0,0,0,0,0,0,0,0,0
180554,0,1,0,0,0,13,19,0,0,0,24,0
180554,1,1,0,0,0,0,0,0,0,0,0,0
180554,2,1,0,0,0,0,0,0,0,0,0,0
180555,1,1,23,0,0,0,23,0,0,0,0,0
180556,1,1,0,0,0,0,0,0,0,0,14,0
180556,2,1,0,0,0,0,0,0,0,0,0,0
180558,1,1,0,0,0,12,0,0,0,0,0,0
180558,2,1,0,0,0,0,0,0,0,0,0,0
180559,1,1,0,0,0,0,0,0,0,0,0,0
180559,2,1,0,0,0,0,0,0,0,0,0,0
180560,0,1,7,0,0,0,13,0,0,0,0,0
180560,1,1,0,0,0,0,0,17,22,0,0,0
180560,2,1,0,16,0,0,11,0,0,0,0,0
180561,1,1,0,0,0,0,0,0,0,0,0,0
180561,2,1,0,0,0,0,0,0,0,0,0,0
180562,1,1,0,0,18,8,0,0,0,0,0,0
180563,0,1,2,28,0,28,24,5,0,0,8,0
180563,1,1,0,0,0,0,0,0,0,0,0,0
180564,1,1,0,0,0,0,0,0,0,0,0,0
180564,2,1,0,0,0,0,0,0,0,0,0,0
180565,1,1,1,19,41,17,0,7,10,24,13,8
180566,0,1,0,0,0,0,0,0,0,0,0,0
180566,1,1,0,0,0,0,0,0,0,0,0,0
180567,1,1,0,0,0,0,0,0,0,0,0,0
180568,1,1,0,19,15,14,0,0,0,0,19,11
180569,1,1,37,37,37,37,37,37,37,37,37,37
180569,2,1,0,0,0,0,0,0,0,0,0,0
180570,1,1,31,0,0,0,0,0,20,0,0,14
180570,2,1,0,0,0,0,0,0,0,0,0,0
180571,1,1,0,12,0,0,0,0,0,5,29,0
180572,1,1,0,0,0,0,0,0,0,0,0,0
180572,2,1,15,0,14,0,0,0,0,0,0,4
180573,1,1,0,0,0,0,0,0,0,0,0,0
180573,2,1,0,0,0,0,0,0,0,0,0,0
180574,0,1,21,14,0,0,0,0,13,10,0,20
180574,1,1,19,13,0,9,0,0,12,11,22,17
180575,1,1,20,23,24,10,37,25,16,19,23,19
180575,2,1,0,0,0,0,0,0,0,0,0,0
180576,1,1,0,7,0,0,0,0,0,0,0,0
180576,2,1,0,0,0,0,0,0,0,0,0,0
180576,3,1,0,0,0,0,0,0,0,0,0,0
180577,1,1,9,9,9,9,9,9,9,9,9,9
180578,0,1,0,0,18,0,0,0,0,0,17,22
180578,1,1,0,0,0,0,0,0,0,0,0,0
180579,1,1,10,0,0,0,0,0,0,0,0,0
180579,2,1,0,0,0,0,0,0,0,0,0,0
180580,1,1,6,17,0,0,17,0,0,0,0,0
180581,1,1,0,0,0,0,0,0,0,0,0,0
180581,2,1,0,0,0,0,0,0,0,0,0,0
180582,1,1,18,0,0,0,0,0,0,0,0,8
180582,2,1,0,0,0,0,0,0,0,0,0,0
180582,3,1,0,0,0,0,0,0,0,0,0,0
180583,1,1,0,0,0,0,21,0,0,14,0,0
180584,1,1,0,0,0,0,0,0,0,0,0,0
180585,1,1,0,0,0,0,0,0,0,0,0,0
180585,2,1,0,0,0,0,0,0,0,0,0,0
180586,0,1,0,0,0,0,0,0,0,0,37,9
180586,1,1,0,0,0,0,0,0,0,0,0,0
180587,1,1,0,0,0,0,0,0,0,0,0,0
180587,2,1,0,0,0,0,0,0,0,0,0,0
180588,1,1,12,12,12,12,12,12,12,12,12,12
180588,2,1,0,0,0,0,0,0,0,0,0,0
180589,0,1,0,0,45,0,0,0,0,0,0,0
180589,1,1,0,0,0,0,0,0,0,0,0,0
180590,1,1,0,0,0,0,0,0,0,0,0,0
180590,2,1,0,0,0,0,6,0,0,0,0,0
180590,3,1,0,0,0,0,0,0,0,0,0,0
180591,1,1,0,21,0,0,13,15,0,0,0,0
180592,1,1,0,0,0,0,0,0,0,0,0,0
180592,2,1,0,0,0,0,0,0,0,0,0,0
180592,3,1,0,0,0,0,0,0,0,0,0,0
180593,1,1,0,0,0,0,0,0,0,0,0,0
180593,2,1,0,0,0,0,0,0,0,0,0,0
180594,1,1,0,0,0,0,0,0,0,0,0,0
180594,2,1,0,0,0,0,0,0,0,0,0,0
180595,0,1,0,0,0,0,8,0,0,0,0,0
180595,1,1,0,0,0,0,0,0,0,0,0,0
180596,1,1,0,0,0,0,0,17,0,0,0,0
180596,2,1,0,0,0,0,0,0,0,0,0,0
180597,1,1,0,0,0,0,0,0,0,0,0,0
180598,0,1,0,0,5,0,17,0,14,33,15,0
180598,1,1,0,0,0,0,0,0,0,0,0,0
180599,1,1,25,17,0,0,0,0,0,0,7,0
180599,2,1,14,0,11,0,0,0,19,0,8,0
180600,1,1,0,0,0,0,0,0,0,0,0,0
180601,0,1,0,0,0,0,0,0,0,31,0,0
180601,0,2,0,0,0,0,0,0,0,0,0,0
180601,0,3,0,0,0,0,0,0,0,0,0,0
180601,1,1,0,0,0,0,0,0,0,0,0,0
180601,2,1,0,0,0,0,0,0,0,0,0,0
180602,1,1,4,19,18,3,0,0,28,11,11,0
180603,0,1,0,0,0,0,0,0,0,0,0,0
180603,1,1,0,0,0,0,0,0,0,0,0,0
180604,1,1,0,0,0,0,0,23,3,0,0,0
180605,1,1,0,0,0,0,0,0,0,0,0,0
180605,2,1,0,0,0,0,0,0,0,18,25,0
180606,1,1,21,21,21,21,21,21,21,21,21,21
180607,1,1,0,0,26,0,0,13,0,18,28,0
180607,2,1,0,0,0,0,0,0,0,0,0,0
180608,1,1,0,0,0,0,0,0,0,0,0,0
180608,2,1,0,0,0,0,0,0,0,0,0,0
180609,1,1,0,34,6,0,0,0,0,0,0,0
180609,2,1,0,0,0,0,0,0,0,0,0,0
180610,1,1,21,21,21,21,21,21,21,21,21,21
180611,1,1,0,0,0,0,0,0,0,0,0,0
180611,2,1,0,0,0,0,0,0,0,0,0,0
180612,1,1,0,0,0,0,12,0,12,0,0,0
180613,0,1,0,0,0,0,0,0,23,0,0,0
180613,1,1,0,0,0,0,0,0,0,0,0,0
180614,1,1,0,0,0,0,0,0,0,0,0,0
180615,1,1,0,17,24,0,0,20,0,0,0,15
180616,1,1,11,11,11,11,11,11,11,11,11,11
180617,1,1,0,0,0,0,0,0,0,0,0,0
180617,2,1,0,0,0,0,0,0,0,0,0,0
180617,3,1,0,0,0,0,0,0,0,0,0,0
180618,1,1,0,0,0,0,0,0,0,0,0,0
180618,2,1,0,0,0,0,0,0,0,0,0,0
180619,0,1,0,0,0,15,19,0,27,0,15,23
180619,1,1,0,0,0,0,0,0,0,0,0,0
180620,1,1,14,14,14,14,14,14,14,14,14,14
180621,1,1,0,0,0,0,0,0,0,0,0,0
180621,2,1,0,0,0,0,0,0,0,0,0,0
180622,1,1,8,8,8,8,8,8,8,8,8,8
180622,2,1,0,0,0,0,0,0,0,0,0,0
180623,1,1,0,0,0,0,0,0,0,0,0,0
180623,2,1,0,0,0,0,0,0,0,0,0,0
180624,1,1,0,0,18,0,0,0,0,0,0,0
180625,1,1,0,0,0,0,5,0,0,0,0,0
180625,2,1,0,0,0,0,0,0,0,0,0,0
180626,1,1,6,0,10,20,7,0,0,32,18,0
180627,1,1,0,0,0,0,0,0,0,0,0,0
180627,2,1,0,0,0,0,0,0,5,0,0,0
180628,1,1,28,28,28,28,28,28,28,28,28,28
180629,1,1,0,0,0,0,0,0,0,0,0,0
180629,2,1,0,0,0,0,0,0,0,0,0,0
180630,1,1,0,0,0,0,0,0,0,0,0,0
180630,2,1,0,0,0,0,0,0,0,0,0,0
180631,0,1,0,0,0,0,0,0,19,0,0,0
180631,1,1,0,0,0,0,0,0,0,0,0,0
180632,1,1,23,23,23,23,23,23,23,23,23,23
180633,0,1,0,0,0,0,0,0,0,0,0,0
180633,1,1,0,0,0,0,0,0,0,0,0,0
180634,1,1,0,0,0,0,0,0,0,0,0,0
180634,2,1,0,0,0,0,0,0,0,0,0,0
180635,1,1,0,0,0,0,0,0,0,0,0,0
180635,2,1,0,0,0,0,0,0,0,0,0,0
180636,1,1,0,0,20,0,0,0,0,0,0,0
180637,1,1,0,0,0,0,0,0,9,0,0,0
180637,2,1,0,0,0,0,0,0,3,0,0,0
180638,1,1,28,0,0,0,0,30,0,0,19,0
180638,2,1,0,0,0,0,4,0,0,0,0,0
180639,1,1,11,0,0,0,0,30,28,0,0,0
180640,1,1,0,0,0,0,0,0,0,0,0,0
180641,1,1,0,0,0,0,0,0,0,0,0,0
180641,2,1,0,0,0,0,0,0,0,0,0,0
180642,1,1,0,0,0,0,0,0,0,0,0,0
180642,2,1,0,0,0,15,0,0,0,0,0,0
180643,1,1,0,0,0,0,0,0,0,0,0,0
180644,1,1,0,0,0,0,3,0,0,0,0,0
180644,2,1,0,0,0,0,0,0,0,0,0,0
180645,1,1,0,0,0,0,14,0,0,0,4,10
180646,1,1,0,0,0,0,0,0,0,0,0,0
180646,2,1,0,0,0,0,0,0,0,0,0,0
180646,3,1,0,0,0,0,0,0,0,0,0,0
180646,4,1,0,0,0,0,0,0,0,0,22,0
180647,1,1,22,21,0,0,0,0,0,0,0,0
180648,1,1,0,0,0,0,0,0,0,0,0,0
180649,1,1,6,6,6,6,6,6,6,6,6,6
180650,1,1,0,0,0,0,0,0,0,0,0,0
180650,2,1,0,0,0,0,0,0,0,0,0,0
180651,1,1,0,0,19,27,11,0,0,14,34,0
180652,1,1,0,0,0,0,0,0,0,0,0,0
180652,2,1,28,0,8,0,7,0,0,22,14,3
180653,1,1,0,0,0,0,0,0,12,0,0,0
180653,2,1,0,0,0,0,0,3,0,0,0,0
180655,0,1,0,0,0,0,0,0,0,0,0,0
180655,1,1,13,0,0,15,0,0,0,0,0,7
180656,1,1,0,0,0,0,0,0,0,0,0,0
180656,2,1,0,0,0,0,0,0,0,0,0,0
180656,3,1,0,0,0,0,0,0,0,0,0,0
180656,4,1,0,0,0,0,0,0,0,0,0,0
180657,1,1,0,0,0,39,0,0,0,0,0,0
180657,2,1,0,0,0,0,0,0,0,0,0,0
180658,1,1,17,17,17,17,17,17,17,17,17,17
180658,2,1,0,0,0,0,0,0,0,0,0,0
180659,1,1,0,0,0,0,0,0,0,0,0,0
180659,2,1,0,0,0,7,0,0,23,0,18,0
180660,1,1,0,0,0,0,0,0,0,0,0,0
180660,2,1,0,0,0,0,0,13,0,0,0,0
180661,1,1,19,19,19,19,19,19,19,19,19,19
180661,2,1,0,0,0,0,0,0,0,0,0,0
180662,1,1,0,0,0,0,0,0,0,0,0,0
180662,2,1,0,0,0,0,0,0,0,0,0,0
180662,3,1,0,0,0,0,0,0,0,0,0,0
180663,0,1,0,0,0,0,0,0,0,0,0,0
180663,1,1,0,0,0,0,0,0,0,0,0,0
180664,1,1,21,0,25,0,10,0,0,0,12,0
180665,1,1,0,0,0,0,0,0,0,0,0,0
180666,1,1,25,19,17,12,23,13,44,22,19,12
180667,1,1,37,7,15,10,13,10,18,8,14,10
180668,1,1,21,0,5,0,0,0,0,0,0,0
180668,2,1,0,0,0,0,0,0,0,0,0,9
180669,1,1,16,16,16,16,16,16,16,16,16,16
180670,1,1,0,0,0,0,0,0,0,0,0,0
180671,1,1,0,0,0,0,0,0,0,0,0,0
180672,0,1,0,0,0,0,0,0,0,0,0,0
180672,1,1,0,0,0,0,0,0,0,0,0,14
180673,1,1,0,0,0,0,0,0,0,0,0,0
180673,2,1,0,0,0,0,0,0,0,0,0,0
180674,1,1,24,24,24,24,24,24,24,24,24,24
180675,1,1,0,0,0,0,0,0,0,0,0,0
180675,2,1,0,0,0,0,0,0,0,0,0,0
180676,1,1,17,13,0,0,0,10,0,0,23,24
180677,0,1,0,0,0,0,0,0,0,0,0,0
180677,1,1,12,0,0,0,0,0,8,16,10,0
180678,1,1,0,0,0,0,0,0,0,0,0,0
180678,2,1,0,0,0,0,0,0,0,0,0,0
180679,1,1,0,0,0,16,0,0,0,0,0,16
180680,0,1,16,16,16,16,16,16,16,16,16,16
180680,1,1,7,9,6,0,17,20,0,0,7,11
180680,2,1,3,18,0,0,17,0,0,15,13,8
180681,0,1,0,0,0,0,0,0,0,0,0,0
180681,1,1,0,0,0,0,0,0,0,0,0,0
180682,1,1,0,7,21,6,0,0,2,11,0,0
180683,0,1,0,0,0,0,0,0,0,0,0,0
180683,1,1,0,0,0,0,0,0,0,0,0,0
180684,1,1,0,0,16,0,0,35,15,24,0,0
180685,0,1,27,27,27,27,27,27,27,27,27,27
180685,1,1,0,0,0,0,0,0,0,0,0,0
180685,2,1,0,0,0,8,26,9,19,0,0,0
180686,1,1,14,14,14,14,14,14,14,14,14,14
180687,0,1,0,19,16,0,0,0,0,0,0,0
180687,0,2,0,0,0,0,0,0,0,0,0,0
180687,1,1,0,0,0,0,0,0,0,0,0,0
180688,1,1,20,33,20,21,12,18,0,19,4,28
180689,1,1,0,13,0,0,17,0,0,15,0,0
180690,0,1,0,11,0,0,0,24,0,0,0,0
180690,1,1,0,0,0,0,0,8,0,0,0,0
180691,1,1,27,27,27,27,27,27,27,27,27,27
180692,1,1,7,0,0,0,0,0,28,13,24,12
180693,1,1,25,0,14,0,0,0,15,29,14,0
180694,1,1,0,0,0,0,0,0,0,0,0,0
180695,1,1,0,0,0,0,0,0,0,0,0,0
180695,2,1,0,0,0,0,0,0,0,0,0,0
180696,1,1,0,0,0,0,0,0,0,0,0,0
180697,1,1,0,0,0,0,0,0,0,0,0,0
180697,2,1,0,0,0,0,0,0,0,0,0,0
180698,0,1,0,0,0,0,0,0,0,0,0,0
180698,1,1,0,0,0,0,0,0,0,0,0,0
180699,1,1,19,0,12,0,0,30,0,18,0,0
180700,0,1,0,0,0,0,0,9,0,0,0,0
180700,1,1,0,0,0,0,0,0,0,0,0,0
180701,1,1,0,0,0,0,0,0,0,0,0,0
180701,2,1,0,0,0,0,0,0,0,0,0,0
180701,3,1,0,0,0,0,0,0,0,0,0,0
180701,4,1,0,0,0,0,0,0,0,0,0,0
180702,1,1,35,0,0,0,0,12,0,0,0,0
180702,2,1,0,0,0,0,0,0,0,10,0,0
180702,3,1,14,0,0,0,0,0,0,0,0,0
180703,1,1,17,0,0,0,0,0,0,0,0,0
180703,2,1,0,0,0,0,0,0,0,0,0,0
180704,1,1,1,1,1,1,1,1,1,1,1,1
180705,1,1,23,0,0,0,0,0,28,18,12,0
180706,1,1,0,0,0,0,0,0,0,0,0,0
180706,2,1,0,0,0,0,0,0,0,0,0,0
180707,1,1,16,16,16,16,16,16,16,16,16,16
180708,1,1,0,0,0,0,0,0,0,0,0,0
180708,2,1,0,0,0,0,0,0,0,0,0,0
180709,1,1,0,0,17,0,0,0,0,0,0,0
180709,2,1,0,0,0,0,0,0,0,0,0,0
180710,1,1,0,0,20,0,0,0,0,0,0,0
180711,0,1,0,0,10,0,0,0,0,0,0,7
180711,1,1,0,0,0,0,0,0,0,0,0,0
180712,1,1,0,0,0,0,0,0,0,0,0,0
180712,2,1,0,0,0,0,0,0,0,0,0,0
180713,1,1,0,0,0,0,0,0,0,0,0,0
180713,2,1,0,0,0,0,0,0,0,0,0,0
180714,0,1,38,19,0,23,0,24,9,0,8,0
180714,0,2,0,3,0,0,0,29,0,17,0,15
180714,1,1,0,0,0,0,0,0,0,0,0,0
180715,0,1,0,0,0,0,0,0,0,0,0,6
180715,1,1,0,0,0,0,0,0,0,0,0,0
180716,1,1,0,0,0,0,0,0,0,0,0,0
180716,2,1,0,0,0,0,0,0,0,0,0,0
180717,0,1,26,26,26,26,26,26,26,26,26,26
180717,1,1,0,0,0,0,0,0,0,0,0,0
180718,0,1,27,27,27,27,27,27,27,27,27,27
180718,1,1,0,0,0,0,0,0,0,0,0,0
180719,1,1,0,0,0,0,0,0,0,0,0,0
180720,1,1,0,0,0,0,0,0,0,0,0,0
180720,2,1,0,0,0,0,0,0,0,0,0,0
180721,0,1,0,0,0,0,0,0,0,0,0,42
180721,1,1,0,0,0,0,0,0,0,0,0,0
180722,1,1,31,31,31,31,31,31,31,31,31,31
180723,1,1,0,0,0,0,0,0,0,0,0,0
180723,2,1,0,0,0,0,0,0,0,0,0,0
180724,1,1,23,23,23,23,23,23,23,23,23,23
180725,1,1,27,0,0,0,0,0,25,0,0,0
180726,0,1,0,0,0,0,22,0,40,0,0,0
180726,0,2,0,0,0,0,0,0,0,0,0,0
180726,1,1,0,0,0,0,0,0,0,0,0,0
180727,1,1,17,0,21,0,0,0,0,9,0,0
180727,2,1,0,0,0,0,0,0,0,0,0,0
180729,1,1,0,0,0,0,0,0,0,0,0,0
180730,0,1,28,0,0,0,0,0,0,0,0,0
180730,1,1,0,0,0,0,0,0,0,5,16,0
180731,0,1,0,0,0,0,0,0,0,0,7,0
180731,1,1,0,0,0,0,0,0,0,0,0,0
180732,1,1,0,21,24,18,16,0,15,9,0,0
180733,1,1,0,0,0,0,0,0,0,0,0,0
180733,2,1,0,0,0,0,0,0,0,0,0,0
180733,3,1,0,0,0,0,0,0,0,0,0,0
180734,1,1,18,42,16,0,0,1,0,11,0,9
180735,1,1,0,14,0,12,0,0,16,15,8,13
180735,2,1,0,0,0,0,0,0,0,0,0,0
180736,1,1,0,0,0,0,0,0,0,0,0,0
180736,2,1,0,7,0,11,0,11,0,2,25,0
180737,1,1,9,9,9,9,9,9,9,9,9,9
180738,1,1,0,0,0,0,0,0,0,0,0,0
180738,2,1,0,0,0,0,0,0,0,0,0,0
180739,0,1,0,0,0,0,0,0,0,0,0,0
180739,1,1,0,0,0,0,0,0,0,0,0,0
180740,1,1,0,0,0,0,0,0,0,0,0,0
180740,2,1,4,4,4,4,4,4,4,4,4,4
180740,3,1,0,0,0,0,0,0,0,0,0,0
180740,4,1,0,0,0,0,0,0,0,0,0,0
180741,1,1,0,0,0,0,0,0,0,0,0,0
180741,2,1,0,0,0,6,0,0,0,0,0,0
180742,0,1,0,0,0,0,0,0,0,0,0,0
180742,1,1,0,0,0,0,0,0,0,0,0,0
180743,1,1,11,11,11,11,11,11,11,11,11,11
180744,1,1,41,11,0,0,0,0,0,0,0,0
180745,1,1,21,0,0,0,0,0,0,0,0,0
180746,1,1,0,0,0,0,0,0,21,0,0,0
180746,2,1,0,0,0,0,0,0,0,0,19,0
180746,3,1,0,0,0,0,0,0,0,0,0,0
180747,1,1,0,0,0,0,0,0,0,0,0,0
180747,2,1,0,0,0,1,0,0,0,0,0,0
180748,1,1,0,6,17,38,0,24,0,0,12,0
180749,1,1,8,0,0,0,0,0,0,0,0,0
180750,0,1,18,0,0,0,0,22,7,0,2,0
180750,1,1,0,0,0,0,0,0,0,0,0,0
180751,1,1,30,30,30,30,30,30,30,30,30,30
180752,1,1,8,8,8,8,8,8,8,8,8,8
180752,2,1,0,0,0,0,0,0,0,0,0,0
180752,3,1,0,0,0,0,0,0,0,0,0,0