ST_CASE,VEH_NO,PER_NO,P1,P2,P3,P4,P5,P6,P7,P8,P9,P10
190181,2,1,2,0,0,0,13,0,20,0,0,0
190182,1,1,0,0,0,0,0,0,0,0,0,0
190182,2,1,8,8,8,8,8,8,8,8,8,8
190183,1,1,0,33,0,0,0,0,0,0,0,0
190184,1,1,0,0,5,0,17,24,25,16,20,7
190185,0,1,21,15,22,0,0,0,0,18,20,0
190185,1,1,0,0,0,0,6,0,16,0,0,0
190186,1,1,0,0,0,0,0,0,36,0,0,0
190186,2,1,0,0,0,18,0,0,0,0,0,6
190186,3,1,0,0,0,0,0,0,0,0,0,0
190186,4,1,0,0,0,0,14,0,0,0,0,0
190187,1,1,0,27,5,0,22,10,0,0,20,0
190187,2,1,0,0,0,8,0,3,0,0,0,16
190188,0,1,18,18,18,18,18,18,18,18,18,18
190188,1,1,4,4,4,4,4,4,4,4,4,4
190189,1,1,0,0,18,5,0,0,0,0,13,0
190189,2,1,0,0,0,32,0,0,0,0,16,0
190190,1,1,0,0,0,0,0,0,0,0,0,0
190190,2,1,0,0,0,0,0,0,0,0,0,0
190191,1,1,0,0,0,0,0,0,0,0,0,0
190192,1,1,16,18,20,0,6,24,16,0,0,10
190193,1,1,19,19,19,19,19,19,19,19,19,19
190194,1,1,0,0,14,0,0,13,0,11,0,22
190195,1,1,0,0,0,0,0,0,0,0,0,0
190195,2,1,0,0,0,0,0,0,0,15,0,0
190196,1,1,0,0,0,0,0,0,0,10,0,0
190197,1,1,0,0,0,0,0,0,0,0,0,0
190198,1,1,14,14,14,14,14,14,14,14,14,14
190198,2,1,0,13,0,0,0,0,0,0,0,0
190199,1,1,0,0,0,0,0,16,0,0,0,2
190199,2,1,0,0,0,0,0,0,0,0,0,0
190200,1,1,0,0,0,0,0,0,0,0,0,0
190200,2,1,0,0,0,0,0,19,0,0,0,0
190201,1,1,21,21,21,21,21,21,21,21,21,21
190202,1,1,0,0,0,19,0,3,32,1,13,13
190203,1,1,0,10,0,0,0,0,0,0,0,0
190204,1,1,0,0,0,0,0,0,0,0,0,0
190204,2,1,0,0,0,0,0,0,0,0,0,0
190205,1,1,0,0,0,0,4,0,0,18,19,0
190205,2,1,0,0,0,0,0,0,9,0,0,0
190206,1,1,0,0,0,0,0,0,0,0,0,0
190206,2,1,0,0,0,0,0,0,0,0,0,0
190207,1,1,6,0,0,14,10,19,11,0,17,31
190208,1,1,0,0,0,0,0,0,0,0,0,0
190208,2,1,0,0,0,0,0,0,0,0,0,0
190209,1,1,0,0,0,0,0,0,0,0,0,0
190209,2,1,0,0,0,0,0,0,0,0,0,0
190209,3,1,0,16,0,0,0,0,0,0,21,0
190210,1,1,0,0,7,0,8,0,6,19,0,0
190211,1,1,0,0,0,0,0,0,0,0,0,0
190212,1,1,0,0,0,0,0,0,0,0,0,0
190213,0,1,0,0,0,0,0,0,0,0,0,0
190213,1,1,0,0,0,0,0,0,0,0,0,0
190214,1,1,0,11,0,0,0,0,0,22,0,28
190214,2,1,0,0,0,0,0,0,0,0,0,0
190215,1,1,0,0,0,0,0,0,0,0,24,0
190216,1,1,0,0,0,0,16,0,8,0,17,14
190217,1,1,18,18,18,18,18,18,18,18,18,18
190217,2,1,3,0,0,0,0,0,18,24,11,0
190218,1,1,0,21,7,22,0,15,30,15,10,0
190218,2,1,4,0,20,0,0,0,0,0,0,24
190219,1,1,0,0,0,0,0,0,0,0,0,0
190221,0,1,0,0,0,0,0,0,0,0,0,0
190221,1,1,0,0,16,0,0,0,0,31,0,0
190222,1,1,24,24,24,24,24,24,24,24,24,24
190223,1,1,0,0,27,0,0,0,0,0,0,0
190223,2,1,0,0,0,0,0,0,0,0,0,0
190224,0,1,0,0,0,0,0,0,0,0,0,0
190224,1,1,0,0,0,0,0,0,0,3,0,0
190225,1,1,7,7,7,7,7,7,7,7,7,7
190226,1,1,4,0,0,25,0,0,22,13,0,0
190226,2,1,0,0,0,0,0,0,39,14,0,0
190226,3,1,19,0,0,0,0,15,0,0,5,0
190226,4,1,0,9,0,2,0,0,0,0,0,0
190227,1,1,0,0,0,0,0,0,0,0,0,0
190227,2,1,0,0,0,0,0,0,0,0,0,0
190228,1,1,0,0,0,0,0,0,0,0,0,0
190228,2,1,0,0,0,0,0,0,0,0,0,0
190229,1,1,22,11,0,7,0,0,22,3,15,0
190230,1,1,0,0,20,0,0,14,12,33,0,0
190231,1,1,0,0,0,0,0,0,0,0,0,0
190231,2,1,0,0,0,0,0,0,0,0,0,0
190232,1,1,0,18,0,22,23,4,30,29,0,0
190233,1,1,19,19,19,19,19,19,19,19,19,19
190234,1,1,17,24,0,25,8,0,18,0,0,10
190235,1,1,18,18,22,9,2,13,46,5,6,6
190236,1,1,0,0,0,0,0,0,0,0,0,0
190236,2,1,0,0,0,0,0,0,0,0,0,0
190237,1,1,0,11,13,15,13,0,14,0,34,0
190238,0,1,0,0,0,9,0,0,0,0,0,12
190238,1,1,0,0,0,0,0,0,0,11,0,0
190239,1,1,3,3,3,3,3,3,3,3,3,3
190239,2,1,0,12,0,0,0,0,0,0,0,0
190240,1,1,0,0,0,0,0,0,0,0,0,0
190241,0,1,16,0,0,0,0,27,2,22,19,9
190241,1,1,0,0,10,0,0,0,20,0,0,0
190242,1,1,0,0,0,0,0,0,0,0,0,13
190242,2,1,0,0,0,0,0,0,0,0,0,0
190243,1,1,0,14,8,0,0,0,0,9,4,0
190243,2,1,0,5,0,0,0,0,22,0,0,0
190244,1,1,0,0,0,0,0,0,0,0,0,0
190245,1,1,1,1,1,1,1,1,1,1,1,1
190245,2,1,2,2,2,2,2,2,2,2,2,2
190245,3,1,0,17,0,0,0,0,0,0,0,0
190246,1,1,0,0,5,0,0,0,0,0,0,0
190246,2,1,47,47,47,47,47,47,47,47,47,47
190247,1,1,7,7,7,7,7,7,7,7,7,7
190248,0,1,0,0,0,0,0,0,0,0,0,0
190248,1,1,0,0,0,0,5,0,0,0,4,8
190249,1,1,0,0,0,0,0,0,0,0,0,0
190249,2,1,0,0,0,0,0,0,0,0,0,0
190250,1,1,0,19,0,0,0,0,0,0,0,0
190250,2,1,0,0,0,0,0,0,0,0,0,0
190251,0,1,0,0,0,0,0,0,0,0,0,0
190251,1,1,0,0,0,0,0,0,0,0,0,0
190252,1,1,0,0,0,0,19,0,0,0,0,0
190253,0,1,0,0,22,0,0,14,24,12,0,0
190253,1,1,0,0,0,0,0,0,17,0,0,0
190254,1,1,13,13,13,13,13,13,13,13,13,13
190255,1,1,0,0,0,0,0,0,0,0,0,0
190256,1,1,0,0,0,21,0,0,29,0,0,0
190256,2,1,0,0,0,0,0,0,0,0,0,0
190257,1,1,0,10,0,0,0,28,0,0,0,0
190257,2,1,0,0,0,13,0,0,2,27,0,0
190258,1,1,0,0,0,18,0,0,14,0,0,19
190259,0,1,44,0,0,0,0,0,0,0,0,0
190259,1,1,0,0,0,0,0,0,0,0,0,0
190260,1,1,13,13,13,13,13,13,13,13,13,13
190261,1,1,0,0,0,0,0,0,0,0,0,0
190262,1,1,0,10,28,0,5,15,17,0,0,0
190263,1,1,0,0,0,0,0,0,0,0,0,0
190264,1,1,19,13,0,8,0,0,0,0,5,0
190265,1,1,0,0,22,0,0,17,0,12,21,0
190266,1,1,0,19,11,15,0,21,0,21,13,0
190267,1,1,21,0,0,0,0,0,20,0,0,0
190268,1,1,0,0,0,0,0,0,0,0,37,0
190268,2,1,0,0,0,0,0,0,0,0,0,0
190269,1,1,24,24,24,24,24,24,24,24,24,24
190270,1,1,15,0,0,0,8,0,0,31,0,0
190271,1,1,7,0,0,0,5,15,17,9,10,0
190272,1,1,14,14,14,14,14,14,14,14,14,14
190273,0,1,0,0,21,0,0,0,0,0,0,20
190273,1,1,9,21,15,27,5,0,10,27,18,19
190274,1,1,3,3,3,3,3,3,3,3,3,3
190274,2,1,0,0,0,0,0,0,0,0,0,0
190275,1,1,0,0,0,0,0,0,0,0,0,0
190276,1,1,0,0,0,0,0,0,0,0,0,0
190276,2,1,0,0,0,0,0,0,0,0,0,0
190277,1,1,0,0,0,0,0,0,0,0,0,0
190277,2,1,0,0,0,0,0,0,0,4,0,0
190278,1,1,8,0,32,0,0,14,15,0,0,14
190279,1,1,4,0,0,0,0,0,15,7,0,0
190280,1,1,0,0,0,0,17,0,0,0,6,31
190281,1,1,0,0,24,0,0,16,0,14,0,21
190282,1,1,0,16,39,12,26,0,0,0,13,0
190283,1,1,0,15,0,0,0,0,0,0,0,0
190283,2,1,0,26,0,0,0,0,0,0,0,0
190283,3,1,0,0,0,31,0,0,0,15,0,0
190283,4,1,0,0,0,15,0,0,0,0,0,0
190285,1,1,0,0,0,0,0,0,0,0,0,0
190285,2,1,0,0,0,0,0,0,0,0,0,0
190286,0,1,0,18,0,23,0,0,0,15,0,10
190286,1,1,9,23,48,12,16,0,0,0,30,0
190287,1,1,0,0,0,0,0,0,7,0,0,7
190288,0,1,12,34,34,14,17,20,15,21,41,21
190288,1,1,0,8,0,19,0,18,0,26,22,0
190289,1,1,0,0,0,0,0,0,0,0,0,0
190289,2,1,0,0,0,0,0,0,0,0,0,0
190290,1,1,26,26,26,26,26,26,26,26,26,26
190291,0,1,0,0,0,0,0,0,0,0,0,0
190291,1,1,0,0,0,0,0,0,0,0,0,16
190292,0,1,0,0,0,0,0,0,0,0,0,0
190292,1,1,0,0,0,0,0,0,0,0,0,0
190293,1,1,0,0,0,0,0,0,0,0,0,0
190294,1,1,0,0,0,0,0,0,0,0,0,36
190295,1,1,5,7,0,17,16,21,15,22,12,9
190296,1,1,0,0,0,0,0,0,0,0,0,0
190296,2,1,0,0,14,0,0,0,0,9,0,0
190297,1,1,0,0,0,10,7,0,0,10,15,0
190298,1,1,0,0,0,0,15,14,0,0,0,0
190298,2,1,0,0,0,0,0,0,0,0,0,0
190299,1,1,0,0,0,0,0,19,0,0,0,0
190300,1,1,27,27,27,27,27,27,27,27,27,27
190301,1,1,25,0,0,8,0,0,35,14,6,0
190302,1,1,0,0,0,0,0,0,0,0,0,0
190302,2,1,0,0,0,0,0,0,0,0,0,0
190303,0,1,0,0,11,0,18,0,0,0,0,34
190303,0,2,0,0,11,0,0,19,0,0,0,29
190303,1,1,13,0,13,21,0,0,0,3,0,0
190304,1,1,0,0,0,0,0,0,0,0,0,0
190305,1,1,0,0,0,0,0,0,0,0,0,0
190306,1,1,18,0,0,22,0,20,0,0,0,0
190307,0,1,0,0,0,0,0,0,0,0,0,0
190307,1,1,0,0,0,0,0,0,0,36,0,0
190308,1,1,0,0,0,0,0,0,0,0,0,0
190308,2,1,19,19,19,19,19,19,19,19,19,19
190309,1,1,0,0,0,0,0,0,0,0,0,0
190310,0,1,33,0,0,0,0,19,0,0,0,0
190310,1,1,0,0,0,0,0,0,0,0,0,0
190311,1,1,0,0,0,0,0,0,0,0,0,0
190312,1,1,0,0,0,0,0,0,0,0,5,0
190313,1,1,0,0,0,0,0,0,0,0,0,0
190313,2,1,0,0,0,0,0,0,0,0,0,0
190314,1,1,0,12,19,0,0,0,0,0,8,0
190315,1,1,0,0,0,0,0,0,0,0,0,0
190316,1,1,0,0,0,0,0,0,0,0,0,14
190317,1,1,21,21,21,21,21,21,21,21,21,21
190318,0,1,0,35,0,26,0,16,30,0,34,0
190318,1,1,0,0,0,0,0,29,0,0,0,0
190319,1,1,19,30,20,9,23,27,19,24,21,0
190320,1,1,0,0,0,0,0,0,0,0,0,0
190320,2,1,0,0,0,0,0,0,0,0,0,0
190320,3,1,0,0,0,0,0,0,0,0,0,0
190320,4,1,0,0,9,0,0,0,0,0,0,0
190320,5,1,0,0,0,0,0,0,0,0,0,0
190320,6,1,0,0,6,0,0,0,0,0,0,0
190321,1,1,26,26,26,26,26,26,26,26,26,26
190322,1,1,37,37,37,37,37,37,37,37,37,37
190323,1,1,0,24,0,0,0,0,0,0,0,0
190324,1,1,15,15,15,15,15,15,15,15,15,15
190324,2,1,0,16,0,0,0,0,0,0,13,0
190325,1,1,14,34,0,0,28,0,0,0,0,11
190325,2,1,0,9,0,13,25,0,0,0,0,0
190326,1,1,0,0,0,0,0,0,0,0,0,0
190327,1,1,0,0,0,0,0,0,0,0,0,0
190328,1,1,0,0,0,0,0,0,0,0,0,0
190329,1,1,0,0,0,0,0,0,0,0,0,0
190330,1,1,0,19,9,0,0,0,4,0,0,0
190330,2,1,0,0,0,0,0,0,0,0,0,0
190331,1,1,12,12,12,12,12,12,12,12,12,12
190332,1,1,12,12,12,12,12,12,12,12,12,12
190333,1,1,10,22,10,0,12,0,8,15,27,25
200001,1,1,0,0,0,0,14,0,0,15,0,0
200001,2,1,0,0,0,0,0,0,0,0,0,0
200002,1,1,20,20,20,20,20,20,20,20,20,20
200003,1,1,0,0,0,0,0,0,0,0,0,0
200003,2,1,0,0,0,0,0,0,15,0,0,0
200004,1,1,0,0,0,0,0,0,0,0,0,0
200004,2,1,15,15,15,15,15,15,15,15,15,15
200005,1,1,0,0,0,0,0,0,0,0,0,0
200005,2,1,0,0,0,0,0,0,0,0,10,0
200006,1,1,15,15,15,15,15,15,15,15,15,15
200006,2,1,0,0,0,10,0,0,14,0,0,0
200007,1,1,11,11,11,11,11,11,11,11,11,11
200008,1,1,0,0,0,0,0,0,0,0,0,0
200009,1,1,0,0,0,16,0,0,0,0,0,0
200009,2,1,0,0,0,12,0,0,0,0,0,0
200010,1,1,31,31,31,31,31,31,31,31,31,31
200011,1,1,0,0,0,0,0,0,0,0,0,0
200011,2,1,0,0,0,0,0,0,0,0,0,0
200012,1,1,4,0,10,8,18,6,7,14,9,17
200013,1,1,36,36,36,36,36,36,36,36,36,36
200014,1,1,0,0,0,0,0,0,0,0,0,0
200014,2,1,0,0,0,0,4,0,0,0,0,0
200015,1,1,0,16,0,0,0,0,0,0,0,0
200015,2,1,0,0,0,0,0,0,0,0,0,0
200016,1,1,22,22,22,22,22,22,22,22,22,22
200017,1,1,0,0,0,0,0,0,0,0,0,0
200018,1,1,0,0,0,0,0,0,0,0,0,0
200018,2,1,0,0,0,0,0,0,0,0,0,0
200018,3,1,0,0,0,0,0,0,0,0,0,0
200018,4,1,0,0,0,0,0,0,0,0,0,0
200018,5,1,0,0,0,0,0,0,0,0,0,0
200018,6,1,0,0,0,0,0,0,0,0,0,0
200018,7,1,0,0,0,0,0,0,0,0,0,0
200019,1,1,0,0,0,0,0,0,0,0,0,0
200020,1,1,0,0,0,0,0,0,0,0,0,0
200020,2,1,0,0,0,0,0,0,0,0,0,0
200021,1,1,0,0,11,0,0,0,0,0,0,0
200021,2,1,0,0,0,0,0,0,0,0,0,0
200022,1,1,14,14,14,14,14,14,14,14,14,14
200023,1,1,17,0,0,0,0,0,0,0,0,0
200023,2,1,0,0,0,0,0,0,0,0,0,0
200024,1,1,24,24,24,24,24,24,24,24,24,24
200024,2,1,0,0,0,0,0,0,0,0,0,0
200025,1,1,4,4,4,4,4,4,4,4,4,4
200026,1,1,0,0,0,0,0,0,0,0,0,0
200026,2,1,0,0,0,0,0,0,0,0,0,0
200026,3,1,0,0,0,0,0,0,0,0,0,0
200027,1,1,0,0,0,0,0,0,0,0,0,0
200028,1,1,25,25,25,25,25,25,25,25,25,25
200028,2,1,0,0,0,0,0,0,0,0,0,0
200029,1,1,0,0,0,0,0,0,0,0,0,0
200029,2,1,0,0,0,0,0,0,0,0,0,0
200030,1,1,0,0,0,0,0,0,0,0,0,0
200030,2,1,0,0,0,0,0,0,0,0,0,0
200031,1,1,9,9,9,9,9,9,9,9,9,9
200032,1,1,0,0,0,0,0,0,0,0,0,0
200032,2,1,0,0,0,0,0,0,0,0,0,0
200033,1,1,0,6,0,0,0,0,0,5,0,0
200034,1,1,0,0,0,0,0,0,0,0,12,0
200034,2,1,0,0,0,0,0,0,0,0,0,0
200035,1,1,20,20,20,20,20,20,20,20,20,20
200036,1,1,30,0,0,0,0,0,0,0,0,0
200036,2,1,0,0,0,0,0,0,0,0,0,0
200037,1,1,7,7,7,7,7,7,7,7,7,7
200038,1,1,28,28,28,28,28,28,28,28,28,28
200038,2,1,0,0,0,0,0,0,0,0,0,0
200039,1,1,0,0,0,0,0,0,0,0,0,0
200039,2,1,0,0,0,0,0,0,0,0,0,0
200040,1,1,0,0,0,0,0,0,0,0,0,0
200040,2,1,0,0,0,0,0,0,0,0,0,0
200041,1,1,26,26,26,26,26,26,26,26,26,26
200042,1,1,0,0,0,0,0,0,0,0,0,0
200042,2,1,0,0,0,0,0,0,0,0,0,0
200043,1,1,21,21,21,21,21,21,21,21,21,21
200043,2,1,11,11,11,11,11,11,11,11,11,11
200044,1,1,0,0,0,0,0,0,0,0,0,0
200045,1,1,0,0,0,0,0,0,0,0,0,0
200046,1,1,0,0,0,0,0,0,14,0,0,20
200047,1,1,0,0,0,21,0,0,0,0,0,0
200048,1,1,0,0,0,0,0,0,0,0,0,0
200049,1,1,0,0,0,0,0,0,0,0,0,0
200049,2,1,0,0,0,0,8,0,0,0,0,0
200050,1,1,0,0,0,0,0,0,0,0,0,0
200050,2,1,0,0,0,0,0,0,0,0,0,0
200051,1,1,18,18,18,18,18,18,18,18,18,18
200051,2,1,15,15,15,15,15,15,15,15,15,15
200052,1,1,0,0,0,0,0,0,0,0,0,0
200052,2,1,0,0,0,19,0,0,0,0,0,19
200052,3,1,0,0,0,0,0,0,0,0,21,0
200053,1,1,0,0,0,0,0,0,0,0,0,0
200054,1,1,6,6,6,6,6,6,6,6,6,6
200054,2,1,0,0,0,0,0,0,0,0,0,0
200055,1,1,0,0,0,0,0,0,0,0,0,0
200055,2,1,0,0,0,0,0,0,0,0,0,0
200056,1,1,0,0,0,0,0,0,0,0,0,0
200057,1,1,20,20,20,20,20,20,20,20,20,20
200057,2,1,0,0,0,0,0,0,0,0,0,0
200058,1,1,17,17,17,17,17,17,17,17,17,17
200058,2,1,0,0,0,0,0,0,0,0,0,0
200059,0,1,0,0,0,0,0,0,0,0,0,0
200059,1,1,0,0,0,0,0,0,0,0,0,0
200060,1,1,0,0,0,0,0,0,0,0,0,0
200060,2,1,0,0,0,0,0,0,0,0,0,0
200060,3,1,0,0,0,0,0,0,0,0,0,0
200060,4,1,0,0,0,0,0,0,0,0,0,0
200061,1,1,0,0,0,4,0,0,0,0,0,0
200062,1,1,0,0,0,0,0,0,0,0,0,0
200063,1,1,5,5,5,5,5,5,5,5,5,5
200064,1,1,27,4,12,18,12,31,28,14,18,23
200064,2,1,0,0,0,0,0,0,0,0,0,0
200065,1,1,0,0,0,0,0,0,0,0,0,0
200066,1,1,0,0,0,0,0,0,0,0,0,0
200067,1,1,0,0,0,0,0,0,0,0,0,0
200068,1,1,34,34,34,34,34,34,34,34,34,34
200069,1,1,8,8,8,8,8,8,8,8,8,8
200069,2,1,0,0,0,0,0,34,0,0,0,0
200070,1,1,0,0,12,0,0,0,0,18,0,0
200070,2,1,0,0,0,0,0,0,0,0,0,0
200071,1,1,0,0,0,0,0,0,0,0,0,0
200071,2,1,0,20,0,0,0,0,0,0,0,0
200072,1,1,0,0,0,0,0,24,0,0,0,0
200073,1,1,0,0,0,0,0,0,0,0,0,0
200074,1,1,0,0,0,0,0,0,0,0,0,0
200074,2,1,0,0,0,0,0,0,0,0,0,0
200075,1,1,0,0,0,0,0,0,0,0,0,0
200075,2,1,0,0,0,0,0,0,0,0,0,0
200076,1,1,0,23,0,0,0,0,0,0,0,0
200077,1,1,0,0,0,0,0,0,0,0,0,0
200077,2,1,0,0,0,0,0,0,0,0,0,0
200078,1,1,0,0,0,0,0,0,0,0,0,0
200079,1,1,0,0,0,0,0,0,0,0,0,0
200079,2,1,0,0,0,0,0,0,0,0,0,0
200079,3,1,0,0,0,0,0,0,0,0,0,0
200079,4,1,0,0,0,0,0,0,0,0,0,0
200080,1,1,16,28,37,10,14,16,14,13,9,10
200080,2,1,0,0,0,0,0,0,0,0,0,0
200081,1,1,0,0,0,0,0,0,0,0,0,0
200081,2,1,0,0,0,0,0,0,0,0,0,0
200082,1,1,0,13,0,0,0,0,0,11,0,0
200082,2,1,0,0,0,0,0,0,0,0,0,0
200083,1,1,0,0,0,0,0,0,0,0,0,0
200083,2,1,1,1,1,1,1,1,1,1,1,1
200084,1,1,0,0,0,0,0,0,0,0,0,0
200085,0,1,0,0,0,0,0,0,0,26,7,0
200085,1,1,9,9,9,9,9,9,9,9,9,9
200086,1,1,0,0,0,0,0,0,0,0,0,0
200087,1,1,0,0,0,0,0,0,0,0,0,0
200087,2,1,0,0,0,0,0,0,0,0,0,0
200088,0,1,0,0,0,0,0,0,0,0,0,0
200088,1,1,23,23,23,23,23,23,23,23,23,23
200088,2,1,0,0,0,0,0,0,0,20,0,0
200089,0,1,0,0,0,0,0,0,0,0,0,0
200089,1,1,0,0,0,0,0,0,0,0,0,0
200090,1,1,0,0,0,0,0,0,0,0,0,0
200090,2,1,0,0,0,0,0,0,0,18,22,0
200091,1,1,0,0,0,0,0,0,0,0,0,0
200091,2,1,19,0,0,0,0,0,0,0,0,0
200092,1,1,0,0,0,0,0,0,0,0,0,0
200093,1,1,0,0,0,3,0,0,0,0,0,0
200094,1,1,0,0,0,0,0,0,0,0,0,0
200094,2,1,0,0,0,0,0,0,0,0,0,0
200095,0,1,0,0,0,0,0,0,0,0,0,0
200095,1,1,0,0,0,0,0,0,0,0,0,0
200096,1,1,0,0,0,0,0,0,0,0,0,0
200096,2,1,0,0,0,0,0,0,0,0,0,0
200097,1,1,11,0,0,0,0,0,0,0,16,0
200098,1,1,0,0,0,0,0,0,0,0,0,0
200098,2,1,0,0,0,0,0,0,0,0,0,0
200099,1,1,0,0,0,0,0,0,0,0,0,0
200099,2,1,0,0,0,0,0,0,0,0,0,0
200101,0,1,0,0,0,14,0,0,8,0,0,0
200101,0,2,0,0,0,0,0,0,13,0,0,0
200101,1,1,14,14,14,14,14,14,14,14,14,14
200102,0,1,0,0,0,0,0,0,0,0,0,0
200102,0,2,0,0,0,20,0,0,0,0,0,0
200102,1,1,0,0,0,0,20,0,0,0,0,0
200103,1,1,14,21,30,17,17,19,32,25,15,31
200104,0,1,0,0,0,0,7,0,0,0,0,0
200104,1,1,0,0,0,0,0,0,0,0,0,0
200105,0,1,0,15,0,0,0,0,0,0,0,0
200105,1,1,18,15,35,6,15,0,0,0,0,8
200106,1,1,0,0,0,0,0,0,0,0,0,0
200107,1,1,0,0,0,0,0,15,0,0,0,0
200108,1,1,11,11,11,11,11,11,11,11,11,11
200110,0,1,0,0,0,0,30,0,0,0,0,0
200110,1,1,0,23,0,0,0,0,0,0,0,0
200111,1,1,0,0,0,0,0,0,0,0,0,0
200111,2,1,0,0,0,0,0,0,0,0,0,0
200112,1,1,16,0,10,10,11,13,0,0,13,0
200113,1,1,0,0,0,0,0,0,0,0,0,0
200114,1,1,0,0,0,0,0,0,0,0,0,0
200115,1,1,0,0,0,0,21,0,0,0,0,0
200117,1,1,0,0,0,0,0,0,0,0,0,0
200117,2,1,0,0,14,0,0,0,0,0,0,0
200118,1,1,0,0,0,0,0,0,0,0,0,0
200118,2,1,0,0,0,0,0,0,0,0,0,0
200118,3,1,0,0,0,0,0,0,0,0,0,0
200119,1,1,0,0,0,0,0,0,0,0,0,0
200119,2,1,0,0,13,0,0,0,0,0,0,0
200120,1,1,32,32,32,32,32,32,32,32,32,32
200121,0,1,0,0,0,0,0,0,0,0,0,0
200121,1,1,0,0,15,0,0,0,0,0,0,0
200122,1,1,0,21,0,0,0,0,0,23,0,0
200122,2,1,0,0,0,0,0,12,0,0,0,0
200123,0,1,0,0,0,0,0,0,0,0,0,0
200123,1,1,0,0,0,0,0,0,17,0,0,0
200124,0,1,0,0,0,0,22,0,0,0,0,0
200124,1,1,0,0,0,0,0,0,0,8,0,0
200127,1,1,0,0,30,0,0,0,0,0,0,0
200127,2,1,0,0,0,0,0,0,0,0,0,0
200127,3,1,0,0,0,0,0,0,0,0,0,0
200128,1,1,0,0,22,0,0,0,0,0,0,0
200128,2,1,0,0,0,0,0,0,0,0,0,0
200129,1,1,0,0,0,0,0,0,13,0,0,0
200130,0,1,0,0,0,0,0,0,22,0,0,0
200130,1,1,0,0,0,0,0,0,0,0,0,0
200131,1,1,17,17,17,17,17,17,17,17,17,17
200131,2,1,0,0,12,0,0,0,0,0,0,8
200132,0,1,0,0,0,0,0,0,0,0,15,0
200132,1,1,0,0,0,0,0,0,0,0,0,0
200133,1,1,0,0,0,0,0,0,0,0,0,0
200133,2,1,0,0,0,0,0,0,0,0,0,0
200134,1,1,0,0,0,0,0,0,0,0,0,0
200134,2,1,0,0,0,0,0,0,0,0,0,0
200135,1,1,0,0,0,0,0,0,0,0,0,0
200135,2,1,0,0,0,0,0,0,0,0,0,0
200136,1,1,0,0,0,0,0,0,0,0,0,0
200136,2,1,0,0,0,0,0,0,0,0,0,0
200137,1,1,0,0,0,0,0,0,0,0,0,0
200137,2,1,0,0,0,0,0,0,0,0,0,39
200138,0,1,0,0,0,0,0,0,0,0,0,0
200138,1,1,0,0,0,0,0,0,0,0,0,0
200139,0,1,0,0,0,0,0,0,0,0,0,0
200139,1,1,0,0,0,0,0,0,0,0,0,0
200140,1,1,21,21,21,21,21,21,21,21,21,21
200141,1,1,18,18,18,18,18,18,18,18,18,18
200142,1,1,0,0,0,0,0,0,0,0,0,0
200142,2,1,0,0,0,0,0,0,0,0,0,0
200143,0,1,0,0,0,0,0,0,0,0,0,0
200143,1,1,0,0,0,15,11,4,0,15,0,3
200144,1,1,0,0,0,0,0,0,0,0,0,0
200144,2,1,0,0,0,0,0,0,0,0,0,0
200145,1,1,25,25,25,25,25,25,25,25,25,25
200145,2,1,0,0,0,0,0,0,0,0,0,0
200146,0,1,4,4,4,4,4,4,4,4,4,4
200146,1,1,0,0,0,0,0,0,0,0,0,0
200147,1,1,21,21,21,21,21,21,21,21,21,21
200147,2,1,0,0,0,0,0,0,0,0,0,0
200148,1,1,0,0,0,0,0,0,0,0,0,0
200148,2,1,0,0,0,0,0,0,0,0,0,0
200149,1,1,0,0,0,0,0,0,0,0,0,0
200149,2,1,0,0,0,0,0,0,0,0,0,0
200150,1,1,0,0,0,0,0,0,0,0,0,0
200150,2,1,0,0,0,0,0,0,0,0,0,0
200151,0,1,5,5,5,5,5,5,5,5,5,5
200151,1,1,0,0,0,0,0,0,0,0,0,0
200152,1,1,0,0,0,0,0,0,0,0,0,0
200152,2,1,0,0,0,0,7,0,0,0,0,0
200153,1,1,6,6,6,6,6,6,6,6,6,6
200154,1,1,23,0,14,22,0,20,24,0,4,19
200155,1,1,0,0,0,0,0,0,0,0,0,0
200155,2,1,0,0,0,0,0,0,0,0,0,0
200155,3,1,0,0,0,0,0,0,0,0,0,0
200155,4,1,0,0,0,0,0,0,0,0,0,0
200156,1,1,0,0,0,0,0,0,0,0,0,0
200157,1,1,0,0,0,0,0,0,0,0,0,0
200158,1,1,0,0,0,0,0,0,0,0,0,0
200158,2,1,0,0,0,0,0,0,0,0,0,0
200159,1,1,25,25,25,25,25,25,25,25,25,25
200159,2,1,0,0,0,0,0,0,0,0,0,0
200160,1,1,0,0,0,0,0,0,0,0,0,0
200160,2,1,0,0,0,0,0,0,0,0,0,0
200160,3,1,0,0,0,0,0,0,0,0,0,0
200160,4,1,0,0,0,0,0,0,0,0,0,0
200160,5,1,0,0,0,0,0,0,0,0,0,0
200160,6,1,0,0,0,0,0,0,2,0,0,0
200161,1,1,0,0,0,0,0,0,0,0,0,0
200161,2,1,0,0,0,0,11,0,0,0,0,0
200162,1,1,0,0,0,0,0,0,0,0,0,0
200163,1,1,0,0,0,0,0,0,0,0,0,0
200164,1,1,18,29,13,16,33,25,28,6,3,17
200165,1,1,0,0,0,0,27,0,18,0,0,0
200167,1,1,39,39,39,39,39,39,39,39,39,39
200168,1,1,0,0,0,0,0,0,0,0,0,0