ST_CASE,VEH_NO,PER_NO,P1,P2,P3,P4,P5,P6,P7,P8,P9,P10
200168,2,1,0,0,0,0,0,0,0,0,0,0
200169,1,1,0,0,0,0,0,0,0,0,0,0
200169,2,1,0,0,0,0,0,0,0,0,0,0
200170,1,1,2,2,2,2,2,2,2,2,2,2
200172,1,1,0,0,0,0,0,0,0,0,0,0
200173,1,1,0,0,0,25,0,0,0,0,22,0
200173,2,1,9,9,9,9,9,9,9,9,9,9
200174,1,1,12,12,12,12,12,12,12,12,12,12
200174,2,1,0,0,0,0,0,0,0,0,0,0
200175,1,1,0,27,0,0,20,14,25,0,0,15
200175,2,1,0,0,0,0,16,0,0,0,0,0
200175,3,1,0,0,0,7,0,3,10,0,0,0
200176,1,1,11,0,4,20,16,17,7,12,36,10
200176,2,1,27,27,27,27,27,27,27,27,27,27
200177,0,1,0,0,0,0,0,0,22,0,0,0
200177,1,1,0,0,0,0,0,0,0,0,0,0
200177,2,1,0,0,0,0,0,0,0,0,0,0
200178,1,1,0,8,0,0,0,0,0,0,0,0
200179,1,1,0,0,17,0,0,0,0,0,0,0
200179,2,1,0,0,0,0,0,0,0,0,0,0
200180,1,1,0,0,0,0,0,0,0,0,0,0
200181,1,1,0,0,0,0,0,0,0,0,0,7
200181,2,1,0,0,0,0,0,0,0,0,0,0
200182,1,1,0,0,0,0,0,0,0,0,0,0
200182,2,1,0,0,0,0,0,0,0,0,0,0
200184,1,1,0,0,0,0,0,0,0,0,0,0
200184,2,1,0,0,0,0,0,0,0,0,0,0
200186,1,1,22,22,22,22,22,22,22,22,22,22
200186,2,1,0,0,0,0,0,0,0,0,0,0
200187,1,1,0,0,0,0,0,0,0,0,0,0
200187,2,1,0,0,0,0,0,0,0,0,0,0
200188,0,1,25,25,25,25,25,25,25,25,25,25
200188,1,1,0,0,0,0,0,0,0,0,0,0
200189,1,1,0,0,0,0,0,0,0,0,0,0
200190,0,1,0,0,0,0,0,0,0,0,0,0
200190,1,1,0,0,0,0,0,26,0,0,0,0
200191,1,1,0,0,0,0,0,0,0,0,0,0
200191,2,1,0,0,0,0,0,0,0,0,0,0
200191,3,1,0,0,0,0,0,0,0,0,0,0
200192,1,1,0,0,0,0,0,0,0,0,0,0
200193,1,1,0,0,0,0,0,0,0,0,0,0
200193,2,1,0,0,0,0,5,0,0,0,0,0
200194,1,1,0,0,0,0,0,0,0,0,0,0
200194,2,1,0,0,0,0,0,0,0,0,0,0
200195,1,1,18,0,0,0,0,0,0,0,0,0
200195,2,1,0,0,0,0,0,13,0,0,0,0
200196,1,1,0,0,0,0,0,0,0,0,0,0
200197,1,1,0,0,0,0,0,0,0,0,0,0
200197,2,1,0,0,0,0,0,0,0,0,0,0
200198,1,1,0,0,0,0,0,0,0,0,0,0
200199,0,1,0,0,0,0,0,0,0,0,0,0
200199,1,1,0,0,0,0,0,0,0,0,0,0
200200,1,1,0,0,0,0,0,0,0,0,0,0
200200,2,1,0,3,3,0,0,0,0,0,0,0
200201,1,1,23,23,23,23,23,23,23,23,23,23
200203,1,1,0,0,0,0,0,0,0,0,0,0
200203,2,1,0,0,0,0,0,0,0,0,0,0
200204,1,1,0,0,0,0,0,0,0,0,0,0
200204,2,1,0,0,0,0,0,0,0,0,0,0
200205,1,1,0,0,0,0,0,0,0,0,0,0
200206,2,1,0,0,0,0,0,0,0,16,0,0
200207,0,1,0,0,0,0,0,0,0,0,0,0
200207,1,1,0,0,9,0,0,0,0,0,0,0
200209,1,1,0,0,0,0,0,0,0,0,0,28
200210,1,1,0,0,0,0,0,0,0,0,0,6
200211,1,1,0,0,0,0,0,0,0,0,0,0
200212,0,1,0,0,0,0,0,0,0,0,0,0
200212,1,1,0,0,0,0,0,0,0,0,0,0
200213,1,1,0,0,0,0,0,0,0,0,0,0
200215,1,1,0,0,0,0,0,0,0,0,0,0
200216,1,1,0,0,0,0,0,0,0,0,0,0
200216,2,1,0,0,0,0,0,0,0,0,0,0
200217,1,1,0,0,0,0,27,0,0,0,0,0
200218,1,1,0,0,0,0,0,0,0,0,0,0
200218,2,1,0,0,0,0,0,0,0,0,0,0
200219,1,1,0,0,0,0,0,0,0,0,0,0
200220,1,1,0,0,0,0,0,0,0,0,0,0
200220,2,1,0,0,0,0,0,0,0,0,0,0
200221,1,1,0,0,0,0,0,0,0,0,0,0
200221,2,1,0,0,0,0,0,0,0,0,0,0
200222,1,1,0,0,0,0,0,0,0,0,0,0
200223,1,1,6,6,4,11,7,14,0,5,16,13
200223,2,1,0,0,0,0,0,0,0,0,0,0
200225,1,1,0,0,0,0,0,0,0,0,0,0
200225,2,1,0,0,0,0,0,0,0,0,0,0
200226,1,1,0,0,0,0,0,0,0,0,0,0
200227,1,1,10,10,10,10,10,10,10,10,10,10
200227,2,1,0,0,0,0,0,0,0,0,0,0
200228,1,1,18,18,18,18,18,18,18,18,18,18
200228,2,1,0,0,0,0,0,0,0,0,0,0
200228,3,1,0,0,0,0,0,0,0,0,0,0
200229,0,1,0,0,0,0,0,0,0,0,0,0
200229,1,1,0,12,0,0,8,0,0,0,0,21
200230,1,1,0,0,0,0,0,0,0,0,0,0
200231,1,1,0,0,0,0,0,0,0,0,0,0
200231,2,1,0,0,0,0,0,0,0,0,0,0
200232,1,1,11,11,11,11,11,11,11,11,11,11
200233,1,1,0,0,0,0,0,0,0,0,0,0
200233,2,1,0,0,0,0,0,0,0,0,0,0
200234,1,1,0,0,0,0,0,0,0,0,0,0
200234,2,1,0,0,0,0,0,0,0,0,0,0
200236,1,1,0,0,0,0,28,0,0,0,0,0
200236,2,1,0,0,0,0,0,0,0,0,0,0
200237,1,1,12,7,7,10,6,10,12,3,16,5
200239,0,1,0,0,0,0,0,0,0,0,0,0
200239,1,1,0,0,0,0,0,0,0,0,0,0
200240,1,1,0,0,0,0,0,0,0,0,0,0
200240,2,1,0,0,0,0,0,2,0,0,0,0
200241,1,1,0,0,0,0,0,0,0,0,0,0
200241,2,1,0,0,0,0,0,0,0,0,0,0
200242,1,1,0,0,0,0,0,0,0,0,0,0
200243,1,1,0,0,0,0,0,0,0,17,0,0
200243,2,1,20,20,20,20,20,20,20,20,20,20
200244,1,1,0,0,0,0,0,0,0,0,0,0
200244,2,1,0,0,0,0,0,0,0,0,0,0
200245,0,1,0,0,0,0,0,0,0,0,0,0
200245,1,1,0,0,0,0,0,0,0,0,0,0
200246,1,1,18,18,18,18,18,18,18,18,18,18
200247,1,1,0,0,0,0,18,0,0,16,0,0
200247,2,1,0,0,0,0,7,7,0,0,0,0
200248,1,1,0,0,0,0,0,0,0,0,0,0
200248,2,1,0,0,0,0,0,0,0,0,0,0
200249,1,1,17,17,17,17,17,17,17,17,17,17
200250,1,1,0,0,0,0,0,0,0,0,0,0
200250,2,1,0,0,0,0,0,0,0,0,0,0
200251,1,1,24,0,0,22,21,0,0,0,0,0
200252,0,1,14,10,11,0,9,17,20,10,0,22
200252,1,1,0,0,0,0,0,0,0,0,0,0
200252,2,1,0,0,15,0,0,11,0,0,0,0
200253,1,1,0,0,0,0,5,0,0,0,0,0
200253,2,1,0,0,0,0,0,0,0,0,0,0
200254,1,1,0,0,0,0,0,0,0,0,0,0
200254,2,1,0,0,0,0,0,0,0,0,0,0
200254,3,1,0,0,0,0,0,0,0,0,0,0
200255,1,1,0,0,0,0,0,0,0,0,0,0
200256,1,1,0,0,0,0,0,0,0,0,0,0
200257,1,1,0,0,0,0,0,0,0,0,0,0
200257,2,1,0,0,0,0,0,0,0,0,0,0
200258,1,1,0,0,0,0,0,0,0,0,0,0
200258,2,1,0,0,0,0,0,0,0,0,25,0
200259,1,1,19,19,19,19,19,19,19,19,19,19
200259,2,1,0,0,0,0,0,0,0,0,0,0
200260,1,1,0,0,0,0,0,0,0,0,0,0
200260,2,1,19,19,19,19,19,19,19,19,19,19
200261,1,1,0,0,28,0,0,0,0,0,0,0
200261,2,1,0,0,0,0,0,0,0,0,0,16
200262,1,1,0,0,0,0,0,0,0,0,0,11
200262,2,1,0,0,0,0,0,0,0,0,0,0
200263,1,1,0,0,0,0,0,0,0,0,0,0
200264,1,1,0,0,0,0,0,13,0,0,0,23
200265,1,1,0,0,0,0,0,0,0,0,0,0
200266,1,1,0,0,0,0,0,0,0,0,0,0
200266,2,1,0,0,0,0,0,0,0,0,0,0
200267,1,1,0,0,0,0,0,0,0,0,0,0
200268,1,1,0,0,0,0,0,0,0,0,0,0
200268,2,1,0,0,0,0,0,0,0,0,0,0
200269,1,1,0,0,0,0,0,0,0,0,0,0
200269,2,1,0,0,0,0,0,0,0,0,0,0
200270,1,1,0,0,0,0,0,0,0,0,0,0
200271,1,1,0,0,0,0,0,0,0,0,0,0
200271,2,1,0,0,0,0,0,0,0,0,0,0
200272,1,1,0,0,0,0,0,0,0,0,0,0
200272,2,1,0,0,0,0,0,0,0,0,0,0
200273,1,1,21,21,21,21,21,21,21,21,21,21
200274,1,1,0,0,0,0,0,0,0,0,0,0
200275,0,1,0,0,0,0,3,9,0,0,0,17
200275,1,1,0,0,0,0,0,0,0,0,0,0
200276,1,1,0,0,0,0,0,0,0,0,0,0
200276,2,1,0,0,0,0,0,0,0,0,0,0
200277,1,1,0,0,0,0,0,0,0,0,33,0
200278,1,1,0,0,0,0,0,0,0,0,0,0
200278,2,1,0,0,0,0,0,0,0,0,0,0
200279,0,1,9,9,9,9,9,9,9,9,9,9
200279,1,1,0,0,5,7,19,0,16,5,34,12
200279,2,1,13,0,0,0,0,0,25,0,0,0
200280,1,1,0,0,0,0,0,0,0,0,0,0
200280,2,1,0,0,0,0,0,0,0,0,0,0
200281,1,1,0,0,0,0,0,0,0,0,0,0
200281,2,1,0,0,0,0,0,0,0,0,0,0
200282,1,1,0,0,0,0,0,0,0,0,0,0
200283,1,1,2,2,2,2,2,2,2,2,2,2
200283,2,1,0,0,0,0,0,0,0,0,0,0
200284,1,1,2,2,2,2,2,2,2,2,2,2
200284,2,1,0,0,0,0,0,0,0,0,0,0
200285,1,1,0,0,0,0,0,0,0,0,0,0
200286,1,1,21,21,21,21,21,21,21,21,21,21
200287,1,1,24,24,24,24,24,24,24,24,24,24
200287,2,1,0,0,0,0,0,0,0,0,0,0
200288,1,1,23,23,23,23,23,23,23,23,23,23
200289,1,1,0,0,0,0,0,14,0,0,0,0
200290,1,1,0,0,0,0,0,0,0,0,0,0
200290,2,1,0,0,0,0,0,0,0,0,0,0
200291,0,1,0,17,0,0,28,0,0,24,0,0
200291,1,1,0,0,0,0,0,0,0,0,0,0
200292,1,1,0,0,0,0,0,0,0,0,0,0
200293,1,1,0,0,0,0,0,0,0,0,0,0
200294,1,1,9,9,9,9,9,9,9,9,9,9
200295,1,1,0,0,0,0,0,0,0,0,0,0
200295,2,1,0,0,0,0,0,0,0,0,0,0
200295,3,1,0,0,0,0,0,0,0,0,0,0
200296,1,1,0,0,0,0,0,0,0,0,0,0
200297,1,1,0,0,0,0,0,0,0,0,0,0
200298,1,1,0,0,0,0,0,0,0,0,0,0
200298,2,1,0,0,0,0,0,0,0,0,0,0
200299,1,1,0,0,0,0,0,0,0,0,17,0
200300,1,1,0,0,0,0,0,0,0,0,0,0
200300,2,1,0,0,0,0,0,0,0,0,0,0
200300,3,1,0,0,0,0,0,0,0,0,0,0
200300,4,1,0,0,0,0,0,0,0,0,0,0
200301,0,1,0,0,0,0,0,0,0,0,0,0
200301,1,1,0,0,0,0,0,0,0,0,0,0
200302,1,1,16,16,16,16,16,16,16,16,16,16
200303,1,1,2,12,32,34,11,21,38,10,27,11
200304,1,1,0,0,0,0,0,0,0,0,0,0
200305,1,1,0,0,0,0,0,0,0,0,0,0
200305,2,1,0,0,0,0,0,0,0,0,0,0
200306,1,1,0,0,0,0,0,0,0,0,0,0
200306,2,1,0,0,0,0,0,0,0,0,0,0
200307,1,1,0,0,15,0,0,0,0,0,0,0
200307,2,1,0,0,0,0,0,0,0,0,0,0
200308,1,1,0,0,0,0,0,0,0,0,0,0
200308,2,1,0,0,0,0,0,0,0,0,0,0
200309,1,1,0,30,0,0,0,0,0,15,0,0
200310,1,1,0,0,0,0,0,0,0,0,0,0
200310,2,1,0,0,0,0,0,0,0,0,0,0
200311,1,1,27,0,0,0,0,0,0,0,0,0
200311,2,1,17,21,10,11,0,10,13,19,18,18
200312,1,1,11,11,11,11,11,11,11,11,11,11
200313,0,1,0,28,0,0,0,5,0,0,0,0
200313,1,1,0,0,0,13,0,0,0,0,0,0
200313,2,1,0,0,0,0,0,0,0,0,0,0
200314,1,1,0,0,0,0,0,0,0,7,0,9
200315,0,1,22,22,22,22,22,22,22,22,22,22
200315,1,1,0,0,29,0,0,0,0,0,0,0
200316,1,1,0,0,0,0,0,0,0,0,0,0
200316,2,1,0,0,0,0,0,0,0,0,0,0
200317,0,1,0,0,0,0,0,0,0,21,0,0
200317,1,1,23,18,6,20,0,27,14,20,18,12
200319,1,1,10,10,10,10,10,10,10,10,10,10
200320,0,1,0,0,0,0,0,0,0,0,0,0
200320,1,1,0,0,0,0,3,0,0,0,0,0
200321,1,1,0,0,0,0,0,0,37,0,0,0
200322,1,1,0,0,0,0,0,0,0,0,0,0
200322,2,1,0,0,0,0,0,0,0,0,0,0
200323,1,1,30,30,30,30,30,30,30,30,30,30
200324,1,1,0,0,0,0,0,0,0,0,0,0
200324,2,1,0,0,0,0,0,0,0,0,0,0
200325,1,1,0,0,0,0,0,0,0,0,0,0
200325,2,1,0,0,0,0,0,0,0,0,0,0
200326,1,1,0,0,20,0,0,0,0,0,0,0
200326,2,1,0,0,0,0,0,0,0,0,0,25
200327,1,1,0,0,0,0,0,0,0,0,0,0
200327,2,1,0,0,0,0,0,0,0,0,0,0
200328,1,1,0,0,0,0,0,0,0,0,0,0
200329,1,1,0,0,0,0,0,0,0,0,0,0
200329,2,1,0,0,0,0,0,0,0,0,0,0
200330,1,1,0,0,0,0,0,0,0,0,0,0
200330,2,1,0,0,0,0,0,0,0,0,0,0
200331,1,1,13,13,13,13,13,13,13,13,13,13
200332,1,1,0,0,0,0,0,0,0,0,0,0
200333,1,1,0,0,0,0,0,0,0,0,0,0
200333,2,1,0,0,0,0,0,0,0,0,0,0
200336,0,1,0,0,0,0,0,0,0,32,15,0
200336,1,1,0,0,0,0,0,0,0,0,0,0
200337,1,1,0,0,0,0,0,0,0,0,0,0
200337,2,1,0,0,0,0,0,0,12,23,0,0
200338,0,1,0,0,0,0,0,0,0,0,0,0
200338,1,1,0,0,0,0,0,0,0,0,0,0
200339,1,1,22,22,22,22,22,22,22,22,22,22
200341,1,1,0,0,0,0,0,0,0,0,0,0
200341,2,1,0,0,0,0,0,0,0,0,0,0
200342,1,1,23,23,23,23,23,23,23,23,23,23
200343,1,1,0,0,0,0,0,0,0,33,0,0
200344,1,1,0,0,0,0,0,0,0,0,0,0
200344,2,1,0,0,0,0,0,0,0,0,0,0
200345,1,1,0,0,0,0,0,0,0,0,0,0
200346,1,1,19,19,19,19,19,19,19,19,19,19
200347,0,1,0,0,0,10,0,0,0,0,0,0
200347,1,1,0,0,0,0,0,0,0,0,0,0
200348,1,1,0,0,0,0,0,0,0,0,0,0
200349,1,1,0,0,0,0,0,0,27,0,0,0
200350,1,1,0,0,0,0,0,0,0,0,0,0
200351,1,1,0,0,0,0,0,0,0,0,0,0
200351,2,1,0,0,0,0,0,0,0,0,0,0
200352,0,1,0,0,0,0,0,0,0,0,0,0
200352,1,1,0,0,3,0,16,18,28,0,15,13
200353,1,1,13,11,19,11,25,0,29,6,4,9
200354,1,1,0,0,0,0,0,0,0,0,0,0
200354,2,1,0,0,0,0,0,0,0,0,0,0
200355,1,1,0,0,0,0,0,0,0,0,0,0
200356,1,1,0,0,0,0,0,0,0,0,0,0
200357,1,1,0,0,0,0,0,0,0,0,0,0
200357,2,1,0,0,0,0,0,0,0,0,0,0
200358,1,1,0,0,24,0,0,0,0,0,0,0
200359,1,1,0,0,0,0,0,0,0,0,0,0
200359,2,1,0,0,0,0,0,0,0,0,0,0
200360,1,1,0,0,0,0,0,0,0,0,25,0
200361,0,1,0,0,0,0,0,0,0,0,0,0
200361,1,1,0,0,0,0,0,0,0,0,0,0
200362,1,1,26,26,26,26,26,26,26,26,26,26
200363,1,1,19,15,28,21,24,11,4,5,20,16
200364,1,1,0,0,0,0,0,0,0,0,0,0
200364,2,1,0,0,0,0,0,0,0,0,0,0
200365,1,1,0,0,0,0,0,0,0,0,0,0
200365,2,1,0,0,0,0,0,0,0,0,0,0
200366,1,1,0,0,0,0,0,0,17,0,0,0
200367,1,1,0,0,0,0,0,0,0,0,0,0
200367,2,1,0,0,0,0,0,0,0,0,0,26
200368,0,1,0,0,0,0,0,0,0,0,0,0
200368,1,1,0,0,0,0,0,0,0,0,0,0
200369,1,1,0,0,0,0,0,0,0,0,0,35
200369,2,1,0,0,0,0,0,0,0,16,0,0
200369,3,1,0,0,0,0,0,0,0,0,0,0
200369,4,1,0,0,0,0,0,0,0,0,0,0
200369,5,1,0,0,0,0,0,6,0,0,0,0
200370,0,1,0,0,0,0,0,0,0,0,0,0
200370,1,1,0,0,15,0,0,0,0,0,0,0
200371,1,1,29,11,18,9,19,9,17,7,12,6
200371,2,1,0,0,0,0,0,0,0,0,0,0
200372,0,1,0,0,0,0,0,0,0,0,0,0
200372,0,2,0,0,0,0,0,0,0,0,0,0
200372,1,1,0,0,0,0,0,0,0,0,0,8
200373,1,1,0,0,0,0,0,0,0,0,0,0
200373,2,1,2,0,8,4,10,52,12,0,14,6
200374,1,1,13,13,13,13,13,13,13,13,13,13
200374,2,1,0,6,0,0,17,0,0,0,35,0
200375,1,1,15,10,18,19,7,14,25,19,6,10
200375,2,1,0,0,0,0,0,0,0,0,0,0
200376,1,1,0,0,0,0,0,0,0,0,0,0
200378,1,1,17,0,0,0,0,9,0,0,0,4
200379,1,1,0,0,0,0,0,0,0,11,0,0
200380,1,1,22,22,22,22,22,22,22,22,22,22
200381,1,1,0,0,0,0,0,0,0,0,0,0
200381,2,1,4,16,12,32,33,14,20,31,15,24
200382,1,1,0,0,0,0,0,0,0,0,0,0
200382,2,1,0,0,0,0,0,0,0,0,0,0
200383,1,1,0,0,0,24,0,0,0,0,0,0
200384,1,1,0,0,0,0,0,0,0,0,0,0
200384,2,1,0,0,0,0,0,0,0,0,0,0
200385,1,1,0,0,0,0,0,0,0,0,0,0
200386,1,1,0,0,0,0,0,0,0,0,0,0
200386,2,1,0,0,0,0,0,0,0,0,0,0
200387,1,1,9,9,9,9,9,9,9,9,9,9
200389,1,1,0,0,0,0,0,0,0,0,0,0
200389,2,1,0,0,0,0,20,0,0,0,0,0
200390,1,1,0,0,0,0,0,0,0,0,0,0
200392,0,1,0,0,0,0,0,0,0,0,0,0
200392,0,2,0,0,0,0,0,0,0,0,0,0
200392,1,1,0,0,0,16,0,0,0,0,0,18
200393,1,1,23,23,23,23,23,23,23,23,23,23
200394,1,1,0,0,0,0,0,0,0,0,0,0
200395,1,1,0,0,0,0,0,0,0,2,0,0
200395,2,1,0,0,0,0,0,0,0,0,0,0
200396,1,1,0,0,0,0,0,0,0,0,0,0
200396,2,1,0,0,0,0,0,0,0,0,0,0
200397,1,1,0,0,0,0,0,0,4,0,0,21
200398,1,1,20,20,20,20,20,20,20,20,20,20
200399,0,1,0,0,0,0,0,0,0,0,29,7
200399,1,1,26,11,26,11,0,0,12,16,0,15
200400,1,1,0,0,0,0,0,0,0,0,0,0
200401,0,1,0,0,0,0,0,0,17,0,0,0
200401,1,1,0,0,0,0,0,14,0,0,18,0
200402,1,1,0,0,0,0,0,0,0,0,0,0
200402,2,1,0,0,0,0,0,0,0,0,0,0
210001,1,1,17,17,17,17,17,17,17,17,17,17
210002,1,1,5,5,5,5,5,5,5,5,5,5
210002,2,1,0,0,0,0,0,0,0,0,0,0
210003,0,1,0,0,12,9,0,4,0,18,0,0
210003,1,1,0,0,0,0,0,0,0,0,0,0
210004,1,1,0,0,0,0,0,0,0,0,0,0
210004,2,1,0,0,0,0,0,0,0,0,0,0
210005,1,1,0,0,0,0,0,0,0,0,0,0
210005,2,1,0,0,0,0,0,0,0,0,0,0
210006,1,1,0,0,0,0,0,0,0,0,0,0
210006,2,1,0,0,0,0,0,0,0,0,0,0
210007,1,1,0,0,0,0,0,0,0,0,0,0
210008,0,1,0,0,0,0,0,0,0,0,0,0
210008,1,1,0,0,0,0,0,0,0,0,0,0
210008,2,1,20,0,0,0,22,16,19,0,0,0
210009,1,1,0,0,0,0,0,0,0,0,0,0
210009,2,1,0,0,0,0,0,0,0,0,0,0
210010,1,1,29,29,29,29,29,29,29,29,29,29
210010,2,1,0,0,0,0,0,0,0,0,0,0
210011,0,1,0,0,0,0,0,0,0,0,0,0
210011,1,1,9,0,16,0,15,7,0,0,15,11
210012,1,1,0,0,0,0,0,0,0,7,0,0
210012,2,1,0,0,0,16,0,0,0,0,0,0
210013,1,1,24,24,24,24,24,24,24,24,24,24
210013,2,1,0,0,0,0,0,0,0,0,0,0
210014,0,1,21,0,0,10,29,0,0,16,0,17
210014,1,1,0,0,0,0,0,0,0,0,0,0
210015,1,1,0,0,0,0,15,0,0,0,0,0
210015,2,1,0,0,0,0,0,0,0,0,0,0
210016,1,1,0,0,0,0,0,0,0,0,0,0
210017,1,1,0,0,0,0,0,0,0,0,0,0
210017,2,1,0,0,26,0,0,0,0,0,0,0
210018,1,1,0,0,0,0,0,0,0,0,0,0
210018,2,1,0,0,0,0,0,0,0,0,0,0
210019,1,1,0,0,0,0,0,0,0,0,0,0
210020,1,1,11,11,11,11,11,11,11,11,11,11
210021,1,1,0,0,0,0,0,0,0,0,0,0
210021,2,1,0,0,0,0,0,0,0,0,0,0
210022,1,1,25,25,25,25,25,25,25,25,25,25
210023,1,1,0,0,0,0,0,0,0,0,29,0
210024,1,1,0,0,0,0,0,0,0,0,0,0
210024,2,1,0,0,0,0,0,0,0,0,0,0
210025,1,1,0,0,0,0,0,0,0,0,0,0
210025,2,1,0,0,0,0,0,0,0,0,0,0
210025,3,1,0,0,0,0,0,0,0,0,0,0
210025,4,1,0,0,0,0,0,0,0,0,0,0
210026,1,1,0,0,0,0,0,0,0,0,0,0
210027,1,1,0,0,0,0,0,0,0,0,0,0
210027,2,1,0,0,0,0,0,0,0,0,0,0
210027,3,1,0,0,0,0,0,0,0,0,0,0
210028,1,1,0,0,0,0,0,0,0,0,0,0
210028,2,1,0,0,0,0,0,0,0,0,0,0
210029,1,1,0,0,0,0,0,0,0,0,0,0
210030,1,1,15,15,15,15,15,15,15,15,15,15
210030,2,1,0,0,0,0,0,0,0,0,0,0
210030,3,1,0,0,0,0,0,0,0,0,0,0
210031,1,1,0,0,0,0,0,0,0,0,0,0
210032,1,1,0,0,0,0,0,0,0,0,0,0
210032,2,1,0,0,0,0,0,0,0,0,0,0
210033,1,1,23,23,23,23,23,23,23,23,23,23
210034,1,1,32,32,32,32,32,32,32,32,32,32
210035,1,1,0,0,0,0,0,0,0,0,0,0
210035,2,1,0,0,0,0,0,0,0,0,0,0
210036,1,1,0,0,0,0,0,0,0,5,0,0
210036,2,1,0,0,0,0,0,0,0,0,0,0
210037,1,1,0,0,0,0,0,0,0,0,0,0
210037,2,1,0,0,0,0,0,0,0,0,0,0
210038,1,1,0,0,0,0,0,0,0,0,0,0
210038,2,1,0,0,0,0,0,0,0,0,0,0
210039,1,1,0,0,0,0,0,0,0,0,0,0
210039,2,1,0,0,0,0,0,0,0,0,0,0
210040,1,1,0,0,0,0,0,0,0,0,0,0
210040,2,1,0,0,0,0,0,0,0,0,0,0
210041,1,1,0,0,0,0,0,0,0,0,0,0
210042,1,1,0,0,0,0,0,22,0,0,13,0
210043,1,1,0,0,0,0,0,0,0,0,0,0
210044,1,1,0,0,0,0,0,0,0,0,0,0
210044,2,1,0,0,0,0,0,0,0,0,0,0
210044,3,1,0,0,23,0,0,0,0,0,0,0
210045,1,1,0,0,0,0,0,0,0,0,0,0
210045,2,1,0,0,0,0,0,0,0,0,0,0
210046,0,1,0,0,23,0,0,0,0,0,0,0
210046,1,1,0,0,0,0,0,0,0,0,0,0
210047,1,1,0,0,0,0,0,0,0,0,0,0
210048,1,1,0,0,0,0,0,0,0,0,0,0
210048,2,1,0,0,0,0,0,0,0,0,0,0
210049,1,1,0,0,0,0,0,0,0,0,0,0
210050,1,1,0,0,0,0,0,0,0,0,0,0
210050,2,1,0,0,0,0,0,0,0,0,0,0
210051,1,1,0,0,0,0,0,0,0,0,0,0
210051,2,1,0,0,0,0,0,0,0,0,0,0
210052,1,1,0,0,0,0,0,0,0,0,0,0
210052,2,1,0,0,0,0,0,0,0,0,0,0
210053,1,1,0,0,0,0,0,0,0,0,0,0
210054,1,1,22,22,22,22,22,22,22,22,22,22
210055,1,1,20,20,20,20,20,20,20,20,20,20
210055,2,1,0,0,0,0,0,0,0,0,0,0
210056,1,1,0,0,0,0,0,0,0,0,0,0
210056,2,1,0,0,0,0,30,0,0,0,0,0
210056,3,1,0,0,0,0,0,0,0,0,0,0
210057,1,1,0,0,0,0,0,0,0,0,0,0
210058,1,1,0,0,0,0,0,0,0,0,0,0
210059,1,1,0,0,0,0,0,0,0,0,0,0
210059,2,1,0,0,0,0,0,0,0,0,0,0
210060,1,1,0,0,0,0,0,0,0,0,0,0
210060,2,1,0,0,0,0,0,0,0,0,0,0
210061,1,1,0,0,0,0,0,0,0,0,0,0
210061,2,1,0,0,0,0,0,0,0,0,0,0
210062,0,1,0,0,0,0,0,0,0,0,0,0
210062,0,2,0,0,0,0,0,0,0,0,0,42
210062,1,1,0,0,0,0,0,0,0,0,0,0
210062,5,1,0,0,0,0,0,0,0,0,0,0
210063,1,1,0,0,0,0,0,0,0,0,0,0
210063,2,1,0,0,0,0,0,0,0,0,0,0
210064,1,1,17,17,17,17,17,17,17,17,17,17
210065,1,1,12,12,12,12,12,12,12,12,12,12
210066,0,1,21,21,21,21,21,21,21,21,21,21
210066,1,1,0,0,0,0,22,5,0,0,0,0
210067,1,1,0,0,0,0,0,0,0,0,0,0
210067,2,1,0,0,0,0,0,0,0,0,0,0
210068,1,1,0,0,0,0,0,0,0,0,0,0
210068,2,1,0,0,0,0,0,0,0,0,0,0
210069,0,1,0,0,0,0,0,0,0,0,0,0
210069,1,1,0,0,0,0,0,10,6,0,0,0
210070,1,1,0,18,13,22,8,11,22,0,10,29
210071,1,1,34,34,34,34,34,34,34,34,34,34
210072,1,1,0,0,0,0,0,0,0,0,0,0
210073,1,1,0,0,0,0,0,0,0,0,0,0
210074,1,1,0,0,0,0,0,0,0,0,0,0
210075,1,1,0,0,0,0,15,0,0,0,0,0
210076,1,1,0,0,0,0,0,0,0,0,0,0
210077,1,1,0,0,0,0,0,0,0,0,0,0
210079,1,1,0,0,0,0,0,0,0,0,0,0
210079,2,1,0,0,0,0,0,0,0,0,0,0
210080,1,1,23,23,23,23,23,23,23,23,23,23
210081,1,1,22,22,5,0,23,26,25,14,9,18
210081,2,1,0,0,0,0,0,0,0,0,0,0
210082,1,1,0,0,0,0,0,0,0,0,0,0
210083,0,1,0,0,0,0,0,0,0,0,0,0
210083,1,1,0,0,0,0,0,0,0,0,0,0
210084,1,1,39,39,39,39,39,39,39,39,39,39
210085,1,1,0,0,0,0,0,0,0,0,0,0
210085,2,1,0,0,0,0,0,0,0,0,0,0
210086,0,1,10,10,10,10,10,10,10,10,10,10
210086,1,1,0,0,0,0,0,0,0,0,0,0
210088,1,1,0,0,0,0,0,0,0,0,0,0
210088,2,1,0,0,0,0,0,0,0,0,0,0
210089,1,1,22,22,22,22,22,22,22,22,22,22
210090,0,1,0,0,0,0,0,0,0,0,0,0
210090,1,1,0,0,0,0,0,0,0,0,0,0
210091,0,1,41,41,41,41,41,41,41,41,41,41
210091,1,1,0,0,0,0,0,0,0,0,0,0
210092,1,1,16,24,0,8,7,9,19,10,4,13
210092,2,1,0,0,0,0,0,0,0,0,0,0
210092,3,1,0,14,0,0,9,0,0,0,0,0
210093,1,1,22,22,22,22,22,22,22,22,22,22
210094,1,1,0,0,0,0,0,0,0,0,0,0
210095,1,1,0,0,0,0,0,0,0,0,0,0