ST_CASE,VEH_NO,PER_NO,P1,P2,P3,P4,P5,P6,P7,P8,P9,P10
210096,1,1,28,28,28,28,28,28,28,28,28,28
210097,1,1,31,31,31,31,31,31,31,31,31,31
210098,1,1,16,16,16,16,16,16,16,16,16,16
210099,1,1,0,0,0,0,0,0,0,0,0,0
210099,2,1,19,0,0,0,0,26,0,0,0,0
210100,1,1,27,27,27,27,27,27,27,27,27,27
210100,2,1,24,24,24,24,24,24,24,24,24,24
210101,1,1,0,0,0,0,0,0,0,0,0,0
210102,0,1,0,0,0,0,0,0,7,0,0,0
210102,1,1,18,23,8,22,3,25,6,16,13,9
210103,1,1,20,0,16,0,0,0,0,0,0,0
210104,1,1,18,18,18,18,18,18,18,18,18,18
210105,1,1,0,0,0,0,0,0,0,0,0,0
210105,2,1,0,0,0,0,0,0,0,10,0,0
210106,1,1,0,0,0,0,0,0,0,0,0,0
210106,2,1,0,0,0,0,0,0,0,0,0,0
210107,1,1,0,0,0,0,0,0,0,0,0,0
210108,1,1,0,0,0,0,0,0,0,0,0,0
210108,2,1,0,0,0,0,0,0,0,0,0,0
210108,3,1,0,0,0,0,0,0,0,0,0,0
210109,1,1,0,0,0,0,0,0,0,0,0,0
210109,2,1,0,0,0,0,0,0,0,0,0,0
210110,1,1,26,26,26,26,26,26,26,26,26,26
210111,0,1,0,0,0,0,0,0,0,0,0,0
210111,1,1,0,9,0,0,0,0,0,26,0,0
210112,1,1,13,13,13,13,13,13,13,13,13,13
210113,1,1,0,0,0,0,0,0,0,0,0,0
210114,1,1,11,11,29,14,3,25,13,13,19,0
210114,2,1,0,0,0,0,0,0,0,0,0,0
210115,0,1,0,0,0,0,0,0,0,0,0,0
210115,1,1,0,0,0,0,10,0,0,0,0,0
210116,1,1,0,0,0,0,0,0,0,0,0,0
210117,1,1,29,29,29,29,29,29,29,29,29,29
210118,1,1,0,0,0,0,0,0,0,0,0,0
210118,2,1,0,0,0,0,0,0,0,0,0,0
210118,3,1,0,0,0,0,0,0,0,0,0,0
210118,4,1,0,0,0,0,0,0,0,0,0,0
210118,5,1,0,0,0,0,0,0,0,0,0,0
210119,1,1,0,0,0,0,0,0,0,0,0,0
210121,1,1,0,0,0,0,0,0,0,0,0,0
210121,2,1,9,0,0,0,0,0,0,0,0,0
210122,1,1,0,0,0,0,0,0,0,0,0,0
210122,2,1,0,0,0,0,0,0,0,0,0,0
210123,0,1,0,0,0,0,0,0,0,0,0,0
210123,1,1,0,0,0,0,14,0,0,0,0,8
210124,1,1,0,0,0,0,0,0,0,0,0,0
210125,1,1,0,0,0,0,0,0,0,0,0,0
210125,2,1,0,0,0,0,0,0,0,0,0,0
210127,1,1,0,0,0,0,0,0,0,0,0,0
210128,1,1,0,0,0,0,0,0,0,0,0,0
210128,2,1,0,0,0,0,0,0,0,0,0,0
210129,1,1,0,0,0,0,0,0,0,0,0,0
210130,1,1,0,0,0,0,0,0,17,0,0,0
210130,2,1,0,0,0,0,0,0,0,0,12,0
210130,3,1,0,0,0,0,0,0,0,0,0,0
210131,0,1,5,0,6,41,11,0,0,0,0,5
210131,1,1,0,17,0,20,31,7,24,4,13,14
210132,1,1,0,0,0,0,0,0,0,0,0,0
210133,1,1,0,0,0,0,0,0,0,0,0,0
210133,2,1,0,0,0,0,0,0,0,0,0,0
210134,1,1,0,0,0,0,0,0,0,0,0,0
210134,2,1,0,0,0,0,0,0,0,0,0,0
210135,1,1,0,0,0,0,0,0,0,0,0,0
210136,1,1,9,9,9,9,9,9,9,9,9,9
210137,1,1,0,0,0,0,0,0,0,0,0,0
210138,1,1,0,0,0,0,0,0,0,0,0,0
210139,1,1,0,0,0,22,0,0,0,0,0,0
210140,1,1,0,0,0,0,14,0,0,0,0,0
210141,0,1,0,0,0,0,0,0,0,0,0,0
210141,1,1,0,0,0,0,0,0,0,0,0,0
210142,0,1,0,0,0,0,0,0,0,17,41,0
210142,1,1,0,0,0,0,0,0,0,0,0,0
210143,1,1,26,26,26,26,26,26,26,26,26,26
210143,2,1,0,0,0,0,0,0,0,0,0,0
210144,1,1,0,0,0,0,0,0,0,0,0,0
210145,1,1,0,0,0,0,0,0,0,0,0,0
210146,1,1,21,21,21,21,21,21,21,21,21,21
210147,1,1,5,5,5,5,5,5,5,5,5,5
210148,1,1,16,16,16,16,16,16,16,16,16,16
210149,1,1,0,0,0,0,0,0,0,0,0,0
210149,2,1,0,0,0,0,0,0,0,0,0,0
210150,0,1,13,13,13,13,13,13,13,13,13,13
210150,1,1,0,0,0,0,0,0,0,0,0,0
210151,1,1,0,0,0,0,0,0,0,0,0,0
210151,2,1,0,0,0,0,0,0,0,0,0,0
210151,3,1,0,0,0,0,0,0,0,0,0,0
210152,1,1,0,0,0,0,0,0,0,0,0,0
210152,2,1,0,0,0,0,0,0,0,0,0,0
210154,1,1,0,0,0,0,0,0,0,0,0,0
210155,1,1,0,0,0,0,0,0,0,0,0,0
210156,1,1,0,0,0,0,0,0,0,0,0,0
210156,2,1,0,0,0,0,0,0,0,0,0,0
210157,1,1,0,0,0,0,0,0,0,29,0,0
210157,2,1,0,0,0,0,0,0,0,0,0,0
210158,1,1,0,0,0,0,0,0,0,0,0,0
210158,2,1,0,0,0,0,0,0,0,0,0,0
210159,1,1,0,0,0,0,0,0,0,0,0,0
210159,2,1,0,0,0,0,0,0,0,0,0,0
210160,1,1,5,5,5,5,5,5,5,5,5,5
210161,1,1,0,0,0,0,0,0,0,0,0,0
210161,2,1,0,0,0,0,0,0,0,0,0,0
210162,1,1,11,11,11,11,11,11,11,11,11,11
210162,2,1,0,0,0,0,0,0,0,0,0,0
210163,1,1,0,0,0,0,0,0,0,0,0,0
210163,2,1,0,0,0,0,0,0,0,0,0,0
210164,1,1,0,0,0,0,0,0,0,0,0,0
210164,2,1,0,0,0,0,0,0,0,0,0,0
210164,3,1,0,0,0,0,0,0,0,0,0,0
210165,1,1,10,10,10,10,10,10,10,10,10,10
210166,1,1,0,0,0,0,0,0,0,0,0,0
210167,1,1,0,0,0,0,0,0,0,0,0,0
210167,2,1,0,0,0,0,0,0,0,0,0,0
210168,1,1,0,0,0,0,0,0,27,0,0,0
210169,1,1,0,0,0,0,0,0,0,0,0,0
210169,2,1,0,0,0,0,0,0,0,0,0,0
210170,1,1,0,0,0,0,0,0,0,0,0,0
210171,1,1,0,0,0,0,0,0,0,0,0,0
210172,1,1,18,18,18,18,18,18,18,18,18,18
210172,2,1,0,0,0,0,0,0,0,0,0,0
210173,1,1,0,0,0,0,0,0,0,0,0,0
210174,1,1,20,20,20,20,20,20,20,20,20,20
210174,2,1,0,0,0,0,0,0,0,0,0,0
210175,1,1,0,0,0,0,0,0,0,0,0,0
210175,2,1,0,0,0,0,0,0,0,0,0,0
210176,1,1,0,0,0,0,0,0,0,0,0,0
210176,2,1,0,0,0,0,0,0,0,0,0,0
210177,1,1,18,18,18,18,18,18,18,18,18,18
210178,1,1,0,0,0,0,0,0,0,0,0,0
210179,1,1,0,0,0,0,0,0,0,0,0,0
210179,2,1,0,0,0,0,0,0,0,0,0,0
210180,1,1,0,0,0,0,0,0,0,0,0,0
210181,1,1,21,21,21,21,21,21,21,21,21,21
210182,0,1,6,6,6,6,6,6,6,6,6,6
210182,1,1,0,0,0,0,0,0,0,0,0,0
210183,1,1,0,0,0,0,0,0,0,0,0,0
210184,1,1,0,0,0,0,0,0,0,0,0,0
210184,2,1,0,0,0,0,0,0,0,0,0,0
210185,1,1,0,0,0,0,0,0,0,0,0,0
210186,1,1,0,0,0,0,0,0,0,0,0,0
210186,2,1,0,0,0,0,0,0,0,0,0,0
210186,3,1,0,0,0,0,0,0,0,0,0,0
210187,1,1,0,0,0,0,0,0,0,0,0,0
210187,2,1,0,0,0,0,0,0,0,0,0,0
210188,1,1,0,0,0,0,0,0,0,0,0,0
210189,0,1,30,30,30,30,30,30,30,30,30,30
210189,1,1,0,9,0,0,19,0,8,2,0,0
210189,2,1,0,0,0,0,0,0,0,0,0,0
210189,3,1,0,0,0,0,0,0,0,0,0,0
210189,4,1,0,0,0,0,0,0,0,0,0,0
210190,0,1,0,0,0,0,0,0,0,0,0,0
210190,1,1,0,0,0,0,0,0,0,0,0,0
210191,1,1,0,0,0,0,0,0,0,0,0,0
210191,2,1,0,0,0,0,0,0,0,0,0,0
210192,1,1,0,0,0,0,0,0,0,0,0,0
210192,2,1,0,0,0,0,0,0,0,0,0,0
210193,1,1,0,0,0,0,0,0,0,0,0,0
210193,2,1,0,0,0,0,0,0,0,0,0,0
210194,1,1,0,0,0,0,0,0,17,0,0,0
210195,1,1,0,0,0,0,17,0,0,0,0,0
210195,2,1,0,0,0,0,0,0,0,0,0,0
210196,1,1,0,0,0,0,0,0,0,0,0,0
210197,1,1,0,0,0,0,0,0,0,0,0,0
210198,1,1,10,0,0,0,0,0,0,0,0,0
210199,1,1,0,0,2,0,0,0,0,0,0,0
210199,2,1,0,0,0,0,0,0,0,0,0,0
210200,0,1,15,15,15,15,15,15,15,15,15,15
210200,1,1,11,9,17,0,12,11,23,14,0,0
210201,1,1,0,0,0,0,0,0,0,0,0,0
210201,2,1,0,0,0,0,0,0,0,0,0,0
210202,1,1,0,15,8,0,0,0,0,0,0,0
210202,2,1,0,0,0,13,0,0,0,0,0,0
210203,1,1,0,0,0,0,0,0,0,0,0,0
210204,1,1,0,0,0,0,0,0,0,0,0,0
210205,1,1,0,0,0,0,0,0,0,0,0,0
210205,2,1,0,0,0,0,16,0,0,0,0,0
210206,1,1,0,0,0,0,0,0,0,0,0,0
210206,2,1,0,0,0,0,0,0,0,0,0,0
210207,1,1,0,0,0,0,0,0,0,0,0,0
210207,2,1,0,0,0,0,0,0,0,0,0,0
210207,3,1,0,0,0,0,0,0,0,0,0,0
210207,4,1,0,0,0,0,0,0,0,0,0,0
210208,1,1,8,8,8,8,8,8,8,8,8,8
210209,1,1,0,0,0,0,0,0,0,0,0,0
210209,2,1,0,0,0,0,0,0,0,0,0,0
210210,1,1,0,0,0,0,0,0,0,0,0,0
210210,2,1,0,0,0,0,0,0,0,0,0,0
210211,1,1,0,0,0,0,0,0,0,0,0,0
210212,1,1,15,15,15,15,15,15,15,15,15,15
210213,1,1,13,13,13,13,13,13,13,13,13,13
210214,1,1,0,0,0,0,0,0,0,0,0,0
210214,2,1,0,0,0,0,0,0,0,0,0,0
210215,1,1,0,0,0,0,0,0,0,0,0,0
210215,2,1,0,0,0,0,0,0,0,10,0,0
210215,3,1,0,0,0,0,0,0,0,0,0,0
210216,1,1,0,0,0,0,0,0,30,0,0,0
210217,1,1,0,0,0,0,0,0,0,0,0,0
210217,2,1,0,0,0,0,0,0,0,0,0,0
210217,3,1,0,0,0,0,0,0,0,0,0,0
210218,1,1,21,21,21,21,21,21,21,21,21,21
210218,2,1,0,0,0,0,0,0,0,0,0,0
210219,0,1,0,0,0,0,0,0,0,0,0,0
210220,1,1,0,0,0,0,0,0,0,0,0,0
210220,2,1,0,0,0,0,0,0,0,0,0,0
210221,1,1,14,14,14,14,14,14,14,14,14,14
210222,1,1,0,0,0,0,0,0,0,0,0,0
210222,2,1,0,0,0,0,0,0,0,0,0,0
210223,1,1,0,0,0,0,0,0,0,0,0,0
210223,2,1,0,0,0,0,0,0,0,0,0,0
210224,1,1,5,5,5,5,5,5,5,5,5,5
210225,1,1,0,0,0,0,0,0,0,0,0,6
210227,0,1,0,0,0,0,0,0,0,0,0,0
210227,1,1,0,0,0,0,0,0,0,29,0,0
210228,1,1,0,0,0,0,0,0,0,0,0,20
210229,1,1,0,0,0,0,0,0,0,0,0,0
210229,2,1,0,0,0,0,0,0,0,0,0,0
210230,1,1,18,18,18,18,18,18,18,18,18,18
210231,1,1,17,17,17,17,17,17,17,17,17,17
210231,2,1,0,0,0,0,0,0,0,0,0,0
210231,3,1,0,0,0,0,0,0,0,0,0,0
210232,1,1,0,0,0,0,0,0,16,0,0,0
210232,2,1,0,0,0,0,0,0,0,0,0,0
210233,1,1,0,0,0,0,0,0,0,0,0,0
210233,2,1,0,0,0,0,0,0,0,0,0,0
210234,1,1,0,0,0,0,0,0,0,0,0,0
210234,2,1,0,0,0,0,0,0,0,0,0,0
210235,1,1,0,0,0,0,0,0,0,0,0,0
210235,2,1,0,0,0,0,0,0,0,0,0,0
210236,1,1,0,0,0,0,0,0,0,0,0,0
210236,2,1,0,0,0,0,0,0,0,0,0,0
210237,1,1,0,0,0,0,0,0,0,0,0,0
210237,2,1,0,0,0,0,0,0,0,0,0,0
210237,3,1,0,0,0,0,0,0,0,0,0,0
210238,1,1,13,13,13,13,13,13,13,13,13,13
210239,1,1,0,0,0,0,0,0,0,0,0,0
210239,2,1,0,0,0,0,0,0,0,0,0,0
210240,1,1,0,0,0,0,0,0,0,0,0,0
210241,1,1,0,0,0,0,0,0,0,0,0,0
210242,1,1,0,0,0,0,0,0,0,0,0,0
210242,2,1,0,0,0,0,0,0,0,0,0,0
210242,3,1,0,0,0,0,0,0,0,0,0,0
210243,1,1,32,32,32,32,32,32,32,32,32,32
210244,1,1,15,15,15,15,15,15,15,15,15,15
210244,2,1,0,0,0,0,0,0,0,0,0,0
210245,1,1,3,3,3,3,3,3,3,3,3,3
210245,2,1,0,0,0,0,0,0,0,0,7,0
210245,3,1,0,0,0,0,0,0,0,0,0,0
210246,0,1,0,0,0,0,0,0,0,0,0,0
210246,1,1,0,0,0,0,0,0,0,0,18,0
210247,1,1,0,0,0,0,0,0,0,0,0,0
210247,2,1,0,0,0,0,0,0,0,0,0,0
210248,1,1,15,0,14,16,0,0,0,0,0,30
210249,1,1,0,0,0,0,0,0,0,0,0,0
210249,2,1,0,0,0,0,0,0,0,0,0,0
210250,1,1,43,43,43,43,43,43,43,43,43,43
210251,1,1,0,0,0,0,0,0,0,0,0,0
210251,2,1,0,0,0,0,0,0,0,0,0,0
210252,1,1,2,2,2,2,2,2,2,2,2,2
210253,1,1,0,0,0,0,0,0,0,0,0,0
210253,2,1,0,0,0,0,16,0,0,0,0,0
210254,1,1,0,0,0,0,0,0,0,0,0,0
210254,2,1,0,0,0,0,0,0,0,0,0,0
210254,3,1,0,0,0,0,0,0,0,0,0,0
210255,1,1,0,0,0,0,0,0,0,0,0,0
210256,1,1,0,0,0,0,0,0,0,0,0,0
210256,2,1,0,0,0,0,0,0,0,0,0,0
210257,1,1,20,8,10,28,6,19,44,20,2,9
210257,2,1,0,0,0,0,0,0,16,0,0,0
210258,1,1,0,0,0,0,0,0,0,0,0,0
210259,1,1,0,0,0,0,0,0,0,0,0,0
210260,1,1,5,5,5,5,5,5,5,5,5,5
210260,2,1,0,0,0,0,0,0,0,0,0,0
210260,3,1,0,0,0,0,0,0,0,0,0,0
210261,1,1,0,0,0,0,0,0,0,0,0,0
210261,2,1,0,0,0,0,0,0,0,0,0,0
210262,1,1,0,0,0,0,0,0,0,0,0,0
210262,2,1,0,0,0,0,0,0,0,0,0,0
210263,0,1,0,0,0,0,0,0,0,0,0,0
210263,1,1,0,0,0,0,0,0,0,0,0,0
210264,1,1,0,0,0,0,0,0,0,0,17,0
210264,2,1,0,0,0,0,0,21,0,0,0,0
210265,1,1,0,0,0,0,0,0,0,0,0,0
210265,2,1,0,0,0,0,0,0,0,9,0,0
210266,1,1,0,0,0,0,0,0,0,0,0,0
210267,1,1,0,0,0,0,0,0,0,11,0,0
210268,1,1,0,0,0,0,0,0,0,0,0,0
210268,2,1,0,0,0,0,0,0,0,0,0,0
210269,1,1,0,0,0,0,0,0,0,0,0,0
210269,2,1,0,0,0,0,0,0,0,0,0,0
210270,0,1,0,0,0,0,0,0,0,0,0,0
210270,0,2,0,25,28,0,0,0,0,0,0,36
210270,1,1,0,0,0,0,0,0,0,0,0,0
210271,0,1,0,0,0,0,0,0,0,0,0,0
210271,1,1,7,0,11,0,16,2,11,0,5,5
210272,1,1,0,0,0,0,0,0,0,0,0,0
210273,1,1,0,0,0,0,0,0,0,0,0,0
210274,1,1,0,0,0,0,0,0,0,0,0,0
210274,2,1,0,0,0,0,0,0,0,0,0,0
210275,1,1,20,20,20,20,20,20,20,20,20,20
210275,2,1,24,0,0,2,0,0,0,0,0,0
210275,3,1,0,0,0,0,0,0,0,0,0,0
210276,1,1,16,16,16,16,16,16,16,16,16,16
210276,2,1,0,0,0,0,0,0,0,0,0,0
210277,1,1,21,9,3,14,20,31,26,14,26,14
210277,2,1,8,8,8,8,8,8,8,8,8,8
210278,1,1,0,0,0,0,0,0,0,0,0,0
210278,2,1,0,0,0,8,0,0,0,0,0,0
210278,3,1,0,0,0,0,0,0,0,0,0,0
210279,1,1,0,0,0,0,0,0,0,0,0,0
210279,2,1,0,0,0,0,0,0,0,0,0,0
210279,3,1,0,0,0,0,0,0,0,0,0,0
210280,0,1,0,0,0,0,0,0,0,0,0,0
210280,1,1,0,0,0,0,0,0,0,0,0,0
210281,1,1,0,0,0,0,0,0,0,0,0,0
210281,2,1,0,0,0,0,0,0,0,0,0,0
210282,1,1,6,6,6,6,6,6,6,6,6,6
210283,1,1,21,21,21,21,21,21,21,21,21,21
210284,1,1,15,5,0,7,0,25,0,0,34,3
210285,1,1,0,0,0,0,0,0,0,0,0,0
210285,2,1,0,0,0,0,0,0,0,0,0,0
210286,1,1,22,22,22,22,22,22,22,22,22,22
210287,1,1,0,0,0,0,0,0,0,0,0,0
210287,2,1,0,0,0,0,0,4,0,0,0,0
210288,0,1,0,0,0,0,0,0,0,0,0,0
210288,1,1,0,0,0,0,0,0,0,0,0,0
210288,2,1,0,0,0,0,0,0,12,0,0,0
210289,1,1,3,3,3,3,3,3,3,3,3,3
210289,2,1,3,3,3,3,3,3,3,3,3,3
210290,1,1,0,0,0,0,0,0,0,0,0,0
210290,2,1,0,0,0,0,0,0,0,0,0,0
210290,3,1,0,0,0,0,0,0,0,0,0,0
210291,1,1,22,15,20,9,0,21,0,25,22,11
210292,1,1,0,0,0,0,0,0,0,0,0,0
210292,2,1,0,0,0,0,0,0,0,0,0,0
210293,1,1,25,25,25,25,25,25,25,25,25,25
210294,1,1,0,0,0,0,0,0,0,0,0,0
210294,2,1,0,0,0,0,0,0,18,0,0,0
210295,1,1,0,0,0,0,0,0,0,0,0,0
210295,2,1,0,0,0,0,0,0,0,0,0,0
210296,1,1,0,0,0,0,0,0,0,0,0,0
210296,2,1,0,0,0,0,0,0,0,0,0,0
210296,3,1,0,0,0,0,0,0,0,0,0,0
210297,1,1,4,4,4,4,4,4,4,4,4,4
210297,2,1,0,0,0,0,0,0,0,0,0,0
210298,1,1,0,0,0,0,0,0,0,0,0,0
210298,2,1,0,0,0,0,0,0,0,0,0,0
210299,1,1,3,3,3,3,3,3,3,3,3,3
210299,2,1,0,0,0,0,0,0,0,0,0,0
210300,1,1,0,0,0,0,0,0,0,0,0,0
210300,2,1,0,0,0,0,0,0,0,0,0,0
210301,1,1,0,0,0,0,0,0,0,0,0,0
210302,0,1,0,0,0,0,0,0,0,0,0,0
210302,1,1,13,13,13,13,13,13,13,13,13,13
210303,1,1,16,16,16,16,16,16,16,16,16,16
210304,1,1,0,0,0,0,0,0,0,0,0,0
210304,2,1,0,0,0,0,0,0,5,0,0,0
210305,0,1,22,22,22,22,22,22,22,22,22,22
210305,1,1,0,0,0,21,0,0,0,0,0,0
210306,0,1,22,22,22,22,22,22,22,22,22,22
210306,1,1,0,0,0,0,0,0,0,0,0,0
210307,1,1,0,0,0,0,0,0,0,0,0,0
210307,2,1,0,0,0,0,0,0,0,0,0,0
210307,3,1,0,0,0,0,0,0,0,0,0,0
210307,4,1,0,0,0,0,0,0,0,0,0,0
210307,5,1,0,0,0,0,0,0,0,0,0,0
210307,6,2,0,0,0,0,0,0,0,0,0,0
210307,7,1,0,0,0,0,0,0,0,0,0,0
210307,8,1,0,0,0,0,0,0,0,0,0,0
210307,9,1,0,0,0,0,0,0,0,0,0,0
210308,1,1,28,34,15,41,17,35,15,32,18,5
210309,1,1,41,41,41,41,41,41,41,41,41,41
210310,1,1,0,0,0,0,0,0,0,0,0,0
210310,2,1,0,0,0,0,0,0,0,0,0,0
210311,1,1,0,10,14,0,0,6,8,26,0,10
210312,1,1,0,0,0,0,0,0,0,0,0,0
210313,1,1,0,0,0,0,0,0,0,0,0,0
210314,1,1,14,9,14,9,11,9,23,15,33,32
210315,1,1,0,0,0,0,0,0,0,0,0,0
210315,2,1,0,0,0,0,0,0,0,0,0,0
210315,3,1,0,0,0,0,0,0,0,0,0,0
210316,1,1,0,0,0,0,0,0,0,0,0,0
210316,2,1,0,0,0,0,0,0,0,0,0,0
210317,1,1,0,0,0,0,0,0,0,0,0,0
210317,2,1,0,0,0,0,0,0,0,0,0,22
210319,0,1,0,0,0,0,0,27,0,0,0,0
210319,1,1,5,12,11,11,21,29,9,18,5,16
210320,1,1,0,0,0,0,0,0,0,0,0,0
210321,1,1,20,20,20,20,20,20,20,20,20,20
210322,1,1,11,11,0,0,0,0,0,12,0,3
210323,1,1,0,0,0,0,0,0,0,0,0,0
210324,1,1,27,27,27,27,27,27,27,27,27,27
210325,0,1,0,0,16,0,9,0,0,0,0,0
210325,2,1,0,0,0,0,0,0,0,0,0,0
210326,1,1,0,0,0,0,0,0,0,0,0,0
210326,2,1,0,0,0,0,0,0,0,0,0,0
210327,1,1,0,0,0,0,0,31,0,0,0,0
210328,1,1,28,28,28,28,28,28,28,28,28,28
210328,2,1,0,0,0,0,0,0,0,0,0,0
210328,3,1,0,0,0,0,0,0,0,0,0,0
210329,1,1,0,0,0,0,0,0,0,22,0,22
210329,2,1,0,0,0,0,0,9,0,0,0,0
210330,1,1,0,0,0,0,0,0,0,0,0,0
210331,1,1,0,0,0,0,0,0,20,0,23,0
210332,1,1,0,0,0,0,0,0,0,0,0,0
210332,2,1,0,0,0,0,0,0,0,0,0,0
210333,1,1,0,0,0,0,0,0,0,0,0,0
210334,1,1,0,0,0,0,0,0,0,0,0,0
210335,1,1,0,0,0,0,0,0,0,0,0,0
210336,1,1,0,0,0,0,0,0,0,0,27,0
210337,1,1,23,23,23,23,23,23,23,23,23,23
210338,1,1,0,0,0,0,0,0,0,0,0,0
210339,1,1,0,0,0,0,0,0,0,0,0,0
210340,1,1,0,0,0,0,0,0,0,0,0,0
210340,2,1,0,0,0,0,0,0,0,0,0,0
210341,1,1,12,12,12,12,12,12,12,12,12,12
210342,1,1,0,3,0,0,0,0,0,0,19,0
210342,2,1,0,0,0,0,0,0,0,0,0,0
210343,1,1,17,13,7,21,0,0,14,20,0,0
210344,1,1,9,0,43,5,0,7,21,12,7,22
210345,1,1,0,0,0,0,0,0,0,0,0,0
210346,1,1,26,26,26,26,26,26,26,26,26,26
210347,1,1,0,0,0,0,0,0,0,0,0,0
210348,1,1,28,36,24,13,16,25,13,35,21,30
210349,1,1,11,16,0,20,7,19,0,15,0,31
210349,2,1,0,0,0,0,18,0,0,0,0,0
210349,3,1,0,0,0,0,0,0,0,0,0,0
210349,4,1,0,0,0,0,0,0,0,0,0,22
210349,5,1,0,0,0,15,0,0,0,0,0,0
210350,1,1,0,0,0,0,0,0,0,0,0,0
210351,1,1,0,0,0,0,0,0,0,0,0,0
210351,2,1,0,0,0,0,0,0,0,0,0,0
210352,1,1,0,0,0,0,0,0,0,0,0,0
210352,2,1,0,6,0,0,0,0,0,0,0,0
210352,3,1,0,0,0,0,0,0,0,0,0,0
210352,4,1,0,0,0,0,0,0,0,0,0,0
210353,1,1,10,10,10,10,10,10,10,10,10,10
210353,2,1,0,0,0,0,0,0,0,0,0,0
210354,1,1,0,0,0,0,0,0,0,0,0,0
210354,2,1,0,0,0,0,0,0,0,0,0,0
210355,1,1,0,0,0,0,0,0,0,0,0,0
210355,2,1,0,0,0,0,0,0,0,0,0,0
210356,0,1,0,0,0,0,0,0,0,0,0,0
210356,1,1,0,0,0,0,0,0,0,0,0,0
210357,1,1,14,8,9,27,12,36,13,17,23,20
210358,0,1,0,0,0,0,0,0,0,0,0,0
210358,1,1,0,0,0,0,0,5,0,0,0,17
210359,1,1,0,0,0,0,0,0,0,0,0,0
210359,2,1,0,0,0,0,0,0,0,0,0,0
210360,0,1,0,0,0,0,0,0,0,0,0,0
210360,1,1,0,0,0,0,0,0,0,0,16,0
210361,1,1,0,0,0,0,0,0,0,0,0,0
210361,2,1,0,0,0,0,0,0,0,0,0,0
210362,1,1,4,4,4,4,4,4,4,4,4,4
210363,1,1,0,0,0,0,0,0,0,0,0,0
210364,1,1,0,0,0,0,0,0,0,0,0,0
210364,2,1,0,0,0,0,0,0,0,0,0,0
210365,1,1,13,13,13,13,13,13,13,13,13,13
210365,2,1,0,0,0,0,0,0,12,0,0,0
210365,3,1,0,0,0,0,0,0,0,0,0,0
210366,1,1,0,0,0,0,0,0,0,0,0,0
210367,1,1,0,0,7,0,0,0,0,0,0,0
210367,2,1,0,0,0,0,0,0,0,0,0,0
210368,1,1,0,0,0,0,0,0,0,0,0,0
210368,2,1,0,0,0,0,0,0,0,0,0,0
210369,1,1,0,0,0,0,0,0,0,0,0,0
210370,1,1,0,0,0,0,0,0,0,0,0,0
210370,2,1,0,0,0,0,0,0,0,0,0,0
210370,3,1,0,0,0,0,0,0,0,0,0,0
210371,1,1,0,0,0,0,0,0,0,0,0,0
210372,1,1,0,0,0,0,0,0,0,0,0,0
210372,2,1,27,0,0,0,0,0,0,0,0,0
210373,1,1,0,0,0,0,0,0,0,0,0,0
210373,2,1,0,0,0,0,0,0,0,0,0,0
210373,3,1,0,0,0,0,0,0,0,0,0,0
210373,4,1,0,0,0,0,0,0,0,0,0,0
210373,5,1,0,0,0,0,0,0,0,0,0,0
210374,1,1,0,0,0,0,0,0,0,0,0,0
210374,2,1,0,0,0,0,0,0,0,0,0,0
210374,3,1,0,0,0,0,0,0,0,0,0,0
210375,1,1,0,0,0,0,0,0,0,0,0,0
210376,1,1,23,23,23,23,23,23,23,23,23,23
210377,1,1,0,0,0,0,0,0,0,0,0,0
210377,2,1,0,0,0,0,0,0,0,0,0,0
210378,0,1,0,0,0,0,0,0,0,0,0,0
210378,1,1,0,0,0,0,0,0,0,0,0,0
210379,1,1,0,0,0,0,0,0,0,0,0,0
210379,2,1,0,0,0,0,0,0,0,0,0,0
210380,1,1,0,0,0,0,0,0,0,0,0,0
210381,1,1,0,0,0,0,0,0,0,0,0,0
210382,0,1,0,0,0,0,0,0,0,0,0,0
210382,1,1,7,0,11,12,17,0,10,0,17,0
210382,2,1,0,0,0,0,0,0,0,0,0,0
210383,1,1,0,14,0,0,0,0,0,0,0,0
210384,1,1,0,0,0,0,0,8,0,0,0,6
210384,2,1,0,0,18,0,0,0,0,0,0,0
210385,1,1,0,0,0,0,0,0,0,0,0,0
210385,2,1,0,0,0,0,0,0,0,0,0,13
210386,1,1,20,20,20,20,20,20,20,20,20,20
210387,1,1,0,0,22,0,16,8,0,0,0,0
210388,1,1,31,31,31,31,31,31,31,31,31,31
210389,1,1,0,0,0,0,0,0,0,0,0,0
210390,1,1,11,11,11,11,11,11,11,11,11,11
210390,2,1,0,0,0,0,0,0,0,0,0,0
210391,1,1,15,15,15,15,15,15,15,15,15,15
210392,1,1,26,0,0,0,0,0,0,0,0,0
210393,1,1,0,0,0,0,0,0,0,0,0,0
210393,2,1,0,0,0,0,0,0,0,0,0,0
210394,1,1,27,21,0,14,0,9,7,20,11,17
210394,2,1,0,0,0,0,0,0,0,0,22,0
210395,1,1,0,0,0,0,0,0,0,0,0,0
210396,1,1,10,10,10,10,10,10,10,10,10,10
210396,2,1,0,0,0,0,0,0,0,0,0,0
210397,1,1,19,19,19,19,19,19,19,19,19,19
210398,1,1,0,0,0,0,0,0,0,0,0,0
210398,2,1,0,0,0,0,0,0,0,0,0,0
210399,1,1,0,0,0,0,0,0,0,0,0,0
210399,2,1,0,0,0,0,0,0,0,0,0,0
210400,1,1,0,0,0,0,0,0,0,0,0,0
210400,2,1,0,0,0,0,0,0,0,0,0,0
210400,3,1,0,0,0,0,0,0,0,0,0,0
210400,4,1,0,0,0,0,0,0,0,0,0,0
210400,5,1,0,0,0,0,0,0,0,0,0,0
210400,6,1,0,0,0,0,0,0,0,0,0,0