ST_CASE,VEH_NO,PER_NO,P1,P2,P3,P4,P5,P6,P7,P8,P9,P10
240409,1,1,20,6,7,17,13,2,20,23,0,0
240410,1,1,19,8,12,10,13,6,12,18,5,23
240410,2,1,0,0,0,0,0,0,0,0,0,0
240411,0,1,25,25,25,25,25,25,25,25,25,25
240411,1,1,0,0,0,0,0,0,0,0,0,0
240412,0,1,0,0,0,0,0,0,0,0,0,0
240412,1,1,0,0,0,0,0,0,0,0,0,0
240413,0,1,0,0,0,0,0,0,0,0,0,0
240413,1,1,0,0,0,0,0,0,0,0,0,0
240414,0,1,0,0,0,0,0,0,0,0,0,0
240414,1,1,0,0,0,0,0,0,0,0,0,0
240415,0,1,35,35,35,35,35,35,35,35,35,35
240415,1,1,0,0,0,11,0,0,0,0,0,0
240416,1,1,0,0,0,0,0,0,0,0,0,0
240416,2,1,0,0,0,0,0,0,0,0,0,0
240417,1,1,0,0,0,0,0,0,6,0,0,0
240417,2,1,0,0,0,0,0,0,14,0,18,0
240418,1,1,0,0,0,0,0,0,0,0,0,0
240418,2,1,0,0,0,0,0,0,0,0,0,0
240419,1,1,0,6,0,23,0,0,0,16,13,0
240419,2,1,0,0,0,0,0,0,0,0,0,0
240420,1,1,0,0,0,0,0,0,0,0,0,0
240420,2,1,0,0,0,0,0,0,0,0,0,0
240421,1,1,0,0,0,0,0,0,0,0,0,0
240422,1,1,19,19,19,19,19,19,19,19,19,19
240422,2,1,0,0,0,0,0,0,0,0,0,12
240422,3,1,0,0,0,0,0,0,0,0,0,0
240423,1,1,0,0,0,12,0,0,0,2,0,0
240423,2,1,12,12,12,12,12,12,12,12,12,12
240424,0,1,0,0,0,0,0,0,0,0,0,0
240424,1,1,6,0,0,0,0,0,0,0,0,0
240425,1,1,0,0,0,0,0,0,0,0,0,0
240426,1,1,22,22,22,22,22,22,22,22,22,22
240427,1,1,0,0,0,0,0,0,0,0,0,0
240428,1,1,0,0,0,0,0,0,0,0,0,0
240428,2,1,0,0,0,0,0,0,0,0,0,0
240429,1,1,0,0,0,0,0,0,9,0,0,0
240429,2,1,0,0,0,0,0,0,0,0,0,0
240430,1,1,0,0,0,0,0,0,0,0,0,0
240431,1,1,0,0,0,0,0,0,0,0,0,0
240431,2,1,0,0,0,0,0,0,0,0,0,0
240431,3,1,0,0,0,0,0,0,0,0,0,0
240432,1,1,0,0,0,0,0,0,0,0,0,0
240432,2,1,0,0,0,0,0,0,0,0,0,0
240433,1,1,23,23,23,23,23,23,23,23,23,23
240434,1,1,0,0,0,0,0,0,0,0,0,0
240435,1,1,0,0,0,0,0,0,0,0,0,0
240436,1,1,21,21,21,21,21,21,21,21,21,21
240436,2,1,0,0,0,0,0,0,0,0,0,0
240437,1,1,0,0,0,0,0,0,0,0,0,0
240437,2,1,0,0,0,0,0,0,0,0,0,0
240438,1,1,0,0,0,0,0,0,0,0,0,0
240438,2,1,0,0,0,0,0,0,0,0,0,0
240439,1,1,15,15,15,15,15,15,15,15,15,15
240440,1,1,0,0,0,11,0,0,0,0,17,7
240440,2,1,0,0,0,0,0,0,0,0,0,0
240441,1,1,22,12,13,17,0,0,18,0,0,13
240442,1,1,19,19,19,19,19,19,19,19,19,19
240442,2,1,0,0,0,0,0,0,0,0,0,0
240443,0,1,18,18,18,18,18,18,18,18,18,18
240443,1,1,4,4,4,4,4,4,4,4,4,4
240443,2,1,0,0,0,0,0,0,0,0,0,0
240444,1,1,0,0,0,0,0,0,0,0,0,0
240444,2,1,0,0,0,0,0,0,16,6,0,0
240445,1,1,0,0,0,0,0,0,0,0,0,0
240446,1,1,0,0,0,0,0,0,0,0,0,0
240446,2,1,0,0,0,0,0,0,0,0,0,0
240447,1,1,0,0,0,0,0,0,0,0,0,0
240447,2,1,17,0,0,0,0,0,0,0,0,0
240447,3,1,0,0,0,0,0,0,0,0,0,0
240448,1,1,12,12,12,12,12,12,12,12,12,12
240449,1,1,0,0,0,0,0,0,0,0,0,0
240449,2,1,0,0,0,0,0,0,0,0,0,0
240450,0,1,12,12,12,12,12,12,12,12,12,12
240450,1,1,34,15,24,14,0,0,8,8,12,0
240451,1,1,0,0,0,0,0,0,0,0,0,0
240451,2,1,0,0,0,0,0,0,0,0,0,0
240452,1,1,0,0,0,0,0,0,0,0,0,0
240453,1,1,0,0,0,0,0,0,0,0,0,0
240453,2,1,0,0,0,0,0,0,0,0,0,0
240454,1,1,27,0,21,11,6,12,4,21,9,21
240454,2,1,0,0,0,11,0,0,0,0,0,0
240455,0,1,33,33,33,33,33,33,33,33,33,33
240455,1,1,7,11,13,8,10,0,9,0,17,6
240456,1,1,3,0,0,0,0,0,27,0,0,0
240456,2,1,0,0,16,27,0,14,0,0,0,0
240457,1,1,0,0,0,0,0,0,0,0,0,0
240457,2,1,0,0,0,0,0,0,0,0,0,0
240457,3,1,0,0,0,0,0,0,0,0,0,0
240458,1,1,28,28,28,28,28,28,28,28,28,28
240458,2,1,0,9,0,0,0,0,0,0,7,0
240458,3,1,0,0,0,0,0,0,0,0,0,0
240459,1,1,19,19,19,19,19,19,19,19,19,19
240459,2,1,0,0,0,0,0,0,0,0,0,0
240460,0,1,0,0,0,0,0,0,0,0,0,0
240460,1,1,9,12,20,0,18,33,0,0,0,0
240461,1,1,0,0,0,0,0,0,0,0,0,0
240461,2,1,0,0,0,0,0,0,0,0,0,0
240462,0,1,2,2,2,2,2,2,2,2,2,2
240462,1,1,0,0,0,0,0,0,0,0,0,0
240463,1,1,19,19,19,19,19,19,19,19,19,19
240463,2,1,0,0,0,0,0,0,0,0,0,0
240464,1,1,0,0,0,0,0,0,0,0,0,0
240465,1,1,0,0,0,0,0,0,0,0,0,0
240466,0,1,0,0,0,0,0,0,0,0,0,0
240466,1,1,0,0,0,0,0,0,0,0,0,0
240467,1,1,0,0,0,0,0,0,0,0,0,0
240467,2,1,0,0,0,0,0,0,0,0,0,0
240468,1,1,0,0,0,0,0,0,0,0,0,0
240468,2,1,0,0,0,0,0,0,0,0,0,0
240469,1,1,0,0,0,0,0,20,0,10,0,7
240469,2,1,0,0,0,0,0,0,0,0,0,0
240470,1,1,0,0,0,0,0,0,0,0,0,0
240470,2,1,3,0,0,21,9,0,0,14,0,0
240471,1,1,0,0,0,49,13,0,18,0,0,0
240471,2,1,0,0,0,0,0,0,0,0,0,0
240472,1,1,0,0,0,0,0,0,0,0,0,0
240472,2,1,0,0,0,0,0,13,0,0,0,0
240473,1,1,20,20,20,20,20,20,20,20,20,20
240473,2,1,0,0,0,0,0,0,0,0,0,0
240474,1,1,19,19,19,19,19,19,19,19,19,19
240474,2,1,0,12,0,0,0,22,0,0,0,0
240475,1,1,22,22,22,22,22,22,22,22,22,22
240476,1,1,3,3,3,3,3,3,3,3,3,3
240477,0,1,0,0,18,29,21,0,28,0,0,0
240477,1,1,0,0,0,0,0,0,0,0,0,14
240478,0,1,3,0,0,0,0,22,24,19,23,22
240478,1,1,0,0,0,0,0,0,0,0,0,0
240479,1,1,0,0,0,0,0,0,0,0,0,0
240479,2,1,12,0,12,0,0,0,0,0,19,0
240480,1,1,12,0,0,0,0,0,0,0,0,0
240480,2,1,0,0,0,0,0,0,0,0,0,0
240481,1,1,0,0,0,0,0,0,0,0,0,0
240482,1,1,19,19,19,19,19,19,19,19,19,19
240483,0,1,0,0,0,0,0,0,0,0,0,0
240483,1,1,13,13,13,13,13,13,13,13,13,13
240484,1,1,10,10,10,10,10,10,10,10,10,10
240485,0,1,0,0,0,0,0,0,0,0,0,0
240485,1,1,0,0,0,0,0,0,0,0,0,22
240486,1,1,27,27,27,27,27,27,27,27,27,27
240486,2,1,0,0,0,0,0,0,0,0,0,0
240488,0,1,0,0,0,0,0,0,0,0,0,0
240488,1,1,0,0,0,0,0,0,14,0,0,0
240489,1,1,28,28,28,28,28,28,28,28,28,28
240489,2,1,0,0,0,31,0,0,9,0,0,0
240490,0,1,0,0,0,0,0,0,0,0,0,0
240490,1,1,0,18,0,17,0,0,0,0,7,23
240491,1,1,0,0,0,0,0,0,0,0,0,0
240491,2,1,0,0,0,0,0,0,0,0,0,0
240492,1,1,0,0,0,0,0,0,0,0,0,0
240492,2,1,0,0,0,0,0,0,0,0,15,0
240493,1,1,20,20,20,20,20,20,20,20,20,20
240494,1,1,0,29,0,0,0,0,0,0,11,0
240495,1,1,15,15,15,15,15,15,15,15,15,15
240495,2,1,0,0,0,0,0,0,16,0,0,0
240496,0,1,34,30,22,0,6,0,0,0,0,0
240496,1,1,0,0,0,0,0,0,0,0,0,0
240496,2,1,0,0,0,0,0,2,0,0,0,0
240496,3,1,0,0,0,12,0,0,0,0,0,11
240497,1,1,33,33,33,33,33,33,33,33,33,33
240498,1,1,0,0,0,0,0,0,0,0,0,0
240499,1,1,0,0,0,0,0,0,0,0,0,0
240500,1,1,0,0,0,0,0,0,0,0,0,0
240501,0,1,34,34,34,34,34,34,34,34,34,34
240501,1,1,20,21,14,13,0,0,7,0,29,6
240502,1,1,0,0,0,0,0,0,0,0,0,0
240503,1,1,0,0,0,0,0,0,0,0,0,0
240503,2,1,0,0,0,0,0,0,0,0,0,0
240504,1,1,23,23,23,23,23,23,23,23,23,23
240505,0,1,0,0,0,0,0,0,0,0,0,0
240505,1,1,0,0,0,0,0,0,0,0,0,0
240506,1,1,0,0,0,0,0,0,0,0,0,0
240506,2,1,0,0,0,0,0,0,0,0,0,0
240507,1,1,0,3,0,15,0,0,0,0,18,7
240507,2,1,26,0,13,11,21,25,0,0,0,0
240508,1,1,14,14,14,14,14,14,14,14,14,14
240508,2,1,0,0,0,0,0,0,0,0,0,0
240509,1,1,11,0,0,14,0,0,0,0,18,10
240509,2,1,0,0,0,0,0,6,0,0,0,0
240510,1,1,35,35,35,35,35,35,35,35,35,35
240510,2,1,2,2,2,2,2,2,2,2,2,2
240511,1,1,12,12,12,12,12,12,12,12,12,12
240511,2,1,0,0,0,0,0,0,0,0,0,0
240512,0,1,0,31,20,0,16,24,22,0,2,0
240512,1,1,7,0,0,0,0,22,0,0,0,0
240513,0,1,0,0,0,0,0,0,0,0,0,0
240513,1,1,0,0,0,0,0,39,0,0,0,11
240514,1,1,10,10,10,10,10,10,10,10,10,10
240515,1,1,0,0,0,0,0,0,0,0,0,0
240516,0,1,0,0,0,0,0,0,0,0,0,0
240516,1,1,0,9,0,0,7,0,11,5,0,12
240516,2,1,0,16,0,0,0,0,8,0,0,0
240517,0,1,12,12,12,12,12,12,12,12,12,12
240517,1,1,0,0,15,0,0,0,0,0,0,0
240518,0,1,20,20,20,20,20,20,20,20,20,20
240518,0,2,0,0,26,0,20,0,21,16,0,0
240518,1,1,17,17,17,17,17,17,17,17,17,17
240519,1,1,0,0,0,0,0,0,0,0,0,0
240519,2,1,0,0,0,0,0,0,0,0,0,0
240520,0,1,0,0,0,0,0,0,0,0,0,0
240520,1,1,11,0,0,0,0,0,0,0,0,0
240520,2,1,16,0,11,6,0,26,6,6,0,0
240520,3,1,0,0,0,0,0,8,0,0,0,0
240521,1,1,0,0,11,0,0,0,0,0,0,0
240522,1,1,0,0,0,0,0,0,0,0,0,0
240523,0,1,0,0,0,0,0,0,0,0,0,0
240523,1,1,0,9,0,11,19,8,10,7,33,2
240524,1,1,0,0,14,0,0,0,0,0,0,0
240524,2,1,11,11,11,11,11,11,11,11,11,11
240524,3,1,0,0,0,0,0,0,0,0,0,0
240525,0,1,0,0,0,0,0,0,0,0,0,0
240525,1,1,0,0,0,0,0,0,0,0,0,0
240526,1,1,19,19,19,19,19,19,19,19,19,19
240526,2,1,0,0,0,9,13,0,0,0,0,0
240527,1,1,0,0,0,0,0,0,0,0,0,0
240527,2,1,0,0,0,0,0,0,0,0,0,0
240528,0,1,0,0,0,0,0,0,0,0,0,0
240528,1,1,0,0,0,0,0,0,0,0,0,0
240529,0,1,5,5,5,5,5,5,5,5,5,5
240529,1,1,6,6,6,6,6,6,6,6,6,6
240530,0,1,0,0,0,0,0,0,0,0,0,0
240530,1,1,50,0,0,0,0,0,0,0,0,0
240531,0,1,0,0,0,0,0,0,0,0,0,0
240531,1,1,0,0,0,0,13,0,0,0,0,0
240531,2,1,27,0,0,0,0,0,0,0,0,0
240532,1,1,0,0,0,0,0,0,0,0,0,0
240532,2,1,0,0,0,0,0,0,0,0,0,0
240533,1,1,0,0,0,0,0,0,0,0,0,0
240533,2,1,0,0,0,0,0,0,0,0,0,0
240534,1,1,0,0,0,0,0,0,0,0,0,0
240534,2,1,0,0,0,0,0,0,0,0,0,0
240535,1,1,0,0,0,0,0,0,0,0,0,0
240536,1,1,0,0,10,0,0,0,0,0,0,0
240536,2,1,0,0,0,0,0,0,0,0,0,0
250001,1,1,0,0,0,0,0,0,0,0,0,0
250001,2,1,0,0,4,0,14,8,0,0,0,0
250002,1,1,0,0,0,0,0,0,0,0,0,0
250002,2,1,13,0,0,0,0,0,0,0,0,20
250003,1,1,0,0,0,0,0,0,0,0,0,0
250003,2,1,0,0,0,0,0,0,0,0,0,0
250004,0,1,16,16,16,16,16,16,16,16,16,16
250004,1,1,0,0,0,0,0,0,0,0,0,0
250005,1,1,0,0,0,0,0,0,0,0,0,0
250006,1,1,24,24,24,24,24,24,24,24,24,24
250007,1,1,0,0,0,0,0,0,0,0,0,0
250007,2,1,0,0,0,0,0,0,0,0,0,0
250007,3,1,0,0,0,0,0,0,0,0,0,0
250008,1,1,8,8,8,8,8,8,8,8,8,8
250009,1,1,19,19,19,19,19,19,19,19,19,19
250009,2,1,0,0,0,0,0,9,0,0,0,0
250010,1,1,18,18,18,18,18,18,18,18,18,18
250013,1,1,15,15,15,15,15,15,15,15,15,15
250014,0,1,0,0,0,0,0,0,0,0,0,0
250014,1,1,0,0,0,0,0,0,0,0,0,0
250015,0,1,0,0,0,0,0,0,0,0,0,0
250015,1,1,0,0,0,16,12,0,0,27,21,0
250016,1,1,0,0,0,0,0,0,0,0,0,0
250016,2,1,0,0,0,0,0,0,0,0,0,0
250017,1,1,4,4,4,4,4,4,4,4,4,4
250018,0,1,0,0,0,0,0,0,0,0,0,0
250018,1,1,0,0,0,0,0,0,0,0,0,0
250019,0,1,36,36,36,36,36,36,36,36,36,36
250019,1,1,13,14,6,27,19,21,20,22,9,13
250020,1,1,0,0,0,20,25,10,0,11,0,17
250021,1,1,0,0,0,0,0,0,0,0,0,0
250022,0,1,0,0,0,0,0,0,0,0,0,0
250022,1,1,0,0,0,0,0,0,0,0,0,0
250023,1,1,12,12,12,12,12,12,12,12,12,12
250024,1,1,0,0,0,0,0,0,0,0,0,0
250024,2,1,0,0,0,0,0,0,0,0,0,0
250024,3,1,0,0,0,0,0,21,0,0,0,7
250025,0,1,0,0,0,0,0,0,0,0,0,0
250025,1,1,0,0,0,0,0,0,0,0,0,0
250026,1,1,0,0,0,0,0,0,0,0,0,0
250026,2,1,0,0,0,0,0,0,0,0,0,0
250027,1,1,17,17,17,17,17,17,17,17,17,17
250028,0,1,0,0,0,0,0,0,0,0,0,0
250028,1,1,0,3,0,0,0,0,0,5,0,0
250029,1,1,17,17,17,17,17,17,17,17,17,17
250030,1,1,22,22,22,22,22,22,22,22,22,22
250030,2,1,0,0,0,29,0,0,0,0,0,0
250031,1,1,0,0,0,0,0,0,0,0,0,0
250032,1,1,0,11,0,0,18,0,11,0,0,47
250033,1,1,11,24,21,16,29,6,0,0,23,14
250034,1,1,0,0,0,0,0,0,0,15,29,0
250034,2,1,0,0,0,0,0,0,0,0,0,0
250035,1,1,0,26,0,0,8,0,10,0,0,0
250037,1,1,16,16,16,16,16,16,16,16,16,16
250038,1,1,11,11,11,11,11,11,11,11,11,11
250038,2,1,0,0,13,0,0,0,0,0,0,0
250040,1,1,28,28,28,28,28,28,28,28,28,28
250041,1,1,0,0,0,0,0,0,0,0,0,0
250041,2,1,0,0,0,0,0,0,4,0,0,0
250042,0,1,10,10,10,10,10,10,10,10,10,10
250042,1,1,0,0,0,3,0,0,0,0,14,0
250043,1,1,41,41,41,41,41,41,41,41,41,41
250044,1,1,15,15,15,15,15,15,15,15,15,15
250045,1,1,0,0,0,16,15,0,0,0,0,0
250046,1,1,0,0,0,0,0,0,0,3,0,0
250046,2,1,25,25,25,25,25,25,25,25,25,25
250047,1,1,0,0,0,0,0,0,0,0,0,0
250047,2,1,0,0,0,0,0,0,0,0,0,0
250047,3,1,0,0,0,0,0,0,4,0,0,0
250048,0,1,13,17,0,0,0,0,25,0,17,0
250048,1,1,0,0,0,0,0,0,0,0,0,0
250049,1,1,20,20,20,20,20,20,20,20,20,20
250050,1,1,32,32,32,32,32,32,32,32,32,32
250051,0,1,3,3,3,3,3,3,3,3,3,3
250051,1,1,15,11,19,0,0,0,15,0,6,0
250052,0,1,0,0,0,0,0,0,0,0,0,0
250052,1,1,11,0,0,13,0,0,0,0,0,0
250053,1,1,20,15,17,0,24,16,20,10,19,24
250054,2,1,0,0,0,0,0,0,0,0,0,0
250055,1,1,14,14,14,14,14,14,14,14,14,14
250056,0,1,0,0,0,0,0,0,0,0,0,0
250056,1,1,10,0,0,0,0,0,15,0,15,0
250057,0,1,0,0,13,0,46,0,0,0,0,24
250058,0,1,0,0,0,0,0,0,0,0,0,0
250058,1,1,5,0,14,9,8,10,0,0,24,0
250059,1,1,0,0,0,0,0,0,0,0,0,0
250060,1,1,0,0,0,0,0,0,0,0,0,0
250060,2,1,0,0,22,0,0,0,0,0,0,0
250061,1,1,0,0,0,0,0,0,0,0,0,0
250061,2,1,8,14,14,0,11,9,20,2,7,12
250062,1,1,0,0,0,0,0,0,0,0,0,0
250062,2,1,0,0,0,0,0,0,0,0,0,0
250063,1,1,0,0,0,0,0,0,0,0,0,0
250063,2,1,0,0,0,0,0,0,0,0,0,0
250064,1,1,15,15,15,15,15,15,15,15,15,15
250065,1,1,16,16,16,16,16,16,16,16,16,16
250066,1,1,0,0,0,0,0,0,0,0,0,0
250067,1,1,0,0,0,0,0,0,0,0,0,0
250068,1,1,13,13,13,13,13,13,13,13,13,13
250069,1,1,0,0,0,0,0,0,0,0,0,0
250070,1,1,22,22,22,22,22,22,22,22,22,22
250071,0,1,0,30,0,38,0,0,18,0,0,0
250071,1,1,0,0,0,23,0,0,0,0,0,0
250072,1,1,10,10,10,10,10,10,10,10,10,10
250073,0,1,0,0,0,0,0,0,0,0,0,0
250073,1,1,0,27,16,0,0,0,3,0,0,27
250074,1,1,0,0,0,0,0,0,0,0,0,0
250075,1,1,0,0,0,0,0,0,0,0,0,0
250076,1,1,0,0,0,0,0,0,0,0,0,0
250077,1,1,26,26,26,26,26,26,26,26,26,26
250078,1,1,0,0,0,0,0,0,0,0,0,0
250078,2,1,0,0,0,0,0,0,0,0,0,0
250079,1,1,0,0,0,0,0,0,0,0,0,0
250079,2,1,0,0,0,0,0,0,20,0,0,0
250080,1,1,0,0,0,15,0,16,0,0,16,0
250081,1,1,31,31,31,31,31,31,31,31,31,31
250082,1,1,0,0,0,0,0,0,0,0,0,0
250082,2,1,0,0,0,0,0,0,0,0,0,0
250083,1,1,3,3,3,3,3,3,3,3,3,3
250084,1,1,0,15,0,20,28,0,18,14,0,0
250084,2,1,2,2,2,2,2,2,2,2,2,2
250085,1,1,0,0,0,0,0,0,0,0,0,0
250085,2,1,0,0,0,0,0,0,0,0,0,11
250086,1,1,21,21,21,21,21,21,21,21,21,21
250087,0,1,0,0,0,0,0,0,0,0,0,0
250087,1,1,0,0,27,0,0,0,0,0,0,10
250088,1,1,10,10,10,10,10,10,10,10,10,10
250088,2,1,0,0,14,0,0,0,0,0,0,6
250089,1,1,27,27,27,27,27,27,27,27,27,27
250090,1,1,23,0,0,19,16,18,0,15,9,23
250090,2,1,0,0,0,0,18,0,0,9,0,13
250092,0,1,0,0,22,0,0,19,0,0,0,0
250092,1,1,0,0,0,0,0,0,0,0,0,0
250093,1,1,0,0,0,0,0,0,0,0,0,0
250095,1,1,9,9,9,9,9,9,9,9,9,9
250095,2,1,0,0,16,22,8,9,26,13,15,0
250096,1,1,0,0,0,0,0,0,0,0,0,0
250097,1,1,23,23,23,23,23,23,23,23,23,23
250098,0,1,0,0,0,0,0,0,0,0,0,0
250098,1,1,0,0,0,9,0,0,0,0,0,0
250099,1,1,10,10,10,10,10,10,10,10,10,10
250100,1,1,0,0,0,0,0,0,0,0,0,0
250100,2,1,0,0,0,0,0,0,0,0,0,0
250101,1,1,9,9,9,9,9,9,9,9,9,9
250102,1,1,28,17,17,22,13,10,15,32,15,32
250103,1,1,8,8,8,8,8,8,8,8,8,8
250104,1,1,13,13,13,13,13,13,13,13,13,13
250104,2,1,0,0,0,0,12,5,0,0,0,19
250104,3,1,0,0,0,6,0,0,0,0,0,0
250105,1,1,16,16,16,16,16,16,16,16,16,16
250106,1,1,0,11,0,0,0,3,0,0,0,0
250106,2,1,0,0,0,0,0,0,0,0,0,0
250107,1,1,16,16,16,16,16,16,16,16,16,16
250107,2,1,0,0,0,0,0,0,0,0,0,0
250108,0,1,0,0,0,0,0,0,0,0,0,0
250108,1,1,0,0,0,0,0,0,0,0,0,0
250109,1,1,0,19,0,30,0,17,0,23,19,19
250110,1,1,0,0,0,0,0,0,0,0,0,0
250111,1,1,41,41,41,41,41,41,41,41,41,41
250111,2,1,9,0,0,0,26,0,0,0,0,0
250112,0,1,0,0,0,0,0,0,0,0,0,0
250112,1,1,0,0,0,0,0,0,22,0,13,19
250113,1,1,0,0,0,0,0,0,0,0,0,0
250113,2,1,0,0,0,0,0,0,0,0,0,0
250114,1,1,0,0,0,0,0,0,0,0,0,0
250115,1,1,1,1,1,1,1,1,1,1,1,1
250116,0,1,6,6,6,6,6,6,6,6,6,6
250116,1,1,0,0,0,0,0,0,0,0,0,0
250117,0,1,0,0,0,0,0,0,0,0,0,0
250117,1,1,0,0,0,0,0,0,0,0,0,5
250118,1,1,0,0,0,0,0,0,0,0,0,0
250118,2,1,0,0,0,0,12,0,0,0,0,0
250119,1,1,17,17,17,17,17,17,17,17,17,17
250120,1,1,0,12,0,7,6,33,0,0,0,15
250121,1,1,7,7,7,7,7,7,7,7,7,7
250122,1,1,0,0,0,0,0,0,0,0,0,0
250122,2,1,0,0,0,0,0,0,0,0,0,0
250123,1,1,0,0,0,0,0,0,0,0,0,0
250123,2,1,0,0,0,0,0,0,0,0,0,0
250123,3,1,0,0,0,0,0,0,0,0,0,0
250124,1,1,0,0,0,0,0,0,0,0,0,0
250124,2,1,0,0,0,0,0,0,0,0,0,0
250125,1,1,0,0,0,0,0,0,0,0,0,0
250125,2,1,0,0,0,0,0,0,0,0,0,0
250126,1,1,12,12,12,12,12,12,12,12,12,12
250126,2,1,0,0,0,0,0,0,0,0,0,0
250127,0,1,0,0,0,0,0,0,0,0,0,0
250127,1,1,0,0,11,0,0,0,0,0,0,0
250128,1,1,0,0,0,0,0,0,0,0,0,0
250129,1,1,6,6,6,6,6,6,6,6,6,6
250130,1,1,0,0,0,0,0,0,0,0,0,0
250130,2,1,0,0,0,0,0,0,0,0,0,0
250130,3,1,0,0,0,0,0,0,0,0,0,0
250131,1,1,0,0,0,0,0,0,0,0,0,0
250132,1,1,25,25,25,25,25,25,25,25,25,25
250133,0,1,0,0,0,0,0,0,0,0,0,0
250133,1,1,0,0,0,0,16,23,0,0,0,21
250134,0,1,0,0,0,0,0,0,0,0,0,0
250134,1,1,0,0,0,0,0,0,0,0,19,0
250135,1,1,23,23,23,23,23,23,23,23,23,23
250136,1,1,19,19,19,19,19,19,19,19,19,19
250137,1,1,0,0,0,0,0,0,0,0,0,0
250137,2,1,0,0,0,28,0,0,0,0,0,0
250138,0,1,0,0,0,0,0,0,0,0,0,0
250138,1,1,0,0,0,4,7,32,15,0,0,0
250139,1,1,14,14,14,14,14,14,14,14,14,14
250139,2,1,8,0,0,0,0,0,0,0,0,0
250140,1,1,0,0,0,0,0,0,0,0,0,0
250141,1,1,0,0,0,0,0,0,0,0,0,0
250141,2,1,0,9,0,15,11,0,0,0,14,0
250142,1,1,0,0,0,0,0,0,0,0,0,0
250143,1,1,13,13,13,13,13,13,13,13,13,13
250144,1,1,0,0,0,0,0,0,0,0,0,0
250144,2,1,12,12,12,12,12,12,12,12,12,12
250145,1,1,0,0,0,0,0,0,0,0,0,0
250146,1,1,17,0,0,0,0,0,14,0,0,0
250146,2,1,0,0,0,0,0,0,0,0,0,0
250146,3,1,0,0,0,21,0,0,0,0,15,16
250147,0,1,0,0,0,0,0,0,0,0,0,0
250147,1,1,0,0,0,0,0,0,0,0,0,0
250148,0,1,0,14,16,0,6,0,0,0,0,0
250148,1,1,0,0,0,0,0,0,0,0,0,0
250149,1,1,0,0,0,0,0,0,0,0,0,0
250150,1,1,0,0,0,0,0,0,0,0,0,0
250151,0,1,0,0,0,0,0,0,0,0,0,0
250151,1,1,0,0,0,0,0,0,0,0,0,0
250152,1,1,22,22,22,22,22,22,22,22,22,22
250152,2,1,0,0,0,11,0,0,0,0,0,0
250153,1,1,0,0,0,0,0,0,0,0,0,0
250154,1,1,0,0,9,0,0,0,0,0,0,0
250154,2,1,0,0,0,0,0,0,0,0,0,0
250155,1,1,0,0,0,0,0,0,0,0,0,0
250155,2,1,0,0,0,0,0,0,0,0,0,0
250156,1,1,0,0,0,0,0,0,0,0,0,0
250156,2,1,0,0,0,0,0,0,0,0,0,0
250157,0,1,0,0,0,0,0,0,0,0,0,0
250157,1,1,0,0,0,0,0,0,0,0,0,0
250158,0,1,0,0,0,0,0,0,0,0,0,0
250158,1,1,0,0,7,0,0,0,0,0,0,0
250159,1,1,0,0,0,0,0,0,0,0,0,0
250159,2,1,0,0,6,0,0,0,0,0,0,8
250160,1,1,0,0,0,0,0,0,0,0,0,0
250160,2,1,0,0,0,0,0,0,0,0,0,0
250161,1,1,0,0,0,0,0,0,0,0,0,0
250161,2,1,0,0,18,0,18,0,0,0,0,6
250162,1,1,0,0,0,0,0,0,0,0,0,0
250162,2,1,0,0,0,0,0,0,0,0,0,0
250162,3,1,0,0,0,0,0,0,0,0,0,0
250162,4,1,0,0,0,0,0,0,0,0,0,0
250162,5,1,0,0,0,0,0,0,0,0,0,0
250163,1,1,0,0,0,0,0,0,0,0,0,0
250164,1,1,0,0,0,0,0,0,0,0,0,0
250164,2,1,0,0,0,0,0,0,0,0,0,0
250165,1,1,21,21,21,21,21,21,21,21,21,21
250166,1,1,0,0,0,0,0,0,0,0,0,0
250166,2,1,0,0,0,0,0,0,0,0,0,0
250167,1,1,14,14,14,14,14,14,14,14,14,14
250168,1,1,0,0,0,0,0,0,0,0,0,0
250168,2,1,0,0,0,0,0,0,0,0,0,0
250169,1,1,0,0,0,0,0,0,0,0,0,0
250169,2,1,0,0,0,0,0,0,0,0,0,0
250170,1,1,20,20,20,20,20,20,20,20,20,20
250171,1,1,8,8,8,8,8,8,8,8,8,8
250172,1,1,21,21,21,21,21,21,21,21,21,21
250173,0,1,0,0,0,0,0,0,0,0,0,0
250173,1,1,3,3,3,3,3,3,3,3,3,3
250174,1,1,0,0,0,0,0,0,0,0,0,0
250174,2,1,0,0,0,0,0,0,0,0,28,0
250174,3,1,0,0,0,0,0,0,0,0,0,0
250175,1,1,0,0,0,0,0,0,0,0,0,0
250175,2,1,0,0,0,0,0,0,0,0,0,0
250175,3,1,0,0,0,0,0,0,0,0,0,0
250176,1,1,0,15,23,12,0,0,0,0,17,19
250176,2,1,0,0,0,0,0,0,0,0,0,0
250177,1,1,0,0,0,0,0,0,0,0,0,0