ST_CASE,VEH_NO,PER_NO,P1,P2,P3,P4,P5,P6,P7,P8,P9,P10
250178,1,1,19,19,19,19,19,19,19,19,19,19
250179,1,1,0,0,0,0,0,0,0,0,0,0
250179,2,1,0,0,0,0,0,0,0,0,0,0
250179,3,1,20,0,0,0,0,0,0,0,0,0
250179,4,1,0,0,0,0,0,0,0,0,0,16
250180,0,1,24,24,24,24,24,24,24,24,24,24
250180,1,1,0,21,4,0,0,0,0,0,0,0
250181,1,1,0,0,0,0,0,0,0,0,0,0
250181,2,1,14,14,14,14,14,14,14,14,14,14
250182,0,1,0,0,0,0,0,0,0,0,0,0
250182,1,1,0,0,0,0,15,0,0,0,18,0
250183,1,1,20,20,20,20,20,20,20,20,20,20
250184,1,1,0,0,0,0,0,0,0,0,0,0
250185,0,1,31,31,31,31,31,31,31,31,31,31
250185,0,2,0,13,26,0,0,28,0,0,0,18
250185,1,1,0,0,0,0,0,0,0,0,0,0
250186,0,1,0,20,0,0,0,29,0,0,27,0
250186,1,1,8,0,0,26,0,0,0,0,9,0
250187,0,1,7,7,7,7,7,7,7,7,7,7
250187,1,1,0,0,0,0,0,0,0,0,0,0
250188,1,1,0,0,0,0,0,0,0,0,0,0
250189,0,1,24,24,24,24,24,24,24,24,24,24
250189,1,1,0,0,0,0,0,0,16,0,0,0
250189,2,1,0,0,0,15,0,13,0,27,0,0
250190,1,1,0,0,0,0,0,0,0,0,0,0
250190,2,1,0,0,0,0,0,0,0,0,0,0
250190,3,1,6,3,6,3,20,0,19,3,29,13
250191,1,1,0,0,0,0,0,0,0,0,0,0
250191,2,1,0,0,0,0,0,0,0,0,0,0
250191,3,1,0,0,0,0,0,0,0,0,0,0
250192,1,1,0,0,0,0,0,13,0,33,0,0
250192,2,1,0,0,0,0,0,0,0,0,0,0
250193,0,1,24,24,24,24,24,24,24,24,24,24
250193,1,1,27,7,6,13,15,16,0,15,24,12
250194,1,1,0,0,0,0,0,0,0,0,0,0
250195,1,1,0,0,0,0,0,0,0,0,0,0
250196,1,1,10,10,10,10,10,10,10,10,10,10
250197,0,1,0,0,0,0,0,0,0,0,0,0
250197,1,1,0,0,0,0,0,0,0,0,0,0
250198,0,1,0,0,0,0,0,0,0,0,0,0
250198,1,1,19,0,26,0,15,13,0,0,12,26
250199,1,1,41,41,41,41,41,41,41,41,41,41
250200,1,1,14,0,0,0,0,0,0,5,0,0
250200,2,1,6,6,6,6,6,6,6,6,6,6
250201,1,1,2,2,2,2,2,2,2,2,2,2
250202,1,1,19,19,19,19,19,19,19,19,19,19
250203,1,1,11,0,0,0,0,18,0,2,0,0
250203,2,1,0,0,0,0,0,0,0,0,0,0
250204,1,1,17,17,17,17,17,17,17,17,17,17
250205,1,1,16,16,16,16,16,16,16,16,16,16
250205,2,1,0,0,0,0,0,0,0,0,0,0
250206,1,1,21,21,21,21,21,21,21,21,21,21
250207,1,1,12,12,12,12,12,12,12,12,12,12
250208,1,1,23,23,23,23,23,23,23,23,23,23
250209,1,1,0,0,0,0,0,0,0,0,0,0
250209,2,1,0,0,0,0,0,0,0,0,0,0
250210,1,1,0,0,0,0,0,0,0,0,0,0
250210,2,1,0,0,0,0,0,0,0,0,0,11
250211,1,1,0,0,0,0,0,0,0,0,0,0
250212,1,1,0,0,0,0,0,0,0,0,0,0
250212,2,1,0,0,5,0,0,0,0,0,0,0
250213,1,1,0,0,0,0,0,0,0,0,0,0
250214,1,1,8,8,8,8,8,8,8,8,8,8
250214,2,1,0,0,14,0,22,0,0,0,0,0
250216,1,1,0,0,0,0,0,0,0,0,0,0
250216,2,1,0,0,0,0,0,0,0,0,0,0
250217,1,1,0,0,0,17,0,0,0,0,0,0
250217,2,1,0,0,0,0,0,0,0,0,0,0
250219,1,1,0,0,0,0,0,0,0,0,0,0
250219,2,1,0,0,0,0,0,0,0,0,0,0
250220,1,1,23,23,23,23,23,23,23,23,23,23
250221,1,1,0,0,0,0,0,0,0,0,0,0
250222,1,1,0,0,0,0,0,0,0,0,0,0
250223,1,1,14,0,8,8,0,0,0,6,0,0
250223,2,1,0,0,0,0,0,0,0,0,0,0
250224,2,1,0,0,0,0,0,0,0,0,0,0
250225,1,1,13,0,0,0,0,0,9,0,0,0
250225,2,1,0,0,8,20,0,30,0,0,0,12
250225,3,1,0,0,0,0,0,0,0,0,0,0
250226,1,1,0,0,0,0,0,0,0,0,0,0
250226,2,1,15,0,0,0,0,0,0,0,0,0
250228,1,1,0,0,0,0,0,0,0,0,0,0
250228,2,1,0,0,0,0,0,0,0,0,0,0
250229,1,1,0,0,0,0,0,0,0,0,0,0
250230,1,1,1,1,1,1,1,1,1,1,1,1
250231,1,1,0,0,0,8,0,0,0,12,0,0
250232,1,1,13,13,13,13,13,13,13,13,13,13
250233,1,1,0,0,0,0,0,0,0,0,0,0
250234,1,1,27,27,27,27,27,27,27,27,27,27
250235,0,1,0,0,0,0,0,0,0,0,0,0
250235,1,1,0,0,0,0,0,0,0,0,0,19
250236,1,1,0,0,0,0,0,0,0,0,0,0
250236,2,1,0,0,0,0,0,0,0,16,0,0
250237,1,1,0,0,0,0,0,0,0,0,0,0
250239,1,1,0,0,0,0,0,0,0,0,0,0
250239,2,1,0,0,0,0,0,0,0,0,0,0
250240,0,1,0,0,0,0,0,0,0,0,0,0
250240,1,1,0,0,0,0,0,0,13,0,14,0
250241,1,1,2,2,2,2,2,2,2,2,2,2
250241,2,1,0,0,0,0,0,0,0,0,0,0
250242,1,1,0,0,0,0,0,0,0,0,0,0
250242,2,1,0,0,0,0,0,0,0,0,0,0
250243,1,1,0,0,0,0,0,0,0,0,0,0
250243,2,1,0,0,0,0,0,0,0,0,0,0
250244,0,1,17,17,17,17,17,17,17,17,17,17
250244,1,1,0,0,0,0,0,0,0,0,0,0
250245,1,1,12,0,25,18,11,0,0,20,0,0
250246,0,1,0,0,0,0,0,0,0,0,0,0
250246,1,1,0,0,0,0,0,0,0,0,0,0
250247,1,1,0,0,0,0,0,0,0,0,0,0
250247,2,1,0,0,0,0,12,3,0,0,0,0
250248,1,1,0,0,0,0,10,22,0,0,0,0
250249,1,1,11,11,11,11,11,11,11,11,11,11
250250,1,1,0,0,0,0,0,0,0,0,0,0
250250,2,1,0,0,0,0,0,0,0,0,0,0
250251,1,1,0,0,0,0,0,0,0,0,0,0
250252,1,1,0,0,0,0,0,0,0,0,0,0
250253,1,1,1,1,1,1,1,1,1,1,1,1
250253,2,1,0,0,0,0,0,0,0,0,0,0
250254,1,1,0,0,0,10,14,17,0,27,0,0
250254,2,1,0,0,0,0,0,0,0,0,0,0
250255,1,1,0,0,0,0,0,0,0,0,0,0
250255,2,1,0,0,0,0,0,0,0,0,0,0
250256,1,1,0,0,0,0,0,0,0,0,0,0
250257,1,1,27,27,27,27,27,27,27,27,27,27
250258,1,1,0,0,0,0,0,0,0,0,8,0
250258,2,1,0,0,0,0,0,0,0,0,0,0
250259,0,1,0,0,0,0,0,0,0,0,0,0
250259,1,1,0,0,0,0,0,0,0,0,0,0
250260,1,1,0,0,0,0,0,0,0,0,0,0
250261,1,1,0,0,0,0,0,0,0,0,0,0
250262,1,1,0,0,0,0,0,0,0,0,0,0
250262,2,1,0,0,0,0,13,0,0,0,0,0
250263,1,1,22,22,22,22,22,22,22,22,22,22
250264,0,1,0,0,0,0,0,0,0,0,0,0
250264,1,1,23,0,0,0,0,0,0,0,0,0
250265,1,1,0,0,0,0,0,0,0,0,0,0
250265,2,1,0,0,0,0,0,0,0,0,0,0
250266,0,1,0,0,0,0,0,0,0,0,0,0
250266,1,1,0,0,10,0,11,0,0,0,0,19
250267,1,1,0,0,0,0,0,0,0,0,0,0
250268,1,1,0,0,14,0,0,0,0,0,0,0
250268,2,1,19,19,19,19,19,19,19,19,19,19
250269,1,1,8,31,19,11,21,26,17,10,2,14
250269,2,1,0,0,0,0,0,0,0,0,0,0
250270,1,1,9,9,9,9,9,9,9,9,9,9
250271,1,1,0,0,0,0,0,0,0,0,0,0
250272,1,1,6,6,6,6,6,6,6,6,6,6
250273,0,1,0,0,0,0,0,0,0,0,0,0
250273,1,1,0,15,0,0,0,0,0,0,0,23
250274,2,1,0,0,0,0,0,0,0,0,0,0
250275,0,1,17,17,17,17,17,17,17,17,17,17
250275,1,1,0,13,0,0,0,22,0,0,0,0
250276,1,1,0,0,0,0,0,0,0,0,0,0
250276,2,1,0,0,0,0,0,0,0,0,0,0
250277,1,1,0,0,0,0,0,0,0,0,0,0
250277,2,1,0,0,0,0,0,0,0,0,0,0
250278,1,1,0,39,17,0,35,0,12,0,0,0
250278,2,1,0,0,0,0,0,0,0,0,0,5
250279,1,1,0,6,0,0,0,0,0,0,0,0
250279,2,1,0,0,0,0,0,0,0,0,0,0
250280,0,1,0,0,0,0,0,0,0,0,0,0
250280,0,2,0,0,0,19,0,0,0,0,29,0
250280,0,3,0,0,0,0,0,0,0,0,0,0
250280,1,1,0,0,0,0,0,0,0,0,0,0
250281,1,1,30,30,30,30,30,30,30,30,30,30
250282,1,1,0,0,23,0,0,20,0,0,0,0
250282,2,1,0,0,0,0,0,0,0,0,0,0
250283,1,1,0,0,0,0,0,0,11,0,0,0
250283,2,1,0,0,0,0,0,0,0,0,0,0
250284,1,1,16,16,16,16,16,16,16,16,16,16
250285,0,1,0,0,0,0,0,0,0,0,0,0
250285,1,1,0,0,0,0,0,0,0,0,0,0
250286,1,1,0,0,0,9,0,0,0,0,16,0
250287,0,1,0,0,0,0,0,0,0,0,0,0
250287,1,1,0,13,0,0,0,0,0,0,0,0
250288,1,1,0,0,0,0,0,0,0,0,0,0
250289,1,1,0,0,0,0,0,0,0,0,0,0
250290,1,1,26,26,26,26,26,26,26,26,26,26
250291,1,1,0,0,0,0,0,0,0,0,0,0
250292,1,1,0,0,0,0,0,0,0,0,0,0
250292,2,1,0,0,0,0,0,0,0,0,0,0
250293,1,1,21,21,21,21,21,21,21,21,21,21
250294,1,1,26,26,26,26,26,26,26,26,26,26
250295,1,1,0,0,0,0,0,0,0,0,0,0
250295,2,1,34,34,34,34,34,34,34,34,34,34
250296,0,1,0,0,0,0,0,0,0,0,0,0
250296,1,1,15,0,0,0,7,0,0,0,0,0
250297,1,1,9,9,9,9,9,9,9,9,9,9
250298,1,1,0,0,0,3,30,0,0,7,0,0
250298,2,1,20,0,12,4,9,0,0,21,0,0
250299,0,1,5,5,5,5,5,5,5,5,5,5
250299,1,1,0,0,0,0,0,0,0,0,0,0
250300,1,1,20,20,20,20,20,20,20,20,20,20
250301,1,1,0,0,0,0,0,0,0,0,0,0
250302,1,1,0,0,0,0,0,0,0,0,0,0
250302,2,1,0,0,0,0,0,0,0,0,0,0
250303,1,1,0,0,0,0,0,0,0,0,0,0
250303,2,1,15,15,15,15,15,15,15,15,15,15
250304,0,1,0,0,0,0,0,0,0,0,0,0
250304,1,1,26,17,10,9,25,8,15,6,13,16
250305,0,1,4,4,4,4,4,4,4,4,4,4
250305,1,1,8,0,8,0,0,0,0,0,0,0
250306,1,1,12,12,12,12,12,12,12,12,12,12
250306,2,1,0,18,0,0,0,0,0,0,0,0
250307,1,1,0,0,0,0,0,0,0,0,0,0
250307,2,1,0,0,0,0,0,0,0,0,0,0
250308,0,1,0,0,0,0,0,0,0,0,0,0
250308,1,1,0,0,36,0,0,0,0,0,0,0
250309,1,1,0,0,0,0,0,0,0,0,0,0
250310,1,1,0,0,0,0,0,0,0,0,0,0
250311,1,1,0,0,0,0,0,0,0,0,0,0
250311,2,1,0,0,0,0,0,0,0,0,0,0
250312,1,1,0,0,0,0,0,0,0,0,5,0
250313,1,1,30,30,30,30,30,30,30,30,30,30
250314,1,1,12,12,12,12,12,12,12,12,12,12
250315,1,1,24,24,24,24,24,24,24,24,24,24
250315,2,1,0,0,0,0,0,0,0,0,0,0
250316,1,1,0,0,0,0,0,0,0,0,0,0
250317,1,1,10,10,10,10,10,10,10,10,10,10
250318,1,1,0,0,0,0,0,0,0,0,0,0
250319,1,1,24,24,24,24,24,24,24,24,24,24
250319,2,1,0,0,0,0,0,0,0,0,0,0
250320,1,1,16,16,16,16,16,16,16,16,16,16
250320,2,1,0,7,0,0,0,0,0,0,0,0
250321,1,1,0,0,0,0,0,0,0,0,0,0
250322,1,1,0,0,0,0,0,0,0,0,0,0
250322,2,1,0,0,0,0,0,0,0,0,0,0
250323,1,1,0,0,0,0,0,0,0,0,0,0
250324,1,1,17,17,17,17,17,17,17,17,17,17
250325,1,1,0,0,0,0,0,0,0,0,0,0
250325,2,1,0,0,0,0,0,0,0,0,0,0
250326,1,1,0,0,0,0,0,0,20,0,0,12
250326,2,1,0,0,0,0,0,0,0,0,0,0
250327,1,1,13,13,13,13,13,13,13,13,13,13
250328,0,1,0,0,0,0,0,0,0,0,0,0
250328,1,1,0,0,0,11,33,0,0,0,0,0
250328,2,1,0,0,0,0,0,23,0,0,0,0
250329,1,1,0,0,0,0,0,0,0,0,0,0
250330,1,1,0,0,0,0,0,0,0,0,0,0
250331,1,1,0,0,0,0,0,0,0,0,0,0
250332,1,1,20,20,20,20,20,20,20,20,20,20
250333,1,1,0,0,0,0,0,0,0,0,0,0
250334,1,1,0,0,0,0,0,0,0,0,0,0
250335,1,1,46,46,46,46,46,46,46,46,46,46
250336,1,1,8,8,8,8,8,8,8,8,8,8
250336,2,1,0,0,0,0,0,0,0,0,0,0
250337,1,1,17,17,17,17,17,17,17,17,17,17
250338,1,1,0,0,16,18,0,21,0,0,22,17
250338,2,1,0,0,0,0,0,0,0,0,0,0
250340,1,1,0,0,0,0,0,0,0,0,0,0
250340,2,1,0,0,0,12,0,0,0,0,0,0
250341,1,1,0,0,0,0,0,0,0,0,0,0
250341,2,1,2,30,8,17,9,11,22,8,8,12
250342,1,1,0,0,0,0,0,0,0,0,0,0
250342,2,1,0,0,0,0,0,8,0,0,0,14
250343,1,1,8,13,37,8,21,17,9,13,36,12
250344,1,1,3,3,3,3,3,3,3,3,3,3
250345,0,1,0,0,0,0,0,0,0,0,0,0
250345,1,1,11,0,0,0,3,0,0,0,0,0
250346,1,1,10,10,10,10,10,10,10,10,10,10
250346,2,1,0,0,0,0,0,0,0,0,0,0
250347,1,1,19,19,19,19,19,19,19,19,19,19
250348,1,1,25,25,25,25,25,25,25,25,25,25
250348,2,1,0,0,5,0,0,0,0,0,0,0
250349,0,1,23,23,23,23,23,23,23,23,23,23
250349,1,1,0,0,0,0,0,0,0,0,0,0
250349,2,1,0,9,0,0,0,0,0,0,0,8
250350,0,1,0,0,0,0,0,0,0,0,0,0
250350,1,1,0,0,0,0,0,0,0,0,0,0
250351,0,1,0,0,0,0,0,0,0,0,0,0
250351,1,1,0,0,0,0,0,0,0,0,0,0
250352,1,1,0,0,0,0,0,0,0,13,0,5
250352,2,1,0,0,0,0,0,0,0,0,0,0
250352,3,1,0,0,0,0,0,0,0,0,0,0
250353,1,1,0,0,0,0,0,0,0,0,0,0
250353,2,1,0,0,0,0,0,0,18,0,0,0
250354,0,1,0,0,0,0,0,0,0,0,0,0
250354,1,1,15,8,12,0,22,18,0,27,3,0
250355,1,1,0,0,0,0,0,0,0,0,0,0
250356,1,1,16,0,0,0,0,0,0,0,15,0
250356,2,1,22,11,0,0,18,9,0,7,17,0
250356,3,1,14,0,0,0,19,0,5,0,0,21
250357,1,1,0,0,0,0,0,0,0,0,0,0
250357,2,1,0,0,0,0,0,0,2,0,0,0
250358,1,1,0,0,0,0,0,0,0,0,0,0
250358,2,1,0,0,0,0,0,0,0,0,18,0
250359,1,1,0,0,0,0,0,0,0,0,0,0
250359,2,1,0,0,0,0,0,0,0,0,0,0
250360,1,1,22,22,22,22,22,22,22,22,22,22
250361,1,1,0,0,0,0,0,0,0,0,0,0
250361,2,1,0,0,0,0,0,0,0,0,0,0
250362,1,1,18,18,18,18,18,18,18,18,18,18
250363,0,1,0,0,0,0,0,0,0,0,0,0
250363,1,1,0,0,0,0,0,0,0,0,0,0
250363,2,1,0,0,0,0,0,0,0,0,0,0
250364,0,1,0,0,0,0,0,0,0,0,0,0
250364,1,1,9,0,0,0,9,13,0,0,16,0
250365,0,1,0,0,0,0,0,0,0,0,0,0
250365,1,1,0,0,0,0,0,0,0,0,0,0
250365,2,1,0,0,0,0,0,0,0,18,0,0
250366,1,1,20,20,20,20,20,20,20,20,20,20
250367,0,1,3,3,3,3,3,3,3,3,3,3
250367,1,1,0,0,0,0,0,0,5,0,0,0
250368,0,1,0,0,0,0,0,0,0,0,0,0
250368,1,1,0,0,0,0,0,0,0,0,0,0
250369,0,1,50,50,50,50,50,50,50,50,50,50
250369,1,1,21,5,18,13,0,9,14,20,19,8
250370,1,1,10,0,15,3,0,0,0,15,0,28
250371,1,1,0,0,0,0,0,0,0,0,0,0
250372,1,1,12,0,0,0,0,0,20,0,0,0
250372,2,1,0,0,0,0,0,0,0,0,0,0
250373,1,1,10,10,10,10,10,10,10,10,10,10
250374,1,1,0,0,0,0,0,0,0,0,0,0
250374,2,1,0,0,0,0,0,0,0,0,0,0
250375,0,1,29,29,29,29,29,29,29,29,29,29
250375,1,1,0,0,0,0,0,0,0,0,0,0
250376,0,1,0,0,0,0,0,0,0,0,0,0
250376,1,1,10,4,0,17,12,10,11,0,15,10
250377,0,1,10,10,10,10,10,10,10,10,10,10
250377,1,1,0,0,0,0,0,0,0,0,0,0
250377,2,1,11,0,9,12,0,0,0,0,11,12
250378,1,1,0,0,0,0,0,0,0,0,0,22
250378,2,1,11,11,11,11,11,11,11,11,11,11
250379,1,1,0,0,0,0,0,0,0,0,0,0
250379,2,1,0,0,0,0,0,0,0,0,0,0
250380,1,1,0,0,0,0,0,0,0,0,0,0
250380,2,1,0,0,0,0,0,0,0,0,0,0
250381,1,1,11,11,11,11,11,11,11,11,11,11
250382,1,1,4,4,4,4,4,4,4,4,4,4
250382,2,1,0,0,0,0,0,0,0,0,0,0
250382,3,1,0,0,0,0,0,0,0,0,0,0
250383,1,1,0,0,0,0,0,0,0,0,0,0
250383,2,1,0,0,0,0,0,0,0,0,0,0
250383,3,1,0,0,0,0,0,0,0,0,0,0
250384,1,1,0,0,0,0,0,0,0,0,0,0
250384,2,1,0,0,0,9,0,0,0,0,13,0
250385,1,1,16,16,16,16,16,16,16,16,16,16
250385,2,1,0,0,21,4,13,0,14,19,16,19
250386,1,1,15,12,8,0,0,0,0,0,0,0
250386,2,1,8,0,9,0,0,0,0,0,0,0
250387,1,1,0,0,0,0,0,0,0,0,0,0
250387,2,1,0,0,0,0,0,0,0,0,0,0
250388,1,1,8,0,0,0,0,0,0,0,0,0
250388,2,1,0,0,0,0,0,0,0,0,0,0
250389,0,1,22,22,22,22,22,22,22,22,22,22
250389,1,1,0,0,0,0,0,0,0,11,0,0
250390,0,1,0,0,0,0,0,0,0,0,0,0
250390,1,1,0,1,0,0,0,0,0,0,0,0
250391,1,1,0,0,0,0,0,0,0,0,0,0
250392,1,1,2,0,0,6,0,7,0,0,0,0
250392,2,1,9,9,9,9,9,9,9,9,9,9
250393,1,1,0,0,0,0,0,0,0,0,0,0
250393,2,1,0,0,0,6,0,0,0,0,0,0
250394,1,1,0,15,11,0,0,6,27,0,0,14
250394,2,1,0,0,0,0,0,0,0,0,0,0
250394,3,1,0,0,0,0,0,0,0,0,0,0
250394,4,1,0,0,16,16,0,0,0,0,0,0
250395,1,1,0,0,0,0,0,0,0,0,0,0
250395,2,1,0,0,0,0,0,0,11,0,0,0
250395,3,1,0,0,0,0,0,0,0,0,0,0
250396,1,1,1,1,1,1,1,1,1,1,1,1
250396,2,1,9,0,0,0,0,16,0,0,0,0
250397,0,1,0,0,0,0,0,0,0,0,0,0
250397,1,1,13,11,0,0,0,14,35,0,0,17
250397,2,1,0,0,0,0,0,0,0,0,0,0
250397,4,1,0,0,0,0,3,0,0,0,0,0
250398,1,1,0,0,0,0,13,0,0,0,0,0
250398,2,1,0,0,0,0,0,0,0,0,0,0
250398,3,1,0,0,22,0,0,0,0,0,0,0
250399,1,1,0,0,13,0,21,0,18,0,0,9
250399,2,1,0,0,0,0,0,0,0,0,0,0
250399,3,1,0,0,0,0,0,0,0,0,0,0
250400,1,1,10,10,10,10,10,10,10,10,10,10
250400,2,1,0,0,0,0,0,0,10,0,0,0
250400,3,1,0,0,0,0,2,9,0,0,0,0
250401,1,1,0,0,0,0,0,0,0,0,0,0
250401,2,1,0,0,0,0,0,0,0,0,0,0
250402,0,1,0,0,0,0,0,0,0,0,0,0
250402,1,1,0,0,0,0,0,0,0,0,0,0
250402,2,1,0,0,0,0,0,0,0,0,0,0
250402,5,1,0,0,0,0,0,0,0,0,0,23
250403,2,1,0,0,0,0,0,0,0,0,0,0
250404,0,1,0,0,0,0,0,0,0,0,0,0
250404,1,1,17,11,3,38,23,24,3,5,23,16
250404,3,1,0,0,0,0,0,0,0,0,0,0
260001,1,1,7,7,7,7,7,7,7,7,7,7
260002,1,1,0,0,0,0,0,0,0,0,0,0
260003,1,1,0,0,0,0,0,0,0,0,0,0
260003,2,1,0,0,0,0,0,0,0,0,0,0
260004,1,1,0,0,0,0,0,0,0,0,0,0
260004,2,1,0,0,0,0,0,0,0,0,0,0
260005,0,1,0,0,0,0,0,0,30,0,0,0
260005,1,1,0,0,0,0,0,0,0,0,0,0
260006,1,1,0,0,0,0,0,0,0,0,0,0
260007,0,1,0,0,0,0,0,0,0,0,0,0
260007,1,1,0,0,0,0,0,0,0,0,0,0
260008,1,1,26,26,26,26,26,26,26,26,26,26
260009,1,1,21,21,21,21,21,21,21,21,21,21
260010,1,1,0,0,0,0,0,0,0,0,0,0
260010,2,1,0,0,0,0,0,0,0,0,0,0
260011,0,1,6,25,23,0,12,6,27,7,26,17
260011,1,1,0,0,0,0,0,0,0,0,0,0
260012,1,1,0,0,0,0,0,0,0,0,0,0
260012,2,1,0,0,0,0,0,0,0,0,0,0
260013,1,1,0,0,0,0,0,0,0,0,0,0
260013,2,1,0,0,0,0,0,0,0,0,0,0
260014,1,1,0,0,0,0,0,0,0,0,0,0
260015,1,1,16,16,16,16,16,16,16,16,16,16
260016,0,1,0,0,0,0,0,0,0,0,25,0
260016,1,1,0,0,7,0,0,0,0,0,0,5
260017,1,1,10,0,0,0,0,0,0,0,0,0
260018,0,1,0,0,0,0,0,13,0,0,0,0
260018,1,1,0,0,0,0,0,0,0,0,19,0
260018,2,1,0,0,0,0,0,0,0,0,0,0
260019,0,1,0,0,0,0,0,0,0,0,0,0
260019,1,1,0,0,0,0,0,0,0,0,0,0
260020,1,1,0,0,0,0,0,0,0,0,0,0
260020,2,1,0,0,0,0,0,0,0,0,0,0
260021,1,1,0,0,0,0,0,0,0,0,0,0
260021,2,1,0,0,0,0,0,0,0,0,0,0
260022,1,1,0,0,0,0,0,0,0,0,0,6
260023,1,1,7,0,0,0,0,0,0,0,0,0
260024,1,1,21,21,21,21,21,21,21,21,21,21
260024,2,1,0,0,0,0,0,0,0,0,0,0
260025,1,1,3,3,3,3,3,3,3,3,3,3
260026,1,1,0,0,0,0,0,0,6,0,0,0
260026,2,1,0,0,21,0,0,0,0,30,0,0
260026,3,1,0,0,0,0,0,0,0,0,0,0
260027,1,1,0,0,0,0,0,0,0,0,0,0
260027,2,1,0,0,0,0,0,0,0,0,0,0
260028,1,1,0,0,0,0,0,0,0,0,0,0
260028,2,1,0,0,0,0,0,0,0,0,0,0
260029,1,1,0,0,0,9,0,0,0,0,0,10
260030,0,1,0,0,0,0,0,0,0,0,0,0
260030,1,1,0,0,0,0,0,0,0,0,0,0
260031,1,1,38,0,0,19,27,0,0,22,29,0
260032,1,1,22,25,12,24,10,9,11,22,11,28
260033,1,1,26,26,26,26,26,26,26,26,26,26
260033,2,1,0,0,0,0,11,28,0,0,0,0
260034,0,1,0,0,0,0,0,0,0,0,0,0
260034,1,1,10,0,0,0,0,0,36,0,0,0
260035,1,1,0,0,0,0,0,6,0,0,0,0
260035,2,1,0,0,0,0,0,0,0,0,9,0
260036,0,1,18,0,0,0,0,0,0,0,0,0
260036,1,1,12,13,0,11,0,19,4,0,0,18
260037,1,1,0,0,0,0,0,0,0,0,0,0
260037,2,1,0,0,0,0,0,0,0,0,0,0
260038,1,1,0,0,0,0,41,0,0,0,0,0
260039,0,1,22,0,17,13,36,10,23,34,26,24
260039,1,1,0,0,0,0,0,0,0,0,0,0
260040,1,1,20,13,16,22,13,25,10,9,9,13
260041,1,1,32,32,32,32,32,32,32,32,32,32
260042,1,1,0,0,0,0,0,0,0,0,0,0
260042,2,1,0,0,0,0,0,0,0,0,0,0
260042,3,1,0,0,13,0,0,0,0,0,0,0
260043,1,1,0,0,0,0,0,0,0,0,0,0
260043,2,1,0,0,0,0,0,0,0,0,0,0
260043,3,1,0,0,0,0,0,0,0,0,0,0
260044,1,1,0,0,0,0,0,0,0,0,0,0
260045,1,1,30,0,0,0,0,0,0,0,0,0
260045,2,1,0,0,0,0,0,0,0,0,8,20
260046,1,1,0,0,0,0,0,0,0,0,0,0
260046,2,1,11,0,0,0,0,0,0,3,0,0
260047,1,1,0,0,0,0,0,0,0,0,0,0
260047,2,1,32,32,32,32,32,32,32,32,32,32
260048,1,1,0,0,0,0,0,0,0,0,0,0
260048,2,1,0,0,0,0,0,0,0,0,0,0
260049,1,1,8,0,0,0,0,0,0,0,0,0
260050,1,1,0,0,0,0,0,0,0,0,0,0
260050,2,1,0,0,0,0,0,4,0,0,0,0
260051,0,1,0,0,0,0,0,0,0,0,0,0
260051,1,1,0,0,0,0,0,0,0,0,0,0
260052,1,1,0,0,0,0,0,0,0,0,0,0
260053,1,1,0,0,0,0,0,0,0,0,0,0
260053,2,1,0,0,0,0,0,0,0,0,0,0
260054,1,1,0,0,0,0,0,0,0,0,0,0
260054,2,1,0,0,0,0,0,0,0,0,0,0
260055,1,1,0,0,0,0,0,0,0,0,0,0
260055,2,1,0,0,0,0,0,0,0,0,0,0
260055,3,1,0,0,0,0,0,0,0,0,0,0
260055,4,1,0,0,0,0,0,0,0,0,0,0
260056,1,1,0,0,0,0,0,0,0,0,0,0
260057,1,1,0,0,0,0,0,0,0,0,0,0
260057,2,1,0,0,0,0,0,0,0,0,0,0
260057,3,1,0,0,0,0,0,0,0,0,0,0
260058,0,1,0,0,0,0,0,0,0,0,0,0
260058,1,1,0,0,0,0,0,0,0,0,0,0
260059,1,1,38,15,37,42,23,14,17,30,19,24
260060,0,1,0,13,9,0,0,0,0,0,0,0
260060,1,1,0,0,0,0,0,0,0,0,0,0
260061,1,1,14,14,14,14,14,14,14,14,14,14
260061,2,1,0,0,0,0,0,0,0,0,0,0
260062,1,1,19,0,6,9,9,19,28,20,6,0
260063,1,1,12,12,12,12,12,12,12,12,12,12
260064,1,1,0,0,0,0,0,0,0,0,0,0
260065,0,1,0,0,0,0,0,0,0,17,0,0
260065,1,1,0,0,0,0,0,0,0,0,0,0
260066,1,1,14,14,14,14,14,14,14,14,14,14
260067,0,1,7,25,27,35,20,23,19,12,22,22
260067,1,1,0,0,0,0,0,0,0,0,0,0
260068,1,1,16,16,16,16,16,16,16,16,16,16
260068,2,1,0,0,0,0,0,16,0,0,0,0
260068,3,1,0,0,0,0,0,0,0,0,0,0
260069,1,1,0,0,0,0,0,0,0,0,0,0
260070,1,1,8,8,8,8,8,8,8,8,8,8
260070,2,1,0,0,0,0,0,0,0,0,0,0
260071,1,1,0,0,11,0,0,0,0,0,0,0
260072,1,1,0,0,0,0,0,0,0,0,0,0
260072,2,1,0,0,0,0,0,0,0,0,0,0
260072,3,1,0,0,0,0,0,0,0,0,0,0
260073,0,1,0,0,0,0,0,0,0,0,19,0
260073,1,1,0,0,0,0,0,0,0,0,0,0