ST_CASE,VEH_NO,PER_NO,P1,P2,P3,P4,P5,P6,P7,P8,P9,P10
260390,1,1,0,0,0,0,0,0,0,0,0,0
260390,2,1,0,0,0,0,0,0,11,0,0,0
260391,1,1,17,17,17,17,17,17,17,17,17,17
260391,2,1,0,0,21,0,0,0,0,0,0,0
260391,3,1,0,0,0,0,0,0,0,0,0,0
260392,1,1,0,0,0,0,0,0,0,0,0,0
260392,2,1,0,0,0,0,0,0,0,0,0,0
260393,0,1,6,6,6,6,6,6,6,6,6,6
260393,1,1,0,0,0,0,0,0,0,0,0,0
260394,1,1,0,0,0,0,0,0,0,0,0,0
260394,2,1,0,0,0,0,0,0,0,0,0,0
260395,1,1,21,4,22,16,0,8,14,16,14,6
260396,1,1,29,29,29,29,29,29,29,29,29,29
260397,1,1,0,0,0,0,14,0,0,0,0,0
260397,2,1,25,0,0,0,0,0,0,0,0,0
260398,1,1,0,0,0,0,0,0,0,0,0,0
260398,2,1,0,0,0,0,0,0,0,0,0,0
260399,1,1,20,20,20,20,20,20,20,20,20,20
260400,1,1,0,0,0,0,0,0,0,0,0,0
260400,2,1,14,0,0,0,0,0,0,0,0,0
260401,1,1,2,2,2,2,2,2,2,2,2,2
260401,2,1,0,0,31,0,0,0,5,14,0,0
260402,1,1,0,0,0,3,12,0,0,0,0,0
260402,2,1,0,0,0,0,0,0,0,0,0,0
260403,1,1,0,0,0,0,0,0,0,0,0,0
260404,0,1,0,0,0,25,0,0,0,0,0,26
260404,1,1,4,0,9,20,3,4,21,18,9,0
260405,1,1,19,28,29,11,13,24,20,20,16,11
260406,1,1,0,0,0,0,0,0,0,0,0,0
260406,2,1,0,0,0,0,0,0,0,0,0,0
260407,1,1,0,0,0,0,0,20,0,0,0,0
260407,2,1,23,23,23,23,23,23,23,23,23,23
260408,0,1,0,0,0,0,0,0,0,0,0,37
260408,1,1,0,0,0,0,0,0,0,0,0,0
260409,1,1,0,0,0,0,0,0,0,0,0,0
260409,2,1,0,0,0,0,0,0,0,0,0,0
260410,1,1,19,19,19,19,19,19,19,19,19,19
260411,1,1,4,0,21,8,0,0,0,0,0,0
260411,2,1,0,0,0,0,0,0,0,0,0,0
260412,1,1,19,19,19,19,19,19,19,19,19,19
260412,2,1,0,0,0,0,0,0,0,0,0,0
260413,1,1,0,0,10,0,0,0,0,0,0,0
260414,1,1,0,0,0,0,0,0,0,0,0,0
260414,2,1,0,0,0,0,0,0,0,0,0,0
260415,1,1,1,1,1,1,1,1,1,1,1,1
260416,1,1,0,0,0,0,0,0,0,0,0,0
260416,2,1,0,0,0,0,0,0,0,0,0,0
260417,1,1,0,0,0,0,0,14,22,0,0,0
260418,1,1,0,0,0,0,0,0,0,0,0,0
260418,2,1,0,0,0,0,0,0,0,0,0,0
260419,1,1,0,0,0,0,0,0,0,0,0,0
260419,2,1,0,0,0,0,8,0,0,0,0,0
260420,0,1,7,0,0,27,0,0,0,0,0,0
260420,1,1,9,2,0,0,0,7,0,0,10,0
260421,1,1,0,0,0,0,0,0,0,0,0,0
260422,1,1,0,0,0,0,0,0,0,0,0,0
260422,2,1,0,0,0,0,0,0,0,0,0,0
260423,1,1,0,0,0,0,0,15,0,0,0,0
260424,1,1,19,0,21,0,0,0,0,0,33,0
260425,0,1,0,0,0,0,0,0,0,0,0,0
260425,1,1,0,0,0,0,0,0,0,0,0,0
260426,0,1,0,0,0,0,22,0,0,0,21,0
260426,1,1,0,0,0,0,0,0,0,0,0,0
260427,1,1,0,0,0,0,0,0,0,0,0,0
260427,2,1,2,2,2,2,2,2,2,2,2,2
260428,1,1,20,13,17,9,13,10,13,15,17,21
260428,2,1,10,0,0,0,0,0,0,0,0,0
260429,1,1,16,28,21,21,28,23,39,11,9,0
260430,1,1,21,21,21,21,21,21,21,21,21,21
260431,1,1,22,0,0,0,0,0,0,0,0,0
260431,2,1,0,0,0,0,0,0,0,0,0,15
260432,1,1,11,27,12,16,24,11,18,13,15,8
260433,1,1,0,0,0,0,0,0,0,0,0,0
260433,2,1,0,0,0,0,0,0,0,0,0,0
260434,1,1,18,28,10,13,13,36,9,16,24,20
260435,1,1,0,0,0,0,0,0,0,0,0,0
260436,1,1,0,0,16,0,0,0,0,0,0,17
260437,1,1,0,0,0,0,0,0,0,0,0,0
260437,2,1,0,0,0,0,0,0,0,0,0,0
260438,1,1,0,0,0,0,0,0,0,0,0,0
260438,2,1,0,0,0,0,0,0,0,0,0,0
260439,0,1,0,0,0,14,0,0,0,0,0,0
260439,2,1,0,0,0,0,0,0,0,0,0,0
260439,3,1,0,0,0,0,0,0,0,0,0,0
260440,1,1,0,0,0,0,0,0,0,0,0,0
260440,2,1,0,0,0,0,0,0,0,0,0,0
260440,3,1,0,0,0,0,0,0,0,0,0,0
260441,1,1,8,8,8,8,8,8,8,8,8,8
260442,1,1,0,0,0,0,0,0,20,0,0,0
260443,1,1,0,0,0,0,0,0,0,0,0,0
260443,2,1,0,0,0,0,0,0,0,0,0,0
260444,1,1,0,0,0,0,0,0,0,0,0,0
260444,2,1,0,0,0,0,0,0,0,0,0,0
260445,1,1,0,0,0,0,0,0,0,0,0,0
260445,2,1,0,0,0,0,0,0,0,0,0,0
260446,1,1,18,18,18,18,18,18,18,18,18,18
260446,2,1,0,0,0,0,0,0,0,0,0,0
260447,1,1,11,11,11,11,11,11,11,11,11,11
260448,1,1,0,0,0,0,0,0,0,0,0,0
260448,2,1,4,10,14,23,13,0,27,21,0,12
260449,1,1,0,0,0,0,0,0,0,0,0,0
260449,2,1,0,0,0,0,0,0,0,0,0,0
260450,1,1,1,1,1,1,1,1,1,1,1,1
260450,2,1,0,0,0,0,12,30,0,30,0,0
260451,0,1,13,13,13,13,13,13,13,13,13,13
260451,1,1,6,11,9,7,0,9,0,0,26,11
260452,1,1,8,8,8,8,8,8,8,8,8,8
260453,1,1,0,0,0,0,0,0,0,0,0,0
260453,2,1,0,0,0,0,0,22,0,0,0,0
260454,1,1,22,22,22,22,22,22,22,22,22,22
260455,1,1,0,0,0,0,0,0,0,0,0,0
260455,2,1,0,0,0,0,0,0,0,0,0,0
260456,1,1,0,0,0,0,0,0,0,0,0,0
260456,2,1,0,0,0,0,0,0,0,0,0,0
260456,3,1,0,0,0,0,0,0,0,0,0,0
260457,1,1,0,0,0,0,0,0,0,0,0,0
260457,2,1,0,0,0,0,0,0,0,14,0,0
260458,1,1,0,0,11,0,0,0,0,0,0,0
260458,2,1,0,0,0,0,0,0,0,0,0,0
260458,3,1,0,0,0,0,0,0,0,0,0,0
260459,1,1,0,0,0,0,0,0,0,0,0,0
260459,2,1,0,0,0,0,0,0,0,0,0,0
260460,1,1,0,0,0,0,0,0,0,0,0,0
260460,2,1,0,0,0,0,0,0,0,0,0,0
260461,1,1,0,0,0,23,0,0,0,0,0,0
260462,1,1,0,0,0,0,0,0,0,0,0,0
260462,2,1,0,0,0,0,0,0,0,0,0,0
260462,3,1,0,0,0,0,0,0,0,0,27,0
260463,1,1,0,0,0,0,0,0,0,0,17,0
260463,2,1,0,0,0,0,0,0,0,0,0,0
260464,1,1,22,22,22,22,22,22,22,22,22,22
260465,1,1,8,8,8,8,8,8,8,8,8,8
260466,1,1,0,23,0,0,0,20,0,0,0,14
260467,1,1,12,0,10,0,0,0,12,0,23,19
260467,2,1,0,0,0,0,0,0,0,0,0,0
260468,1,1,0,0,0,0,0,0,0,0,0,0
260469,1,1,12,12,12,12,12,12,12,12,12,12
260469,2,1,5,5,5,5,5,5,5,5,5,5
260470,1,1,4,4,4,4,4,4,4,4,4,4
260470,2,1,0,0,0,0,0,0,0,0,0,0
260471,1,1,0,0,0,0,0,0,0,0,0,0
260471,2,1,0,14,0,0,0,0,0,0,0,0
260472,1,1,32,32,32,32,32,32,32,32,32,32
260473,1,1,11,0,25,10,11,19,6,39,8,0
260474,1,1,0,0,0,0,0,0,0,0,47,0
260474,2,1,0,0,0,0,0,0,0,0,0,0
260475,1,1,0,0,0,0,0,0,0,0,0,0
260475,2,1,0,0,0,0,8,0,0,0,0,0
260476,0,1,7,7,7,7,7,7,7,7,7,7
260476,1,1,12,12,12,12,12,12,12,12,12,12
260477,0,1,0,0,0,0,9,0,0,0,0,0
260477,1,1,0,0,0,0,0,0,0,0,0,9
260478,1,1,19,19,19,19,19,19,19,19,19,19
260479,1,1,10,10,10,10,10,10,10,10,10,10
260479,2,1,0,0,0,0,0,0,0,0,0,0
260480,0,1,0,0,0,0,0,0,0,0,0,0
260480,1,1,8,20,11,10,25,0,0,10,23,3
260481,1,1,0,0,0,0,0,0,0,0,0,0
260482,0,1,0,0,0,0,0,0,0,0,0,0
260482,1,1,0,0,0,0,0,0,0,0,0,0
260483,1,1,0,0,32,0,0,0,0,0,0,0
260483,2,1,13,0,0,0,0,0,0,0,0,0
260484,1,1,15,8,13,12,15,26,10,10,17,25
260484,2,1,0,17,0,0,0,0,0,0,0,0
260484,3,1,0,0,0,3,0,0,0,0,0,0
260484,4,1,0,0,0,0,0,0,0,0,0,0
260485,1,1,14,14,14,14,14,14,14,14,14,14
260485,2,1,11,26,41,14,18,7,13,7,11,5
260486,1,1,0,0,0,0,0,0,7,0,0,0
260486,2,1,9,9,9,9,9,9,9,9,9,9
260487,1,1,0,0,0,0,0,0,0,0,0,0
260487,2,1,0,0,0,0,0,0,0,0,0,0
260488,1,1,0,0,0,0,0,0,0,0,0,0
260488,2,1,0,0,0,0,9,0,21,0,0,0
260489,1,1,0,0,0,0,0,0,0,0,0,0
260489,2,1,0,0,0,0,0,0,0,0,0,0
260490,1,1,6,0,0,0,0,0,0,0,3,13
260491,1,1,10,7,38,12,33,28,21,10,13,29
260491,2,1,0,0,0,0,0,0,0,0,0,0
260492,1,1,20,20,20,20,20,20,20,20,20,20
260492,2,1,0,0,0,16,14,0,0,0,0,0
260493,1,1,0,0,0,0,0,0,0,0,0,0
260493,2,1,0,0,0,0,0,0,0,0,0,0
260494,1,1,0,0,0,0,0,0,0,0,0,0
260494,2,1,0,0,9,0,0,0,0,0,0,0
260495,1,1,4,0,0,0,0,0,0,0,0,0
260496,1,1,0,0,0,0,0,0,0,0,0,0
260496,2,1,0,0,0,0,0,0,0,0,0,0
260497,1,1,17,17,17,17,17,17,17,17,17,17
260498,1,1,27,27,27,27,27,27,27,27,27,27
260498,2,1,0,0,0,0,0,0,0,0,0,0
260499,1,1,13,23,12,28,17,18,19,35,21,8
260499,2,1,0,0,0,9,0,0,0,0,0,0
260500,1,1,27,27,27,27,27,27,27,27,27,27
260501,1,1,0,0,0,0,0,0,0,0,0,0
260502,1,1,23,23,23,23,23,23,23,23,23,23
260503,1,1,0,0,0,0,0,0,19,0,0,0
260504,1,1,3,3,3,3,3,3,3,3,3,3
260504,2,1,0,0,0,0,0,0,0,0,0,0
260505,1,1,3,3,3,3,3,3,3,3,3,3
260506,1,1,0,0,11,0,17,0,0,0,20,0
260506,2,1,0,25,0,6,0,0,0,0,5,0
260507,1,1,1,1,1,1,1,1,1,1,1,1
260507,2,1,0,0,0,0,0,0,0,0,0,0
260508,1,1,0,0,0,0,0,0,0,0,0,0
260509,1,1,0,0,3,0,0,0,0,0,0,0
260509,2,1,0,0,14,0,0,7,0,0,4,0
260510,1,1,0,0,0,0,0,0,0,0,0,0
260510,2,1,0,0,0,0,0,0,0,0,0,0
260511,1,1,0,0,0,0,0,0,0,0,0,0
260511,2,1,15,15,15,15,15,15,15,15,15,15
260512,1,1,11,11,11,11,11,11,11,11,11,11
260513,1,1,0,0,0,0,0,0,0,0,0,0
260513,2,1,0,0,0,0,0,0,20,0,7,0
260514,0,1,0,0,0,17,0,0,0,0,0,0
260514,1,1,0,0,3,0,13,0,15,0,15,13
260515,0,1,0,0,0,0,0,0,0,0,0,0
260515,1,1,0,0,0,0,0,0,0,0,0,0
260516,0,1,0,0,0,0,0,0,0,0,0,0
260516,1,1,0,10,0,0,21,0,0,0,0,0
260517,1,1,34,34,34,34,34,34,34,34,34,34
260518,1,1,0,21,14,29,14,9,35,0,11,10
260519,1,1,0,0,0,0,0,0,0,0,0,0
260520,1,1,0,0,0,0,0,0,0,0,0,0
260520,2,1,0,0,0,0,0,0,0,0,19,0
260521,1,1,0,0,0,0,0,0,0,0,0,0
260521,2,1,0,0,0,0,0,0,0,0,0,0
260522,0,1,0,0,0,0,0,0,0,0,0,0
260522,1,1,0,0,0,0,0,0,0,0,0,0
260523,1,1,0,0,0,0,0,0,0,0,0,0
260523,2,1,0,0,0,0,0,0,0,0,0,0
260524,1,1,0,0,0,0,0,0,0,0,0,0
260524,2,1,0,0,0,0,0,0,0,0,0,0
260525,1,1,0,0,0,0,0,0,0,0,0,0
260525,2,1,0,0,0,0,0,0,0,0,0,0
260526,1,1,19,19,19,19,19,19,19,19,19,19
260526,2,1,1,1,1,1,1,1,1,1,1,1
260527,1,1,0,0,0,0,0,0,0,0,0,0
260527,2,1,0,0,0,0,0,0,0,0,0,0
260527,3,1,0,0,0,0,0,0,0,0,0,0
260528,1,1,21,7,31,19,16,21,0,16,10,9
260529,1,1,0,0,0,0,13,0,0,0,0,0
260529,2,1,0,0,0,0,0,0,0,0,0,0
260530,0,1,0,0,0,0,0,0,0,0,0,0
260530,1,1,0,0,0,0,0,0,0,0,0,0
260531,1,1,0,0,0,0,0,10,0,0,0,0
260532,1,1,0,0,0,0,0,0,0,0,0,0
260533,1,1,0,0,0,0,0,0,0,0,0,0
260533,2,1,18,18,18,18,18,18,18,18,18,18
260534,1,1,0,0,0,0,15,0,0,0,0,0
260534,2,1,0,0,0,0,0,0,22,0,0,0
260535,1,1,7,7,7,7,7,7,7,7,7,7
260536,1,1,0,0,0,0,0,0,0,0,0,0
260536,2,1,0,0,0,0,0,0,0,0,0,0
260536,3,1,0,0,0,0,0,0,0,0,0,0
260537,1,1,24,24,24,24,24,24,24,24,24,24
260537,2,1,0,0,0,0,0,0,0,0,0,0
260538,1,1,0,0,0,0,0,0,0,0,0,0
260538,2,1,0,0,0,0,0,0,0,0,0,0
260539,0,1,0,0,0,0,0,0,16,0,0,0
260539,1,1,0,0,20,0,8,0,0,0,0,0
260540,1,1,13,0,0,0,0,0,33,0,27,0
260541,1,1,0,0,0,0,0,0,0,0,0,0
260542,1,1,0,0,0,0,0,0,0,0,0,0
260542,2,1,0,0,0,0,0,0,0,0,0,0
260543,1,1,0,0,0,0,0,0,0,0,0,0
260543,2,1,0,0,0,0,0,0,0,0,0,0
260544,1,1,20,9,0,0,0,0,17,0,6,9
260545,1,1,0,0,0,0,0,0,0,0,0,0
260545,2,1,21,21,21,21,21,21,21,21,21,21
260546,1,1,0,0,0,0,0,0,0,0,0,0
260547,1,1,0,0,0,0,0,0,0,0,0,0
260547,2,1,5,0,0,33,0,0,0,0,0,0
260548,1,1,11,11,11,11,11,11,11,11,11,11
260549,1,1,31,31,31,31,31,31,31,31,31,31
260550,1,1,9,0,0,0,0,0,0,0,0,0
260550,2,1,0,0,0,0,0,0,0,0,0,0
260550,3,1,0,0,0,0,0,0,0,0,0,0
260551,0,1,11,27,28,10,0,9,16,5,27,11
260551,1,1,0,0,0,0,4,0,10,0,8,0
260552,1,1,27,27,27,27,27,27,27,27,27,27
260553,0,1,0,0,0,0,0,23,0,0,0,0
260553,1,1,0,0,0,0,0,0,0,0,0,0
260554,1,1,0,0,0,0,0,0,0,0,0,0
260554,2,1,0,0,16,0,0,0,0,0,0,0
260555,1,1,0,0,0,0,0,0,0,0,0,0
260555,2,1,0,0,0,0,0,0,0,0,0,0
260556,1,1,15,15,15,15,15,15,15,15,15,15
260557,1,1,0,0,0,0,0,0,0,0,0,0
260557,2,1,0,0,0,0,0,0,0,0,0,0
260558,1,1,0,0,0,0,0,0,0,0,0,0
260558,2,1,0,0,0,0,0,0,0,0,0,0
260559,1,1,2,2,2,2,2,2,2,2,2,2
260559,2,1,0,0,0,0,0,0,0,0,0,0
260560,1,1,0,0,0,0,0,0,0,0,0,0
260561,1,1,0,0,0,0,0,0,0,0,0,0
260562,1,1,0,0,0,0,0,0,0,0,0,0
260562,2,1,0,0,0,0,0,0,0,0,0,0
260563,1,1,0,0,0,0,0,0,0,0,0,0
260563,2,1,0,0,0,0,0,0,0,0,0,0
260564,0,1,25,25,25,25,25,25,25,25,25,25
260564,1,1,10,0,0,0,11,0,0,12,12,0
260565,1,1,0,0,0,0,0,0,0,0,0,0
260565,2,1,0,0,0,0,0,0,0,0,0,0
260566,1,1,0,0,0,0,0,0,0,0,0,0
260566,2,1,0,0,0,0,0,0,0,0,0,0
260566,3,1,0,0,0,0,0,0,0,0,0,0
260567,1,1,0,0,0,0,0,0,0,0,0,13
260567,2,1,0,0,0,0,0,0,0,0,0,0
260568,1,1,0,0,0,0,0,0,28,0,0,0
260569,1,1,0,0,0,0,0,0,0,0,0,0
260570,1,1,16,20,12,14,13,9,21,16,25,9
260571,0,1,0,0,0,0,0,0,0,0,0,0
260571,1,1,0,0,0,0,0,0,0,0,0,0
260572,1,1,0,0,0,0,0,0,0,0,0,0
260573,1,1,0,0,0,0,0,0,35,29,37,0
260573,2,1,0,0,11,0,2,0,0,0,0,18
260574,1,1,0,0,0,0,0,0,0,0,0,0
260574,2,1,33,20,18,4,25,8,21,12,13,19
260575,0,1,0,0,0,19,0,0,0,0,0,0
260575,1,1,0,0,0,0,0,0,0,0,0,0
260576,0,1,0,0,0,0,0,0,0,0,0,0
260576,1,1,0,0,0,0,0,0,0,0,0,0
260577,0,1,0,0,0,0,0,0,0,0,0,0
260577,1,1,0,0,21,0,0,0,0,0,0,0
260578,1,1,0,0,0,0,0,0,0,27,0,0
260578,2,1,0,30,0,0,0,19,0,0,0,0
260579,1,1,0,0,14,0,0,5,0,17,16,0
260580,1,1,0,0,0,0,0,0,0,0,0,0
260580,2,1,0,0,0,0,0,0,0,0,0,0
260581,1,1,0,0,0,0,0,0,0,0,0,0
260581,2,1,10,15,8,19,22,15,18,25,22,20
260582,1,1,29,27,22,10,14,29,8,19,20,18
260583,1,1,9,0,0,0,0,0,0,0,0,0
260583,2,1,0,0,0,0,0,0,0,0,0,0
260584,0,1,23,0,0,0,0,0,22,0,0,0
260584,1,1,0,6,0,0,0,0,0,0,0,0
260585,1,1,0,0,0,0,0,0,0,0,0,0
260585,2,1,0,0,0,0,0,0,0,0,0,0
260586,1,1,0,0,0,0,0,0,0,0,0,0
260587,1,1,0,0,0,0,0,0,0,0,0,0
260587,2,1,0,0,0,0,0,0,0,0,0,0
260587,3,1,0,0,0,0,0,0,0,0,0,0
260588,1,1,0,0,12,0,0,0,0,0,0,0
260589,1,1,0,0,0,0,0,0,0,0,0,0
260589,2,1,0,0,0,19,0,0,0,0,0,0
260589,3,1,0,0,0,0,0,0,0,0,0,0
260590,1,1,24,24,24,24,24,24,24,24,24,24
260590,2,1,0,0,0,30,0,0,0,0,0,0
260591,1,1,14,14,14,14,14,14,14,14,14,14
260592,1,1,13,13,13,13,13,13,13,13,13,13
260592,2,1,0,0,0,0,0,0,0,0,0,0
260593,1,1,0,16,0,0,0,0,0,0,0,0
260593,2,1,0,0,0,0,0,0,0,0,19,0
260594,1,1,0,0,0,0,0,0,0,0,0,0
260594,2,1,0,0,0,0,0,0,0,0,0,0
260595,1,1,22,22,22,22,22,22,22,22,22,22
260596,1,1,13,13,13,13,13,13,13,13,13,13
260597,1,1,0,4,20,0,0,0,0,0,0,4
260597,2,1,0,0,0,0,0,0,0,0,0,0
260598,1,1,14,14,14,14,14,14,14,14,14,14
260599,1,1,11,50,8,17,3,19,11,10,10,3
260600,1,1,0,0,0,0,0,0,0,0,0,0
260600,2,1,0,0,0,0,0,0,0,0,0,0
260600,3,1,0,0,0,0,0,0,0,0,0,0
260600,4,1,0,0,0,0,0,0,0,0,0,0
260601,1,1,0,16,0,0,31,17,0,0,0,0
260601,2,1,0,16,0,0,0,0,0,5,0,0
260602,1,1,21,21,21,21,21,21,21,21,21,21
260603,1,1,7,0,0,0,0,0,0,0,0,0
260604,0,1,0,0,0,0,21,0,0,31,0,0
260604,1,1,0,0,0,0,0,0,0,0,0,0
260605,1,1,0,0,0,0,0,0,0,0,0,0
260605,2,1,0,0,0,0,0,0,0,0,0,0
260606,1,1,0,0,0,14,0,20,0,0,0,0
260607,1,1,0,0,0,24,0,0,0,0,25,0
260608,1,1,0,0,0,0,0,0,0,0,0,0
260609,0,1,0,0,0,0,0,0,0,0,0,0
260609,1,1,0,0,0,0,0,0,0,0,0,0
260610,1,1,0,0,0,0,0,0,0,0,0,0
260610,2,1,0,0,0,0,0,0,0,0,0,0
260611,1,1,18,13,34,24,23,20,24,16,14,22
260612,1,1,7,7,7,7,7,7,7,7,7,7
260613,1,1,0,7,5,15,0,0,12,0,0,0
260614,0,1,0,20,21,0,0,0,0,0,0,23
260614,1,1,0,0,14,0,0,0,0,0,0,0
260615,1,1,0,0,0,0,0,0,0,0,0,0
260615,2,1,0,0,0,0,0,0,0,0,0,0
260616,1,1,0,0,0,0,13,18,0,3,0,12
260617,0,1,0,0,0,0,0,0,0,0,0,0
260617,1,1,0,0,0,0,0,0,0,0,0,0
260618,1,1,9,9,9,9,9,9,9,9,9,9
260619,1,1,1,1,1,1,1,1,1,1,1,1
260620,1,1,0,0,0,0,0,0,0,0,0,0
260621,1,1,0,0,0,0,0,0,0,0,0,17
260621,2,1,0,0,0,0,0,0,0,0,0,0
260622,1,1,0,0,16,0,12,0,0,0,0,0
260622,2,1,0,0,0,0,0,0,0,0,0,0
260623,1,1,7,7,7,7,7,7,7,7,7,7
260623,2,1,0,0,0,0,0,0,0,0,0,0
260624,1,1,22,28,5,17,27,16,19,22,11,4
260625,1,1,0,0,0,0,0,0,0,0,0,0
260625,2,1,0,0,0,0,0,0,0,0,0,0
260626,1,1,20,20,20,20,20,20,20,20,20,20
260627,1,1,0,0,0,0,0,0,0,0,0,0
260627,2,1,0,0,0,0,0,0,0,0,0,0
260628,1,1,0,0,0,0,0,0,11,0,0,0
260628,2,1,0,0,0,0,0,0,0,0,0,0
260629,1,1,0,0,0,0,0,0,0,0,0,0
260630,1,1,17,17,17,17,17,17,17,17,17,17
260632,1,1,0,0,0,0,0,0,0,0,0,0
260632,2,1,0,0,0,0,0,0,0,0,0,0
260633,1,1,0,0,0,0,0,0,0,0,0,0
260633,2,1,0,0,0,0,0,0,0,0,0,0
260634,0,1,0,0,0,0,10,0,0,0,0,0
260634,1,1,0,0,0,0,0,0,0,0,0,0
260635,0,1,23,0,20,0,0,0,0,0,0,0
260635,1,1,0,0,0,0,0,0,0,0,0,0
260636,1,1,0,0,0,0,0,0,0,0,0,0
260636,2,1,0,0,0,0,0,0,0,0,0,0
260637,1,1,0,0,12,0,0,0,0,0,0,0
260637,2,1,0,0,0,0,0,0,0,0,0,0
260638,1,1,0,0,0,0,0,0,0,0,0,0
260638,2,1,0,0,0,0,0,0,0,0,0,0
260639,1,1,0,0,0,0,0,0,0,0,0,0
260639,2,1,0,0,17,0,0,0,0,0,0,0
260640,1,1,17,17,17,17,17,17,17,17,17,17
260641,1,1,0,0,0,0,0,0,0,0,0,0
260642,1,1,0,0,0,0,0,0,0,0,0,0
260642,2,1,0,9,0,0,0,0,0,0,0,0
260643,1,1,0,0,0,0,0,0,0,0,0,23
260643,2,1,0,0,0,0,0,0,0,0,0,0
260644,1,1,7,7,7,7,7,7,7,7,7,7
260645,1,1,0,0,0,0,0,0,0,0,0,0
260645,2,1,0,0,0,0,0,0,0,0,0,0
260646,0,1,0,0,0,16,0,0,0,0,0,23
260646,0,2,0,0,0,2,0,0,0,0,0,0
260646,1,1,0,0,0,0,0,0,0,0,0,0
260647,1,1,0,0,0,0,0,0,0,0,0,0
260648,1,1,0,0,16,0,42,0,0,0,14,0
260649,1,1,13,13,13,13,13,13,13,13,13,13
260649,2,1,0,0,24,0,0,0,0,0,0,0
260651,1,1,0,0,0,0,0,22,16,11,0,0
260652,1,1,15,15,15,15,15,15,15,15,15,15
260652,2,1,13,0,0,0,0,0,0,0,0,0
260653,0,1,0,0,0,0,0,0,0,0,0,0
260653,1,1,0,0,0,0,0,0,0,0,0,0
260654,1,1,0,0,0,0,0,0,0,0,0,0
260655,1,1,16,16,16,16,16,16,16,16,16,16
260656,0,1,0,0,0,0,0,0,0,0,15,0
260656,1,1,0,0,0,0,0,0,0,0,0,0
260657,1,1,0,2,0,0,0,0,0,0,0,20
260657,2,1,0,0,0,0,0,0,0,0,0,0
260658,1,1,0,0,0,0,0,28,0,0,0,0
260658,2,1,0,0,0,0,0,0,0,0,0,0
260658,3,1,0,0,0,0,0,0,0,0,0,0
260658,4,1,0,0,0,0,0,0,0,0,0,0
260659,1,1,27,27,27,27,27,27,27,27,27,27
260659,2,1,0,0,0,0,0,0,0,0,0,0
260660,0,1,0,0,0,0,0,0,0,0,0,0
260660,1,1,0,0,0,0,0,0,0,0,0,0
260661,1,1,10,10,10,10,10,10,10,10,10,10
260662,1,1,0,0,0,0,0,0,0,0,0,0
260663,1,1,0,0,0,0,0,0,0,0,0,0
260664,1,1,0,0,0,0,0,0,0,0,0,0
260664,2,1,0,0,0,0,0,0,0,0,0,0
260665,1,1,0,0,0,0,0,0,0,0,0,0
260666,1,1,0,0,0,0,0,0,0,0,0,0
260666,2,1,0,0,0,0,0,0,0,0,0,0
260667,1,1,29,29,29,29,29,29,29,29,29,29
260668,1,1,21,21,21,21,21,21,21,21,21,21
260668,2,1,0,0,0,0,0,0,0,0,0,0
260669,1,1,0,0,0,0,0,0,0,0,0,0
260669,2,1,0,0,0,0,0,9,0,0,0,0
260670,0,1,0,0,0,0,0,22,0,0,0,0
260670,1,1,0,0,0,0,0,0,0,0,0,0
260671,1,1,0,0,0,18,0,0,0,0,0,11
260672,1,1,0,0,0,0,0,0,0,0,0,0
260672,2,1,0,0,0,0,0,0,0,0,0,0
260673,1,1,0,0,0,0,0,0,0,0,0,0
260673,2,1,0,0,0,0,0,0,0,0,0,0
260674,0,1,0,0,19,43,0,0,0,0,0,0
260674,1,1,14,14,14,14,14,14,14,14,14,14
260675,1,1,0,0,4,0,0,0,0,0,0,0
260675,2,1,0,0,0,0,0,0,0,0,0,0
260676,1,1,0,0,0,0,0,0,0,0,20,17
260677,1,1,0,0,0,0,0,0,0,0,0,0
260678,1,1,0,0,0,0,0,0,0,0,0,0
260678,2,1,0,0,0,0,0,0,0,0,0,0
260679,1,1,16,16,16,16,16,16,16,16,16,16
260680,0,1,0,0,0,0,18,0,0,0,0,0
260680,1,1,0,0,0,0,0,0,0,0,0,0
260681,1,1,0,0,0,0,0,0,0,0,0,0
260682,1,1,0,0,0,0,0,0,0,0,0,0
260682,2,1,0,0,0,0,0,0,0,0,0,0
260683,1,1,0,0,0,0,0,0,0,0,0,0
260683,2,1,0,0,0,0,0,0,0,0,0,0
260684,1,1,0,0,0,0,0,0,0,0,0,0
260685,0,1,0,0,0,0,0,0,0,0,0,0
260685,1,1,0,0,0,0,0,0,0,0,0,0
260686,0,1,18,18,18,18,18,18,18,18,18,18
260686,1,1,0,0,0,0,0,0,0,0,0,0
260687,1,1,0,12,0,0,0,0,0,0,0,0
260687,2,1,11,0,0,0,0,0,0,0,0,0
260688,1,1,21,21,21,21,21,21,21,21,21,21
260689,1,1,0,8,0,0,0,0,0,18,13,0
260689,2,1,20,0,0,0,0,0,0,0,0,0
260690,1,1,0,0,0,0,0,0,0,0,0,0
260690,2,1,0,0,0,0,0,0,0,0,0,0
260691,1,1,0,0,0,10,0,0,0,20,0,0
260692,1,1,0,0,0,0,0,0,0,0,0,16
260693,1,1,2,2,2,2,2,2,2,2,2,2
260693,2,1,0,0,0,0,0,0,0,23,0,0
260694,1,1,0,0,0,0,0,0,0,0,0,0
260695,1,1,14,14,14,14,14,14,14,14,14,14
260695,2,1,0,0,0,0,0,0,0,0,0,13