ST_CASE,VEH_NO,PER_NO,P1,P2,P3,P4,P5,P6,P7,P8,P9,P10
260984,2,1,0,0,0,19,0,0,0,27,0,0
260985,1,1,0,0,0,46,0,0,0,0,0,0
260985,2,1,0,0,0,0,0,0,19,0,20,0
260985,3,1,0,0,0,0,5,0,14,0,0,0
260986,1,1,12,12,12,12,12,12,12,12,12,12
260986,2,1,0,0,0,0,0,0,0,0,6,0
260986,3,1,0,0,0,0,0,0,0,0,0,0
260986,4,1,0,0,0,0,0,0,0,0,0,0
260987,1,1,0,0,0,0,0,0,0,0,0,0
260988,1,1,25,25,25,25,25,25,25,25,25,25
260988,2,1,0,0,0,0,0,0,0,0,0,0
260988,3,1,0,0,0,0,11,7,0,14,0,0
260989,1,1,0,0,0,0,0,0,0,0,0,0
260989,2,1,0,0,0,8,0,0,0,0,0,0
260990,1,1,0,0,0,0,0,0,0,0,0,0
260990,2,1,0,0,0,0,0,0,0,0,0,0
260990,3,1,0,17,0,0,0,0,0,0,5,0
260991,0,1,0,0,0,0,0,25,0,0,0,31
260991,1,1,0,11,0,15,13,0,4,22,20,24
260992,1,1,0,0,0,0,0,0,0,0,0,0
260992,2,1,0,0,0,0,0,0,0,0,0,0
260993,0,1,0,0,0,0,0,0,0,0,24,0
260993,1,1,0,0,0,0,0,0,0,0,0,0
260993,2,1,0,17,4,0,0,0,0,0,0,0
260994,1,1,0,0,0,0,0,0,0,0,0,0
260994,2,1,0,0,0,0,0,0,0,0,0,0
260994,3,1,0,0,0,0,0,0,0,0,0,0
260994,4,1,0,0,0,0,0,0,0,0,0,0
260995,1,1,0,0,0,0,0,0,0,0,0,0
260995,2,1,0,0,0,0,0,0,0,0,0,0
260996,0,1,0,0,0,0,0,0,0,0,0,0
260996,1,1,0,0,0,0,0,0,0,0,0,0
260997,1,1,0,0,0,0,0,0,0,0,0,8
260998,1,1,10,15,3,18,11,23,31,10,17,16
260999,1,1,0,0,0,0,0,0,0,0,0,0
261000,1,1,14,14,14,14,14,14,14,14,14,14
261001,1,1,0,0,0,0,0,0,0,0,0,0
261001,2,1,0,0,0,0,0,0,0,0,0,0
261002,0,1,0,0,0,0,0,0,0,0,0,0
261002,1,1,0,0,0,0,0,0,0,0,0,0
261003,1,1,3,17,18,25,16,9,13,12,2,7
261004,0,1,37,0,0,0,0,0,0,0,0,0
261004,1,1,0,0,0,0,0,0,0,0,0,0
261005,0,1,0,0,64,0,28,0,0,0,0,0
261005,1,1,9,9,9,9,9,9,9,9,9,9
261006,1,1,13,21,29,35,15,23,43,15,8,19
261006,2,1,0,0,10,8,17,3,36,11,0,10
261007,0,1,0,0,0,0,0,0,0,0,0,0
261007,1,1,0,0,0,0,0,0,0,0,0,0
261008,1,1,8,26,14,20,0,17,33,20,26,13
261008,2,1,0,0,0,0,0,0,0,0,0,0
261009,1,1,0,0,0,0,0,0,0,0,0,0
261009,2,1,0,0,0,0,0,0,0,0,0,0
261009,3,1,0,0,0,0,0,0,0,0,0,0
261010,0,1,0,0,0,0,0,0,0,0,0,0
261010,1,1,0,0,0,0,0,0,0,0,0,0
261011,0,1,0,0,0,0,0,0,0,0,0,0
261011,1,1,0,0,0,0,0,0,0,0,0,0
261012,1,1,15,15,15,15,15,15,15,15,15,15
261012,2,1,0,0,0,0,0,0,0,0,0,0
261012,3,1,0,0,0,0,0,0,0,0,0,0
261013,0,1,0,13,0,0,0,0,0,0,0,0
261013,0,2,5,0,0,25,0,10,0,0,0,0
261013,1,1,0,0,0,0,0,0,0,0,0,0
261014,1,1,0,0,0,0,0,0,0,0,0,0
261014,2,1,0,0,0,0,0,0,0,0,0,0
261014,3,1,0,0,0,0,0,0,0,8,0,0
261014,4,1,0,0,0,0,0,0,0,0,0,0
261014,5,1,0,0,0,0,0,0,0,0,0,0
261014,6,1,0,0,0,0,0,0,0,11,0,0
261015,1,1,0,0,0,0,0,0,0,0,0,0
261015,2,1,0,0,8,0,0,0,0,0,0,0
261015,3,1,0,0,0,0,3,0,14,0,0,0
261016,1,1,12,12,12,12,12,12,12,12,12,12
261017,0,1,0,0,0,0,0,0,0,0,0,24
261017,1,1,0,0,0,0,0,0,0,0,0,0
261017,2,1,0,0,0,0,0,0,0,0,0,0
261018,1,1,12,13,0,11,14,25,29,23,8,29
261019,1,1,0,0,0,0,0,0,0,0,0,0
261019,2,1,10,24,0,0,0,0,28,0,0,0
261019,3,1,0,0,0,0,0,0,0,0,0,0
261019,4,1,0,0,0,0,11,0,0,0,0,0
261019,5,1,0,0,0,0,0,0,0,0,0,0
261020,0,1,3,19,9,11,17,18,18,31,27,20
261020,1,1,15,15,15,15,15,15,15,15,15,15
261021,0,1,0,0,0,0,19,0,0,0,0,0
261021,1,1,0,0,0,0,0,0,0,0,0,0
261022,1,1,0,0,0,0,0,0,0,0,0,0
261023,1,1,0,0,0,0,0,0,0,0,0,0
261023,2,1,0,0,0,0,0,0,0,0,0,0
261024,1,1,24,24,18,26,0,24,0,16,19,16
261024,2,1,0,0,9,0,0,0,0,0,0,0
261025,1,1,0,0,0,0,0,0,0,0,0,0
261025,2,1,0,0,0,0,0,0,0,0,0,0
261026,1,1,20,20,20,20,20,20,20,20,20,20
261027,1,1,14,14,14,14,14,14,14,14,14,14
261027,2,1,10,0,0,0,0,0,0,0,0,0
261028,1,1,0,0,0,0,0,0,0,0,0,0
261029,0,1,24,24,0,32,20,25,18,14,13,23
261029,1,1,0,0,0,0,0,0,0,0,0,15
261030,0,1,0,0,0,0,0,40,0,0,0,0
261030,1,1,0,0,0,0,0,0,0,0,0,0
261031,0,1,0,0,0,0,0,0,0,0,0,0
261031,1,1,0,0,0,0,0,0,0,0,0,0
261032,1,1,0,0,0,0,0,0,0,0,0,0
261032,2,1,0,0,0,0,0,0,0,0,0,0
261033,0,1,0,0,0,0,0,0,0,0,0,0
261033,1,1,0,0,0,0,0,0,0,0,0,0
261033,2,1,0,0,0,0,0,0,0,0,0,0
261033,3,1,0,10,0,0,0,0,0,0,0,0
261034,0,1,0,0,0,0,0,0,0,0,0,0
261034,1,1,0,0,0,0,0,0,0,0,0,0
261035,1,1,0,0,0,0,0,0,0,0,0,0
261036,1,1,0,0,0,0,0,19,0,0,0,0
261036,2,1,0,0,21,0,0,0,0,11,22,0
261037,1,1,13,0,13,0,0,0,0,19,0,0
261038,0,1,0,0,0,0,0,0,0,0,0,29
261038,1,1,0,0,0,0,0,0,0,0,0,0
261039,1,1,22,22,22,22,22,22,22,22,22,22
261040,1,1,0,0,0,0,0,0,0,0,0,0
261040,2,1,0,0,0,0,0,0,0,0,0,0
261040,3,1,0,0,0,0,0,0,0,0,0,0
261041,1,1,0,19,0,0,21,0,0,0,0,0
261041,2,1,0,0,0,0,0,0,0,0,0,0
261042,0,1,10,0,0,0,0,0,0,0,0,0
261042,1,1,0,0,0,0,11,0,0,0,0,0
261043,1,1,23,8,15,14,8,8,12,17,9,9
261044,1,1,0,0,0,0,0,0,0,0,0,0
261044,2,1,0,0,0,0,0,0,0,0,0,0
261045,1,1,0,0,0,0,0,0,0,0,0,0
261045,2,1,0,0,0,0,0,0,0,0,0,0
261046,1,1,16,0,0,0,0,0,0,0,0,0
261047,0,1,0,0,0,0,13,0,0,0,0,0
261047,1,1,0,0,0,0,0,0,0,0,0,0
261048,1,1,0,0,0,0,0,0,0,0,0,0
261048,2,1,0,0,0,0,0,0,0,0,0,0
261049,0,1,0,0,0,0,0,0,0,0,0,0
261049,1,1,0,0,0,0,0,0,0,0,0,0
261050,0,1,0,0,0,0,0,0,0,0,0,0
261050,1,1,0,0,0,12,0,0,12,0,9,0
261051,1,1,0,0,0,0,0,0,0,0,0,0
261051,2,1,0,12,0,0,0,0,0,0,0,0
261052,1,1,0,0,0,0,0,0,0,0,0,0
261053,1,1,2,0,0,0,0,0,0,0,0,0
261053,2,1,0,0,0,0,0,0,0,6,0,0
261054,1,1,0,0,0,0,0,0,17,0,0,6
261054,2,1,0,0,0,0,0,0,19,0,0,0
261055,1,1,0,0,0,0,0,3,0,0,11,0
261056,1,1,0,0,0,0,0,0,0,0,0,0
261056,2,1,0,0,0,0,0,0,0,0,0,0
261057,0,1,0,0,0,0,0,0,0,7,0,0
261057,1,1,24,24,24,24,24,24,24,24,24,24
261058,1,1,0,0,0,0,0,0,0,0,0,0
261058,2,1,0,0,0,0,0,0,0,0,0,0
261059,0,1,0,0,0,0,0,5,0,0,30,0
261059,1,1,0,0,0,0,0,0,0,0,0,0
261060,0,1,0,0,0,0,0,0,0,0,0,11
261060,1,1,0,0,0,0,0,0,0,0,0,0
261061,0,1,0,0,0,0,0,0,0,0,0,0
261061,1,1,0,0,0,0,0,0,0,0,0,0
261062,0,1,0,0,0,11,0,0,0,0,0,0
261062,1,1,0,0,0,0,0,0,0,0,0,0
261062,3,1,0,0,0,0,0,0,0,0,0,0
261063,1,1,19,0,0,0,0,0,0,28,0,0
261063,2,1,0,0,0,6,0,0,0,0,0,0
261063,3,1,0,18,0,0,0,0,0,0,0,0
261064,1,1,0,0,0,0,0,0,0,0,0,0
261065,0,1,0,0,0,0,0,0,0,0,0,0
261065,1,1,29,29,29,29,29,29,29,29,29,29
261066,1,1,10,10,10,10,10,10,10,10,10,10
261066,2,1,0,0,0,0,0,0,0,0,0,0
261066,3,1,0,0,0,0,0,0,0,0,11,0
261066,4,1,0,0,0,0,0,0,0,0,0,0
261066,5,1,0,0,0,0,0,0,0,0,0,0
261067,0,1,0,24,0,0,0,0,0,20,0,0
261067,1,1,0,0,12,0,19,0,18,0,0,32
261068,0,1,0,0,0,0,0,8,0,0,0,0
261068,1,1,0,0,0,0,0,0,6,0,0,0
261069,1,1,0,0,0,0,0,0,0,0,0,0
261069,2,1,0,0,0,0,0,0,0,0,0,0
261070,1,1,0,0,0,0,0,0,0,0,0,0
261070,2,1,0,0,0,0,0,0,0,0,0,0
261071,0,1,0,0,0,0,0,0,0,0,0,0
261071,1,1,0,0,0,0,0,0,0,0,0,0
261072,0,1,0,0,0,0,0,0,0,0,0,0
261072,1,1,0,32,0,28,0,0,0,0,32,0
261073,0,1,0,0,0,0,0,8,0,0,0,0
261073,1,1,0,0,0,0,0,0,0,0,0,0
261074,0,1,28,28,28,28,28,28,28,28,28,28
261074,1,1,0,0,0,0,0,0,0,0,0,0
261075,0,1,0,0,0,0,0,0,0,0,0,0
261075,1,1,0,0,0,0,0,0,0,0,0,0
261076,1,1,23,23,23,23,23,23,23,23,23,23
261077,1,1,0,0,0,0,0,0,0,0,0,0
261078,1,1,14,14,14,14,14,14,14,14,14,14
261079,1,1,7,7,7,7,7,7,7,7,7,7
261079,2,1,0,0,0,0,0,0,0,0,0,0
261080,1,1,0,0,0,0,0,0,0,0,0,0
261080,2,1,0,0,0,21,0,0,0,0,0,0
261080,3,1,0,0,0,0,0,0,0,0,0,0
261081,1,1,0,0,0,0,0,0,6,0,0,0
261082,1,1,0,11,0,0,0,0,0,0,0,0
261083,0,1,0,0,0,0,0,0,17,0,0,0
261083,1,1,0,0,0,0,0,0,0,0,9,14
270001,1,1,0,0,0,0,0,0,0,0,0,0
270001,2,1,0,0,0,0,0,0,0,0,0,0
270002,0,1,0,0,0,0,0,0,0,0,0,0
270002,1,1,0,0,0,0,0,0,0,0,0,0
270003,1,1,0,0,0,0,0,0,0,0,0,0
270003,2,1,0,0,0,0,0,0,0,0,0,0
270004,1,1,18,18,18,18,18,18,18,18,18,18
270005,1,1,0,0,0,0,0,0,0,0,0,0
270005,2,1,0,0,0,0,0,0,0,0,0,0
270006,1,3,31,12,12,41,0,20,0,8,0,21
270006,2,1,2,2,2,2,2,2,2,2,2,2
270007,1,1,0,0,0,0,0,0,0,0,0,0
270008,1,1,0,0,0,0,0,0,0,0,0,0
270008,2,1,0,0,0,0,0,0,0,0,0,0
270009,1,1,0,0,0,0,0,0,0,0,0,0
270009,2,1,0,0,0,0,0,0,0,0,0,0
270010,0,1,0,0,0,0,0,0,0,0,0,0
270010,1,1,12,10,11,24,16,0,2,0,9,5
270011,0,1,23,23,23,23,23,23,23,23,23,23
270011,1,1,0,0,0,0,0,0,11,0,10,0
270012,1,1,0,0,0,0,0,0,0,0,0,0
270012,2,1,0,0,0,0,0,0,0,0,0,0
270013,1,1,8,7,0,26,12,10,0,17,8,21
270013,2,1,3,3,3,3,3,3,3,3,3,3
270013,3,1,0,0,0,0,0,0,0,0,0,0
270013,4,1,0,0,0,0,0,0,0,0,0,0
270014,1,1,0,0,0,0,0,0,0,0,2,0
270014,2,1,0,0,0,0,0,0,0,0,0,0
270015,1,1,0,0,0,0,0,0,0,0,0,0
270016,1,1,26,26,26,26,26,26,26,26,26,26
270017,1,1,3,3,3,3,3,3,3,3,3,3
270017,2,1,0,0,0,0,0,0,0,0,2,0
270017,3,1,0,0,0,13,0,0,0,0,0,0
270018,1,1,0,0,0,0,0,0,0,0,0,0
270019,1,1,0,0,0,0,0,20,0,0,0,0
270019,2,1,0,0,0,0,0,0,0,0,0,0
270020,1,1,8,8,8,8,8,8,8,8,8,8
270020,2,1,0,0,0,0,0,0,0,0,0,0
270021,1,1,0,0,0,0,0,0,0,0,0,0
270021,2,1,0,0,0,0,0,0,0,0,0,0
270022,1,1,0,0,0,0,0,0,0,0,0,0
270023,0,1,0,0,0,0,10,0,0,0,0,0
270023,1,1,0,0,0,0,0,0,0,0,0,0
270024,1,1,0,0,0,0,0,0,0,0,0,3
270024,2,1,0,0,0,0,0,0,0,0,0,0
270025,1,1,0,0,0,0,0,0,0,0,0,0
270025,2,1,0,0,0,0,0,0,0,0,0,0
270026,0,1,2,2,2,2,2,2,2,2,2,2
270026,1,1,0,0,0,0,0,0,0,0,0,0
270027,1,1,17,17,17,17,17,17,17,17,17,17
270028,1,1,18,18,18,18,18,18,18,18,18,18
270029,0,1,0,0,0,0,0,0,0,0,0,0
270029,0,2,0,0,0,0,0,0,0,0,0,0
270029,0,3,8,0,0,0,26,0,0,0,0,22
270029,0,4,0,0,0,0,0,0,0,0,0,0
270029,1,1,0,0,0,0,0,0,0,0,0,0
270030,1,1,0,0,0,0,0,0,0,0,0,0
270030,2,1,0,0,0,0,0,0,0,0,0,0
270031,1,1,0,0,22,0,0,0,0,0,16,0
270031,2,1,0,0,0,0,0,0,0,0,0,0
270032,1,1,0,0,0,0,0,0,0,0,0,0
270032,2,1,0,0,0,0,0,0,0,0,0,0
270033,1,1,0,0,0,0,0,0,0,0,0,0
270034,1,1,0,0,0,0,0,0,0,0,0,0
270034,2,1,0,0,0,0,0,0,0,0,0,0
270035,1,1,21,21,21,21,21,21,21,21,21,21
270035,2,1,0,0,0,0,0,0,0,0,0,0
270036,1,1,0,0,0,0,0,0,0,0,0,0
270036,2,1,0,0,0,0,0,0,0,0,0,0
270037,1,1,0,0,0,0,0,0,0,0,0,0
270037,2,1,0,0,0,0,0,0,0,0,0,0
270038,1,1,0,0,0,0,0,0,0,0,0,0
270038,2,1,0,0,0,0,0,0,0,0,0,0
270039,1,1,0,0,0,0,0,0,0,0,0,0
270039,2,1,0,0,0,0,0,0,0,0,0,0
270040,1,1,0,0,0,0,0,0,0,0,0,0
270040,2,1,0,0,0,0,0,0,0,0,0,0
270041,0,1,0,0,0,0,0,0,0,0,0,0
270041,1,1,0,0,0,0,0,0,0,0,0,0
270041,2,1,0,0,0,0,0,0,0,0,0,0
270042,0,1,40,40,40,40,40,40,40,40,40,40
270042,1,1,12,12,16,32,28,9,11,10,6,23
270043,1,1,0,0,0,0,0,0,0,0,0,0
270043,2,1,0,0,0,0,0,0,0,0,0,0
270044,1,1,0,0,0,0,0,0,0,0,0,0
270044,2,1,0,0,0,0,0,0,0,0,0,0
270045,1,1,0,0,0,0,0,0,0,0,0,0
270046,1,1,0,0,0,0,0,0,0,0,0,0
270047,1,1,6,6,6,6,6,6,6,6,6,6
270049,1,1,0,0,0,0,0,0,0,0,0,0
270049,2,1,0,0,0,0,0,0,0,0,0,0
270050,1,1,0,0,0,0,0,0,0,0,0,0
270052,1,1,38,27,21,5,18,10,40,27,28,25
270053,1,1,0,0,0,0,0,0,0,0,0,0
270054,1,1,0,0,0,0,0,0,0,0,0,0
270055,1,1,0,0,0,0,0,0,0,0,0,0
270056,1,1,0,0,0,0,0,0,0,0,0,0
270056,2,1,0,0,0,0,0,0,0,0,0,0
270057,1,1,0,0,0,0,0,0,0,0,0,0
270058,1,1,21,21,21,21,21,21,21,21,21,21
270059,1,1,0,0,0,0,0,0,0,0,0,0
270060,1,1,0,0,0,0,0,0,0,0,0,0
270061,1,1,22,22,22,22,22,22,22,22,22,22
270061,2,1,0,0,0,0,0,0,0,0,0,0
270062,1,1,0,0,0,0,0,0,0,0,0,0
270063,1,1,0,14,0,0,0,0,0,0,0,0
270064,1,1,0,0,0,0,0,0,0,0,0,0
270065,1,1,0,0,0,0,0,0,0,0,0,0
270066,0,1,29,29,29,29,29,29,29,29,29,29
270066,1,1,0,11,0,0,15,20,10,0,0,0
270067,1,1,25,25,25,25,25,25,25,25,25,25
270067,2,1,0,0,0,0,0,0,0,0,0,0
270068,1,1,0,0,0,0,0,0,0,0,0,0
270068,2,1,0,0,0,0,0,0,0,0,0,0
270069,1,1,0,0,0,0,0,0,0,0,0,0
270069,2,1,11,11,11,11,11,11,11,11,11,11
270070,1,1,0,0,0,0,0,0,0,0,0,0
270071,1,1,0,0,0,0,0,0,0,0,0,0
270071,2,1,0,0,0,0,0,0,0,0,0,0
270072,1,1,0,0,0,0,0,0,0,0,0,0
270072,2,1,0,0,0,0,0,0,0,0,0,0
270073,1,1,0,0,0,0,0,0,0,0,0,0
270073,2,1,0,0,0,0,0,4,0,0,0,0
270074,1,1,0,0,0,0,0,0,0,0,0,0
270075,1,1,0,0,0,0,0,0,0,0,0,0
270075,2,1,0,0,0,0,0,0,0,0,0,0
270076,1,1,0,0,0,0,0,0,0,0,0,0
270076,2,1,0,0,0,0,0,0,0,0,0,0
270077,1,1,0,0,0,0,0,0,0,0,0,0
270077,2,1,0,0,0,5,0,0,0,0,0,0
270078,1,1,8,0,0,0,0,0,0,0,0,0
270078,2,1,0,0,0,0,0,0,0,0,0,0
270079,1,1,21,21,21,21,21,21,21,21,21,21
270081,1,1,0,0,0,0,0,0,0,0,0,0
270081,2,1,0,0,0,0,0,0,0,0,0,0
270082,1,1,25,25,25,25,25,25,25,25,25,25
270083,1,1,19,19,19,19,19,19,19,19,19,19
270084,1,1,0,25,0,0,0,0,0,0,0,0
270084,2,1,0,0,0,0,0,0,0,0,0,0
270084,3,1,0,0,0,22,0,0,0,0,0,0
270084,4,1,0,0,0,0,0,0,0,0,0,0
270086,0,1,0,0,0,0,0,0,0,0,0,0
270086,1,1,0,0,0,0,0,0,0,0,0,0
270087,0,1,0,0,0,0,0,0,0,0,0,0
270087,0,2,0,0,0,0,0,0,0,0,0,0
270087,1,1,0,0,0,0,0,0,0,0,0,0
270088,1,1,0,0,0,0,0,0,0,0,0,0
270088,2,1,0,0,0,0,0,0,0,0,0,0
270089,1,1,0,0,0,0,0,0,0,0,0,0
270089,2,1,0,0,0,0,0,0,0,0,0,0
270090,1,1,23,23,23,23,23,23,23,23,23,23
270091,1,1,6,6,6,6,6,6,6,6,6,6
270092,1,1,2,23,6,19,17,10,15,13,10,27
270093,1,1,9,9,9,9,9,9,9,9,9,9
270094,1,1,0,0,0,0,0,12,0,14,0,0
270095,1,1,0,0,0,0,0,0,0,0,0,0
270095,2,1,0,0,0,0,0,0,0,0,0,0
270096,0,1,23,0,19,18,16,0,0,0,0,39
270096,1,1,0,0,0,0,0,0,0,0,0,0
270097,0,1,0,0,0,0,0,0,0,0,0,0
270097,1,1,16,0,0,0,0,0,0,0,0,0
270098,1,1,0,0,0,0,0,0,0,0,0,0
270098,2,1,0,0,0,0,0,0,0,0,0,0
270099,1,1,14,14,14,14,14,14,14,14,14,14
270100,1,1,0,0,0,0,0,0,0,0,0,0
270101,1,1,12,12,12,12,12,12,12,12,12,12
270102,1,1,1,1,1,1,1,1,1,1,1,1
270103,1,1,20,20,20,20,20,20,20,20,20,20
270104,1,1,0,0,8,0,24,16,7,0,16,0
270105,1,1,0,0,0,0,0,0,0,0,0,0
270106,1,1,24,24,24,24,24,24,24,24,24,24
270107,1,1,0,0,0,0,0,0,0,0,0,0
270108,1,1,14,14,14,14,14,14,14,14,14,14
270109,1,1,19,19,19,19,19,19,19,19,19,19
270110,1,1,0,0,0,0,0,0,0,0,0,0
270110,2,1,1,1,1,1,1,1,1,1,1,1
270111,0,1,0,0,0,0,0,0,0,0,0,0
270111,2,1,0,0,0,0,17,0,14,0,0,0
270112,1,1,27,27,27,27,27,27,27,27,27,27
270113,1,1,0,0,0,0,0,0,0,0,0,0
270113,2,1,0,0,0,0,0,0,0,0,0,0
270113,3,1,0,0,0,0,0,0,0,0,0,0
270114,1,1,22,22,22,22,22,22,22,22,22,22
270115,1,1,0,0,0,0,0,0,0,0,0,0
270116,1,1,0,0,0,0,0,0,0,0,0,0
270117,1,1,0,0,0,0,0,0,0,0,0,0
270117,2,1,31,31,31,31,31,31,31,31,31,31
270118,1,1,0,0,0,0,0,0,0,0,0,0
270119,1,1,0,0,0,0,0,0,0,0,0,0
270119,2,1,0,0,0,0,0,0,0,0,0,0
270120,2,1,24,24,24,24,24,24,24,24,24,24
270121,1,1,0,0,0,0,0,0,0,0,0,0
270122,1,1,24,24,24,24,24,24,24,24,24,24
270123,1,1,14,14,14,14,14,14,14,14,14,14
270123,2,1,0,0,0,0,0,0,0,0,0,0
270124,1,1,0,0,0,0,0,0,0,0,0,0
270125,1,1,0,0,0,0,0,0,0,0,0,0
270125,2,1,0,0,0,0,0,0,0,0,0,0
270126,1,1,0,0,0,0,0,0,0,0,0,0
270127,0,1,0,0,0,0,0,0,0,0,0,0
270127,1,1,0,0,0,0,0,0,0,0,0,0
270128,0,1,0,0,0,0,0,0,0,0,0,0
270128,0,2,6,6,6,6,6,6,6,6,6,6
270128,1,1,0,0,0,0,0,0,0,0,0,0
270128,2,1,0,0,0,0,0,0,0,0,0,0
270129,1,1,3,3,3,3,3,3,3,3,3,3
270131,1,1,0,0,0,0,0,0,0,0,0,0
270132,0,1,0,0,0,0,0,0,0,0,0,0
270132,1,1,0,0,33,17,0,0,7,0,12,9
270133,0,1,0,0,0,0,0,0,0,0,0,0
270133,1,1,0,0,0,0,0,0,0,0,0,0
270134,1,1,23,23,23,23,23,23,23,23,23,23
270135,1,1,12,12,12,12,12,12,12,12,12,12
270136,1,1,0,0,0,0,0,0,0,0,0,0
270137,1,1,0,0,0,0,0,0,0,0,0,0
270139,1,1,15,0,0,0,0,0,0,0,0,0
270139,2,1,0,0,13,0,0,7,0,6,0,12
270140,1,1,0,0,0,0,0,0,0,0,0,0
270141,1,1,0,0,0,0,0,0,0,0,0,0
270142,1,1,0,0,0,0,0,0,0,0,0,0
270142,2,1,0,0,0,0,0,0,8,0,0,0
270142,3,1,0,0,0,0,0,0,0,0,0,0
270143,1,1,2,2,2,2,2,2,2,2,2,2
270144,1,1,0,0,0,0,0,0,0,0,0,0
270144,2,1,0,0,0,0,0,0,0,0,0,0
270145,1,1,0,0,0,0,0,0,0,0,0,0
270145,2,1,0,0,0,0,0,0,0,0,0,0
270146,1,1,20,20,20,20,20,20,20,20,20,20
270147,0,1,12,12,12,12,12,12,12,12,12,12
270147,1,1,0,0,11,0,0,0,0,0,0,0
270148,1,1,0,0,0,0,0,0,0,0,0,0
270149,1,1,0,0,0,0,0,0,0,0,0,0
270149,2,1,0,0,0,0,0,0,0,0,0,0
270149,3,1,0,0,0,0,0,0,0,0,0,0
270150,1,1,19,19,19,19,19,19,19,19,19,19
270151,1,1,0,0,0,0,0,0,0,15,0,0
270151,2,1,0,0,0,0,0,0,0,0,0,0
270152,1,1,0,0,0,0,0,0,0,0,0,0
270152,2,1,24,0,0,0,0,0,10,0,0,0
270153,1,1,0,0,0,0,0,0,0,0,0,0
270153,2,1,0,0,0,0,0,0,0,0,0,0
270154,1,1,0,0,0,0,0,0,0,0,0,0
270154,2,1,0,0,0,0,0,0,0,0,0,0
270155,0,1,0,0,0,0,0,0,0,0,0,0
270155,0,2,0,0,0,0,0,0,0,0,0,0
270155,0,3,19,0,0,0,0,0,0,0,0,0
270155,0,4,0,0,0,0,0,0,46,0,0,0
270155,1,1,0,0,0,0,0,0,0,0,0,0
270156,1,1,8,0,0,0,0,23,0,0,0,0
270156,2,1,0,0,0,0,0,0,0,0,0,0
270157,0,1,0,0,0,0,0,0,0,0,0,0
270157,1,1,15,15,15,15,15,15,15,15,15,15
270158,1,1,0,0,0,0,0,0,0,0,0,0
270158,2,1,0,0,0,0,0,0,0,14,0,0
270158,3,1,0,0,0,0,0,0,0,0,0,0
270159,1,1,20,20,20,20,20,20,20,20,20,20
270159,2,1,0,0,0,0,0,0,0,0,0,0
270160,1,1,0,0,0,0,0,0,0,0,0,0
270160,2,1,0,0,0,0,0,0,0,0,0,0
270161,1,1,0,0,0,0,0,0,0,0,0,0
270161,2,1,0,0,0,0,0,0,0,0,0,0
270162,0,1,7,7,7,7,7,7,7,7,7,7
270162,1,1,0,0,10,0,0,0,0,0,0,0
270163,1,1,0,0,0,0,0,0,0,0,0,0
270163,2,1,0,0,0,0,0,0,0,0,0,0
270164,1,1,0,0,0,0,0,0,0,0,0,0
270165,1,1,0,0,11,0,0,0,0,0,0,0
270165,2,1,0,0,0,0,0,0,0,0,0,0
270166,0,1,0,0,0,0,0,0,0,0,0,0
270166,1,1,0,0,0,0,0,0,0,0,0,0
270167,1,1,18,0,0,0,0,0,0,0,0,22
270168,1,1,21,21,21,21,21,21,21,21,21,21
270169,1,1,0,0,0,0,0,0,0,0,0,0
270170,1,1,0,0,0,0,0,0,0,0,0,0
270170,2,1,0,0,0,0,0,0,0,0,0,0
270171,1,1,0,0,0,0,0,0,0,0,0,0
270171,2,1,0,0,0,0,0,0,0,0,0,0
270172,1,1,0,0,0,0,0,0,0,0,0,0
270173,0,1,21,21,21,21,21,21,21,21,21,21
270173,1,1,0,7,0,27,10,0,0,0,0,0
270174,1,1,8,13,10,24,14,16,10,12,7,10
270174,2,1,0,0,15,0,0,14,2,0,0,9
270175,1,1,0,0,0,0,0,0,0,0,0,0
270175,2,1,0,0,0,0,0,0,0,0,0,0
270176,0,1,0,0,0,0,0,0,0,0,0,0
270176,1,1,0,0,0,0,0,0,0,0,0,0
270177,1,1,0,0,0,0,0,0,0,0,0,0
270178,1,1,25,16,12,24,4,13,6,0,12,0
270179,1,1,0,0,0,0,0,0,0,0,0,0
270179,2,1,22,22,22,22,22,22,22,22,22,22
270180,1,1,12,12,12,12,12,12,12,12,12,12
270181,1,1,0,0,0,0,0,0,0,0,0,0
270182,1,1,0,0,0,0,0,0,0,0,0,0
270182,2,1,0,0,0,0,0,0,0,0,0,0
270183,1,1,0,0,0,0,0,0,0,0,0,0
270183,2,1,0,0,0,0,0,0,0,0,0,0
270183,3,1,0,0,0,0,0,0,0,0,0,0
270184,1,1,0,0,0,0,0,0,14,0,0,0
270184,2,1,17,17,17,17,17,17,17,17,17,17
270185,1,1,0,0,0,0,0,0,0,0,0,0
270185,2,1,0,0,0,0,0,0,0,0,0,0
270186,1,1,3,3,3,3,3,3,3,3,3,3
270187,1,1,29,29,29,29,29,29,29,29,29,29
270189,1,1,0,0,0,0,0,0,0,0,0,0
270190,1,1,0,0,0,0,0,0,0,0,0,0
270190,2,1,0,0,0,0,0,0,0,0,0,0
270190,3,1,0,0,0,0,0,0,0,0,0,0
270191,1,1,0,0,0,0,0,13,0,23,0,0
270191,2,1,24,24,24,24,24,24,24,24,24,24
270192,0,1,0,0,0,0,0,0,0,0,0,0
270192,1,1,0,0,0,0,11,0,0,0,0,0
270193,1,1,0,0,0,0,0,0,0,0,0,0
270194,1,1,19,0,0,0,18,31,0,0,0,0
270194,2,1,0,0,0,0,0,0,0,0,0,0
270195,1,1,0,0,0,0,0,0,0,0,0,0