ST_CASE,VEH_NO,PER_NO,P1,P2,P3,P4,P5,P6,P7,P8,P9,P10
290624,1,1,0,0,0,0,0,0,0,0,0,0
290624,2,1,0,0,0,0,0,0,0,0,0,0
290625,1,1,15,15,15,15,15,15,15,15,15,15
290626,1,1,0,0,0,0,0,0,0,0,0,0
290626,2,1,0,0,0,0,0,0,0,0,0,0
290627,0,1,21,21,21,21,21,21,21,21,21,21
290627,1,1,0,0,0,0,0,0,0,0,0,0
290628,1,1,15,15,15,15,15,15,15,15,15,15
290628,2,1,0,0,0,0,0,0,0,0,0,0
290629,1,1,7,7,7,7,7,7,7,7,7,7
290629,2,1,1,1,1,1,1,1,1,1,1,1
290630,1,1,0,0,0,0,0,0,0,0,0,0
290630,2,1,0,0,0,0,0,0,0,0,0,0
290631,1,1,0,0,0,0,0,0,0,0,0,0
290631,2,1,0,0,0,0,0,0,0,0,0,0
290632,1,1,37,37,37,37,37,37,37,37,37,37
290634,1,1,0,0,0,0,0,0,0,0,0,0
290635,1,1,9,14,0,12,15,20,0,26,0,0
290636,1,1,0,0,0,0,0,0,0,0,0,0
290636,2,1,0,0,0,0,0,0,0,0,0,0
290637,1,1,0,0,0,0,0,0,0,0,0,0
290637,2,1,0,0,0,0,0,20,0,0,0,0
290638,1,1,18,18,18,18,18,18,18,18,18,18
290639,1,1,30,30,30,30,30,30,30,30,30,30
290640,1,1,26,0,0,0,0,3,0,0,0,8
290640,2,1,0,0,0,0,0,0,0,0,0,0
290641,1,1,3,3,3,3,3,3,3,3,3,3
290641,2,1,4,4,4,4,4,4,4,4,4,4
290642,1,1,0,0,0,0,0,0,0,0,0,0
290642,2,1,0,0,0,0,0,0,0,0,0,0
290643,1,1,0,0,0,0,0,0,0,0,0,0
290643,2,1,0,0,0,0,0,0,0,0,0,0
290643,3,1,0,0,0,0,0,0,0,0,0,0
290643,4,1,0,0,0,0,0,0,14,0,0,0
290644,1,1,0,0,0,0,0,0,0,0,0,0
290644,2,1,0,0,0,0,0,0,0,0,0,0
290645,1,1,0,0,0,0,0,0,0,0,0,0
290645,2,1,4,4,4,4,4,4,4,4,4,4
290646,1,1,0,0,0,0,0,0,0,0,0,0
290646,2,1,0,0,0,0,0,0,0,0,0,0
290646,3,1,0,0,0,0,0,0,0,0,0,0
290646,4,1,0,0,0,0,0,0,0,0,0,0
290647,0,1,0,0,0,0,0,0,0,0,0,0
290647,1,1,0,0,0,0,0,0,0,0,0,0
290648,1,1,0,0,0,0,0,0,0,0,0,0
290649,1,1,20,20,20,20,20,20,20,20,20,20
290650,1,1,0,8,0,0,0,0,0,0,0,0
290650,2,1,0,0,13,0,0,4,0,0,0,0
290651,1,1,12,12,12,12,12,12,12,12,12,12
290651,2,1,0,0,0,0,0,0,0,0,0,0
290652,1,1,0,0,0,0,0,0,0,0,0,0
290653,1,1,0,0,0,0,0,0,0,0,0,0
290653,2,1,0,0,0,0,0,0,0,0,0,0
290654,1,1,17,0,0,0,10,0,0,0,0,14
290654,2,1,0,0,0,0,0,0,0,0,0,0
290655,1,1,0,18,0,11,0,13,12,10,28,0
290656,1,1,29,29,29,29,29,29,29,29,29,29
290657,1,1,0,0,0,0,0,0,0,0,0,0
290657,2,1,0,0,0,0,0,0,0,0,0,0
290658,1,1,0,0,0,0,0,0,0,0,0,0
290659,1,1,0,0,0,0,0,0,0,0,0,0
290659,2,1,0,0,0,0,0,0,0,0,0,0
290659,3,1,0,0,0,0,0,0,0,0,0,0
290660,1,1,0,0,0,0,0,0,0,0,0,0
290661,1,1,0,24,0,0,0,0,0,20,0,0
290662,1,1,0,0,0,0,0,0,0,0,0,0
290662,2,1,0,0,0,0,0,0,0,0,0,0
290663,1,1,0,0,0,0,0,0,15,0,0,0
290663,2,1,0,0,0,0,0,0,0,0,0,0
290664,1,1,0,0,0,0,0,0,0,0,0,0
290665,1,1,0,0,0,0,0,0,0,0,0,0
290665,2,1,0,0,0,0,0,0,0,0,0,0
290666,1,1,0,0,0,0,0,0,0,0,0,0
290666,2,1,0,0,0,0,0,0,0,0,0,0
290667,1,1,0,0,0,0,0,0,0,0,0,0
290668,1,1,0,0,0,0,0,0,0,0,0,0
290668,2,1,0,0,0,0,0,0,0,0,0,0
290669,0,1,0,0,0,0,0,0,0,0,0,0
290669,1,1,0,15,15,14,21,0,15,6,0,28
290670,0,1,0,0,0,0,18,2,0,0,0,0
290670,1,1,0,19,0,12,9,6,0,19,14,11
290671,1,1,7,7,7,7,7,7,7,7,7,7
290672,1,1,0,0,0,0,0,0,0,0,0,0
290673,0,1,0,0,0,0,0,12,0,0,0,13
290673,1,1,0,0,0,0,0,0,0,0,0,0
290674,1,1,0,0,0,0,0,0,0,0,0,0
290674,2,1,0,0,0,0,0,0,0,0,0,0
290675,1,1,0,0,0,0,0,0,0,0,0,0
290676,1,1,0,0,0,0,0,0,18,0,0,10
290676,2,1,0,0,0,0,0,0,0,0,0,0
290677,1,1,0,0,0,0,0,0,0,0,0,0
290678,1,1,17,17,17,17,17,17,17,17,17,17
290679,1,1,0,0,0,19,0,0,0,0,0,0
290679,2,1,0,0,0,0,0,0,0,0,0,0
290680,1,1,0,0,0,26,0,0,0,0,0,0
290681,1,1,0,0,0,0,0,0,0,0,0,0
290682,1,1,37,37,37,37,37,37,37,37,37,37
290683,1,1,7,7,7,7,7,7,7,7,7,7
290684,1,1,0,0,0,0,0,0,0,0,0,0
290684,2,1,19,19,19,19,19,19,19,19,19,19
290685,1,1,0,29,0,0,0,12,11,10,0,0
290686,1,1,0,0,0,0,0,0,0,0,0,0
290686,2,1,0,0,0,0,0,0,0,0,0,18
290687,1,1,24,24,24,24,24,24,24,24,24,24
290688,1,1,0,0,0,0,0,4,0,0,0,0
290689,0,1,9,9,9,9,9,9,9,9,9,9
290689,1,1,29,3,27,41,0,0,7,0,3,0
290691,1,1,0,0,0,0,0,7,0,0,0,0
290692,1,1,0,0,0,0,0,0,0,0,0,0
290692,2,1,0,0,0,0,0,0,0,0,0,0
290693,1,1,0,0,0,0,0,8,0,0,0,12
290694,1,1,0,0,0,0,0,0,0,0,0,0
290694,2,1,0,0,0,0,0,0,0,0,0,0
290694,3,1,0,0,0,0,0,0,0,0,0,0
290695,0,1,0,0,0,0,0,0,0,0,0,0
290695,1,1,0,0,0,0,0,0,0,0,0,0
290696,0,1,19,27,0,0,47,0,0,0,0,0
290696,1,1,0,0,0,0,0,0,0,0,0,0
290697,1,1,0,0,0,0,0,0,0,0,0,0
290697,2,1,0,0,0,0,0,0,0,0,0,0
290698,1,1,0,0,0,0,0,0,0,0,0,0
290700,1,1,0,0,0,0,0,0,0,0,0,0
290700,2,1,0,0,0,0,0,0,0,0,0,0
290701,1,1,0,36,0,10,0,0,0,36,0,0
290702,1,1,0,0,0,0,0,0,0,0,0,0
290703,1,1,0,0,0,0,0,0,0,0,0,0
290704,1,1,20,20,20,20,20,20,20,20,20,20
290705,1,1,0,0,0,0,0,0,0,0,0,0
290706,1,1,0,0,0,0,0,0,0,0,0,0
290706,2,1,0,0,0,0,0,0,0,0,0,0
290707,1,1,18,18,18,18,18,18,18,18,18,18
290708,1,1,0,0,0,0,0,0,0,0,0,0
290708,2,1,0,0,0,0,0,0,0,0,0,0
290709,1,1,0,0,0,0,0,0,0,0,0,0
290710,1,1,0,0,0,2,0,16,0,0,0,0
290710,2,1,0,0,0,0,0,0,0,0,0,0
290711,1,1,0,0,0,0,0,0,0,0,0,0
290712,1,1,0,0,0,0,0,0,0,0,0,0
290712,2,1,0,0,0,0,0,0,0,0,0,0
290712,3,1,0,0,0,0,0,0,0,0,0,0
290713,1,1,3,3,3,3,3,3,3,3,3,3
290714,1,1,27,27,27,27,27,27,27,27,27,27
290715,1,1,18,24,16,5,19,15,14,14,9,23
290715,2,1,0,0,0,0,0,0,0,0,0,0
290716,1,1,11,25,0,0,8,11,17,0,0,0
290717,1,1,0,0,0,0,0,0,0,0,0,0
290717,2,1,0,0,0,0,0,21,0,0,0,0
290718,1,1,19,19,19,19,19,19,19,19,19,19
290718,2,1,0,0,0,0,0,0,0,0,0,0
290719,1,1,22,15,24,21,9,14,34,15,27,4
290720,1,1,18,18,18,18,18,18,18,18,18,18
290720,2,1,0,0,0,0,0,0,0,0,0,0
290721,1,1,12,0,20,0,17,20,16,32,0,0
290722,1,1,0,0,19,6,0,0,21,17,28,9
290722,2,1,0,0,0,0,0,0,0,0,0,0
290723,1,1,0,0,0,0,0,0,0,0,0,0
290724,1,1,15,15,15,15,15,15,15,15,15,15
290724,2,1,0,0,0,0,0,0,0,0,0,0
290725,1,1,22,22,22,22,22,22,22,22,22,22
290726,1,1,0,0,0,0,0,0,0,0,0,0
290726,2,1,0,0,0,0,0,0,0,0,0,0
290726,3,1,0,0,0,0,0,0,0,0,0,0
290726,4,1,0,0,0,0,0,0,0,0,0,0
290728,1,1,0,0,9,0,10,4,6,0,0,0
290729,1,1,0,0,0,0,0,0,0,0,0,0
290729,2,1,0,0,0,0,0,0,0,0,0,0
290730,1,1,0,0,0,0,0,0,0,0,0,0
290730,2,1,0,0,0,0,0,0,0,0,0,0
290731,1,1,0,0,0,0,0,0,0,0,0,0
290731,2,1,0,0,0,0,0,0,0,0,0,0
290732,1,1,0,0,0,0,0,0,0,0,0,0
290733,1,1,0,0,0,0,0,0,0,0,0,0
290733,2,1,0,0,0,0,0,0,0,0,0,0
290734,0,1,16,16,16,16,16,16,16,16,16,16
290734,1,1,0,0,0,15,0,3,0,0,0,0
290734,2,1,0,0,0,0,0,0,8,0,0,0
290735,1,1,8,8,8,8,8,8,8,8,8,8
290736,1,1,0,0,0,0,0,0,0,0,0,9
290736,2,1,0,0,0,0,0,0,0,0,0,0
290737,0,1,0,0,0,0,0,0,0,0,0,0
290737,1,1,0,0,0,0,0,0,0,0,0,0
290738,0,1,2,2,2,2,2,2,2,2,2,2
290738,1,1,0,0,0,0,0,0,0,0,0,0
290739,1,1,0,22,0,0,0,0,15,0,22,30
290740,1,1,0,0,0,0,0,0,0,0,0,0
290740,2,1,0,0,0,0,0,0,0,0,0,0
290741,0,1,4,4,4,4,4,4,4,4,4,4
290741,1,1,16,0,0,33,0,0,0,0,0,0
290742,1,1,7,7,7,7,7,7,7,7,7,7
290742,2,1,0,0,0,0,0,0,0,0,0,0
290743,1,1,0,0,0,0,0,0,0,0,0,0
290744,1,1,0,12,0,0,0,0,0,0,0,0
290744,2,1,0,0,0,0,0,0,41,0,0,0
290745,1,1,0,0,0,0,0,0,0,0,0,0
290745,2,1,0,0,0,0,0,0,0,0,0,0
290746,1,1,2,0,0,12,2,30,14,0,6,0
290746,2,1,0,0,0,0,0,0,0,0,0,0
290747,1,1,0,0,0,0,0,0,0,0,0,0
290748,1,1,0,0,0,0,0,0,0,0,0,0
290749,1,1,0,0,0,0,0,0,0,0,0,0
290749,2,1,0,0,0,0,0,0,0,0,0,0
290750,1,1,29,29,29,29,29,29,29,29,29,29
290751,1,1,0,0,0,0,0,0,0,0,0,0
290751,2,1,0,0,39,0,0,16,0,0,0,0
290752,1,1,0,0,0,27,8,0,0,22,0,0
290753,1,1,19,19,19,19,19,19,19,19,19,19
290754,1,1,8,8,8,8,8,8,8,8,8,8
290755,0,1,0,0,0,0,0,0,0,0,0,0
290755,1,1,10,7,20,0,0,0,17,0,15,0
290755,2,1,16,5,0,0,0,0,0,0,0,0
290756,1,1,5,5,5,5,5,5,5,5,5,5
290757,1,2,0,22,0,0,19,5,17,21,9,13
290758,1,1,0,0,0,0,0,0,0,0,0,0
290759,1,1,0,0,0,0,0,0,0,0,0,0
290760,1,1,0,0,0,0,0,0,0,0,0,0
290761,1,1,0,0,0,0,0,0,0,0,0,0
290762,0,1,0,0,21,0,9,0,0,0,0,0
290762,1,1,0,0,0,0,0,0,0,0,0,0
290763,0,1,0,0,0,31,8,17,0,0,0,0
290763,1,1,10,0,0,0,0,0,0,0,0,0
290764,1,1,0,0,3,12,12,0,0,4,0,0
290765,1,1,0,0,0,0,0,0,0,0,0,0
290765,2,1,0,0,0,0,0,0,0,0,0,0
290766,1,1,0,0,0,0,0,0,0,0,0,0
290766,2,1,5,5,5,5,5,5,5,5,5,5
290767,0,1,0,0,0,0,0,0,0,0,0,0
290767,1,1,0,0,0,0,0,0,0,0,0,0
290769,1,1,0,0,0,0,0,0,0,0,0,0
290769,2,1,16,16,16,16,16,16,16,16,16,16
290770,1,1,0,0,0,0,0,0,0,0,0,0
290770,2,1,0,0,0,0,0,0,0,0,0,0
290771,1,1,0,0,0,0,0,0,0,0,0,0
290771,2,1,0,0,0,0,0,0,0,0,0,0
290771,3,1,0,0,0,0,0,0,0,0,0,0
290772,0,1,19,15,0,0,17,0,0,0,17,20
290772,1,1,24,24,24,24,24,24,24,24,24,24
290773,1,1,0,0,0,0,0,0,0,0,0,0
290774,0,1,0,0,24,0,0,6,0,0,9,0
290774,1,1,0,0,7,0,0,0,0,0,0,17
290774,2,1,0,0,0,0,0,0,0,13,0,0
290775,1,1,18,0,15,0,0,0,0,0,0,0
290776,1,1,0,0,0,0,0,0,0,0,0,0
290777,1,1,3,3,3,3,3,3,3,3,3,3
290777,2,1,0,0,0,0,0,0,0,0,0,0
290778,0,1,2,2,2,2,2,2,2,2,2,2
290778,1,1,0,0,0,0,0,0,0,0,0,0
290779,1,1,0,0,0,0,16,0,0,0,0,0
290779,2,1,0,0,0,0,0,0,0,0,0,0
290780,1,1,21,21,21,21,21,21,21,21,21,21
290781,1,1,0,0,12,0,0,11,15,0,0,0
290782,0,1,0,0,0,0,0,0,0,0,0,0
290782,1,1,0,0,0,0,0,0,0,0,0,0
290783,1,1,0,0,0,0,0,0,10,0,0,0
290784,1,1,27,27,27,27,27,27,27,27,27,27
290784,2,1,0,0,0,0,0,0,0,0,0,0
290785,1,1,0,0,0,0,0,0,0,0,0,0
290785,2,1,0,0,0,0,0,0,0,0,0,0
290786,1,1,39,24,19,13,0,0,0,0,0,0
290787,0,1,26,30,32,0,21,62,24,11,21,25
290787,1,1,25,0,0,15,0,0,0,12,0,0
290788,0,1,18,18,18,18,18,18,18,18,18,18
290788,1,1,16,8,0,0,30,9,36,0,9,8
290789,1,1,0,0,0,0,0,0,0,0,0,0
290789,2,1,0,0,0,0,0,0,0,0,0,0
290790,1,1,0,21,0,0,14,0,19,0,0,19
290790,2,1,0,0,0,0,0,0,0,0,0,0
290790,3,1,0,0,0,0,0,0,0,0,0,0
290791,1,1,0,0,0,0,0,0,0,0,0,0
290791,2,1,0,0,0,0,0,0,0,0,0,0
290792,1,1,16,19,20,4,16,29,0,19,14,18
290793,1,1,26,26,26,26,26,26,26,26,26,26
290793,2,1,0,0,0,0,0,0,0,0,0,0
290794,1,1,23,23,23,23,23,23,23,23,23,23
290794,2,1,0,0,0,0,0,0,0,0,0,0
290795,1,1,0,0,0,0,0,0,0,0,0,0
290796,1,1,0,0,0,0,0,0,0,0,0,0
290797,1,1,0,0,0,0,0,0,0,0,0,0
290797,2,1,0,0,0,0,0,0,0,0,0,0
290797,3,1,0,0,0,0,0,0,0,0,0,0
290798,0,1,0,0,0,0,0,0,0,0,0,0
290798,1,1,0,0,0,0,0,0,0,0,0,0
290799,1,1,0,0,0,0,0,0,0,0,0,0
290800,1,1,0,0,0,0,0,0,0,0,0,0
290800,2,1,0,0,0,0,0,21,0,0,0,0
290801,1,1,0,0,0,0,0,0,0,0,0,0
290802,0,1,0,0,0,0,0,0,0,0,0,0
290802,1,1,0,0,0,0,0,0,0,0,0,0
290803,1,1,0,0,0,0,0,0,0,0,0,0
290803,2,1,0,0,0,0,0,0,0,0,0,0
290805,1,1,23,23,23,23,23,23,23,23,23,23
290806,1,1,18,0,23,0,0,0,0,0,0,14
290807,0,1,0,0,0,0,0,0,0,0,0,0
290807,1,1,0,0,0,0,0,0,0,0,0,0
290808,1,1,13,13,13,13,13,13,13,13,13,13
290808,2,1,0,0,0,0,0,0,0,0,0,0
290809,1,1,0,0,0,0,0,0,0,0,0,0
290809,2,1,0,0,0,0,0,0,0,0,0,0
290810,1,1,0,0,0,0,0,0,0,0,0,0
290811,1,1,0,0,0,0,0,0,0,0,0,0
290812,1,1,0,0,0,0,0,0,0,0,0,0
290813,1,1,0,0,0,0,0,0,0,0,0,0
290814,1,1,0,0,0,0,0,0,0,0,0,0
290814,2,1,0,0,0,0,0,0,0,0,0,0
290815,1,1,0,0,0,0,0,0,0,0,0,0
290815,2,1,0,0,0,0,0,0,0,0,0,0
290816,1,1,0,0,0,0,0,13,0,0,0,33
290817,1,1,17,17,17,17,17,17,17,17,17,17
290818,1,1,18,18,18,18,18,18,18,18,18,18
290819,1,1,0,0,0,0,0,0,0,0,0,0
290819,2,1,0,0,0,0,0,0,0,0,0,0
290820,1,1,0,0,0,0,0,0,0,0,0,0
290820,2,1,0,0,0,0,0,0,0,0,0,0
290821,0,1,0,0,0,0,0,0,0,0,0,0
290821,1,1,0,0,0,0,0,0,0,0,0,0
290822,1,1,0,0,0,0,0,0,0,0,0,0
290823,1,1,0,0,0,0,0,0,0,0,0,0
290823,2,1,0,0,0,0,0,0,0,0,0,0
290824,1,1,0,0,0,0,0,0,0,0,0,0
290825,1,1,9,0,8,16,11,15,18,0,0,10
290826,1,1,16,16,16,16,16,16,16,16,16,16
290826,2,1,0,0,0,0,0,0,0,0,0,0
290827,1,1,19,19,19,19,19,19,19,19,19,19
290828,0,1,1,1,1,1,1,1,1,1,1,1
290828,1,1,0,0,0,0,0,0,0,0,0,0
290829,1,1,15,15,15,15,15,15,15,15,15,15
290830,1,1,0,0,0,0,0,0,0,0,0,0
290831,0,1,0,0,14,44,0,0,0,0,0,0
290831,1,1,0,0,0,0,0,0,0,0,0,0
290832,0,1,20,20,20,20,20,20,20,20,20,20
290832,1,1,0,11,0,10,0,0,0,0,17,0
290833,0,1,32,32,32,32,32,32,32,32,32,32
290833,1,1,0,26,27,0,27,0,14,0,0,0
290833,2,1,0,0,0,0,0,0,0,0,0,0
290834,1,1,0,0,0,0,0,0,0,0,0,0
290834,2,1,0,0,0,0,0,0,0,0,0,0
290835,1,1,0,0,0,0,0,0,0,0,0,0
290835,2,1,0,0,0,0,0,0,0,0,0,0
290836,1,1,20,20,20,20,20,20,20,20,20,20
290837,1,1,0,0,0,0,0,35,0,0,7,38
290838,1,1,0,0,0,0,0,0,0,0,0,0
290839,1,1,0,0,0,0,0,0,0,0,0,0
290840,1,1,2,2,2,2,2,2,2,2,2,2
290841,1,1,0,0,0,0,0,0,0,0,0,0
290841,2,1,0,0,0,0,0,0,0,0,0,0
290842,1,1,0,0,0,0,0,0,0,0,0,0
290842,2,1,0,0,0,0,0,0,0,0,0,0
290843,1,1,18,0,0,0,0,0,0,0,0,0
290844,1,1,0,0,0,0,0,0,0,0,0,0
290844,2,1,0,0,0,0,0,0,0,0,0,0
290845,1,1,0,0,0,0,0,0,0,0,0,0
290845,2,1,0,0,0,0,0,0,0,0,0,0
290846,1,1,0,0,0,0,0,0,0,0,0,0
290846,2,1,0,0,0,0,0,0,0,0,0,16
290847,1,1,0,0,0,0,0,0,0,0,0,0
290848,1,1,0,0,0,0,0,0,0,0,0,0
290849,0,1,0,0,0,0,0,0,0,0,0,0
290849,0,2,0,0,0,0,0,0,0,0,0,0
290849,0,3,0,27,0,17,0,0,0,0,0,0
290849,2,1,0,0,0,0,0,0,0,0,0,0
290850,1,1,0,0,0,0,0,0,0,0,0,0
290850,2,1,0,0,0,0,8,0,0,0,0,0
290851,1,1,0,0,0,0,0,0,0,0,0,0
290852,1,1,0,0,0,0,0,0,0,0,0,0
290852,2,1,0,0,0,0,0,0,0,0,0,0
290853,1,1,13,17,14,15,14,0,14,4,21,0
290854,1,1,15,0,0,0,0,0,0,0,0,0
290854,2,1,0,0,14,0,17,12,12,21,34,0
290854,3,1,0,0,0,24,26,0,0,20,0,15
290855,1,1,0,0,0,0,0,0,0,0,0,27
290856,1,1,7,0,14,0,24,14,0,23,13,24
290857,1,1,22,22,22,22,22,22,22,22,22,22
290857,2,1,0,0,0,0,0,0,0,0,0,0
290857,3,1,0,0,0,0,0,0,8,0,0,0
290859,1,1,0,0,0,0,0,0,0,0,0,0
290859,2,1,0,0,0,0,0,0,0,0,0,0
290860,1,1,10,10,10,10,10,10,10,10,10,10
290860,2,1,0,0,0,0,0,0,15,17,0,0
290861,1,1,10,10,10,10,10,10,10,10,10,10
290862,1,1,0,0,0,0,0,0,0,0,0,0
290863,1,1,0,0,0,0,0,0,0,0,0,0
290863,2,1,0,0,0,0,0,0,0,0,0,0
290864,1,1,0,0,0,0,0,0,0,0,0,0
290864,2,1,0,0,0,0,0,0,0,0,0,0
290865,1,1,0,0,0,0,0,0,0,0,0,0
290865,2,1,0,0,0,0,0,0,0,0,0,0
290866,1,1,13,13,13,13,13,13,13,13,13,13
290867,1,1,20,19,0,0,0,0,0,0,0,0
290867,2,1,0,0,0,0,0,0,0,0,0,20
290868,1,1,0,0,0,0,0,0,0,0,0,0
290869,1,1,17,17,17,17,17,17,17,17,17,17
290870,1,1,2,2,2,2,2,2,2,2,2,2
290870,2,1,2,2,2,2,2,2,2,2,2,2
290871,1,1,0,0,0,0,0,0,0,0,0,0
290871,2,1,0,0,0,0,0,0,0,0,0,0
290871,3,1,0,0,0,0,0,0,0,0,0,0
290872,1,1,0,0,0,0,0,0,0,0,0,0
290872,2,1,0,0,0,0,0,0,0,0,0,0
290872,3,1,0,0,0,0,0,0,0,0,0,0
290872,4,1,0,0,0,0,0,0,0,0,0,0
290873,0,1,0,0,0,0,0,0,0,0,0,0
290873,1,1,0,0,0,0,0,0,0,0,0,0
290874,1,1,0,0,0,0,0,0,0,0,0,0
290875,0,1,0,0,0,0,0,0,0,0,0,0
290875,0,2,0,0,0,0,0,0,0,0,0,0
290875,1,1,0,0,0,0,0,0,0,0,0,0
290876,1,1,0,0,0,0,0,0,0,0,0,0
290877,1,1,4,4,4,4,4,4,4,4,4,4
290878,1,1,33,33,33,33,33,33,33,33,33,33
290879,1,1,0,14,28,0,0,0,0,0,0,0
290880,0,1,0,26,0,0,0,0,0,0,0,0
290880,1,1,0,0,0,0,0,0,0,0,0,0
290881,1,1,0,0,0,0,0,0,0,0,0,0
290881,2,1,15,0,0,0,0,0,0,0,0,0
290882,1,1,0,0,0,0,0,0,0,0,0,0
290882,2,1,0,0,0,0,0,0,0,0,0,0
290883,1,1,0,0,0,0,0,0,0,0,0,0
290884,0,1,22,22,22,22,22,22,22,22,22,22
290884,0,2,0,48,0,19,0,15,0,0,19,0
290884,1,1,2,2,2,2,2,2,2,2,2,2
290885,1,1,0,0,0,0,0,0,0,0,0,0
290885,2,1,0,0,0,0,0,0,0,0,0,0
290886,1,1,0,0,0,0,0,0,0,0,0,0
290887,1,1,0,0,0,0,0,0,0,0,0,0
290888,1,1,13,13,13,13,13,13,13,13,13,13
290889,1,1,12,12,12,12,12,12,12,12,12,12
290890,0,1,17,17,17,17,17,17,17,17,17,17
290890,1,1,0,0,0,0,0,0,0,0,0,0
290891,1,1,0,28,21,22,17,26,12,27,28,21
290892,0,1,31,31,31,31,31,31,31,31,31,31
290892,1,1,0,0,0,0,0,0,0,0,0,0
290893,1,1,0,0,0,0,0,0,0,0,0,0
290894,1,1,0,0,0,0,0,0,0,0,0,0
290894,2,1,0,0,0,0,0,0,0,0,0,0
290895,1,1,0,0,0,6,0,0,0,18,0,0
290895,2,1,0,0,0,0,0,0,0,0,0,0
290897,0,1,0,0,0,0,0,0,0,0,0,0
290897,1,1,0,0,0,0,0,0,0,0,0,0
290898,0,1,0,0,0,0,0,0,0,0,0,0
290898,1,1,0,0,0,0,0,0,0,0,0,0
290899,1,1,0,0,0,0,0,0,0,0,0,0
290900,0,1,21,21,21,21,21,21,21,21,21,21
290900,1,1,0,0,0,0,16,0,0,0,0,0
290901,1,1,0,0,0,0,0,0,0,0,0,0
290901,2,1,9,9,9,9,9,9,9,9,9,9
290902,1,1,0,0,0,0,0,0,0,0,0,0
290902,2,1,0,0,0,0,0,0,0,0,0,0
290903,1,1,0,0,0,0,0,0,0,0,0,0
290903,2,1,0,0,0,0,0,0,0,0,0,0
290904,1,1,0,0,0,0,0,0,0,0,0,0
290904,2,1,0,5,0,0,0,0,0,0,0,0
290905,0,1,0,0,0,0,0,0,0,0,0,0
290905,1,1,0,0,0,0,0,0,0,0,0,0
290906,1,1,0,0,0,0,0,0,0,0,0,0
290906,2,1,0,0,0,0,0,0,0,0,0,0
290907,1,1,11,11,11,11,11,11,11,11,11,11
290908,1,1,3,3,3,3,3,3,3,3,3,3
290909,1,1,0,0,0,13,0,0,0,0,0,0
290909,2,1,0,0,0,0,0,0,0,0,0,0
290909,3,1,0,0,0,0,0,0,0,0,0,0
290909,4,1,0,0,0,0,0,0,0,0,0,0
290911,1,1,0,0,0,0,0,0,0,0,0,0
290911,2,1,0,12,0,0,12,0,0,0,0,0
290912,1,1,29,29,29,29,29,29,29,29,29,29
290913,0,1,14,14,14,14,14,14,14,14,14,14
290913,1,1,0,0,0,0,0,0,0,0,0,0
290913,2,1,2,2,2,2,2,2,2,2,2,2
290914,0,1,0,0,0,0,0,0,0,0,0,0
290914,1,1,0,0,0,0,0,0,0,0,0,0
290915,1,1,0,0,0,0,0,0,0,0,0,0
290916,0,1,0,0,0,0,0,0,0,0,0,0
290916,1,1,0,0,0,0,0,0,0,0,0,0
290917,1,1,0,0,0,0,0,0,0,0,0,0
290918,0,1,0,0,0,0,0,0,0,0,0,0
290918,1,1,0,0,0,0,0,0,0,0,0,0
290919,1,1,15,15,15,15,15,15,15,15,15,15
290920,1,1,0,0,0,0,0,0,0,0,0,0
290920,2,1,0,0,0,0,0,0,0,0,20,0
290921,0,1,28,28,28,28,28,28,28,28,28,28
290921,1,1,0,0,0,0,0,0,0,0,0,0
290922,1,1,0,0,0,0,0,10,0,0,0,0
290922,2,1,0,0,0,0,0,0,0,0,0,0
290923,1,1,0,0,0,0,0,0,0,0,0,0
290923,2,1,0,0,0,0,0,0,0,0,0,0
290924,1,1,0,0,0,0,0,0,0,0,0,0
290924,2,1,0,0,0,0,0,0,0,0,0,0
290924,4,1,0,0,0,0,0,0,0,0,0,0
290925,0,1,0,15,0,0,0,20,0,0,0,0
290925,1,1,0,0,0,0,0,0,12,0,29,0
290926,1,1,0,0,0,0,0,0,0,0,0,0
290926,2,1,0,0,0,0,0,0,0,0,0,0
290927,1,1,12,12,12,12,12,12,12,12,12,12
290927,2,1,0,0,0,0,0,0,0,0,0,0
290927,3,1,0,0,0,0,0,0,0,0,0,0
290928,0,1,31,31,31,31,31,31,31,31,31,31
290928,1,1,0,5,0,0,0,0,2,0,0,0
290929,1,1,24,24,24,24,24,24,24,24,24,24
290930,1,1,17,17,17,17,17,17,17,17,17,17
290931,1,1,15,15,15,15,15,15,15,15,15,15
290932,0,1,0,0,0,0,0,0,0,0,0,0
290932,1,1,14,9,0,19,0,20,12,13,6,10
290933,1,1,23,23,23,23,23,23,23,23,23,23
290934,1,1,0,0,0,0,0,0,0,0,0,0
290935,0,1,12,12,12,12,12,12,12,12,12,12
290935,1,1,11,0,14,6,5,0,9,11,18,18
290936,1,1,0,0,29,0,0,0,20,0,0,0
290936,2,1,0,0,0,0,0,0,0,0,0,0
290937,1,1,0,0,24,0,0,0,0,0,0,0
290937,2,1,0,0,0,0,0,0,0,0,0,0
290938,0,1,14,14,14,14,14,14,14,14,14,14
290938,1,1,0,0,0,0,0,0,0,0,0,0
290939,1,1,0,0,0,0,0,0,0,0,0,0
290939,2,1,0,0,0,0,0,0,0,0,0,0
290939,3,1,0,0,0,0,0,0,0,0,0,0
290940,1,1,0,0,0,0,0,0,0,0,0,0
290941,1,1,0,0,0,0,0,0,0,0,0,0
290942,0,1,0,0,0,0,0,0,0,0,0,0
290942,1,1,0,0,0,0,0,0,0,0,0,0