ST_CASE,VEH_NO,PER_NO,P1,P2,P3,P4,P5,P6,P7,P8,P9,P10
340040,1,1,0,0,0,0,0,0,0,0,0,0
340040,2,1,0,0,0,0,0,0,0,0,0,0
340041,1,1,0,0,0,0,0,0,0,0,0,0
340041,2,1,0,0,0,0,0,0,0,0,0,0
340042,1,1,40,40,40,40,40,40,40,40,40,40
340042,2,1,0,0,0,0,0,0,0,0,0,0
340043,1,1,2,2,2,2,2,2,2,2,2,2
340043,2,1,0,0,0,0,0,0,0,0,0,0
340044,1,1,6,6,6,6,6,6,6,6,6,6
340046,1,1,14,14,14,14,14,14,14,14,14,14
340047,1,1,0,0,0,0,0,0,0,0,0,0
340047,2,1,0,0,0,0,0,0,0,0,0,0
340048,1,1,0,0,0,0,0,0,0,0,0,0
340049,1,1,17,17,17,17,17,17,17,17,17,17
340050,1,1,0,0,6,5,0,0,0,13,0,7
340051,1,1,0,0,0,0,0,0,0,0,12,0
340051,2,1,0,0,0,0,0,0,0,0,0,0
340052,1,1,0,0,0,0,0,0,0,0,0,0
340052,2,1,19,19,19,19,19,19,19,19,19,19
340053,1,1,0,0,0,0,0,0,0,0,0,0
340053,2,1,0,0,0,0,0,0,0,0,0,0
340054,1,1,0,0,0,0,0,0,0,0,0,0
340054,2,1,18,18,18,18,18,18,18,18,18,18
340055,1,1,0,0,0,0,0,0,0,0,0,0
340056,1,1,0,0,0,0,0,0,0,0,0,0
340056,2,1,0,0,0,0,0,0,0,0,0,0
340057,1,1,0,0,0,20,0,0,0,0,0,0
340057,2,1,0,0,0,0,0,0,0,0,0,0
340057,3,1,0,0,0,3,0,0,0,9,0,0
340058,0,1,7,7,7,7,7,7,7,7,7,7
340058,1,1,0,5,9,20,24,14,20,26,11,13
340059,0,1,0,0,0,0,0,0,0,0,0,0
340059,1,1,0,0,0,0,17,0,0,0,0,0
340060,1,1,5,5,5,5,5,5,5,5,5,5
340060,2,1,20,0,0,0,0,0,0,0,0,0
340061,0,1,0,0,0,0,0,0,0,0,0,0
340061,1,1,14,0,0,0,0,0,0,0,0,0
340062,0,1,0,0,0,0,0,0,0,0,0,0
340062,1,1,0,0,0,0,0,0,0,0,0,0
340063,1,1,21,21,21,21,21,21,21,21,21,21
340064,0,1,0,0,0,0,0,0,0,0,0,0
340064,1,1,0,0,0,0,0,0,0,0,0,0
340065,1,1,0,0,0,0,0,0,0,0,0,0
340066,1,1,0,0,0,0,0,0,0,0,0,0
340066,2,1,0,0,0,0,0,0,0,0,0,0
340067,1,1,0,0,0,0,0,0,0,0,0,0
340068,0,1,0,0,0,0,0,0,0,0,0,0
340068,1,1,0,0,0,0,0,0,0,0,0,0
340069,1,1,0,20,0,0,0,13,0,0,0,0
340069,2,1,0,0,0,0,0,0,0,0,0,0
340070,1,1,0,0,0,0,0,0,0,0,0,0
340071,1,1,0,0,0,0,0,0,0,0,0,0
340072,0,1,0,0,0,0,0,0,0,0,0,0
340072,1,1,0,16,0,0,0,0,0,0,0,0
340072,2,1,0,16,0,26,0,0,0,0,24,0
340073,0,1,0,0,0,0,0,0,0,0,0,0
340073,1,1,0,0,0,0,0,0,0,0,0,0
340074,1,1,24,24,24,24,24,24,24,24,24,24
340074,2,1,0,0,0,0,0,0,0,0,0,0
340075,1,1,0,0,0,0,0,0,0,0,0,0
340076,1,1,19,19,19,19,19,19,19,19,19,19
340077,0,1,0,0,0,0,0,0,0,0,0,0
340077,1,1,0,0,0,0,0,0,0,23,0,16
340078,1,1,0,0,0,0,0,0,0,0,0,0
340079,1,1,0,0,0,0,0,0,0,0,0,0
340079,2,1,0,0,0,0,0,0,0,0,0,0
340080,1,1,30,30,30,30,30,30,30,30,30,30
340080,2,1,41,0,0,0,0,0,0,0,0,0
340081,1,1,0,0,0,0,0,0,0,0,0,0
340081,2,1,0,0,0,0,0,0,0,0,0,0
340082,1,1,0,0,0,0,0,0,0,0,0,0
340082,2,1,0,0,6,0,0,0,0,18,0,0
340084,1,1,0,0,0,0,0,0,0,0,0,0
340084,2,1,0,0,0,0,0,0,0,0,9,24
340085,1,1,0,0,0,0,0,0,0,0,0,0
340085,2,1,0,0,0,0,0,0,0,0,0,0
340086,1,1,0,0,0,0,0,0,0,0,0,0
340086,2,1,0,0,0,0,0,0,0,0,0,0
340087,1,1,0,0,0,0,0,0,0,0,0,0
340088,0,1,0,0,0,0,0,0,0,0,0,0
340088,1,1,6,12,12,0,0,11,0,10,32,0
340088,2,1,0,0,0,0,0,0,0,0,0,0
340089,0,1,0,0,0,0,0,0,0,0,0,0
340089,1,1,0,0,0,0,0,0,0,0,0,0
340090,0,1,21,21,21,21,21,21,21,21,21,21
340090,1,1,0,6,0,0,0,0,0,0,0,0
340091,0,1,26,26,26,26,26,26,26,26,26,26
340091,1,1,13,0,0,0,18,0,8,0,0,0
340091,2,1,0,0,0,0,0,0,0,0,0,0
340092,0,1,34,34,34,34,34,34,34,34,34,34
340092,1,1,0,0,0,0,0,0,0,0,0,0
340092,2,1,0,0,15,13,0,0,0,11,27,0
340092,3,1,0,0,0,0,0,0,0,0,0,0
340093,0,1,0,0,0,0,0,0,0,0,0,0
340093,1,1,0,0,0,0,0,0,0,0,0,0
340094,1,1,12,12,12,12,12,12,12,12,12,12
340094,2,1,0,0,0,0,0,0,0,0,30,0
340095,1,1,18,18,18,18,18,18,18,18,18,18
340096,1,1,0,0,0,0,0,0,0,0,11,21
340096,2,1,0,0,0,0,0,0,0,0,0,0
340097,1,1,0,0,0,0,0,0,0,0,0,0
340097,2,1,0,0,0,0,0,0,0,0,0,0
340098,1,1,0,0,0,0,0,0,0,24,30,0
340098,2,1,0,0,0,0,0,0,0,0,0,0
340099,1,1,0,0,0,0,0,0,0,0,0,19
340099,2,1,0,0,0,0,0,0,0,0,0,0
340100,1,1,0,0,0,0,0,0,0,0,0,7
340100,2,1,0,0,0,0,0,0,0,0,0,0
340101,1,1,0,0,0,0,0,0,0,0,0,0
340101,2,1,18,18,18,18,18,18,18,18,18,18
340101,3,1,0,0,0,0,14,0,0,0,0,0
340101,4,1,0,0,0,15,0,0,0,0,0,0
340102,1,1,11,11,11,11,11,11,11,11,11,11
340103,1,1,0,0,0,0,0,0,0,0,0,0
340103,2,1,0,0,11,0,0,0,0,0,0,0
340104,1,1,0,0,0,0,0,0,0,0,0,0
340105,1,1,11,11,11,11,11,11,11,11,11,11
340106,1,1,0,0,0,0,0,0,0,0,0,0
340107,1,1,19,19,19,19,19,19,19,19,19,19
340108,0,1,9,9,9,9,9,9,9,9,9,9
340108,1,1,0,0,0,0,0,0,0,0,0,0
340109,1,1,23,23,23,23,23,23,23,23,23,23
340109,2,1,3,3,3,3,3,3,3,3,3,3
340110,0,1,0,0,0,0,0,0,0,0,0,0
340110,1,1,0,10,0,0,0,0,0,0,0,0
340110,2,1,0,0,0,0,0,0,0,0,0,0
340111,1,1,0,4,0,0,0,0,0,0,0,0
340111,2,1,0,0,0,0,0,0,0,0,0,0
340112,1,1,24,24,24,24,24,24,24,24,24,24
340113,0,1,0,0,0,0,0,0,0,0,0,0
340113,1,1,0,0,0,0,0,0,0,0,0,28
340114,1,1,18,18,18,18,18,18,18,18,18,18
340114,2,1,0,0,0,0,0,0,0,0,0,0
340115,1,1,0,0,0,0,0,0,0,0,0,0
340115,2,1,0,0,0,0,0,0,0,0,0,0
340116,1,1,0,0,0,0,0,0,0,0,0,0
340117,0,1,0,0,0,0,0,0,0,0,0,0
340117,1,1,0,0,0,0,0,0,0,0,0,0
340118,1,1,0,0,0,0,0,0,0,0,0,0
340118,2,1,0,0,0,0,0,0,0,0,0,0
340120,0,1,0,21,0,15,27,0,14,0,0,0
340120,1,1,0,0,0,0,0,0,0,0,0,0
340120,2,1,14,0,0,0,0,0,0,0,0,0
340121,1,1,0,0,0,0,0,0,0,0,0,0
340122,1,1,39,39,39,39,39,39,39,39,39,39
340123,1,1,0,0,0,0,0,0,0,0,0,0
340124,1,1,0,0,0,0,0,0,0,0,0,0
340124,2,1,0,0,0,0,0,0,0,8,0,18
340124,3,1,0,0,0,0,0,0,0,20,0,0
340125,0,1,0,0,0,0,0,0,0,0,0,0
340125,1,1,0,0,0,0,0,0,0,0,0,0
340126,0,1,0,0,0,0,0,0,0,0,0,0
340126,1,1,0,19,17,16,24,21,18,0,0,33
340127,0,1,0,0,0,0,0,0,0,0,0,0
340127,1,1,0,0,0,0,0,0,0,0,0,0
340128,0,1,0,0,0,0,0,0,0,0,0,0
340128,1,1,0,0,0,0,0,0,0,0,0,0
340129,0,1,0,0,0,0,0,0,0,0,0,0
340129,1,1,0,0,0,0,0,0,0,0,0,0
340130,0,1,23,0,12,0,0,0,6,0,20,26
340130,1,1,20,11,0,8,17,8,30,0,19,11
340132,0,1,0,0,54,19,0,0,8,0,25,27
340132,1,1,14,0,0,0,0,0,0,0,0,0
340134,1,1,19,19,19,19,19,19,19,19,19,19
340134,2,1,0,11,11,9,0,0,0,0,11,0
340135,1,1,0,0,0,0,0,0,0,0,0,0
340135,2,1,0,0,0,0,0,0,0,0,0,0
340135,3,1,0,0,0,0,0,0,0,0,0,0
340135,4,1,0,0,0,0,0,0,0,0,0,0
340136,1,1,7,7,7,7,7,7,7,7,7,7
340136,2,1,0,0,0,28,0,12,0,0,0,0
340137,1,1,0,0,0,0,0,0,0,0,0,0
340137,2,1,0,0,0,0,0,0,0,13,0,0
340138,0,1,0,0,0,0,0,0,0,0,0,0
340138,1,1,0,0,0,0,0,0,0,0,0,0
340139,0,1,17,17,17,17,17,17,17,17,17,17
340139,1,1,20,0,0,8,0,21,0,0,20,24
340140,0,1,0,0,0,0,0,0,0,0,0,0
340140,1,1,0,0,0,0,0,0,0,0,0,0
340141,0,1,12,12,12,12,12,12,12,12,12,12
340141,1,1,0,0,0,0,0,0,0,8,0,0
340142,1,1,0,0,0,0,0,0,0,0,0,0
340143,1,1,0,0,0,0,0,0,0,0,0,0
340144,1,1,7,14,13,0,23,6,14,21,0,21
340145,1,1,0,0,0,0,0,0,0,0,0,0
340146,1,1,0,0,0,0,0,0,0,0,0,0
340147,1,1,5,5,5,5,5,5,5,5,5,5
340148,1,1,0,0,0,0,0,0,0,0,0,0
340149,1,1,0,0,0,0,0,0,0,0,0,0
340150,0,1,0,0,0,0,0,0,0,0,0,0
340150,1,1,12,12,12,12,12,12,12,12,12,12
340151,1,1,0,0,0,0,0,0,0,0,0,0
340151,2,1,0,0,0,0,0,0,0,0,0,0
340152,1,1,0,0,0,0,0,0,0,0,0,0
340152,2,1,0,0,7,0,0,0,0,0,0,0
340153,1,1,30,30,30,30,30,30,30,30,30,30
340153,2,1,0,0,0,0,0,0,0,0,0,0
340154,1,1,12,12,12,12,12,12,12,12,12,12
340154,2,1,0,0,0,0,0,0,0,0,0,0
340155,1,1,0,0,0,0,0,0,0,0,0,0
340155,2,1,0,0,0,0,0,0,0,0,0,0
340156,0,1,17,17,17,17,17,17,17,17,17,17
340156,1,1,0,0,0,0,0,0,0,0,0,0
340156,2,1,0,0,0,0,0,0,0,0,0,0
340157,1,1,6,6,6,6,6,6,6,6,6,6
340157,2,1,0,0,0,0,0,0,0,0,0,0
340158,0,1,0,0,0,0,0,0,0,0,0,0
340158,0,2,0,0,0,0,0,0,0,0,0,0
340158,1,1,10,10,10,10,10,10,10,10,10,10
340159,1,1,0,0,0,0,0,0,0,0,0,0
340159,2,1,0,0,0,0,0,0,0,0,0,0
340159,3,1,0,0,0,0,0,0,0,0,0,0
340159,4,1,0,0,0,0,0,0,0,0,0,0
340160,1,1,0,17,0,12,0,9,0,45,0,0
340161,1,1,0,0,0,0,0,0,0,0,0,0
340161,2,1,0,0,0,0,0,0,0,0,0,0
340161,3,1,0,0,0,0,0,0,0,0,0,0
340162,0,1,0,0,0,0,0,0,0,0,0,0
340162,0,2,0,0,0,0,0,0,0,0,0,0
340162,0,3,0,0,31,0,0,0,0,0,0,0
340162,1,1,0,0,0,0,17,0,0,0,15,0
340163,1,1,15,0,0,21,0,0,0,7,0,0
340163,2,1,0,0,0,0,0,0,0,0,0,0
340164,1,1,0,0,0,0,0,0,0,0,0,0
340164,2,1,0,0,0,0,0,0,0,0,0,0
340164,3,1,0,0,0,0,23,0,0,0,0,12
340165,0,1,0,0,0,0,0,0,0,0,0,0
340165,1,1,0,0,0,0,0,0,0,0,0,0
340166,0,1,0,0,0,0,0,0,0,0,0,0
340166,1,1,0,0,7,0,0,0,0,0,0,0
340167,0,1,0,0,0,0,0,0,0,0,0,0
340167,0,2,0,0,0,0,0,0,0,0,0,0
340167,1,1,0,0,0,17,0,0,0,0,0,0
340168,0,1,36,36,36,36,36,36,36,36,36,36
340168,1,1,0,0,0,0,0,0,0,0,0,0
340169,0,1,9,9,9,9,9,9,9,9,9,9
340169,1,1,0,0,9,0,0,32,0,0,11,0
340170,1,1,12,12,12,12,12,12,12,12,12,12
340171,1,1,0,0,0,0,0,0,0,0,0,0
340171,2,1,0,0,0,0,25,15,25,0,0,0
340172,0,1,0,0,0,0,0,0,0,0,0,0
340172,1,1,0,0,0,0,0,0,0,0,0,0
340172,2,1,0,0,0,0,0,0,0,0,0,0
340173,1,1,16,16,16,16,16,16,16,16,16,16
340173,2,1,13,13,13,13,13,13,13,13,13,13
340174,1,1,6,6,6,6,6,6,6,6,6,6
340175,1,1,3,3,3,3,3,3,3,3,3,3
340176,1,1,10,10,10,10,10,10,10,10,10,10
340177,1,1,0,0,0,0,0,0,0,0,0,0
340178,1,1,12,0,0,0,0,0,2,0,0,0
340179,1,1,0,0,0,24,0,0,0,33,0,0
340180,1,1,0,0,0,0,0,0,0,0,0,0
340182,1,1,0,0,0,0,0,0,0,0,0,0
340183,1,1,7,7,7,7,7,7,7,7,7,7
340184,0,1,22,0,0,0,0,0,8,0,0,0
340184,1,1,0,0,0,0,0,0,0,0,0,0
340185,0,1,20,20,20,20,20,20,20,20,20,20
340185,1,1,0,0,7,12,17,27,0,0,0,27
340186,0,1,0,0,0,0,0,0,0,0,0,0
340186,1,1,0,15,0,0,0,0,0,39,0,0
340187,0,1,29,29,29,29,29,29,29,29,29,29
340187,1,1,0,0,0,0,0,0,0,0,0,0
340188,0,1,4,0,31,0,0,12,19,0,0,12
340188,1,1,0,0,0,0,0,0,0,0,0,0
340189,0,1,0,0,0,0,0,0,0,0,0,0
340189,1,1,0,0,0,0,0,0,0,0,0,0
340190,0,1,16,16,16,16,16,16,16,16,16,16
340190,1,1,0,0,0,0,0,0,0,0,0,0
340191,0,1,0,0,0,0,0,0,0,0,0,0
340191,1,1,0,0,0,0,0,0,0,0,0,0
340192,0,1,0,0,0,0,0,0,0,0,0,0
340192,1,1,0,0,6,0,0,14,14,0,0,0
340193,1,1,17,17,17,17,17,17,17,17,17,17
340193,2,1,0,0,0,0,0,0,0,0,0,0
340194,1,1,0,0,0,0,0,0,0,0,0,0
340194,2,1,0,0,0,0,0,0,0,0,0,0
340195,1,1,0,0,0,0,0,0,0,0,0,0
340196,1,1,20,20,20,20,20,20,20,20,20,20
340198,1,1,17,17,17,17,17,17,17,17,17,17
340199,1,1,0,0,0,0,0,0,13,0,0,16
340199,2,1,0,0,0,0,0,0,0,0,0,0
340200,1,1,19,19,19,19,19,19,19,19,19,19
340200,2,1,18,0,0,4,0,0,0,0,0,0
340201,1,1,6,6,6,6,6,6,6,6,6,6
340202,1,1,18,18,18,18,18,18,18,18,18,18
340203,1,1,0,0,0,0,33,0,0,0,0,0
340204,1,1,0,0,0,0,0,0,0,0,0,0
340204,2,1,0,0,0,0,0,0,0,0,0,0
340205,1,1,20,20,20,20,20,20,20,20,20,20
340206,1,1,0,0,0,0,0,0,0,0,0,0
340206,2,1,0,0,0,0,0,0,0,0,0,0
340207,1,1,0,0,0,0,0,0,0,0,0,0
340208,1,1,0,0,0,0,0,0,0,0,0,0
340208,2,1,0,0,0,0,0,31,0,0,0,0
340209,0,1,0,0,0,0,0,0,0,0,0,0
340209,1,1,0,0,0,0,0,0,0,9,0,0
340210,0,1,0,0,0,0,0,0,0,0,0,0
340210,1,1,0,0,0,0,0,0,0,0,0,0
340211,0,1,0,0,0,0,0,0,0,0,0,0
340211,1,1,0,0,0,0,0,0,0,0,0,0
340212,1,1,0,0,0,0,0,0,0,0,0,0
340212,2,1,0,0,0,0,0,0,0,0,0,0
340213,1,1,4,4,4,4,4,4,4,4,4,4
340213,2,1,0,0,0,0,0,0,0,0,0,0
340214,0,1,0,0,0,0,0,0,0,0,0,0
340214,1,1,0,0,0,0,0,0,0,0,0,0
340215,0,1,0,0,0,0,0,0,0,0,0,0
340215,1,1,0,0,0,1,0,0,0,0,0,14
340215,2,1,0,0,0,0,0,0,0,0,0,0
340216,1,1,0,0,0,0,0,0,0,0,0,0
340216,2,1,0,0,0,0,0,0,0,0,0,0
340217,1,1,25,25,25,25,25,25,25,25,25,25
340217,2,1,0,0,0,0,0,0,0,0,0,0
340217,3,1,0,0,0,0,0,0,0,0,0,0
340218,0,1,21,21,21,21,21,21,21,21,21,21
340218,1,1,0,0,15,0,0,0,0,0,0,0
340219,1,1,4,4,4,4,4,4,4,4,4,4
340220,1,1,0,0,0,0,0,0,0,0,0,0
340220,2,1,0,0,0,0,0,0,0,0,0,0
340221,1,1,0,0,0,0,0,0,0,0,0,0
340221,2,1,0,0,0,0,0,0,0,0,0,0
340221,3,1,0,0,0,0,0,0,0,0,0,0
340221,4,1,0,0,0,0,0,0,0,0,0,0
340222,1,1,0,0,0,0,0,0,0,0,0,0
340222,2,1,0,0,0,0,0,0,0,0,0,0
340223,1,1,12,12,12,12,12,12,12,12,12,12
340223,2,1,0,0,0,0,0,0,0,0,0,0
340224,1,1,0,0,0,0,0,0,0,0,0,0
340224,2,1,0,0,0,0,0,0,0,0,0,0
340225,0,1,0,0,0,0,0,0,0,0,12,0
340225,1,1,0,0,0,0,0,0,0,0,0,0
340226,0,1,0,0,0,0,0,0,0,0,0,0
340226,1,1,0,0,0,0,0,0,13,0,11,0
340227,0,1,27,27,27,27,27,27,27,27,27,27
340227,1,1,0,0,0,0,0,0,0,0,0,0
340228,0,1,37,37,37,37,37,37,37,37,37,37
340228,1,1,37,37,37,37,37,37,37,37,37,37
340229,1,1,0,0,0,0,0,0,0,0,0,0
340229,2,1,0,0,0,0,0,0,0,0,0,0
340229,3,1,0,0,0,0,0,0,0,0,0,0
340230,1,1,0,0,0,0,0,0,0,0,0,0
340230,2,1,0,0,0,0,0,0,0,0,0,0
340231,1,1,0,0,0,0,6,0,0,17,0,0
340231,2,1,0,0,0,0,0,0,0,0,0,0
340231,3,1,0,0,0,0,0,0,0,0,0,0
340232,1,1,18,18,18,18,18,18,18,18,18,18
340232,2,1,0,0,0,0,0,0,0,0,0,19
340233,1,1,14,14,14,14,14,14,14,14,14,14
340233,2,1,0,0,0,0,0,0,0,0,0,0
340234,0,1,2,2,2,2,2,2,2,2,2,2
340234,1,1,0,0,0,0,0,0,0,0,0,0
340235,1,1,0,0,0,0,0,0,0,0,0,0
340235,2,1,0,0,0,0,0,0,0,0,0,0
340236,1,1,24,24,24,24,24,24,24,24,24,24
340237,0,1,0,0,0,0,0,0,0,0,0,0
340237,1,1,0,0,0,0,0,0,0,0,0,0
340238,0,1,0,0,0,0,0,0,0,0,0,0
340238,1,1,0,0,0,0,0,0,0,0,20,0
340238,2,1,18,31,0,0,15,4,35,0,0,0
340239,0,1,34,0,0,0,0,0,0,18,8,0
340239,1,1,0,0,0,0,0,0,0,0,0,0
340240,0,1,0,0,0,0,0,0,0,0,0,0
340240,1,1,24,8,10,29,0,11,16,15,12,19
340241,1,1,0,0,0,0,0,0,0,0,0,0
340242,0,1,3,3,3,3,3,3,3,3,3,3
340242,1,1,0,4,25,19,13,17,0,0,7,11
340243,1,1,10,10,10,10,10,10,10,10,10,10
340243,2,1,9,0,0,0,0,0,0,0,0,0
340244,1,1,16,16,16,16,16,16,16,16,16,16
340244,2,1,0,0,0,0,0,0,0,0,0,0
340245,1,1,0,0,0,0,0,0,0,0,0,0
340245,2,1,0,0,0,0,0,0,6,0,0,0
340245,3,1,0,0,0,0,0,0,0,0,0,0
340246,1,1,15,15,15,15,15,15,15,15,15,15
340247,1,1,24,24,24,24,24,24,24,24,24,24
340248,1,1,13,13,13,13,13,13,13,13,13,13
340249,1,1,0,0,0,0,0,0,0,0,0,0
340249,2,1,0,0,0,0,0,0,0,0,0,0
340249,3,1,24,0,0,0,0,0,0,0,0,0
340249,4,1,0,0,0,0,0,0,0,0,0,0
340250,1,1,0,0,0,0,0,0,0,0,0,0
340251,1,1,0,0,0,0,0,31,0,0,0,0
340251,2,1,0,0,0,0,0,0,0,0,0,0
340252,1,1,0,0,0,0,0,0,0,0,0,0
340252,2,1,0,0,0,0,0,0,0,0,0,0
340253,1,1,0,0,0,0,0,0,0,0,0,0
340253,2,1,0,0,0,0,0,0,0,0,0,0
340254,0,1,12,12,12,12,12,12,12,12,12,12
340254,1,1,0,0,18,21,0,29,18,27,0,0
340255,0,1,0,0,0,36,0,16,0,0,0,0
340255,1,1,0,0,0,0,0,0,0,0,0,0
340255,2,1,0,0,0,0,0,0,0,0,0,0
340256,1,1,13,0,0,0,0,0,0,0,0,0
340256,2,1,0,0,0,0,0,0,0,0,0,0
340257,0,1,30,30,30,30,30,30,30,30,30,30
340257,1,1,9,9,9,9,9,9,9,9,9,9
340258,0,1,13,13,13,13,13,13,13,13,13,13
340258,1,1,22,12,0,17,0,0,7,18,0,0
340259,0,1,19,19,19,19,19,19,19,19,19,19
340259,1,1,8,19,0,0,0,0,0,0,0,0
340260,0,1,29,29,29,29,29,29,29,29,29,29
340260,1,1,0,12,0,0,0,0,0,0,0,0
340261,0,1,0,0,0,0,0,0,0,0,0,0
340261,1,1,0,0,0,23,0,0,0,0,0,0
340262,1,1,0,0,0,0,0,0,0,0,0,0
340262,2,1,0,0,0,0,0,0,0,0,0,0
340263,0,1,0,0,0,0,0,0,0,0,0,0
340263,1,1,0,0,0,0,0,2,0,13,0,0
340264,1,1,24,24,24,24,24,24,24,24,24,24
340265,1,1,0,0,0,0,0,0,0,0,0,0
340266,0,1,0,0,0,0,0,0,0,0,0,0
340266,1,1,0,0,0,0,0,0,0,0,0,0
340267,1,1,0,17,0,0,0,0,0,0,5,0
340267,2,1,0,0,0,0,0,0,0,0,0,0
340268,0,1,0,0,0,0,0,0,0,0,0,0
340268,0,2,0,0,0,0,0,0,0,0,0,0
340268,1,1,0,0,0,0,0,0,0,10,0,0
340268,2,1,0,0,0,0,0,0,0,0,0,0
340269,1,1,1,1,1,1,1,1,1,1,1,1
340269,2,1,0,0,0,0,0,0,0,0,0,0
340270,1,1,0,5,0,0,4,0,0,0,0,0
340270,2,1,14,14,14,14,14,14,14,14,14,14
340271,1,1,8,8,8,8,8,8,8,8,8,8
340271,2,1,0,0,0,0,0,0,0,0,0,0
340272,1,1,23,23,23,23,23,23,23,23,23,23
340273,1,1,0,0,0,0,0,0,0,0,0,0
340274,0,1,0,0,0,0,0,0,0,0,0,0
340274,2,1,19,0,0,0,0,0,0,0,0,0
340274,3,1,0,0,0,0,0,0,14,0,0,0
340274,4,1,0,0,0,0,0,0,0,0,0,0
340275,1,1,0,0,0,0,0,0,0,0,0,0
340276,0,1,0,0,0,0,0,0,0,0,0,0
340276,1,1,0,9,0,0,23,0,0,0,0,0
340277,0,1,0,0,0,0,0,0,0,0,0,0
340277,1,1,0,0,0,0,0,0,0,0,0,0
340278,1,1,0,0,0,0,0,0,0,0,0,0
340278,2,1,35,35,35,35,35,35,35,35,35,35
340279,1,1,7,7,7,7,7,7,7,7,7,7
340280,1,1,0,0,0,0,0,0,0,0,0,0
340280,2,1,0,0,0,0,0,12,0,0,0,20
340281,0,1,0,0,0,0,0,0,0,0,0,0
340281,1,1,0,0,0,0,0,0,0,0,0,0
340282,0,1,0,0,0,0,0,0,0,0,0,0
340282,1,1,0,0,0,0,0,0,0,0,0,0
340283,0,1,0,0,0,0,0,0,0,0,0,0
340283,1,1,0,0,0,0,0,0,0,0,0,0
340284,0,1,29,0,20,0,12,0,0,0,0,0
340284,1,1,0,19,0,0,0,0,0,0,0,0
340285,1,1,0,0,0,0,0,0,0,0,0,0
340285,2,1,0,0,0,0,0,0,0,0,0,0
340285,3,1,0,0,0,0,0,0,0,0,0,0
340286,1,1,0,0,0,0,0,0,0,0,0,0
340286,2,1,0,0,0,0,0,0,0,0,0,0
340287,0,1,25,23,0,19,12,0,24,0,17,8
340287,1,1,0,0,0,0,0,0,0,0,0,0
340288,1,1,22,22,22,22,22,22,22,22,22,22
340289,0,1,0,0,0,0,0,0,0,0,0,0
340289,2,1,0,0,0,0,0,0,0,0,0,0
340290,0,1,31,31,31,31,31,31,31,31,31,31
340290,1,1,3,3,3,3,3,3,3,3,3,3
340291,1,1,0,0,0,0,0,0,0,0,0,0
340292,1,1,0,0,0,0,0,0,0,0,0,0
340293,1,1,0,0,0,0,0,0,0,0,0,0
340293,2,1,19,19,19,19,19,19,19,19,19,19
340294,1,1,16,16,16,16,16,16,16,16,16,16
340295,1,1,0,0,0,0,0,0,0,17,0,0
340295,2,1,18,18,18,18,18,18,18,18,18,18
340296,0,1,35,35,35,35,35,35,35,35,35,35
340296,1,1,0,0,0,0,0,0,0,0,0,0
340297,1,1,6,6,6,6,6,6,6,6,6,6
340297,2,1,0,0,0,0,0,0,0,0,0,0
340297,3,1,0,0,0,0,0,0,0,0,0,0
340298,0,1,22,22,22,22,22,22,22,22,22,22
340298,1,1,0,11,0,13,15,19,0,0,0,3
340299,1,1,8,8,8,8,8,8,8,8,8,8
340299,2,1,0,0,0,0,0,0,0,0,0,0
340300,1,1,0,0,0,0,0,0,0,0,0,0
340302,0,1,0,0,0,0,0,0,0,0,0,0
340302,1,1,0,0,0,0,0,0,0,0,0,0
340303,1,1,24,24,24,24,24,24,24,24,24,24
340303,2,1,8,0,0,0,0,0,18,0,0,0
340304,1,1,0,0,0,0,0,0,0,0,0,0
340305,0,1,0,0,0,0,0,0,0,0,0,0
340305,1,1,0,0,0,0,0,0,0,0,0,0
340306,0,1,43,43,43,43,43,43,43,43,43,43
340306,1,1,14,0,0,0,0,19,0,20,18,0
340307,1,1,6,0,0,14,0,0,17,0,10,0
340308,1,1,4,4,4,4,4,4,4,4,4,4
340308,2,1,0,0,0,0,0,0,0,0,0,0
340308,3,1,0,0,0,12,0,0,0,0,0,0
340309,1,1,0,0,0,0,0,0,0,0,0,0
340309,2,1,0,0,0,0,0,0,0,0,0,0
340309,3,1,0,0,0,0,0,0,0,0,0,0
340310,1,1,0,0,0,0,0,15,0,0,0,0
340310,2,1,12,12,12,12,12,12,12,12,12,12
340310,3,1,0,0,0,0,0,0,0,0,0,0
340311,1,1,3,3,3,3,3,3,3,3,3,3
340311,2,1,0,0,0,0,0,0,0,0,0,0
340311,3,1,0,0,0,0,0,0,0,0,0,0
340312,1,1,19,19,19,19,19,19,19,19,19,19
340313,1,1,0,0,0,0,0,0,0,0,0,0
340314,1,1,5,5,5,5,5,5,5,5,5,5
340315,1,1,0,0,0,0,30,0,0,0,0,16
340315,2,1,0,0,0,0,0,0,0,0,0,0
340316,1,1,0,0,0,0,0,0,0,0,0,0
340317,1,1,0,0,0,0,0,0,0,0,0,0
340318,0,1,0,0,0,0,0,0,0,0,0,0
340318,1,1,0,0,0,0,0,0,0,0,0,0
340319,1,1,6,6,6,6,6,6,6,6,6,6
340319,2,1,0,5,0,0,0,0,0,0,0,0
340319,3,1,0,0,0,0,0,0,0,0,0,0
340321,1,1,36,36,36,36,36,36,36,36,36,36
340322,1,1,0,0,0,0,0,2,0,0,0,0
340322,2,1,0,0,0,0,0,0,0,0,0,0