ST_CASE,VEH_NO,PER_NO,P1,P2,P3,P4,P5,P6,P7,P8,P9,P10
350224,1,1,0,0,19,18,9,8,22,0,15,16
350224,2,1,0,0,0,0,0,0,0,0,0,0
350225,1,1,0,0,0,0,0,0,0,0,0,0
350226,1,1,0,0,0,21,0,0,0,0,0,0
350226,2,1,0,0,0,0,0,0,0,0,0,0
350227,1,1,0,8,21,0,0,0,22,0,0,0
350228,1,1,12,12,12,12,12,12,12,12,12,12
350228,2,1,0,0,0,0,0,0,0,0,0,0
350229,0,1,27,27,27,27,27,27,27,27,27,27
350229,1,1,0,0,0,0,0,0,0,0,0,0
350230,0,1,0,0,0,0,0,0,0,0,0,0
350230,1,1,0,0,0,0,0,10,0,0,0,0
350231,1,1,0,0,0,0,0,0,0,0,0,0
350231,2,1,0,0,0,0,0,0,0,0,0,0
350232,1,1,0,0,0,0,0,0,0,0,0,0
350233,1,1,0,0,10,0,0,0,0,0,0,0
350234,1,1,0,0,0,0,0,0,0,0,0,0
350235,1,1,0,0,0,0,0,0,0,0,0,0
350236,1,1,0,0,0,0,0,0,0,0,0,0
350237,1,1,0,0,0,0,0,0,0,0,24,0
350238,0,1,22,22,22,22,22,22,22,22,22,22
350238,1,1,0,0,0,0,26,0,4,0,0,0
350239,1,1,0,0,0,0,0,0,0,0,0,0
350240,1,1,0,0,0,0,0,0,0,0,0,0
350241,0,1,0,0,0,0,0,0,0,0,0,0
350241,1,1,0,0,0,0,0,0,0,0,0,0
350242,0,1,0,0,0,11,26,0,21,0,30,0
350242,1,1,0,0,4,0,14,0,0,0,19,26
350243,1,1,0,0,28,0,0,0,0,0,0,0
350244,1,1,0,0,0,0,0,0,0,6,0,0
350245,0,1,0,0,0,0,0,0,0,0,0,0
350245,1,1,11,10,5,24,0,11,6,0,5,0
350246,0,1,23,23,23,23,23,23,23,23,23,23
350246,1,1,0,0,0,0,0,0,0,0,0,0
350247,1,1,2,2,2,2,2,2,2,2,2,2
350248,1,1,0,0,0,0,0,0,0,0,0,0
350248,2,1,20,20,20,20,20,20,20,20,20,20
350249,1,1,0,0,0,0,0,0,0,0,0,0
350249,2,1,0,0,0,0,0,0,0,0,0,0
350250,1,1,22,22,22,22,22,22,22,22,22,22
350250,2,1,0,0,0,0,0,0,0,0,0,0
350251,0,1,11,11,11,11,11,11,11,11,11,11
350252,1,1,0,29,0,14,18,0,14,8,12,35
350253,1,1,5,0,0,0,0,0,2,0,19,0
350253,2,1,7,14,28,17,18,7,26,17,0,14
350254,1,1,0,0,0,0,0,0,0,0,0,0
350255,1,1,0,0,0,0,0,0,4,0,0,0
350255,2,1,24,0,0,0,0,0,0,0,0,0
350256,1,1,0,0,0,0,0,0,0,0,0,0
350256,2,1,0,0,0,0,0,0,0,0,0,0
350256,3,1,0,0,0,0,0,0,0,0,0,0
350257,1,1,0,0,0,0,0,0,0,0,0,0
350258,1,1,0,10,0,0,19,0,0,0,0,6
350258,2,1,0,0,0,0,0,0,0,0,0,0
350259,1,1,0,9,20,19,0,13,0,15,0,19
350259,2,1,30,30,30,30,30,30,30,30,30,30
350259,3,1,28,0,0,11,6,6,0,20,9,0
350260,1,1,0,0,0,0,0,0,0,0,0,0
350260,2,1,0,11,0,19,19,0,10,8,13,0
350261,0,1,0,0,0,0,0,0,0,0,0,0
350261,1,1,2,0,0,0,15,0,0,0,0,0
350262,0,1,22,22,22,22,22,22,22,22,22,22
350262,1,1,0,0,0,0,15,0,0,0,23,0
350263,1,1,0,20,14,7,11,9,20,14,10,6
350264,1,1,0,0,0,0,0,0,0,0,0,0
350264,2,1,0,0,0,0,0,0,0,0,0,0
350264,3,1,0,0,0,0,0,0,0,0,0,0
350265,1,1,13,13,13,13,13,13,13,13,13,13
350266,1,1,0,0,0,0,0,0,0,0,0,0
350266,2,1,0,0,0,0,0,0,0,0,0,0
350267,1,1,23,4,6,20,9,16,14,21,23,25
350268,1,1,26,26,26,26,26,26,26,26,26,26
350268,2,1,0,0,0,0,0,0,0,0,0,0
350269,1,1,4,4,4,4,4,4,4,4,4,4
350269,2,1,0,0,0,0,0,0,0,0,0,0
350270,1,1,15,0,0,0,0,0,0,0,0,0
350270,2,1,0,0,0,0,0,0,0,0,0,17
350271,1,1,20,0,14,0,0,0,0,0,0,0
350271,2,1,0,0,0,0,0,0,0,0,0,0
350272,1,1,0,0,0,0,0,0,0,0,0,0
350273,1,1,0,0,8,0,0,0,0,0,0,0
350273,2,1,0,0,0,0,0,0,0,0,0,0
350274,1,1,20,20,20,20,20,20,20,20,20,20
350274,2,1,0,0,0,0,10,0,0,0,0,0
350275,1,1,0,0,0,0,0,0,0,0,0,0
350276,1,1,0,0,0,0,0,0,0,0,0,0
350277,1,1,0,0,0,0,0,0,0,0,0,0
350277,2,1,0,0,0,0,0,0,0,0,0,0
350277,3,1,0,0,0,0,0,15,0,0,0,0
350277,4,1,0,20,16,0,0,0,9,11,0,0
350278,1,1,0,0,0,0,0,0,0,0,0,0
350279,1,1,0,0,0,0,0,0,0,0,0,0
350279,2,1,0,0,0,0,0,12,0,0,8,0
350280,0,1,0,13,0,21,0,5,0,18,31,37
350280,1,1,0,8,0,9,25,0,0,8,16,0
350281,0,1,18,18,18,18,18,18,18,18,18,18
350281,1,1,0,0,0,0,0,0,0,0,0,0
350282,1,1,0,0,0,0,0,0,10,0,0,21
350282,2,1,0,0,0,0,0,0,0,0,0,0
350282,3,1,26,26,26,26,26,26,26,26,26,26
350283,1,1,25,25,25,25,25,25,25,25,25,25
350284,0,1,0,0,0,0,0,0,0,0,0,0
350284,1,1,0,0,0,0,0,0,0,0,0,0
350285,1,1,0,12,4,16,16,11,3,29,0,0
350286,0,1,5,31,0,0,36,0,0,24,0,85
350286,1,1,22,22,4,18,33,19,21,0,9,0
350287,0,1,0,0,0,0,0,0,0,0,0,18
350287,1,1,0,0,0,0,0,0,0,20,0,0
350288,1,1,19,19,19,19,19,19,19,19,19,19
350288,2,1,16,0,17,0,0,0,0,0,0,0
350289,1,1,0,4,0,0,0,0,0,0,0,0
350290,1,1,20,20,20,20,20,20,20,20,20,20
350291,1,1,11,11,11,11,11,11,11,11,11,11
350292,0,1,0,0,18,0,30,0,0,22,7,0
350292,1,1,0,0,19,0,13,0,37,0,0,0
350293,0,1,0,0,39,0,34,0,21,0,0,0
350293,1,1,0,0,0,0,20,0,0,0,0,0
350293,2,1,0,0,0,18,12,0,17,8,0,10
350294,1,1,14,8,4,4,2,13,13,15,10,17
350294,2,1,20,20,20,20,20,20,20,20,20,20
350294,3,1,0,0,0,0,0,0,0,0,1,0
350294,4,1,0,11,15,0,0,15,10,14,25,0
350295,1,1,0,0,0,0,0,0,0,0,0,0
350295,2,1,0,0,0,0,0,0,0,0,0,0
350296,0,1,0,0,0,0,0,0,0,0,0,0
350296,1,1,0,30,33,0,0,0,0,0,0,0
350296,2,1,0,0,0,10,0,17,0,0,23,0
350296,3,1,0,0,0,0,0,0,29,6,0,0
350297,1,1,0,0,0,0,22,0,25,0,0,13
350298,1,1,0,0,0,0,0,0,0,0,0,0
350298,2,1,0,0,0,19,14,0,0,0,0,0
350299,1,1,16,16,16,16,16,16,16,16,16,16
350300,0,1,25,25,25,25,25,25,25,25,25,25
350300,1,1,29,0,9,6,0,25,22,13,13,9
350301,1,1,0,0,0,0,0,0,0,0,0,0
350301,2,1,0,0,0,0,0,0,0,0,0,0
350302,1,1,10,10,10,10,10,10,10,10,10,10
350302,2,1,8,15,0,0,21,0,0,0,0,0
350303,1,1,0,0,0,0,0,0,0,0,0,0
350304,1,1,0,0,0,0,0,0,0,0,0,0
350304,2,1,5,5,5,5,5,5,5,5,5,5
350305,0,1,0,0,0,0,0,0,0,0,0,0
350305,1,1,14,14,0,0,0,0,30,13,17,8
350306,1,1,0,0,0,0,0,0,0,0,0,22
350306,2,1,0,0,0,0,0,0,0,4,0,0
350307,1,1,0,0,0,0,0,0,0,0,0,0
350307,2,1,0,0,0,0,0,0,0,0,0,0
350308,1,1,0,0,0,30,0,0,0,0,0,0
350308,2,1,0,0,0,0,0,0,0,0,0,0
350309,1,1,0,0,0,0,0,0,0,0,0,0
350309,2,1,0,0,0,0,0,0,0,0,0,0
350310,0,1,0,0,0,0,0,0,0,0,0,0
350310,1,1,0,0,0,20,0,22,0,0,0,22
350311,1,1,0,0,0,0,0,0,0,0,0,0
350311,2,1,0,0,0,0,0,0,0,0,0,0
350312,1,1,0,8,0,0,0,0,0,0,0,0
350312,2,1,0,0,0,0,0,0,0,0,0,15
350313,1,1,7,7,7,7,7,7,7,7,7,7
350313,2,1,0,0,0,0,0,0,0,0,0,0
350314,1,1,0,0,0,0,0,0,0,0,0,0
350315,1,1,0,0,0,0,0,0,0,0,0,0
350315,2,1,0,0,0,0,0,0,0,0,0,0
350316,1,1,30,30,30,30,30,30,30,30,30,30
350317,0,1,0,0,0,0,0,0,0,0,0,0
350317,1,1,0,0,0,0,0,0,0,0,0,0
350318,1,1,0,0,0,0,0,0,0,0,0,0
350318,2,1,0,0,0,0,0,0,0,0,0,0
350318,3,1,0,0,0,0,0,0,0,0,0,0
350319,1,1,21,21,21,21,21,21,21,21,21,21
350320,0,1,0,0,0,0,0,0,0,0,0,0
350321,1,1,0,0,0,0,0,0,0,0,0,0
350322,1,1,7,0,0,0,23,0,0,0,0,0
350322,2,1,11,11,11,11,11,11,11,11,11,11
350323,0,1,0,0,0,0,0,0,0,0,0,0
350323,1,1,0,0,0,0,0,0,0,0,0,0
350323,2,1,0,0,0,0,0,0,0,0,0,0
350323,3,1,0,0,0,0,0,0,42,0,0,21
350324,0,1,26,26,26,26,26,26,26,26,26,26
350324,1,1,0,0,0,0,0,0,9,0,0,0
350325,0,1,15,15,15,15,15,15,15,15,15,15
350325,1,1,0,0,0,0,0,0,0,0,4,0
350326,0,1,0,0,0,0,0,0,0,0,0,0
350326,1,1,0,0,0,0,0,0,0,0,0,0
350327,1,1,0,0,0,0,0,0,0,0,0,0
350327,2,1,0,0,0,0,0,0,0,0,0,0
350328,1,1,0,0,0,0,0,0,0,0,0,0
350328,2,1,0,0,0,0,0,0,0,0,0,0
350329,1,1,0,0,0,0,0,0,0,0,0,0
350330,0,1,28,28,28,28,28,28,28,28,28,28
350330,1,1,0,0,23,0,0,0,0,0,0,17
350331,0,1,0,0,0,0,0,0,0,0,0,0
350331,1,1,0,0,0,0,0,0,0,0,0,0
350332,1,1,0,0,0,0,0,0,0,0,0,0
350332,2,1,0,0,0,0,0,0,0,0,0,0
350333,1,1,0,0,0,0,0,0,0,0,0,0
350334,1,1,0,0,0,0,0,0,0,0,0,0
350334,2,1,0,0,0,6,0,0,0,0,0,0
350335,1,1,0,0,0,0,0,0,0,0,0,0
350336,1,1,25,25,25,25,25,25,25,25,25,25
350337,1,1,0,0,13,0,0,29,0,0,0,0
350338,1,1,0,0,0,0,0,0,16,0,21,21
350339,0,1,5,5,5,5,5,5,5,5,5,5
350339,1,1,0,0,0,0,0,0,0,0,0,0
350339,2,1,0,12,0,0,0,0,0,0,0,0
350339,3,1,0,0,0,0,0,0,0,0,0,0
350339,4,1,0,0,5,0,0,0,0,0,0,0
350339,5,1,0,10,0,0,0,0,0,0,0,0
350340,0,1,18,18,18,18,18,18,18,18,18,18
350340,1,1,0,0,0,0,0,14,0,5,0,0
350341,1,1,0,0,0,0,0,0,0,0,0,0
350342,1,1,0,0,0,0,0,0,0,0,0,0
350343,1,1,3,3,3,3,3,3,3,3,3,3
350344,0,1,23,23,23,23,23,23,23,23,23,23
350344,1,1,0,0,0,0,25,0,0,0,0,0
350345,1,1,0,0,0,0,0,0,0,0,0,0
350346,1,1,0,0,0,0,0,0,0,0,0,0
350346,2,1,0,2,19,0,0,0,13,0,17,6
350347,1,1,0,0,0,0,0,0,0,0,0,0
350348,1,1,0,0,0,0,0,0,0,0,0,0
350349,1,1,0,0,0,0,0,0,0,0,0,0
350350,0,1,0,0,0,0,0,0,0,0,0,0
350350,1,1,0,0,0,0,0,0,0,0,0,0
350351,1,1,0,0,0,0,0,0,0,0,0,0
350351,2,1,0,0,0,0,0,0,0,0,0,0
350351,3,1,0,0,0,0,0,0,0,31,0,0
350352,1,1,23,0,14,0,14,0,0,0,0,13
350352,2,1,12,12,12,12,12,12,12,12,12,12
350353,1,1,0,0,0,0,0,0,0,0,0,0
350353,2,1,0,0,0,0,0,0,0,0,0,0
350354,0,1,25,25,25,25,25,25,25,25,25,25
350354,1,1,0,0,0,0,0,0,0,0,0,0
350355,1,1,0,10,0,0,0,0,0,0,0,0
350356,1,1,26,26,26,26,26,26,26,26,26,26
350357,0,1,0,0,0,0,0,0,0,0,0,0
350357,1,1,10,0,0,0,31,0,20,0,20,5
350358,0,1,0,21,0,0,0,27,0,24,0,0
350358,1,1,0,0,0,0,0,0,0,14,0,0
350359,1,1,0,14,27,0,18,15,0,0,18,0
350359,2,1,0,0,0,0,0,0,0,0,0,0
350359,3,1,0,0,0,0,0,0,0,0,0,0
350360,0,1,0,0,9,0,0,10,0,15,0,0
350360,1,1,0,0,0,6,24,0,0,7,17,0
350360,2,1,15,0,0,0,0,0,0,22,22,0
350361,1,1,3,3,3,3,3,3,3,3,3,3
350361,2,1,0,0,0,0,0,0,0,0,0,0
350361,3,1,0,0,0,0,0,0,0,0,0,0
350362,1,1,0,0,0,0,0,0,0,0,0,0
350362,2,1,0,0,0,0,0,0,0,0,0,0
350363,1,1,24,24,24,24,24,24,24,24,24,24
350364,1,1,0,0,0,0,0,0,0,0,0,0
350365,1,1,20,20,20,20,20,20,20,20,20,20
350365,2,1,0,0,0,0,0,0,0,0,0,0
350366,1,1,0,0,0,0,0,0,0,0,0,0
350367,1,1,35,18,6,14,7,21,20,12,15,14
350367,2,1,0,0,0,0,0,0,0,0,0,0
350368,0,1,0,0,0,0,0,0,0,0,0,0
350368,0,2,0,19,0,0,0,33,0,0,0,0
350368,1,1,0,0,0,0,0,0,0,13,0,8
350369,0,1,0,0,0,0,0,0,0,0,0,0
350369,1,1,14,11,0,0,0,21,0,21,0,0
350370,0,1,0,0,0,0,20,0,0,10,0,0
350370,1,1,24,12,7,0,1,25,0,0,0,0
350371,1,1,21,21,21,21,21,21,21,21,21,21
350372,0,1,14,14,14,14,14,14,14,14,14,14
350372,1,1,0,0,0,0,0,0,0,0,6,0
350373,1,1,15,15,15,15,15,15,15,15,15,15
350374,1,1,23,14,0,0,16,19,0,31,15,18
350374,2,1,0,0,0,0,0,0,0,0,0,0
350375,1,1,24,24,24,24,24,24,24,24,24,24
350376,1,1,0,0,0,0,0,0,0,0,0,0
350376,2,1,0,0,0,0,0,0,0,0,0,3
350377,1,1,0,13,26,23,19,23,15,17,22,40
350378,1,1,19,19,19,19,19,19,19,19,19,19
350379,1,1,18,15,29,23,19,17,10,9,15,16
350380,0,1,12,0,27,0,19,0,20,0,0,0
350380,1,1,0,0,0,0,0,0,0,0,0,0
350381,0,1,5,0,20,14,25,38,21,25,32,10
350381,1,1,0,0,0,0,0,0,0,0,0,0
350382,1,1,0,16,11,3,5,8,11,13,36,17
350383,1,1,0,0,0,0,0,0,0,0,0,0
350383,2,1,0,0,0,0,0,0,0,0,0,0
350384,1,1,0,0,0,0,11,0,0,0,0,0
350385,0,1,24,24,24,24,24,24,24,24,24,24
350385,1,1,0,0,0,0,20,24,0,0,19,0
350386,0,1,29,29,29,29,29,29,29,29,29,29
350386,1,1,0,10,8,14,6,0,0,0,16,0
350387,1,1,0,0,0,0,0,0,0,0,0,0
350387,2,1,0,0,0,0,0,0,0,0,0,0
350388,1,1,0,0,0,0,0,0,0,0,0,0
350388,2,1,0,0,0,0,0,0,0,0,0,0
350389,1,1,0,0,0,0,0,0,0,0,0,0
350389,2,1,9,9,9,9,9,9,9,9,9,9
350390,1,1,0,0,0,0,0,0,0,0,0,0
350390,2,1,0,0,0,0,0,0,0,0,0,0
350390,3,1,0,0,0,0,0,0,0,0,0,0
350391,1,1,15,15,15,15,15,15,15,15,15,15
350391,2,1,0,0,0,0,0,0,0,0,0,0
350392,1,1,29,29,29,29,29,29,29,29,29,29
350392,2,1,0,0,0,0,0,0,0,0,0,0
350392,3,1,0,0,0,0,0,0,0,0,0,0
350393,1,1,0,0,0,0,0,0,0,0,0,0
350393,2,1,0,0,0,0,0,0,0,0,0,0
350393,3,1,0,0,0,0,0,0,0,0,0,0
350393,4,1,0,0,0,0,0,0,0,0,0,0
350393,5,1,0,0,0,0,0,0,0,0,0,0
350394,1,1,0,0,0,0,0,0,0,0,0,0
350394,2,1,0,0,0,0,0,0,0,0,0,0
350395,1,1,0,0,0,0,0,0,0,0,0,0
350395,2,1,26,26,26,26,26,26,26,26,26,26
350396,1,1,0,0,0,0,0,0,0,0,0,12
350396,2,1,0,0,0,0,0,0,0,0,0,0
350397,1,1,0,0,0,0,0,0,0,0,0,0
350397,2,1,0,0,0,0,0,0,0,0,0,0
350398,1,1,0,0,0,0,0,0,0,0,0,0
350398,2,1,0,0,0,0,0,0,0,0,0,0
350398,3,1,0,0,0,0,0,0,0,0,0,0
350399,0,1,36,36,36,36,36,36,36,36,36,36
350399,1,1,0,0,0,0,0,0,0,0,0,12
350400,1,1,30,30,30,30,30,30,30,30,30,30
350401,0,1,0,0,0,0,48,0,0,0,0,0
350401,0,2,0,0,0,0,0,0,0,0,0,0
350401,1,1,6,13,6,8,15,4,16,0,3,4
350402,0,1,0,0,0,0,0,0,0,0,0,0
350402,1,1,0,0,0,0,0,0,0,0,0,0
350403,0,1,0,0,0,0,0,0,0,0,0,0
350403,1,1,0,0,0,0,0,0,0,0,0,21
350404,0,1,0,0,0,0,0,0,0,0,0,0
350404,1,1,6,0,15,0,0,0,6,8,16,8
350405,1,1,0,0,0,0,0,0,0,0,0,0
350405,2,1,0,0,0,0,0,0,0,0,0,0
350405,3,1,0,0,0,15,0,0,0,0,0,0
350405,4,1,0,0,0,0,0,12,0,0,0,0
350406,0,1,0,0,0,0,0,0,0,0,0,0
350406,1,1,0,0,0,0,0,0,0,0,0,0
350407,0,1,0,0,0,0,0,0,0,0,0,0
350407,1,1,0,0,0,0,0,0,0,0,0,0
350408,1,1,0,0,0,0,0,0,0,0,0,0
350409,0,1,0,0,0,0,0,0,0,0,0,0
350409,1,1,0,0,0,0,0,0,0,0,0,0
350410,1,1,0,0,0,0,0,0,0,0,0,0
350411,1,1,10,10,10,10,10,10,10,10,10,10
350412,1,1,1,1,1,1,1,1,1,1,1,1
350412,2,1,13,6,7,28,0,0,0,19,0,25
350413,1,1,23,23,23,23,23,23,23,23,23,23
350414,0,1,0,0,0,0,0,0,0,0,0,0
350414,1,1,0,0,0,0,0,0,0,0,0,0
350415,1,1,21,21,21,21,21,21,21,21,21,21
350415,2,1,0,0,0,0,0,19,13,0,0,0
350416,0,1,32,32,32,32,32,32,32,32,32,32
350416,1,1,0,0,0,0,0,15,0,0,0,0
350417,1,1,11,11,11,11,11,11,11,11,11,11
350418,1,1,0,0,0,49,0,0,21,0,0,0
350419,1,1,0,0,0,0,0,0,0,0,0,0
350419,2,1,0,17,6,23,4,21,0,17,9,16
350420,0,1,15,0,0,0,0,0,0,0,0,0
350420,1,1,0,0,0,0,0,0,0,0,0,0
350420,2,1,0,0,0,0,0,0,0,0,0,0
350421,1,1,0,0,0,0,0,0,0,0,0,0
350421,2,1,0,0,0,16,0,0,0,0,0,0
350422,0,1,18,18,18,18,18,18,18,18,18,18
350422,1,1,0,29,0,7,10,8,20,0,4,5
350423,1,1,0,0,0,0,0,0,0,0,0,0
350423,2,1,0,0,0,0,0,0,0,0,0,0
350424,0,1,15,15,15,15,15,15,15,15,15,15
350424,1,1,0,0,0,0,0,0,0,0,0,0
350425,1,1,0,0,0,0,0,0,0,0,0,0
350426,0,1,0,0,0,0,0,0,0,0,0,0
350426,1,1,16,16,16,16,16,16,16,16,16,16
350427,0,1,0,0,0,0,0,0,0,0,0,0
350427,1,1,0,3,0,10,0,0,13,0,0,0
350428,1,1,0,17,0,26,5,0,12,0,0,11
350429,1,1,17,22,0,0,0,0,0,0,0,14
350430,1,1,13,17,0,11,13,37,11,0,26,32
360001,1,1,6,14,0,22,0,15,12,0,0,0
360001,2,1,0,0,0,0,0,0,0,0,0,0
360002,0,1,31,31,31,31,31,31,31,31,31,31
360002,1,1,0,0,0,0,0,0,0,0,0,0
360003,0,1,0,0,0,0,0,0,0,0,0,0
360003,0,2,0,0,0,0,0,0,0,0,0,0
360003,1,1,0,0,0,0,0,15,0,0,0,0
360004,1,1,22,22,22,22,22,22,22,22,22,22
360005,1,1,0,0,0,0,0,0,0,0,0,0
360007,1,1,24,24,24,24,24,24,24,24,24,24
360007,2,1,0,0,0,0,0,0,0,0,0,0
360008,1,1,0,18,5,25,0,0,0,0,13,0
360009,1,1,0,0,0,0,16,0,0,0,0,14
360010,0,1,0,0,0,0,0,0,0,0,0,0
360010,1,1,0,0,13,0,0,0,0,0,35,0
360011,0,1,24,24,14,15,0,0,29,12,12,0
360011,1,1,28,0,18,10,16,0,10,17,13,21
360012,1,1,0,0,0,0,0,0,0,0,0,0
360012,2,1,0,0,0,0,0,0,0,0,0,0
360013,1,1,10,10,10,10,10,10,10,10,10,10
360014,1,1,13,17,0,14,25,25,7,9,19,33
360015,0,1,0,0,0,0,0,0,0,0,0,0
360015,1,1,0,0,0,0,0,0,0,0,0,0
360016,1,1,0,0,0,0,0,0,0,0,0,0
360017,0,1,0,0,0,0,0,0,0,0,0,0
360017,1,1,0,0,0,8,0,0,0,0,0,0
360018,1,1,0,0,0,0,0,0,0,0,0,0
360018,2,1,0,0,0,0,0,0,0,0,0,0
360019,1,1,0,0,0,0,0,0,0,0,0,0
360020,0,1,0,0,0,0,0,0,0,0,0,0
360020,1,1,0,0,11,0,0,0,12,0,0,0
360021,1,1,21,21,21,21,21,21,21,21,21,21
360021,2,1,0,0,0,0,6,0,4,0,0,19
360022,1,1,26,26,26,26,26,26,26,26,26,26
360023,1,1,7,0,0,0,21,0,0,0,0,0
360024,1,1,0,5,0,0,12,14,0,0,0,0
360024,2,1,0,0,0,0,0,0,0,0,0,0
360024,3,1,0,0,0,0,0,0,0,0,0,0
360025,0,1,0,0,0,0,0,0,0,0,0,0
360025,1,1,15,0,0,29,0,0,0,0,0,5
360026,1,1,0,7,23,0,11,0,10,8,0,0
360026,2,1,16,26,15,12,24,8,8,11,21,8
360027,0,1,24,20,0,20,27,14,22,16,8,17
360027,0,2,0,0,0,0,0,0,0,0,0,0
360027,1,1,0,0,4,29,0,0,0,14,0,0
360028,1,1,8,0,27,0,0,0,23,0,0,0
360029,1,1,11,0,0,27,12,25,0,0,8,0
360029,2,1,0,0,0,16,0,24,0,22,18,0
360030,1,1,0,0,12,0,0,0,11,0,0,0
360030,2,1,0,0,0,0,12,0,0,0,0,0
360031,1,1,24,24,24,24,24,24,24,24,24,24
360032,0,1,0,0,0,0,0,0,0,0,0,0
360032,1,1,0,0,0,24,0,0,0,0,0,19
360032,2,1,26,0,16,4,0,0,0,0,9,0
360033,1,1,0,0,0,0,0,0,0,0,0,0
360035,1,1,7,0,0,0,0,12,0,0,0,0
360035,2,1,0,0,0,0,0,18,12,0,0,0
360036,1,1,0,0,0,0,0,0,0,0,0,0
360037,1,1,15,15,15,15,15,15,15,15,15,15
360038,0,1,25,2,18,19,19,23,8,32,14,32
360038,1,1,0,13,35,0,0,4,7,0,10,0
360039,0,1,29,0,13,4,0,29,0,0,0,0
360039,1,1,0,0,0,0,0,0,0,0,0,30
360040,0,1,0,0,0,0,0,0,0,0,0,0
360040,1,1,0,0,0,0,0,0,0,0,0,0
360040,2,1,27,30,0,24,0,5,0,0,0,0
360041,1,1,0,0,0,0,0,0,20,0,0,0
360042,1,1,0,0,0,0,0,0,0,0,0,0
360043,1,1,30,30,30,30,30,30,30,30,30,30
360044,1,1,0,0,0,0,0,0,0,13,0,13
360045,0,1,0,0,0,0,0,0,0,0,0,0
360045,1,1,0,0,0,0,0,0,0,0,0,0
360046,0,1,0,0,0,0,19,0,0,0,12,32
360046,1,1,0,0,16,0,3,0,0,0,0,9
360047,1,1,10,10,10,10,10,10,10,10,10,10
360048,0,1,7,7,7,7,7,7,7,7,7,7
360048,1,1,12,14,6,16,26,32,25,16,26,16
360049,0,1,18,0,0,0,0,0,0,11,0,0
360049,1,1,0,12,12,16,14,10,20,6,10,15
360050,0,1,0,31,14,0,0,0,16,7,0,0
360050,0,2,0,0,28,22,0,0,31,0,0,0
360050,1,1,0,0,16,15,0,28,0,0,0,16
360052,0,1,0,0,0,0,0,0,0,0,0,0
360052,1,1,0,0,0,0,0,0,0,0,0,0
360053,1,1,0,0,0,0,18,20,0,0,0,0
360053,2,1,11,0,0,0,0,15,21,0,30,5
360053,3,1,0,37,0,0,0,0,0,12,17,15
360054,1,1,20,0,0,0,0,0,0,0,0,10
360054,2,1,0,0,0,0,0,0,0,0,0,0
360055,1,1,28,28,28,28,28,28,28,28,28,28
360056,0,1,0,0,0,0,0,0,0,0,0,0
360056,1,1,0,0,0,0,0,0,0,0,0,0
360057,1,1,18,0,0,0,0,0,0,0,0,0
360057,2,1,0,0,0,0,0,0,0,0,0,0
360058,1,1,0,0,0,0,0,0,0,29,13,0
360058,2,1,0,0,0,0,0,0,0,0,0,0
360058,3,1,0,0,0,0,0,0,0,0,0,0
360059,1,1,10,30,13,15,10,21,15,11,16,19
360060,1,1,0,0,0,0,0,0,0,0,0,0
360060,2,1,0,0,0,0,0,0,0,0,1,0
360061,0,1,4,4,4,4,4,4,4,4,4,4
360061,1,1,0,0,0,0,0,0,0,0,13,12
360062,1,1,0,8,0,0,0,0,0,0,0,0
360062,2,1,0,0,0,0,0,0,0,0,0,0
360062,3,1,13,0,0,0,0,0,0,0,0,0
360063,1,1,0,0,0,14,0,0,49,14,0,19
360063,2,1,0,21,0,17,0,22,0,0,17,0
360064,1,1,0,0,0,0,0,0,0,0,0,0
360064,2,1,0,0,0,0,0,0,0,0,0,0
360065,1,1,0,0,0,0,0,0,0,0,0,0
360065,2,1,11,0,0,0,0,0,0,0,0,0
360065,3,1,0,0,0,0,0,0,0,0,0,9
360066,0,1,0,0,33,0,0,0,0,8,22,0
360066,1,1,13,4,0,19,28,10,0,20,6,0
360067,1,1,27,0,0,0,0,0,14,0,0,0
360067,2,1,0,0,0,0,0,0,0,0,0,0
360068,0,1,0,0,0,0,0,0,0,0,0,0
360068,1,1,0,0,16,0,0,0,10,0,18,0
360069,1,1,27,27,27,27,27,27,27,27,27,27
360070,1,1,0,0,0,0,0,0,0,0,0,0
360071,1,1,0,0,0,0,0,0,8,0,25,6
360072,0,1,5,5,5,5,5,5,5,5,5,5
360072,1,1,0,0,0,0,26,11,33,0,0,0
360073,1,1,18,32,17,35,0,24,24,0,20,0
360074,0,1,0,0,0,0,0,0,0,0,0,0
360074,1,1,11,0,0,0,0,0,0,0,11,27
360075,1,1,0,0,0,0,0,0,0,0,0,0
360077,1,1,0,0,0,0,0,0,0,0,0,0
360078,0,1,0,0,0,0,0,0,0,0,0,0
360078,1,1,18,16,0,0,10,17,26,0,4,14
360079,1,1,0,0,0,0,0,0,0,0,0,0
360079,2,1,0,0,0,0,0,0,0,23,0,0
360081,1,1,0,0,0,0,0,19,0,0,12,0
360081,2,1,8,8,8,8,8,8,8,8,8,8
360082,1,1,0,0,0,0,0,0,0,0,0,0