ST_CASE,VEH_NO,PER_NO,P1,P2,P3,P4,P5,P6,P7,P8,P9,P10
360384,1,1,0,0,0,0,0,0,0,0,0,0
360385,1,1,8,8,8,8,8,8,8,8,8,8
360386,1,1,29,0,0,23,22,19,12,0,22,0
360387,0,1,0,0,37,0,19,0,22,0,28,0
360387,1,1,7,23,0,28,22,24,4,13,18,12
360388,1,1,24,0,0,0,0,14,22,0,0,12
360389,1,1,19,19,19,19,19,19,19,19,19,19
360390,1,1,0,0,0,8,0,9,14,0,0,0
360391,1,1,0,0,0,0,0,0,0,0,0,0
360391,2,1,0,0,0,0,0,0,0,0,0,0
360392,0,1,0,0,0,0,0,0,0,0,0,0
360392,1,1,0,0,0,0,0,0,0,0,0,19
360393,1,1,0,0,0,0,0,0,0,0,0,0
360393,2,1,0,0,0,0,0,0,0,0,8,9
360394,0,1,0,0,0,0,0,0,0,0,0,0
360394,1,1,0,0,0,0,0,0,13,0,0,18
360395,0,1,0,6,10,17,24,0,0,0,0,29
360395,1,1,0,0,0,0,0,18,0,0,0,13
360396,1,1,12,12,12,12,12,12,12,12,12,12
360397,1,1,27,0,8,0,0,0,0,18,27,0
360397,2,1,0,0,7,24,0,0,0,0,5,0
360398,1,1,0,0,0,0,0,9,0,10,0,0
360398,2,1,0,0,0,0,0,0,0,0,0,0
360399,1,1,0,13,0,0,0,0,16,0,0,0
360399,2,1,0,0,0,8,0,0,0,0,0,0
360400,1,1,0,0,4,26,0,12,0,0,0,0
360401,1,1,13,19,5,21,0,8,0,12,0,0
360402,1,1,0,0,0,0,0,0,0,0,0,0
360403,0,1,13,13,13,13,13,13,13,13,13,13
360403,1,1,22,17,8,28,4,13,10,9,8,8
360404,0,1,0,0,0,0,0,0,0,0,0,0
360404,1,1,0,0,0,0,0,0,0,0,0,0
360405,1,1,32,0,0,25,0,3,0,0,0,0
360406,0,1,0,0,0,0,0,0,0,0,0,0
360406,1,1,12,6,13,0,7,0,15,0,18,16
360407,1,1,0,13,7,0,0,0,0,0,0,0
360407,2,1,0,0,0,0,0,0,0,0,0,0
360408,1,1,0,0,0,0,0,0,10,0,0,0
360408,2,1,0,0,0,0,0,0,0,0,0,0
360409,1,1,0,0,0,0,0,0,0,0,0,0
360409,2,1,0,0,0,0,0,0,0,0,0,0
360410,1,1,0,19,11,14,11,0,36,16,23,5
360410,2,1,0,0,0,0,0,0,0,0,0,0
360411,1,1,0,0,0,0,16,0,11,0,0,0
360411,2,1,28,0,0,0,0,0,0,0,0,0
360411,3,1,0,0,0,0,0,0,0,0,0,0
360411,4,1,0,0,0,0,0,0,0,0,0,12
360411,5,1,0,0,0,0,0,0,0,0,0,0
360412,1,1,0,0,0,0,0,0,0,0,0,0
360412,3,1,0,0,0,0,0,0,0,0,0,0
360413,1,1,0,0,0,0,0,0,0,0,0,0
360413,2,1,0,0,17,0,0,0,0,0,0,0
360414,1,1,0,0,0,0,0,0,0,0,0,24
360415,1,1,16,17,21,9,8,3,9,18,9,19
360416,1,1,17,17,17,17,17,17,17,17,17,17
360417,0,1,0,0,0,24,0,0,0,6,22,33
360417,1,1,0,0,0,0,0,0,0,0,0,0
360418,1,1,0,0,0,0,0,0,0,0,0,0
360418,2,1,0,0,14,0,13,0,0,0,0,0
360419,1,1,5,26,12,12,7,18,9,19,14,6
360420,1,1,11,11,11,11,11,11,11,11,11,11
360420,2,1,0,34,10,0,0,0,0,0,5,0
360421,1,1,0,0,0,0,0,0,0,0,0,0
360421,2,1,0,0,0,0,0,0,0,0,0,0
360422,1,1,0,0,0,0,30,0,17,15,0,22
360423,0,1,0,0,0,0,0,0,0,0,0,0
360423,1,1,0,0,8,22,0,22,39,10,0,0
360424,0,1,0,0,0,0,0,0,0,0,0,0
360424,1,1,0,0,0,0,0,0,0,0,0,0
360425,1,1,21,21,21,21,21,21,21,21,21,21
360426,1,1,14,14,14,14,14,14,14,14,14,14
360427,1,1,0,0,0,0,0,0,0,0,0,0
360428,0,1,0,0,0,8,11,0,12,2,0,20
360428,1,1,0,0,0,0,0,0,8,0,9,0
360429,1,1,23,23,23,23,23,23,23,23,23,23
360430,1,1,0,0,0,0,0,0,0,0,0,0
360431,0,1,0,0,7,0,0,0,34,0,0,16
360431,1,1,0,0,0,0,0,0,0,0,0,0
360432,1,1,0,0,0,0,0,0,0,0,0,0
360432,2,1,0,0,0,0,0,18,0,0,0,0
360433,1,1,0,0,0,0,0,0,0,0,0,0
360433,2,1,0,0,0,16,0,0,0,0,0,0
360433,3,1,0,0,0,0,0,0,0,0,0,0
360436,1,1,22,22,22,22,22,22,22,22,22,22
360437,1,1,0,0,0,0,0,0,0,0,0,0
360437,2,1,0,0,0,0,0,0,0,0,0,0
360438,1,1,17,17,17,17,17,17,17,17,17,17
360438,2,1,0,14,0,0,0,0,0,0,0,0
360438,3,1,10,0,0,0,0,0,0,0,0,0
360438,4,1,0,0,0,0,0,0,0,0,0,0
360439,0,1,0,0,0,0,0,0,0,0,0,0
360439,1,1,0,8,0,0,0,16,0,0,0,0
360440,1,1,18,11,20,35,19,0,10,22,21,14
360440,2,1,0,12,7,0,0,0,13,0,0,6
360442,1,1,28,0,0,25,18,7,17,12,23,6
360442,2,1,0,0,0,0,0,0,13,0,0,0
360443,1,1,31,31,31,31,31,31,31,31,31,31
360444,1,1,8,8,8,8,8,8,8,8,8,8
360445,1,1,0,14,0,11,0,0,0,9,0,0
360445,2,1,0,0,0,0,0,9,0,0,0,0
360446,1,1,0,0,0,0,0,4,29,0,0,0
360446,2,1,0,0,0,0,0,0,0,0,0,12
360446,3,1,0,0,0,0,19,9,0,0,0,0
360447,1,1,17,17,17,17,17,17,17,17,17,17
360448,1,1,0,0,28,0,0,0,0,0,0,24
360448,2,1,0,0,0,0,3,0,0,0,0,0
360448,3,1,0,0,0,0,0,0,0,0,0,0
360449,1,1,19,0,10,0,11,0,4,0,0,0
360450,0,1,0,0,0,0,0,0,0,0,0,0
360450,1,1,9,9,10,0,4,0,11,0,20,13
360451,1,1,0,0,0,0,0,0,0,0,0,0
360452,0,1,28,8,0,2,0,0,31,0,17,0
360452,1,1,0,0,19,22,0,0,0,13,5,0
360453,0,1,0,0,0,0,0,0,0,0,0,0
360453,1,1,0,15,23,5,0,0,5,14,13,11
360454,1,1,0,28,0,0,0,0,0,0,0,0
360454,2,1,0,0,0,0,0,10,0,24,0,0
360455,1,1,0,5,0,0,15,0,7,0,0,0
360455,2,1,0,14,0,0,34,29,0,0,0,0
360456,1,1,0,0,0,0,0,0,0,0,0,0
360457,1,1,10,6,5,0,17,34,16,15,5,22
360457,2,1,0,0,0,0,0,0,0,0,0,0
360458,1,1,0,0,0,24,10,0,17,25,12,11
360459,1,1,0,0,0,0,0,0,0,14,0,0
360459,2,1,0,6,0,0,0,42,0,19,0,16
360460,1,1,25,25,25,25,25,25,25,25,25,25
360461,1,1,0,0,0,0,0,0,0,0,0,0
360462,1,1,18,18,18,18,18,18,18,18,18,18
360463,0,1,0,0,0,0,0,0,0,0,0,0
360463,1,1,15,11,0,18,5,25,17,12,15,4
360465,0,1,0,0,16,18,0,0,0,0,0,15
360465,1,1,0,16,0,0,0,17,0,0,0,0
360466,1,1,0,0,0,0,0,0,0,0,0,0
360466,2,1,0,0,0,0,0,0,0,0,0,0
360467,0,1,0,0,15,0,0,0,0,0,17,0
360467,0,2,0,0,12,0,0,0,20,8,0,0
360467,1,1,26,26,26,26,26,26,26,26,26,26
360468,0,1,6,6,6,6,6,6,6,6,6,6
360468,1,1,0,5,0,0,0,0,0,0,0,10
360469,1,1,0,0,0,0,0,0,0,0,0,0
360470,1,1,0,0,0,0,0,0,0,0,0,0
360470,2,1,0,0,0,0,0,0,0,0,0,0
360471,1,1,26,26,26,26,26,26,26,26,26,26
360471,2,1,0,0,0,0,0,0,0,4,0,0
360472,1,1,0,0,0,0,0,0,0,0,0,0
360472,2,1,0,0,0,0,0,0,0,0,0,0
360473,1,1,20,20,20,20,20,20,20,20,20,20
360474,1,1,26,26,26,26,26,26,26,26,26,26
360475,1,1,0,0,0,0,15,0,0,0,13,0
360476,1,1,0,0,0,9,0,0,0,0,21,0
360476,2,1,0,0,0,0,0,0,0,0,0,0
360477,1,1,0,0,0,0,0,0,0,0,0,0
360477,2,1,16,0,2,25,0,0,0,0,15,0
360478,1,1,0,0,0,0,0,0,0,0,0,0
360478,2,1,0,0,0,0,0,0,0,0,9,0
360478,3,1,8,0,0,0,0,0,0,0,0,27
360478,4,1,14,0,25,0,0,0,18,11,14,0
360479,1,1,39,39,39,39,39,39,39,39,39,39
360480,0,1,0,0,0,0,0,0,0,0,0,0
360480,1,1,0,5,10,0,0,0,0,21,0,0
360481,1,1,13,11,15,0,16,13,12,13,21,8
360482,1,1,0,0,0,0,0,0,0,0,0,0
360482,2,1,0,0,0,0,0,0,0,0,0,0
360483,1,1,21,14,14,14,19,5,21,43,12,23
360483,2,1,0,0,0,0,0,0,0,0,0,0
360484,1,1,0,0,0,0,0,0,0,0,0,0
360485,1,1,0,0,0,0,0,0,0,0,0,0
360486,0,1,18,18,18,18,18,18,18,18,18,18
360486,1,1,12,0,23,5,13,5,0,0,0,0
360487,0,1,0,0,0,0,0,0,0,0,0,0
360487,1,1,15,8,14,14,10,26,14,5,15,15
360488,1,1,0,0,0,0,0,0,0,0,0,0
360488,2,1,0,0,0,0,0,0,0,12,0,0
360489,1,1,16,16,16,16,16,16,16,16,16,16
360490,0,1,0,0,0,0,7,0,0,15,0,0
360490,1,1,0,28,22,0,0,0,0,28,10,0
360491,1,1,0,8,0,0,0,22,0,0,0,0
360491,2,1,6,6,6,6,6,6,6,6,6,6
360492,1,1,0,0,0,0,0,0,0,0,0,0
360492,2,1,0,0,0,0,0,0,0,0,0,0
360493,1,1,32,14,0,0,0,0,17,37,0,0
360493,2,1,17,17,17,17,17,17,17,17,17,17
360494,1,1,10,16,16,29,14,14,26,23,23,11
360495,1,1,11,11,11,11,11,11,11,11,11,11
360495,2,1,11,3,10,20,0,9,0,28,13,23
360496,1,1,0,0,25,23,0,0,0,18,9,0
360497,1,1,16,16,16,16,16,16,16,16,16,16
360497,2,1,0,0,0,0,0,0,13,0,0,0
360498,0,1,0,0,0,0,0,0,0,0,0,0
360498,1,1,0,0,0,0,0,0,12,0,0,0
360499,1,1,0,0,0,0,0,0,0,0,0,0
360499,2,1,0,0,0,0,0,0,0,0,0,0
360500,1,1,16,0,0,0,0,0,15,0,16,0
360500,2,1,0,0,0,0,0,0,0,23,0,22
360501,0,1,19,19,19,19,19,19,19,19,19,19
360501,1,1,0,18,0,15,0,0,0,8,0,0
360502,1,1,9,0,16,32,6,7,21,13,20,14
360502,2,1,13,13,13,13,13,13,13,13,13,13
360503,1,1,0,14,0,0,0,0,0,0,0,0
360503,2,1,13,0,0,0,0,0,16,22,0,0
360504,1,1,0,0,0,0,0,0,0,0,0,0
360505,1,1,24,19,14,0,0,19,0,0,0,0
360506,1,1,22,22,22,22,22,22,22,22,22,22
360507,0,1,0,0,0,0,0,0,0,0,0,0
360507,0,2,21,0,0,0,0,0,12,14,15,0
360507,1,1,17,13,0,11,0,6,12,0,4,0
360508,0,1,0,0,0,0,0,0,0,0,0,0
360508,1,1,20,24,18,0,10,11,8,0,4,11
360509,1,1,0,0,0,0,0,0,0,0,0,0
360509,2,1,0,0,0,0,0,0,0,0,0,0
360510,1,1,0,0,0,0,0,0,0,0,0,0
360511,1,1,0,13,0,0,0,0,0,13,0,0
360511,2,1,2,2,2,2,2,2,2,2,2,2
360512,1,1,0,0,0,0,0,0,0,0,0,0
360512,2,1,0,0,0,0,0,0,0,0,0,0
360513,0,1,0,0,0,0,0,0,0,0,0,0
360513,1,1,0,0,0,18,25,0,0,0,11,0
360514,0,1,9,9,9,9,9,9,9,9,9,9
360514,1,1,0,14,16,6,0,0,0,0,0,4
360515,0,1,0,0,0,0,18,0,0,0,19,0
360515,1,1,0,0,0,0,0,0,0,0,0,0
360516,1,1,0,22,0,0,0,15,0,31,0,22
360516,2,1,0,0,0,0,0,0,0,0,0,0
360517,1,1,10,10,10,10,10,10,10,10,10,10
360518,0,1,0,0,0,0,0,0,0,0,0,0
360518,1,1,0,0,0,0,0,0,0,0,0,0
360519,1,1,18,28,27,25,24,17,8,17,18,14
360521,1,1,6,0,0,21,7,21,0,0,5,5
360522,0,1,0,0,0,29,0,24,28,0,6,11
360522,0,2,12,39,16,0,20,0,0,0,16,0
360522,0,3,0,0,0,18,0,13,2,9,0,0
360522,0,4,0,0,0,7,14,5,0,31,0,0
360522,1,1,0,0,0,9,17,9,0,0,0,0
360523,1,1,0,11,0,11,0,13,0,0,0,0
360523,2,1,0,0,8,0,0,0,0,0,21,19
360523,3,1,0,0,0,0,0,0,0,17,0,0
360524,0,1,0,0,0,0,0,0,0,0,0,0
360524,1,1,0,0,0,0,0,0,0,0,0,0
360525,1,1,0,0,15,14,0,0,11,0,0,0
360526,1,1,0,0,0,0,0,0,0,0,0,0
360526,2,1,0,0,0,0,0,0,0,0,0,0
360527,1,1,0,0,0,0,0,0,0,0,0,0
360527,2,1,0,0,0,0,0,0,0,0,0,0
360528,1,1,7,7,7,7,7,7,7,7,7,7
360529,1,1,0,0,0,0,0,0,0,0,0,0
360530,1,1,1,1,1,1,1,1,1,1,1,1
360531,1,1,0,0,0,0,0,0,0,0,0,0
360531,2,1,0,0,0,0,0,0,0,0,0,0
360532,0,1,5,18,0,14,0,0,0,25,0,0
360532,1,1,20,0,0,0,0,0,0,0,0,0
360533,0,1,0,0,0,0,0,0,0,0,0,0
360533,1,1,7,12,24,5,13,0,0,15,9,0
360534,1,1,0,0,0,0,0,0,0,0,0,0
360534,2,1,13,17,17,12,10,18,16,18,14,5
360535,1,1,26,12,18,8,0,22,9,9,14,29
360536,0,1,18,18,18,18,18,18,18,18,18,18
360536,1,1,0,20,0,0,14,0,0,0,0,10
360537,0,1,0,0,0,0,0,0,0,0,0,0
360537,1,1,0,0,0,0,0,0,0,24,21,0
360538,1,1,0,0,0,0,0,0,0,0,0,0
360538,2,1,0,0,0,0,0,0,0,0,0,0
360539,1,1,0,0,0,0,0,0,0,0,0,0
360539,2,1,0,0,0,0,0,0,0,0,0,0
360540,0,1,0,0,0,0,0,0,0,0,0,0
360540,1,1,6,0,0,0,0,0,0,26,0,0
360541,1,1,15,0,0,7,8,0,20,0,0,16
360542,0,1,0,0,0,0,0,0,0,0,0,0
360542,0,2,0,0,0,0,0,0,13,0,0,29
360542,0,3,0,0,0,0,0,0,0,0,0,0
360542,0,4,0,0,0,0,0,0,0,0,0,0
360542,1,1,0,0,0,0,0,4,0,0,22,17
360543,0,1,8,0,0,0,0,0,0,0,0,0
360543,1,1,0,0,0,0,0,0,0,0,0,0
360544,1,1,0,0,10,0,0,0,15,0,0,0
360545,1,1,0,0,0,0,0,0,0,0,0,0
360545,2,1,0,22,0,0,0,0,9,0,0,0
360546,1,1,0,0,0,0,0,0,0,0,0,0
360547,1,1,0,0,0,0,0,0,0,0,0,0
360547,2,1,0,0,0,0,0,0,0,0,0,0
360548,1,1,0,0,0,0,17,0,0,0,0,0
360548,2,1,0,0,0,0,0,0,0,0,26,0
360549,0,1,0,0,0,0,0,0,0,0,0,0
360549,1,1,10,0,16,0,13,0,8,0,10,0
360549,2,1,0,0,0,0,0,0,8,0,9,0
360550,0,1,3,0,0,0,0,0,0,34,0,0
360550,1,1,13,0,0,0,0,15,0,0,0,0
360551,1,1,0,0,0,0,0,0,0,0,21,0
360552,1,1,18,19,0,4,17,0,0,12,0,8
360553,1,1,20,6,26,15,34,6,21,0,27,27
360554,0,1,41,6,19,0,0,0,8,28,22,14
360554,1,1,0,0,0,0,0,0,0,0,0,0
360555,1,1,17,0,15,0,0,7,8,0,17,0
360555,2,1,12,0,22,0,0,0,0,9,7,18
360555,3,1,5,16,27,14,16,8,28,21,19,3
360556,1,1,0,0,0,42,0,22,0,0,0,0
360556,2,1,0,0,0,0,0,0,0,0,0,0
360557,0,1,0,0,0,0,0,0,0,0,0,0
360557,1,1,0,0,0,0,0,0,0,12,0,0
360558,1,1,0,0,0,0,0,0,0,0,9,0
360558,2,1,0,0,0,0,0,19,0,0,0,0
360559,1,1,0,0,0,0,0,0,0,0,0,0
360559,2,1,0,0,0,0,0,0,0,0,0,0
360560,0,1,0,0,24,0,0,0,0,0,12,0
360560,1,1,0,24,0,0,12,13,0,0,0,0
360561,1,1,0,0,20,0,0,0,0,0,0,0
360561,2,1,0,0,0,0,0,0,0,0,0,0
360562,1,1,1,1,1,1,1,1,1,1,1,1
360563,1,1,0,4,31,19,27,33,27,3,29,24
360564,1,1,0,0,0,0,0,0,0,0,0,0
360565,1,1,17,17,17,17,17,17,17,17,17,17
360565,2,1,9,13,0,0,0,10,0,0,10,0
360566,1,1,0,0,0,0,0,0,0,0,0,0
360566,2,1,0,0,0,0,0,0,0,0,0,0
360567,1,1,0,0,0,0,0,0,0,0,0,0
360568,0,1,0,0,0,0,0,0,0,0,0,0
360568,1,1,0,0,0,0,0,0,0,0,0,0
360569,1,1,10,10,10,10,10,10,10,10,10,10
360569,2,1,5,14,7,0,35,0,0,0,27,33
360570,0,1,0,0,0,0,0,21,27,0,0,0
360570,1,1,0,15,0,0,0,0,0,0,0,0
360571,0,1,2,2,2,2,2,2,2,2,2,2
360571,1,1,0,0,0,0,0,0,0,0,0,0
360572,1,1,0,0,0,0,0,0,0,0,0,0
360573,1,1,1,1,1,1,1,1,1,1,1,1
360573,2,1,0,0,0,0,0,0,0,0,0,0
360574,0,1,0,13,0,0,0,10,0,0,0,20
360574,1,1,0,14,0,15,0,0,0,0,0,0
360575,0,1,0,0,0,0,0,0,0,0,0,0
360575,0,2,0,0,0,19,10,0,0,0,16,0
360575,1,1,0,5,6,22,15,0,8,3,22,8
360576,0,1,0,0,0,0,0,0,0,0,0,0
360576,1,1,0,12,9,16,21,31,0,19,25,12
360577,1,1,0,0,0,0,0,0,0,0,0,0
360577,2,1,0,0,0,0,0,0,0,0,0,0
360578,1,1,0,0,0,0,0,0,0,0,0,0
360579,1,1,0,0,0,0,0,0,0,0,0,0
360579,2,1,0,0,0,0,0,0,0,0,0,0
360580,1,1,0,5,0,0,0,0,0,0,0,0
360580,2,1,0,0,0,0,0,0,0,0,0,0
360581,0,1,0,0,9,0,0,11,0,0,0,38
360581,1,1,0,0,0,0,13,0,0,0,0,0
360582,1,1,11,16,27,0,13,3,9,12,0,13
360582,3,1,0,0,0,0,0,0,0,0,0,0
360583,1,1,17,6,0,3,9,0,0,0,0,5
360583,2,1,0,0,0,0,0,0,0,0,0,0
360584,0,1,0,0,0,0,0,0,0,0,0,0
360584,1,1,0,0,0,0,0,0,0,0,0,0
360585,0,1,27,27,27,27,27,27,27,27,27,27
360585,1,1,17,0,8,14,11,19,10,18,14,18
360586,1,1,0,0,0,0,0,0,0,0,21,0
360586,2,1,0,0,0,0,0,0,0,0,0,0
360586,3,1,0,0,0,0,0,0,0,0,0,0
360586,4,1,0,0,12,0,0,0,0,0,0,0
360587,1,1,14,20,19,2,14,7,16,0,6,15
360588,1,1,0,0,0,0,21,0,25,0,0,0
360588,2,1,0,0,0,0,0,0,0,0,0,0
360589,1,1,7,7,7,7,7,7,7,7,7,7
360590,1,1,26,0,0,0,6,0,0,36,0,11
360590,2,1,0,0,0,0,0,0,0,0,0,0
360591,1,1,0,0,0,0,0,0,18,0,0,13
360592,1,1,0,0,0,0,0,0,0,0,0,0
360593,0,1,10,10,10,10,10,10,10,10,10,10
360593,1,1,15,0,20,9,18,0,13,24,11,4
360594,0,1,0,0,0,0,0,0,0,0,0,0
360594,1,1,0,0,0,0,0,0,0,0,0,0
360595,1,1,9,11,0,0,0,0,0,0,4,0
360596,1,1,12,12,12,12,12,12,12,12,12,12
360597,1,1,0,0,0,0,0,13,0,0,0,0
360598,1,1,6,13,11,15,13,6,6,7,23,22
360599,0,1,0,0,12,15,0,0,0,0,0,0
360599,1,1,22,0,0,0,0,0,0,0,0,0
360600,1,1,21,21,21,21,21,21,21,21,21,21
360601,1,1,0,0,0,0,0,0,0,0,0,0
360601,2,1,0,0,0,0,0,0,0,0,0,0
360602,1,1,0,0,0,0,0,0,0,0,0,0
360602,2,1,0,0,18,13,0,0,33,15,12,10
360603,1,1,16,18,6,27,8,0,0,19,8,23
360603,2,1,0,0,11,26,7,17,8,8,0,15
360603,3,1,7,12,0,28,0,27,29,0,0,0
360603,4,1,12,0,0,0,0,28,26,0,15,0
360604,1,1,13,0,0,10,9,0,0,0,0,0
360604,2,1,0,0,0,0,0,0,0,0,0,0
360605,1,1,0,0,0,0,0,0,0,0,0,0
360605,2,1,2,0,10,0,0,0,0,0,0,0
360605,3,1,0,0,0,0,0,0,0,0,0,0
360606,1,1,0,0,0,0,0,0,0,0,0,0
360606,2,1,0,0,0,22,0,0,0,0,0,0
360606,3,1,0,0,0,0,0,0,0,0,0,0
360606,4,1,19,10,0,0,0,0,0,0,0,24
360607,1,1,0,0,0,0,0,0,0,0,0,0
360608,1,1,0,0,0,0,0,0,0,0,0,0
360609,1,1,16,10,0,0,0,0,0,10,0,0
360610,1,1,0,0,0,0,0,0,0,0,0,0
360610,2,1,0,0,0,0,0,4,0,0,0,0
360611,1,1,0,0,0,0,0,0,0,0,0,0
360611,2,1,0,0,0,6,0,13,0,0,0,0
360612,0,1,0,0,0,0,0,0,0,0,0,0
360612,1,1,0,0,21,0,4,0,0,0,0,0
360613,0,1,0,0,0,0,0,0,0,0,0,0
360613,1,1,0,36,9,0,0,18,11,12,0,17
360614,1,1,0,0,0,2,22,0,15,0,0,11
360614,2,1,0,0,0,0,0,11,0,2,0,0
360615,1,1,0,22,16,13,11,22,18,21,8,6
360615,2,1,0,0,0,0,0,0,0,0,0,0
360616,1,1,0,0,0,0,0,0,0,0,0,0
360616,2,1,3,3,3,3,3,3,3,3,3,3
360617,0,1,0,0,0,11,24,19,0,0,22,6
360617,0,2,0,0,0,0,0,0,0,0,0,0
360617,1,1,0,0,0,0,0,0,0,0,0,0
360618,1,1,7,16,7,45,17,21,46,23,19,25
360618,2,1,22,0,14,0,0,5,18,0,20,9
360618,3,1,0,0,0,18,21,16,8,0,0,0
360619,1,1,19,20,0,24,0,0,16,0,11,0
360619,2,1,0,0,0,13,0,0,0,5,0,0
360620,0,1,0,0,0,0,0,0,0,0,0,0
360620,1,1,6,17,0,12,0,16,8,0,0,0
360621,1,1,0,0,0,0,0,0,0,0,0,0
360622,0,1,0,0,0,0,0,0,0,0,0,0
360622,1,1,0,0,0,3,0,0,0,0,0,9
360623,0,1,0,0,0,0,0,0,0,0,0,0
360623,0,2,0,0,0,0,0,0,0,0,0,0
360623,0,3,0,0,0,0,0,6,24,0,0,0
360623,1,1,0,0,0,0,0,0,0,0,0,0
360623,2,1,0,0,0,0,0,0,0,0,0,0
360624,1,1,0,0,0,0,0,0,0,0,0,0
360625,0,1,0,0,0,0,0,0,0,0,0,0
360625,0,2,0,0,0,0,0,0,0,0,20,0
360625,1,1,0,0,0,0,0,0,0,0,0,0
360626,0,1,0,0,0,0,9,0,0,0,0,12
360626,1,1,0,0,0,0,0,0,0,0,0,0
360627,1,1,0,0,0,0,0,0,14,10,0,0
360628,1,1,0,0,0,0,15,0,13,0,0,0
360628,2,1,0,0,0,0,0,0,0,0,0,0
360629,1,1,0,0,0,0,21,0,0,0,0,0
360629,2,1,0,0,20,0,0,0,0,0,0,0
360630,0,1,0,0,0,0,29,0,0,0,0,12
360630,1,1,0,0,0,0,0,0,0,0,0,31
360631,1,1,15,15,15,15,15,15,15,15,15,15
360631,2,1,0,15,19,15,0,0,9,0,0,9
360633,1,1,19,27,8,11,11,23,23,20,18,18
360634,1,1,0,0,0,0,0,0,17,0,12,0
360634,2,1,34,24,0,11,0,4,15,0,0,0
360635,1,1,0,0,0,0,0,0,0,0,0,0
360636,1,1,19,19,19,19,19,19,19,19,19,19
360636,2,1,0,0,0,0,0,0,0,23,0,23
360637,1,1,0,19,13,23,0,0,0,22,15,0
360638,0,1,0,0,0,0,0,40,0,0,0,0
360638,1,1,0,0,0,0,0,0,0,0,0,0
360639,1,1,0,0,0,0,0,0,0,0,0,10
360640,1,1,14,0,0,0,0,0,0,5,0,11
360640,2,1,5,24,18,4,19,0,13,17,0,17
360641,1,1,23,23,10,19,25,15,23,23,35,11
360642,1,1,9,9,9,9,9,9,9,9,9,9
360643,0,1,0,0,0,0,0,0,0,0,0,0
360643,1,1,0,0,0,0,0,0,0,0,0,0
360644,0,1,0,10,0,0,0,0,28,19,0,20
360644,1,1,0,6,6,0,0,0,0,0,0,0
360645,1,1,0,14,16,9,0,4,0,0,0,0
360646,1,1,0,0,0,0,0,0,0,0,0,0
360646,2,1,0,0,0,0,0,0,0,0,0,0
360647,1,1,0,6,21,0,0,0,0,0,0,0
360648,0,1,44,44,44,44,44,44,44,44,44,44
360648,1,1,0,0,0,0,12,4,0,0,0,8
360649,1,1,17,0,0,0,4,0,0,0,4,0
360650,1,1,10,10,10,10,10,10,10,10,10,10
360651,0,1,0,16,0,0,0,29,0,0,0,0
360651,1,1,21,0,0,16,10,0,11,5,0,0
360652,1,1,0,17,0,0,0,0,13,0,0,0
360652,2,1,0,0,0,0,0,0,22,0,0,0
360653,1,1,15,0,0,16,0,22,0,0,0,0
360653,2,1,9,0,0,0,17,8,29,0,0,0
360654,0,1,0,0,0,0,0,0,0,0,0,0
360654,1,1,17,13,7,0,0,9,27,3,8,0
360655,1,1,0,5,0,9,0,0,0,15,0,13
360655,2,1,0,9,15,12,0,0,2,0,0,0
360656,0,1,0,0,0,0,0,0,0,0,0,0
360656,1,1,0,31,23,0,0,0,12,20,0,17
360657,0,1,0,0,0,0,0,0,0,0,24,0
360657,1,1,0,15,10,0,12,0,0,0,0,0
360658,1,1,28,16,12,0,0,0,9,0,13,0
360658,2,1,0,0,0,0,0,0,0,0,0,0
360659,1,1,0,0,0,0,0,21,26,0,0,0
360659,2,1,0,0,0,0,0,0,0,0,0,0
360659,3,1,0,14,0,11,0,0,0,0,25,0
360660,1,1,15,0,19,0,0,0,11,0,0,0
360660,2,1,0,0,13,0,0,8,12,0,32,0
360661,1,1,27,0,0,33,0,0,0,13,15,12
360661,2,1,10,13,7,11,16,16,13,6,17,12
360663,1,1,0,0,0,20,0,0,0,0,0,0
360663,2,1,0,0,0,0,0,0,0,0,0,0
360663,3,1,0,0,0,0,0,0,0,0,0,0
360664,1,1,0,0,0,0,0,0,0,0,0,0
360665,1,1,24,24,24,24,24,24,24,24,24,24
360665,2,1,10,20,0,11,6,0,21,0,12,0
360666,1,1,0,0,0,0,0,0,0,0,0,0
360666,2,1,14,0,0,0,22,0,0,0,0,0
360667,1,1,12,33,21,24,18,37,11,26,5,23
360668,0,1,0,0,0,0,0,10,0,0,0,16
360668,0,2,0,0,0,0,0,0,0,0,0,0
360668,1,1,0,0,0,0,14,0,0,0,0,0
360669,1,1,6,6,6,6,6,6,6,6,6,6
360669,2,1,0,13,21,20,0,0,0,12,0,7
360670,1,1,0,0,0,0,0,19,3,0,0,0
360670,2,1,0,0,0,0,0,0,0,0,0,0
360670,3,1,18,0,0,7,0,0,37,0,17,34
360671,1,1,0,0,0,0,0,0,0,0,0,0
360672,1,1,0,0,13,10,0,0,0,0,0,0
360672,2,1,0,0,0,0,0,0,0,0,0,0
360673,1,1,0,0,0,0,0,0,0,0,0,0