ST_CASE,VEH_NO,PER_NO,P1,P2,P3,P4,P5,P6,P7,P8,P9,P10
360971,1,1,0,0,9,0,18,0,11,14,14,26
360972,0,1,20,20,20,20,20,20,20,20,20,20
360972,1,1,0,0,0,0,0,0,0,0,0,0
360973,1,1,0,0,0,0,0,0,0,0,0,0
360973,2,1,12,0,0,0,0,0,0,0,0,0
360974,1,1,10,10,10,10,10,10,10,10,10,10
360975,1,1,0,0,0,0,0,0,0,0,0,0
360975,2,1,0,0,0,0,0,0,0,0,0,0
360976,0,1,0,0,0,0,0,0,0,0,0,0
360976,1,1,0,0,0,0,0,0,0,0,0,9
360977,1,1,12,0,0,19,24,0,34,0,0,0
360978,1,1,0,0,0,0,0,0,0,0,0,0
360979,1,1,0,0,0,0,13,0,0,0,0,0
360979,2,1,0,0,0,0,0,0,0,0,0,0
360980,0,1,0,0,0,0,0,0,0,0,0,0
360980,1,1,0,0,0,0,0,0,0,0,0,0
360981,1,1,15,15,15,15,15,15,15,15,15,15
360982,1,1,0,0,0,0,0,0,39,0,0,20
360982,2,1,0,5,0,0,0,0,0,0,9,0
360983,1,1,32,32,32,32,32,32,32,32,32,32
360984,1,1,0,0,0,0,0,0,0,0,0,0
360985,1,1,22,0,19,0,20,0,0,0,0,0
360985,2,1,0,0,0,0,0,0,0,0,0,0
360986,1,1,0,0,0,0,0,0,14,0,0,0
360986,2,1,0,0,0,0,0,0,0,0,0,0
360987,1,1,0,38,0,0,0,0,0,0,0,0
360987,2,1,0,0,0,0,0,0,0,22,0,0
360988,1,1,0,0,0,0,0,0,0,0,0,25
360988,2,1,30,0,0,0,0,0,0,15,0,0
360988,3,1,0,16,0,0,0,0,0,0,0,0
360988,4,1,0,0,0,0,0,0,0,0,0,0
360989,0,1,0,0,0,0,0,0,0,0,0,0
360989,1,1,0,0,0,0,0,0,0,0,0,0
360989,2,1,10,27,19,18,14,17,14,23,12,22
360990,1,1,0,0,0,0,0,0,0,0,0,0
360990,2,1,14,0,0,0,0,0,0,0,0,0
360990,3,1,0,0,0,0,0,0,0,0,0,0
360991,0,1,20,20,20,20,20,20,20,20,20,20
360991,1,1,0,0,0,0,0,0,0,14,0,0
360992,2,1,18,18,18,18,18,18,18,18,18,18
360993,1,1,17,17,17,17,17,17,17,17,17,17
360994,0,1,0,0,0,0,0,0,0,0,0,0
360994,1,1,0,0,0,0,0,0,0,0,0,0
360995,1,1,22,0,29,17,12,0,6,0,0,0
360995,2,1,17,0,17,0,13,0,12,21,0,16
360996,1,1,12,12,12,12,12,12,12,12,12,12
360997,1,1,1,1,1,1,1,1,1,1,1,1
360997,2,1,0,0,0,0,0,0,0,0,0,0
360998,1,1,0,0,0,0,0,0,0,8,0,14
360999,1,1,3,32,0,0,0,0,0,0,0,0
361000,1,1,0,0,0,0,0,0,0,0,0,0
361001,1,1,0,0,0,0,12,0,0,0,5,0
361001,2,1,0,0,0,0,0,0,0,0,0,0
361002,1,1,13,13,13,13,13,13,13,13,13,13
361003,0,1,0,0,0,0,0,0,0,0,0,0
361003,1,1,0,0,0,0,0,0,0,0,0,0
361004,1,1,27,0,0,0,0,0,0,0,0,0
361004,2,1,0,0,0,0,0,0,0,0,0,0
361005,1,1,0,0,0,0,0,0,0,0,0,0
361006,0,1,23,23,23,23,23,23,23,23,23,23
361006,1,1,10,0,0,7,0,0,10,7,17,12
361007,1,1,4,4,4,4,4,4,4,4,4,4
361007,2,1,0,0,0,0,0,0,0,0,0,0
361008,0,1,0,0,0,0,0,0,0,0,0,0
361008,1,1,9,0,10,15,0,0,0,30,26,0
361009,1,1,0,0,0,0,0,0,0,0,0,0
361009,2,1,16,16,16,16,16,16,16,16,16,16
361010,1,1,0,0,0,0,0,0,0,0,0,0
361010,2,1,0,0,0,0,0,0,6,0,0,0
361011,1,1,0,0,0,0,0,0,0,26,0,0
361011,2,1,0,0,0,0,0,0,0,0,0,0
361012,1,1,0,0,5,11,0,23,0,28,0,0
361013,1,1,16,16,16,16,16,16,16,16,16,16
361013,2,1,0,0,0,0,0,0,0,0,22,8
361014,1,1,0,0,0,0,0,0,0,0,0,0
361014,2,1,0,47,0,17,0,16,0,0,14,0
361015,1,1,0,3,0,0,0,0,0,14,0,0
361015,2,1,0,0,0,0,0,0,0,0,15,0
361016,1,1,30,30,30,30,30,30,30,30,30,30
361016,2,1,0,0,0,10,0,0,0,0,0,0
361017,1,1,22,22,22,22,22,22,22,22,22,22
361018,0,1,0,0,0,0,0,0,0,0,0,0
361018,1,1,0,0,0,0,0,0,0,0,0,0
361018,2,1,4,4,4,4,4,4,4,4,4,4
361019,1,1,32,32,32,32,32,32,32,32,32,32
361020,1,1,23,0,22,13,33,23,0,31,26,24
361021,0,1,0,0,0,0,0,0,22,0,0,0
361021,0,2,0,0,0,0,0,0,0,0,0,0
361021,1,1,13,19,0,0,0,0,0,0,0,0
361022,1,1,7,7,7,7,7,7,7,7,7,7
361023,1,1,0,33,0,0,28,0,0,0,0,14
361024,1,1,0,0,0,0,0,0,0,0,0,0
361024,2,1,8,0,0,0,0,0,0,0,0,0
361024,3,1,0,0,0,0,0,0,0,0,0,0
361025,1,1,0,0,0,0,0,0,0,0,0,0
361025,2,1,0,0,0,0,0,0,0,0,0,0
361025,3,1,0,0,0,0,0,0,8,0,0,0
361027,1,1,0,0,0,9,0,0,12,0,0,0
361027,2,1,0,0,0,0,0,0,0,0,12,0
361028,1,1,13,17,9,0,0,0,3,19,0,17
361028,2,1,0,0,0,0,0,0,0,0,0,0
361029,1,1,0,0,0,0,0,0,0,0,0,0
361030,1,1,28,0,10,0,28,29,0,0,0,0
361030,2,1,12,0,20,38,22,0,26,23,0,15
361031,1,1,0,20,23,0,0,0,0,0,0,0
361031,2,1,0,0,10,0,0,0,0,0,0,0
361033,1,1,0,5,8,13,13,0,0,0,0,0
361034,1,1,8,0,0,0,0,0,0,0,0,0
361035,0,1,0,0,0,0,14,0,0,0,26,0
361035,1,1,0,0,0,0,21,0,0,0,0,0
361036,1,1,0,0,0,0,0,0,0,16,0,0
361036,2,1,0,0,13,0,0,0,0,0,27,0
361037,1,1,0,0,0,0,0,0,0,0,0,0
361038,0,1,0,0,0,0,0,0,0,0,0,0
361038,1,1,0,0,0,0,0,0,0,0,0,0
361039,0,1,5,5,5,5,5,5,5,5,5,5
361039,1,1,0,0,0,0,0,0,0,0,0,0
361040,0,1,0,0,0,0,0,0,0,0,0,0
361040,1,1,0,0,0,0,0,0,8,0,26,0
361041,0,1,12,0,0,0,17,0,16,7,0,0
361041,1,1,0,0,0,0,7,0,0,0,0,20
361042,1,1,20,18,15,10,54,17,8,3,15,14
361043,1,1,34,34,34,34,34,34,34,34,34,34
361044,0,1,0,0,0,0,0,0,0,0,0,0
361044,1,1,0,0,0,16,0,8,0,0,0,10
361045,0,1,45,45,45,45,45,45,45,45,45,45
361045,1,1,0,0,0,0,0,0,0,0,0,0
361045,2,1,0,0,0,0,0,0,0,0,0,0
361045,3,1,0,0,0,0,0,0,0,0,0,0
361046,1,1,0,0,0,0,33,0,0,0,0,0
361046,2,1,0,0,0,0,0,0,0,0,0,0
361047,1,1,22,20,14,9,18,24,0,35,10,9
361048,1,1,10,0,0,0,0,0,0,0,0,19
361049,1,1,18,12,32,9,24,17,10,24,21,21
361050,1,1,19,19,19,19,19,19,19,19,19,19
361050,2,1,11,0,0,0,0,28,23,0,0,7
361051,1,1,20,0,7,9,0,4,0,23,7,29
361051,2,1,0,0,18,0,0,9,0,0,0,14
361052,1,1,13,0,11,14,0,0,0,20,10,20
361052,2,1,0,0,0,0,0,0,0,0,0,0
361053,1,1,0,0,0,0,0,0,0,0,0,0
361054,0,1,0,0,0,0,0,0,0,0,0,0
361054,1,1,0,0,0,0,0,10,0,26,0,0
361055,0,1,16,0,0,19,0,0,0,0,0,0
361055,1,1,0,5,14,12,14,13,15,9,12,16
361056,1,1,11,11,11,11,11,11,11,11,11,11
361056,2,1,11,12,0,12,17,24,21,23,11,15
361056,3,1,0,0,0,0,17,0,20,0,0,0
361056,4,1,10,0,0,25,0,0,0,11,0,0
361057,1,1,12,12,12,12,12,12,12,12,12,12
361058,1,1,0,0,12,0,12,0,0,25,0,0
361059,0,1,0,0,0,0,0,0,0,0,0,0
361059,1,1,0,0,0,0,0,0,0,0,0,13
361060,1,1,7,0,31,14,13,0,0,4,0,23
361061,0,1,3,3,3,3,3,3,3,3,3,3
361061,1,1,0,25,0,19,0,0,0,0,5,4
361062,0,1,0,0,0,0,0,0,0,0,0,0
361062,1,1,0,17,0,7,0,12,0,21,0,26
361063,1,1,0,0,0,0,0,0,0,0,0,0
361064,1,1,0,0,0,0,0,0,0,0,0,0
361065,0,1,38,38,38,38,38,38,38,38,38,38
361065,1,1,15,0,6,0,0,0,17,0,0,0
361066,1,1,0,0,0,0,0,13,0,0,9,0
361066,2,1,0,0,0,0,0,0,0,0,0,0
361067,1,1,16,16,16,16,16,16,16,16,16,16
361068,1,1,0,0,0,0,0,0,0,0,0,0
361069,1,1,14,14,14,14,14,14,14,14,14,14
361070,0,1,28,28,28,28,28,28,28,28,28,28
361070,1,1,17,15,28,12,10,19,11,10,0,18
361070,2,1,0,3,0,15,0,0,0,0,0,17
361071,0,1,0,0,0,0,0,0,0,0,0,0
361071,1,1,54,19,0,14,0,46,18,14,5,0
361072,0,1,0,0,0,0,0,0,0,0,0,0
361072,1,1,0,13,6,18,20,15,11,17,15,14
361073,0,1,7,7,7,7,7,7,7,7,7,7
361073,1,1,0,0,0,0,0,0,9,0,18,0
361073,2,1,0,0,0,16,27,0,43,0,0,0
361074,1,1,0,0,0,0,0,0,0,0,0,0
361074,2,1,0,0,0,0,0,0,0,0,0,0
361075,1,1,0,0,0,0,0,0,0,17,19,0
361075,2,1,0,0,0,0,0,0,0,0,0,0
361075,3,1,30,16,19,27,6,16,4,16,13,25
361076,0,1,16,16,16,16,16,16,16,16,16,16
361076,1,1,0,0,19,0,0,0,0,0,0,0
361077,0,1,5,5,5,5,5,5,5,5,5,5
361077,1,1,0,0,0,0,0,12,0,0,25,15
361078,0,1,17,17,17,17,17,17,17,17,17,17
361078,1,1,0,0,20,0,12,0,23,0,0,0
361079,0,1,0,0,0,0,0,0,0,0,0,0
361079,1,1,0,0,0,0,0,0,0,0,0,0
361080,0,1,27,27,27,27,27,27,27,27,27,27
361080,1,1,0,0,0,0,0,0,0,0,0,0
361081,0,1,0,0,0,11,11,0,0,0,0,0
361081,0,2,0,0,0,0,0,0,0,0,0,0
361081,1,1,0,0,0,0,0,0,0,0,0,0
361082,1,1,0,0,0,0,0,0,0,0,0,0
361082,2,1,13,11,0,0,0,0,0,0,0,0
361083,1,1,0,0,10,10,14,17,12,11,0,0
361083,2,1,0,0,0,0,0,0,0,21,0,0
361084,1,1,0,0,0,0,0,0,0,0,0,0
361084,2,1,0,0,0,0,0,0,0,0,0,0
361085,1,1,0,0,0,0,6,0,0,0,0,0
361085,2,1,0,0,0,0,0,0,0,0,0,0
361086,2,1,0,0,0,0,0,0,0,0,0,0
361087,0,1,28,28,28,28,28,28,28,28,28,28
361087,1,1,0,0,0,0,0,0,0,0,0,0
361087,2,1,0,0,0,0,0,0,24,29,0,16
361088,1,1,10,25,11,9,12,7,3,24,16,0
361088,2,1,30,32,0,12,16,13,16,15,6,22
361088,3,1,0,0,0,0,0,0,4,0,0,13
361089,0,1,0,0,0,7,0,0,0,0,0,0
361089,1,1,0,11,13,0,0,0,0,0,0,0
361090,1,1,0,0,0,0,0,0,0,0,0,0
361091,0,1,0,0,0,0,0,0,0,0,0,0
361091,1,1,7,0,0,0,0,0,21,0,0,25
361092,0,1,0,19,0,0,0,0,0,0,0,0
361092,1,1,0,0,0,0,0,0,0,0,0,0
361093,0,1,0,0,0,0,0,0,0,0,0,0
361093,1,1,0,0,0,19,0,0,0,6,0,0
361094,1,1,19,23,16,12,3,0,0,11,6,0
361094,2,1,0,0,20,0,0,8,0,10,0,10
361095,1,1,0,0,0,0,0,0,0,0,0,0
361095,2,1,0,0,0,0,0,0,0,0,0,0
361096,1,1,0,0,0,0,0,0,0,0,0,0
361097,1,1,0,0,0,0,0,0,0,0,0,0
361098,2,1,0,0,0,0,0,0,0,0,0,0
361099,1,1,0,0,0,0,0,0,0,0,0,0
361099,2,1,9,9,9,9,9,9,9,9,9,9
361100,2,1,12,12,12,12,12,12,12,12,12,12
361101,1,1,16,16,16,16,16,16,16,16,16,16
361101,2,1,0,0,0,5,21,7,6,0,4,5
361102,0,1,0,0,0,18,0,0,0,0,0,0
361102,0,2,0,0,0,0,0,0,0,0,0,0
361102,2,1,12,10,14,5,27,10,5,6,16,13
361103,1,1,22,22,22,22,22,22,22,22,22,22
361103,2,1,0,0,0,0,0,0,0,0,6,0
361104,1,1,0,0,0,0,0,0,0,0,0,0
361104,2,1,0,0,17,0,0,0,0,0,0,0
361105,2,1,2,0,5,28,19,23,21,0,20,13
361106,0,1,0,0,0,0,0,0,0,0,0,0
361106,1,1,0,0,0,0,0,0,0,0,0,12
361107,0,1,0,0,0,0,0,0,0,0,0,0
361107,1,1,0,0,0,33,0,18,0,0,0,30
361108,1,1,0,17,28,12,12,27,8,0,6,0
361108,2,1,17,6,0,2,14,0,0,16,0,13
361109,1,1,10,10,0,25,0,0,0,0,0,25
361109,2,1,0,0,0,0,0,0,0,0,0,0
361110,1,1,0,0,0,0,0,0,0,0,0,0
361111,0,1,0,0,0,0,0,0,0,0,0,0
361111,1,1,0,0,0,0,0,0,0,0,0,0
361112,1,1,12,0,0,0,0,0,0,0,0,0
361112,2,1,0,0,14,0,0,0,0,0,0,0
361113,1,1,0,12,0,14,0,0,25,0,32,0
361114,1,1,0,0,0,0,0,0,0,0,12,0
361114,2,1,41,0,0,0,0,0,0,0,0,0
361114,3,1,0,3,0,0,0,0,0,23,0,0
361114,4,1,0,0,0,0,0,0,0,0,0,0
361114,5,1,16,0,0,0,0,0,18,0,0,0
361116,1,1,0,0,0,6,0,0,0,0,0,0
361117,1,1,0,0,0,0,22,0,0,10,0,0
361117,2,1,0,20,1,11,12,0,14,32,10,0
361118,1,1,0,0,0,0,0,0,0,0,0,0
361119,1,1,0,0,0,0,0,0,0,0,0,0
361120,1,1,0,0,0,0,0,0,0,0,0,0
361121,0,1,0,0,0,0,0,0,0,0,0,0
361121,1,1,0,0,0,0,0,0,0,0,0,0
361121,2,1,0,0,0,0,0,0,0,0,0,0
361122,0,1,0,0,30,0,32,0,7,0,0,0
361122,1,1,12,0,19,0,0,0,0,0,0,0
361123,0,1,0,0,0,28,0,0,0,0,0,20
361123,1,1,7,7,7,7,7,7,7,7,7,7
361124,0,1,0,0,0,0,0,0,0,0,0,0
361124,1,1,0,0,0,0,0,0,0,0,0,0
361125,0,1,0,0,0,0,0,0,0,0,0,0
361125,1,1,0,0,10,0,0,30,0,0,0,0
361126,0,1,25,17,21,10,0,0,20,0,0,20
361126,1,1,13,12,0,0,0,0,3,0,0,10
361127,0,1,0,0,0,0,0,0,0,0,0,0
361127,1,1,22,5,0,17,0,0,0,0,8,8
361128,0,1,0,0,0,0,0,0,0,0,0,0
361128,1,1,0,0,0,0,0,0,0,0,0,0
361129,1,1,16,24,25,22,0,15,21,15,15,13
361129,2,1,0,0,34,0,16,0,0,0,0,0
361130,1,1,0,0,0,0,0,0,0,0,0,0
361130,2,1,11,0,0,0,0,0,0,0,0,0
361131,1,1,18,18,18,18,18,18,18,18,18,18
361132,1,1,14,14,14,14,14,14,14,14,14,14
361133,1,1,0,0,0,0,0,0,0,0,0,0
361134,1,1,0,0,0,0,0,0,10,12,0,0
361134,2,1,0,0,0,0,0,0,0,0,0,0
361135,0,1,0,0,27,0,37,0,0,0,0,0
361135,1,1,0,0,0,0,0,0,0,0,0,0
361135,3,1,7,10,0,8,17,0,0,10,0,0
361136,1,1,0,0,0,0,0,0,0,0,0,0
370001,1,1,0,0,0,0,0,0,0,0,0,0
370002,1,1,0,0,0,0,0,0,0,0,0,0
370003,1,1,0,0,0,0,0,0,0,0,0,0
370003,2,1,0,0,0,5,0,0,0,0,0,0
370004,1,1,16,27,7,4,22,13,17,22,7,27
370005,1,1,0,0,0,0,0,0,0,0,0,0
370006,1,1,0,0,0,0,0,0,0,0,0,0
370007,1,1,0,0,0,0,0,0,0,0,0,0
370007,2,1,10,10,10,10,10,10,10,10,10,10
370008,0,1,0,0,0,0,0,0,0,0,0,0
370008,0,2,0,0,0,0,0,0,0,0,0,0
370008,1,1,36,9,0,0,0,0,17,12,20,0
370009,1,1,0,0,0,0,0,0,0,0,0,0
370010,0,1,0,0,35,0,0,0,0,0,0,0
370010,1,1,0,25,0,0,0,0,0,0,0,0
370011,1,1,0,0,0,0,0,0,0,0,0,0
370011,2,1,0,0,0,0,0,0,0,0,0,0
370012,1,1,0,0,0,0,0,0,0,0,0,0
370012,2,1,0,0,0,0,0,0,0,0,0,0
370013,1,1,3,9,20,10,37,21,14,15,17,10
370014,0,1,9,0,0,16,0,21,17,0,35,18
370014,1,1,0,0,0,0,0,0,0,0,0,0
370014,2,1,0,0,0,0,0,0,0,0,0,0
370015,1,1,0,0,0,0,0,0,0,0,0,0
370016,1,1,0,0,0,0,0,0,0,0,0,0
370016,2,1,0,0,0,0,0,0,0,0,0,0
370017,1,1,0,0,0,0,0,0,0,0,0,0
370017,2,1,0,0,0,0,0,0,0,0,0,0
370018,1,1,0,0,0,0,0,0,0,0,0,0
370018,2,1,0,0,0,0,0,0,0,0,0,15
370019,1,1,22,0,0,0,9,0,0,0,0,0
370019,2,1,0,0,0,0,0,0,2,0,0,0
370020,1,1,28,0,0,0,0,0,0,0,0,0
370020,2,1,0,0,0,0,0,0,0,0,0,0
370021,1,1,0,0,0,0,0,0,0,0,0,0
370022,1,1,0,10,0,0,0,0,0,0,0,0
370023,1,1,0,0,0,0,0,0,0,0,0,0
370023,2,1,0,0,0,0,0,0,0,0,0,0
370024,1,1,0,0,0,0,0,0,0,0,0,0
370024,2,1,0,0,0,0,0,0,0,0,0,0
370025,0,1,0,0,0,0,0,0,0,0,0,0
370025,1,1,0,0,0,0,0,0,0,0,0,0
370026,1,1,0,0,0,0,0,0,0,0,0,0
370026,2,1,0,0,0,0,0,0,0,0,0,0
370026,3,1,0,0,0,0,0,0,0,0,0,0
370027,1,1,0,0,0,0,0,0,0,0,0,0
370027,2,1,0,0,0,0,0,0,0,0,0,0
370028,1,1,0,0,0,0,0,0,0,0,0,0
370028,2,1,0,0,0,0,0,0,0,0,0,0
370029,1,1,0,0,0,0,0,0,0,0,0,0
370029,2,1,0,0,0,0,0,0,0,0,0,0
370030,1,1,0,0,12,0,0,0,0,0,0,15
370031,1,1,0,0,0,0,0,0,0,0,0,0
370031,2,1,0,0,0,0,0,0,0,0,0,0
370032,1,1,0,0,0,0,0,0,0,0,0,0
370033,1,1,0,0,0,0,0,0,0,0,0,0
370033,2,1,15,15,15,15,15,15,15,15,15,15
370034,1,1,0,0,0,0,0,0,18,0,0,0
370034,2,1,0,0,0,0,0,0,0,0,0,0
370035,1,1,0,0,0,0,0,0,0,0,0,0
370036,1,1,0,0,0,0,0,0,0,0,0,0
370036,2,1,0,0,0,0,0,0,0,0,0,0
370037,1,1,0,0,0,0,0,0,0,0,0,0
370037,2,1,0,0,0,0,0,0,0,0,0,0
370038,1,1,0,0,0,0,0,0,0,0,0,0
370038,2,1,0,0,0,0,0,0,0,0,0,0
370039,0,1,31,31,31,31,31,31,31,31,31,31
370039,1,1,23,0,0,0,0,0,0,0,0,0
370040,1,1,0,0,0,0,0,0,0,0,0,0
370041,1,1,19,19,19,19,19,19,19,19,19,19
370042,1,1,0,0,0,0,0,20,0,0,0,0
370042,2,1,0,0,0,0,0,0,0,0,0,0
370043,1,1,0,0,0,0,0,0,0,0,0,0
370044,1,1,0,0,0,0,0,0,0,0,0,0
370045,0,1,0,0,15,0,0,0,0,14,0,16
370045,1,1,4,26,0,0,0,0,9,15,15,0
370046,1,1,0,0,0,0,0,0,0,0,0,0
370047,1,1,14,14,14,14,14,14,14,14,14,14
370048,0,1,0,0,0,0,0,0,0,0,0,0
370048,1,1,0,0,0,26,0,0,21,0,0,1
370049,0,1,31,31,31,31,31,31,31,31,31,31
370049,1,1,0,14,0,0,0,0,0,0,0,0
370051,0,1,0,0,0,0,0,0,0,0,0,0
370051,1,1,0,0,0,0,0,0,0,0,0,0
370052,1,1,0,0,0,0,0,0,0,0,0,0
370052,2,1,0,0,0,0,0,0,0,0,0,0
370053,1,1,12,12,12,12,12,12,12,12,12,12
370053,2,1,7,7,7,7,7,7,7,7,7,7
370054,1,1,0,0,0,0,0,0,0,0,0,0
370055,1,1,0,0,0,0,0,0,0,0,0,0
370056,1,1,0,0,0,0,0,0,0,0,0,0
370057,0,1,0,0,0,0,0,0,0,0,0,0
370057,1,1,0,0,0,0,0,0,0,0,0,0
370058,0,1,0,0,0,0,0,0,0,0,0,0
370058,1,1,3,3,3,3,3,3,3,3,3,3
370059,1,1,7,0,19,0,0,24,0,0,0,0
370059,2,1,0,0,0,0,0,0,0,0,0,0
370060,0,1,0,0,0,0,0,0,0,0,0,0
370060,1,1,0,0,11,0,8,13,23,0,0,0
370061,0,1,0,0,0,0,0,0,0,0,0,0
370061,1,1,17,16,0,0,0,0,0,0,0,0
370062,0,1,0,12,11,24,17,0,0,8,15,0
370062,1,1,0,0,0,0,0,0,0,0,0,0
370063,1,1,0,0,0,0,0,0,0,0,0,0
370064,1,1,23,23,23,23,23,23,23,23,23,23
370065,1,1,0,0,0,16,0,0,0,0,0,0
370065,2,1,0,0,0,0,0,0,0,0,0,0
370066,1,1,0,0,0,0,0,0,0,0,0,0
370066,2,1,28,28,28,28,28,28,28,28,28,28
370067,1,1,0,0,12,2,0,0,0,0,0,0
370068,1,1,14,14,14,14,14,14,14,14,14,14
370068,2,1,0,0,0,17,0,0,0,0,0,0
370069,0,1,0,0,0,0,0,0,0,0,0,0
370069,0,2,0,0,0,0,0,0,0,0,13,0
370069,1,1,9,18,0,0,0,0,0,0,0,0
370070,0,1,0,0,0,0,0,0,0,0,0,0
370070,1,1,0,0,17,0,0,0,0,8,0,0
370071,0,1,0,0,0,0,0,0,0,0,0,0
370071,1,1,0,0,0,0,0,0,0,0,0,0
370072,1,1,20,20,20,20,20,20,20,20,20,20
370072,2,1,0,0,11,0,0,6,0,0,0,0
370073,1,1,0,0,0,19,0,0,0,17,0,30
370073,2,1,11,11,11,11,11,11,11,11,11,11
370073,3,1,0,0,0,0,0,0,0,26,0,0
370074,0,1,7,7,7,7,7,7,7,7,7,7
370074,1,1,16,16,16,16,16,16,16,16,16,16
370075,1,1,0,0,0,0,0,0,0,0,0,0
370075,2,1,0,0,0,0,0,0,0,0,0,0
370075,3,1,0,0,0,0,0,0,0,0,0,0
370075,4,1,0,0,0,0,0,0,0,0,0,0
370075,5,1,0,11,0,0,0,0,0,0,0,0
370075,6,1,0,0,0,0,0,0,0,0,0,0
370075,7,1,0,0,0,0,0,0,0,0,0,0
370075,8,1,0,0,0,0,0,0,0,0,0,0
370076,0,1,16,0,23,0,25,35,31,17,0,0
370076,1,1,0,0,0,0,0,0,0,0,0,0
370077,1,1,8,8,8,8,8,8,8,8,8,8
370078,1,1,0,0,0,0,0,0,0,0,0,0
370078,2,1,0,0,0,0,16,0,13,0,0,0
370079,1,1,0,0,0,0,0,0,0,0,0,0
370080,0,1,0,0,0,0,0,0,0,0,0,0
370080,1,1,0,0,0,0,0,20,0,0,0,0
370080,2,1,0,0,0,14,14,0,0,0,0,0
370081,1,1,0,0,0,0,0,0,0,0,0,0
370081,2,1,0,0,0,0,0,0,0,0,0,0
370082,1,1,0,0,0,0,0,0,0,0,0,0
370082,2,1,0,0,0,0,0,0,0,0,0,0
370083,1,1,0,0,0,0,0,0,0,0,0,0
370084,1,1,0,0,0,0,0,0,0,13,0,0
370085,1,1,0,0,0,0,0,0,0,0,0,0
370086,1,1,0,0,0,0,0,0,0,0,0,0
370086,2,1,29,29,29,29,29,29,29,29,29,29
370087,0,1,0,0,0,0,0,0,0,0,0,0
370087,1,1,0,0,0,17,12,0,0,5,0,0
370088,1,1,0,0,0,0,0,0,0,0,0,0
370089,1,1,0,39,30,0,0,45,0,23,35,0
370090,1,1,0,0,0,0,0,0,0,0,0,0
370091,0,1,0,0,0,0,0,23,0,24,0,0
370091,1,1,0,0,0,0,0,0,0,0,0,0
370091,2,1,0,0,0,0,0,0,0,0,0,0
370092,1,1,0,0,0,0,0,0,0,0,0,0
370092,2,1,8,0,5,7,15,14,9,27,11,14
370094,1,1,28,28,28,28,28,28,28,28,28,28
370095,1,1,16,0,0,0,0,0,0,13,18,29
370095,2,1,0,0,0,0,0,0,0,0,0,0
370096,1,1,19,19,19,19,19,19,19,19,19,19
370097,1,1,0,0,0,0,0,0,0,0,0,0
370097,2,1,0,0,0,0,0,0,0,0,0,0
370097,3,1,0,0,0,0,0,0,0,0,0,0
370098,1,1,0,0,0,0,0,0,0,0,0,0
370098,2,1,0,0,0,0,0,0,0,0,0,0
370099,1,1,0,14,0,0,0,13,0,0,5,0
370099,2,1,0,0,0,0,0,0,0,0,0,0
370100,1,1,0,0,0,0,0,0,0,0,0,0
370101,1,1,0,0,0,0,0,0,0,0,0,0
370101,2,1,0,0,0,0,0,0,0,0,0,0
370102,1,1,22,22,22,22,22,22,22,22,22,22
370102,2,1,0,0,0,0,0,0,0,0,0,0
370103,1,1,0,0,0,0,0,0,0,0,0,0
370104,1,1,0,0,0,0,0,0,0,0,0,0
370104,2,1,0,0,0,0,0,0,0,0,0,0
370105,1,1,0,0,0,0,0,0,0,0,0,0
370106,1,1,0,0,0,0,0,0,0,0,0,0
370107,1,1,21,21,21,21,21,21,21,21,21,21
370108,1,1,0,26,0,12,15,3,21,22,0,0
370108,2,1,0,0,0,0,0,0,0,0,0,0
370109,0,1,0,0,0,0,0,0,0,0,0,0
370109,1,1,0,0,0,0,0,0,0,0,0,0
370110,1,1,0,0,0,0,0,0,0,0,0,0
370110,2,1,0,0,0,19,0,0,0,0,0,0
370111,1,1,0,0,0,0,0,0,0,0,0,0
370111,2,1,0,0,0,0,0,0,0,0,0,0
370111,3,1,0,0,0,0,0,0,0,0,0,0
370111,4,1,0,0,0,0,0,0,0,0,0,0
370111,5,1,0,0,0,0,0,0,0,0,0,0
370112,1,1,0,0,0,0,0,0,0,0,0,0
370113,1,1,0,0,0,0,0,0,0,0,0,0
370113,2,1,0,0,0,0,0,0,0,0,0,0
370114,1,1,0,0,0,0,0,0,0,0,0,0
370115,1,1,19,19,19,19,19,19,19,19,19,19
370116,1,1,0,0,0,0,0,0,0,0,0,0
370117,0,1,0,0,0,0,0,0,0,0,0,0
370117,1,1,0,0,0,0,0,0,0,0,0,0
370118,1,1,0,0,0,30,0,0,0,0,0,0
370118,2,1,0,0,0,0,0,0,0,0,0,0
370118,3,1,0,0,0,0,0,0,0,0,0,0
370118,4,1,0,0,6,0,0,0,0,0,0,0
370119,1,1,0,0,0,0,0,0,0,0,0,0
370120,0,1,36,36,36,36,36,36,36,36,36,36
370120,1,1,0,0,16,0,7,18,10,0,0,0
370121,0,1,0,0,0,0,0,0,0,0,0,0
370121,1,1,0,0,0,0,0,0,0,8,3,0
370122,0,1,0,0,0,0,0,0,0,0,0,0
370122,1,1,0,0,0,7,0,0,0,0,0,0
370123,1,1,0,0,0,0,0,0,0,0,0,0
370123,2,1,0,0,0,0,0,0,0,0,0,0
370124,1,1,11,11,11,11,11,11,11,11,11,11
370125,1,1,0,0,0,0,15,0,0,0,0,0
370126,0,1,0,0,0,0,0,0,0,0,0,0