ST_CASE,VEH_NO,PER_NO,P1,P2,P3,P4,P5,P6,P7,P8,P9,P10
370126,0,2,0,0,0,0,0,0,0,0,0,0
370126,1,1,16,16,16,16,16,16,16,16,16,16
370127,0,1,0,0,0,0,0,0,0,0,0,0
370127,1,1,0,0,0,0,0,0,0,0,13,0
370128,1,1,9,16,18,0,11,16,21,0,6,0
370129,1,1,0,0,0,0,0,0,0,0,0,0
370129,2,1,0,0,0,0,0,0,0,0,0,0
370130,1,1,0,0,0,0,0,0,0,0,0,0
370131,0,1,0,0,0,0,0,0,0,0,0,0
370131,1,1,0,0,0,0,0,0,0,0,0,0
370132,1,1,0,0,0,0,0,0,0,0,0,0
370132,2,1,0,0,0,0,0,0,0,0,0,0
370133,1,1,20,20,20,20,20,20,20,20,20,20
370133,2,1,0,0,0,16,0,0,0,0,0,9
370134,0,1,12,12,12,12,12,12,12,12,12,12
370134,1,1,0,0,12,0,0,21,3,0,0,0
370135,0,1,25,25,25,25,25,25,25,25,25,25
370135,1,1,0,0,0,0,0,0,0,0,0,0
370136,0,1,0,0,0,0,0,0,0,0,0,0
370136,1,1,0,9,13,0,0,0,0,0,0,27
370137,1,1,32,32,32,32,32,32,32,32,32,32
370138,1,1,12,9,4,0,30,0,4,0,0,27
370138,2,1,10,10,10,10,10,10,10,10,10,10
370138,3,1,0,0,0,0,0,0,0,0,0,0
370139,0,1,9,10,17,0,19,6,12,12,6,37
370139,1,1,1,1,1,1,1,1,1,1,1,1
370140,1,1,0,0,0,0,0,0,0,0,0,0
370141,1,1,5,5,5,5,5,5,5,5,5,5
370142,1,1,0,0,0,0,0,0,0,0,0,0
370143,1,1,12,12,12,12,12,12,12,12,12,12
370144,1,1,0,0,0,0,0,0,0,0,0,0
370144,2,1,0,0,0,0,0,0,0,0,0,0
370145,1,1,0,0,0,18,0,0,0,0,0,0
370145,2,1,0,0,0,0,0,0,0,0,0,0
370146,1,1,21,21,21,21,21,21,21,21,21,21
370147,1,1,0,0,0,0,0,0,0,0,0,0
370147,2,1,0,0,0,0,0,0,0,0,0,0
370148,1,1,0,0,0,0,0,0,0,0,0,0
370149,0,1,28,28,28,28,28,28,28,28,28,28
370149,1,1,0,0,0,0,0,0,0,0,0,0
370150,1,1,0,0,0,0,0,0,0,0,0,0
370150,2,1,0,0,0,0,0,0,0,0,0,0
370151,1,1,0,0,0,23,0,0,0,0,0,0
370152,0,1,13,13,13,13,13,13,13,13,13,13
370152,1,1,17,0,0,0,0,21,0,16,0,0
370153,0,1,0,0,25,0,0,0,0,0,0,3
370153,1,1,0,0,11,0,0,0,24,0,25,0
370154,0,1,22,0,0,0,0,0,5,8,9,57
370154,1,1,8,11,0,0,7,0,6,0,26,2
370155,0,1,18,18,18,18,18,18,18,18,18,18
370155,1,1,7,0,0,0,0,0,0,0,0,0
370156,1,1,25,25,25,25,25,25,25,25,25,25
370157,1,1,0,0,0,0,0,0,0,0,0,0
370158,1,1,0,0,0,0,0,0,0,0,0,0
370159,1,1,9,9,9,9,9,9,9,9,9,9
370160,1,1,13,13,13,13,13,13,13,13,13,13
370161,1,1,22,5,0,0,0,18,0,0,0,0
370162,1,1,0,0,0,0,0,0,0,0,0,0
370162,2,1,0,0,0,0,0,0,0,0,0,0
370163,1,1,19,19,19,19,19,19,19,19,19,19
370163,2,1,0,0,0,0,0,0,0,0,0,0
370163,3,1,0,0,0,0,0,0,0,0,0,0
370164,1,1,16,16,16,16,16,16,16,16,16,16
370164,2,1,0,0,0,0,0,0,0,0,0,0
370165,1,1,0,0,0,0,6,0,0,0,0,0
370166,1,1,12,12,12,12,12,12,12,12,12,12
370167,1,1,0,0,0,0,0,0,0,0,0,0
370167,2,1,17,0,0,0,0,16,0,0,0,0
370168,0,1,19,0,19,5,21,48,7,23,0,0
370168,1,1,0,0,0,0,6,0,0,0,0,0
370169,1,1,0,0,0,0,0,0,0,0,0,0
370169,2,1,0,0,0,0,0,0,0,0,0,0
370170,1,1,0,0,0,0,0,0,0,0,0,0
370170,2,1,0,0,0,0,6,0,0,0,0,3
370170,3,1,0,0,0,0,0,0,0,0,0,0
370171,1,1,0,0,0,0,0,0,0,0,0,0
370172,1,1,26,26,26,26,26,26,26,26,26,26
370173,1,1,18,0,14,15,28,35,0,18,17,16
370174,1,1,20,20,20,20,20,20,20,20,20,20
370175,1,1,0,0,0,0,0,0,0,0,0,0
370176,1,1,0,0,0,0,0,0,0,0,0,0
370176,2,1,0,17,0,0,0,0,0,0,0,0
370177,1,1,0,0,0,0,0,0,0,0,0,0
370177,2,1,0,0,0,0,0,0,0,0,0,0
370178,1,1,0,0,0,0,0,0,17,0,0,0
370179,1,1,0,0,0,0,0,0,0,0,0,0
370179,2,1,0,0,0,0,0,0,0,0,0,0
370180,1,1,0,0,0,0,0,0,0,0,0,0
370180,2,1,0,0,11,0,0,0,0,0,0,0
370180,3,1,0,0,13,0,0,0,0,0,0,0
370180,4,1,0,0,0,0,0,0,0,0,0,0
370180,5,1,0,0,0,0,0,0,0,0,0,0
370181,1,1,0,0,0,16,18,0,0,0,16,0
370182,1,1,0,0,0,0,0,0,0,0,0,0
370182,2,1,0,0,0,0,0,0,0,0,0,0
370183,0,1,33,33,33,33,33,33,33,33,33,33
370183,1,1,0,0,0,0,0,0,0,0,0,0
370184,1,1,4,4,4,4,4,4,4,4,4,4
370185,1,1,0,0,0,0,0,0,0,0,0,0
370185,2,1,0,0,0,0,0,0,0,0,0,0
370186,1,1,0,0,0,0,0,0,0,0,0,0
370186,2,1,0,0,0,0,0,0,0,0,0,0
370187,1,1,0,0,0,0,0,0,0,0,0,0
370187,2,1,0,0,0,0,0,0,0,0,0,0
370188,1,1,0,0,0,0,0,0,0,0,0,0
370189,1,1,0,0,0,0,0,0,0,0,0,0
370189,2,1,16,8,0,3,0,9,0,20,22,15
370190,1,1,16,16,16,16,16,16,16,16,16,16
370191,1,1,0,0,0,0,0,0,0,0,0,0
370191,2,1,0,0,0,0,0,0,0,0,0,0
370191,3,1,0,0,0,0,0,0,0,0,0,0
370192,1,1,19,19,19,19,19,19,19,19,19,19
370193,0,1,19,0,17,0,0,0,0,0,0,0
370193,1,1,3,9,10,0,14,26,0,13,0,0
370194,1,1,0,0,0,0,0,8,0,0,0,0
370195,1,1,0,0,0,0,0,0,0,0,0,0
370195,2,1,0,0,0,0,0,0,0,0,7,0
370196,0,1,0,0,0,0,23,0,0,0,0,0
370196,1,1,0,0,0,0,0,0,0,0,0,0
370197,1,1,0,0,0,0,0,0,0,0,0,0
370198,1,1,0,0,0,0,0,0,0,0,0,0
370198,2,1,0,0,0,0,0,0,0,0,0,0
370199,1,1,0,0,0,0,17,0,0,0,0,0
370200,1,1,0,0,0,0,0,0,0,0,0,0
370201,1,1,0,0,0,30,0,0,0,17,0,0
370201,2,1,0,0,0,0,0,0,0,0,0,0
370201,3,1,0,0,0,0,0,0,0,0,0,0
370202,0,1,0,0,0,0,0,0,0,0,0,0
370202,1,1,10,0,0,0,0,0,0,0,20,0
370203,1,1,0,0,0,0,0,0,0,0,0,0
370204,1,1,0,0,0,0,0,0,0,0,0,0
370205,1,1,0,0,0,0,0,0,0,0,0,0
370205,2,1,0,0,0,0,0,0,0,0,0,0
370206,1,1,0,0,0,5,0,0,17,29,4,0
370206,2,1,0,0,0,0,0,0,0,0,0,0
370207,0,1,8,8,8,8,8,8,8,8,8,8
370207,1,1,0,0,21,0,0,20,0,0,0,0
370208,1,1,0,0,0,0,0,0,0,0,0,0
370209,1,1,12,12,12,12,12,12,12,12,12,12
370209,2,1,0,0,0,0,0,0,0,0,0,0
370210,1,1,0,0,0,0,0,0,0,0,0,0
370211,1,1,0,0,0,0,0,0,0,0,0,0
370212,1,1,18,18,18,18,18,18,18,18,18,18
370213,0,1,0,0,0,0,0,18,0,0,0,0
370213,1,1,0,0,0,0,0,0,0,0,0,0
370214,0,1,0,0,0,0,0,0,0,0,0,0
370214,1,1,0,0,0,0,0,14,0,0,0,0
370215,1,1,15,15,15,15,15,15,15,15,15,15
370216,1,1,0,0,0,0,0,0,0,0,0,0
370216,2,1,0,0,0,0,0,0,0,0,0,0
370216,3,1,0,0,0,0,0,0,0,0,0,0
370217,1,1,0,0,0,0,0,0,0,0,0,0
370217,2,1,0,0,0,0,0,0,0,0,0,0
370218,1,1,0,0,0,0,0,0,0,0,0,0
370218,2,1,0,0,0,0,0,0,0,0,0,0
370219,0,1,28,28,28,28,28,28,28,28,28,28
370219,1,1,0,0,0,0,0,0,0,0,0,0
370220,1,1,7,7,7,7,7,7,7,7,7,7
370222,1,1,0,0,0,0,0,0,0,0,0,0
370223,1,1,0,22,20,0,0,0,0,0,0,9
370223,2,1,0,0,0,0,0,0,0,0,0,0
370224,1,1,0,0,0,0,0,0,0,0,0,1
370224,2,1,0,0,0,0,0,0,0,0,0,0
370225,1,1,0,0,0,0,0,0,0,0,0,0
370226,1,1,0,0,0,0,0,0,0,0,0,0
370227,1,1,8,8,8,8,8,8,8,8,8,8
370228,1,1,29,29,29,29,29,29,29,29,29,29
370229,1,1,0,21,0,0,0,0,0,0,9,0
370230,1,1,0,23,0,0,0,0,0,0,0,0
370231,1,1,0,0,0,0,0,0,0,0,0,0
370231,2,1,0,0,0,0,0,0,0,0,0,0
370232,0,1,26,26,26,26,26,26,26,26,26,26
370232,1,1,17,17,17,17,17,17,17,17,17,17
370233,1,1,0,0,0,0,6,0,12,0,15,0
370233,2,1,0,0,0,0,0,0,0,0,0,0
370234,0,1,11,0,0,7,0,18,23,31,20,20
370234,1,1,0,0,0,0,0,0,0,0,17,0
370235,1,1,0,0,0,0,0,0,0,0,0,0
370236,1,1,0,0,0,0,0,0,0,0,0,0
370236,2,1,0,0,0,0,0,0,0,0,0,0
370237,0,1,0,0,0,0,0,0,0,0,0,0
370237,1,1,0,0,0,0,0,0,0,0,0,0
370238,1,1,0,0,0,0,0,0,0,0,0,0
370238,2,1,0,0,0,0,0,0,0,0,0,0
370239,1,1,0,0,0,0,0,0,0,0,0,0
370239,2,1,0,0,0,11,0,0,0,0,0,0
370240,1,1,36,36,36,36,36,36,36,36,36,36
370241,1,1,0,0,0,0,0,0,0,0,0,0
370241,2,1,0,0,0,0,0,0,0,0,0,0
370241,3,1,13,0,0,0,0,0,0,0,0,0
370241,4,1,0,0,0,0,0,0,0,0,0,0
370241,5,1,0,0,0,0,0,0,15,0,0,0
370242,1,1,0,0,0,0,0,0,0,0,0,0
370242,2,1,0,0,0,0,0,0,0,0,0,0
370243,1,1,0,0,0,0,0,9,0,0,0,0
370244,0,1,0,0,0,0,0,0,0,0,0,0
370244,1,1,0,0,0,0,0,0,0,0,0,0
370245,1,1,19,19,19,19,19,19,19,19,19,19
370246,0,1,11,11,11,11,11,11,11,11,11,11
370246,1,1,0,0,0,0,0,0,0,0,0,0
370247,0,1,30,30,30,30,30,30,30,30,30,30
370247,1,1,0,14,0,0,0,0,20,22,0,9
370247,2,1,0,0,0,0,0,0,0,0,0,0
370248,1,1,17,17,17,17,17,17,17,17,17,17
370248,2,1,0,0,0,0,0,0,0,0,0,0
370249,1,1,18,18,18,18,18,18,18,18,18,18
370249,2,1,0,0,0,0,0,0,0,0,0,0
370251,1,1,0,0,0,0,0,0,0,0,0,0
370251,2,1,0,0,0,0,0,0,0,0,0,0
370251,3,1,0,0,0,0,0,0,0,0,0,0
370252,1,1,0,0,0,0,0,0,0,0,0,0
370253,1,1,0,0,0,0,0,0,0,0,0,0
370254,1,1,0,0,0,0,0,0,0,8,0,0
370255,1,1,19,0,27,14,9,37,42,14,4,26
370255,2,1,0,0,0,0,0,0,0,0,0,0
370256,1,1,0,0,0,0,0,20,0,0,0,0
370256,2,1,0,0,0,0,0,0,0,0,0,0
370256,3,1,0,0,0,0,0,0,0,0,0,0
370257,1,1,0,0,0,32,0,0,0,0,25,0
370257,2,1,0,0,0,0,0,0,0,0,0,0
370258,1,1,0,0,0,3,0,0,0,13,0,0
370258,2,1,0,0,0,0,0,0,0,0,0,0
370259,1,1,0,0,0,0,0,0,0,0,0,0
370259,2,1,0,0,0,0,0,0,0,0,0,0
370260,1,1,0,0,0,0,0,0,0,26,0,0
370261,1,1,0,0,0,0,0,0,0,0,0,0
370261,2,1,0,0,0,0,0,0,0,0,0,0
370262,1,1,0,0,0,0,0,0,0,0,0,0
370263,1,1,12,8,16,24,9,20,19,25,24,15
370264,0,1,15,15,15,15,15,15,15,15,15,15
370264,1,1,0,0,0,0,0,0,0,0,0,0
370265,0,1,0,0,0,0,0,0,0,0,0,0
370265,1,1,0,0,0,0,0,0,0,0,0,0
370266,1,1,10,10,10,10,10,10,10,10,10,10
370267,1,1,0,0,0,0,0,0,0,0,0,0
370268,1,1,12,12,12,12,12,12,12,12,12,12
370268,2,1,0,0,0,0,0,0,0,0,0,0
370269,1,1,0,0,0,0,0,0,0,0,0,0
370269,2,1,0,0,0,0,0,0,0,0,0,0
370270,1,1,14,14,14,14,14,14,14,14,14,14
370271,1,1,19,0,0,19,0,0,0,0,0,20
370272,1,1,0,0,0,0,0,0,0,0,0,0
370272,2,1,0,0,0,0,0,0,0,0,0,0
370273,1,1,0,0,0,0,0,0,0,0,0,0
370273,2,1,0,0,0,0,0,0,0,0,0,22
370273,3,1,0,0,0,0,0,0,0,0,0,0
370274,1,1,0,0,0,0,0,0,0,0,0,0
370275,1,1,0,0,0,0,0,0,0,0,0,0
370276,1,1,0,0,0,0,0,0,0,0,0,0
370276,2,1,0,0,0,22,0,0,0,0,0,0
370277,1,1,0,0,0,0,0,0,0,0,0,0
370277,2,1,0,0,0,0,0,0,0,0,0,0
370278,1,1,0,0,0,0,0,27,0,3,0,28
370278,2,1,0,0,0,0,0,0,0,0,0,0
370279,1,1,0,0,0,0,0,0,0,0,0,0
370280,0,1,0,0,0,0,0,0,0,0,0,0
370280,1,1,0,0,16,0,0,0,0,0,0,0
370281,1,1,0,0,0,0,0,0,0,0,0,0
370282,1,1,18,18,18,18,18,18,18,18,18,18
370282,2,1,0,0,0,0,0,13,0,0,0,0
370282,3,1,0,0,0,0,0,8,0,0,0,0
370283,1,1,21,21,21,21,21,21,21,21,21,21
370284,1,1,23,23,23,23,23,23,23,23,23,23
370285,1,1,16,16,16,16,16,16,16,16,16,16
370285,2,1,0,0,0,0,0,0,0,0,0,0
370286,1,1,0,0,0,0,0,0,0,0,0,0
370286,2,1,0,0,0,0,0,0,0,0,0,0
370287,1,1,24,24,24,24,24,24,24,24,24,24
370288,1,1,23,23,23,23,23,23,23,23,23,23
370288,2,1,0,0,0,0,0,0,0,0,0,0
370289,1,1,19,19,19,19,19,19,19,19,19,19
370290,1,1,0,0,0,0,0,0,0,0,0,0
370291,0,1,0,0,0,0,0,0,0,0,0,0
370291,1,1,0,0,0,0,0,0,0,0,0,0
370292,1,1,0,0,0,0,0,0,0,0,0,0
370292,2,1,0,0,0,0,0,0,0,0,0,0
370293,1,1,0,28,0,0,0,0,0,0,0,9
370293,2,1,0,0,0,0,0,0,0,0,0,0
370294,1,1,0,0,0,0,0,0,0,0,0,0
370295,0,1,0,6,0,0,0,0,0,0,0,0
370295,0,2,0,0,0,0,0,0,0,0,0,20
370295,1,1,0,0,0,25,0,19,0,0,0,0
370296,0,1,0,0,0,0,0,0,0,0,0,0
370296,1,1,0,0,0,0,0,0,0,0,0,0
370297,1,1,0,0,28,31,7,7,20,0,19,0
370297,2,1,0,0,0,0,0,0,0,0,0,0
370298,1,1,0,0,0,0,0,0,0,0,0,0
370298,2,1,0,0,0,14,0,0,0,0,0,0
370299,1,1,0,0,0,0,0,0,0,0,0,0
370299,2,1,10,0,11,21,0,29,0,25,0,11
370300,1,1,0,0,0,0,0,0,0,0,0,0
370300,2,1,0,1,0,0,0,0,0,0,0,0
370301,1,1,0,0,12,0,0,0,0,0,0,0
370301,2,1,0,0,0,0,0,0,0,0,0,0
370302,1,1,0,0,0,0,0,0,0,0,0,0
370302,2,1,0,0,15,0,0,0,0,0,0,7
370302,3,1,0,0,16,0,0,0,0,18,0,0
370303,1,1,0,0,0,0,0,0,0,0,0,0
370304,1,1,0,0,10,0,0,0,0,0,0,0
370304,2,1,0,0,0,0,0,0,0,0,0,0
370305,1,1,17,17,17,17,17,17,17,17,17,17
370306,1,1,0,0,0,0,0,0,0,0,0,0
370308,1,1,0,0,0,0,0,0,0,0,0,0
370309,1,1,0,0,0,0,0,0,0,0,0,0
370310,1,1,0,0,0,0,0,0,0,0,0,0
370310,2,1,0,0,0,0,0,0,0,0,0,0
370311,1,1,0,0,0,0,0,0,0,0,0,0
370311,2,1,0,0,0,0,0,0,0,0,0,0
370312,1,1,0,0,0,0,0,0,0,0,0,0
370312,2,1,0,0,0,0,0,0,0,0,0,0
370313,0,1,0,0,0,0,0,0,0,0,0,0
370313,1,1,0,17,4,0,15,0,0,0,0,0
370314,1,1,0,0,0,0,0,0,0,0,0,0
370315,0,1,0,0,0,0,0,0,0,0,0,0
370315,1,1,0,0,0,0,0,0,0,0,0,0
370316,1,1,26,26,26,26,26,26,26,26,26,26
370317,1,1,0,0,0,0,0,0,0,0,0,0
370318,1,1,25,25,25,25,25,25,25,25,25,25
370319,0,1,0,0,0,0,0,0,0,0,0,0
370319,1,1,0,0,0,0,0,0,0,0,0,0
370320,1,1,20,20,20,20,20,20,20,20,20,20
370321,1,1,0,0,0,0,0,0,30,16,0,0
370321,2,1,0,0,0,0,0,0,0,0,0,0
370322,1,1,0,0,0,0,0,0,0,0,0,0
370323,1,1,0,0,0,0,0,0,0,0,0,0
370324,1,1,0,0,0,0,0,0,0,0,0,0
370324,2,1,0,0,0,0,0,0,0,0,0,0
370325,1,1,0,0,0,0,0,0,0,0,0,0
370325,2,1,0,0,0,0,0,0,0,0,0,0
370326,1,1,0,0,0,0,0,0,0,0,0,0
370327,0,1,34,34,34,34,34,34,34,34,34,34
370327,1,1,0,0,0,0,0,0,0,0,0,0
370328,0,1,23,23,23,23,23,23,23,23,23,23
370328,1,1,0,0,0,0,0,0,0,16,0,0
370329,1,1,0,0,0,0,0,0,0,0,0,0
370329,2,1,0,0,0,0,0,0,0,0,0,0
370330,0,1,40,40,40,40,40,40,40,40,40,40
370330,1,1,0,0,0,0,0,0,0,0,0,0
370331,1,1,0,0,0,0,0,0,0,0,0,0
370331,2,1,3,3,3,3,3,3,3,3,3,3
370332,0,1,0,0,0,0,0,0,0,0,0,0
370332,1,1,0,0,0,0,0,0,0,0,0,0
370333,0,1,0,0,0,0,0,0,0,0,0,0
370333,1,1,0,0,0,0,0,0,0,0,0,0
370334,1,1,0,0,0,0,0,0,0,0,0,0
370334,2,1,0,0,0,0,0,0,0,0,0,0
370335,1,1,17,17,17,17,17,17,17,17,17,17
370336,1,1,0,0,0,0,0,38,0,0,0,0
370336,2,1,0,0,0,0,0,0,0,0,0,0
370337,0,1,0,0,0,0,0,0,0,0,0,0
370337,1,1,0,0,0,0,0,0,0,0,0,0
370338,1,1,0,0,13,0,0,0,0,0,0,0
370338,2,1,0,0,0,0,0,0,0,0,0,0
370339,1,1,0,0,0,0,0,0,0,0,6,0
370339,2,1,0,0,0,0,0,0,27,0,0,0
370340,1,1,0,0,0,0,0,0,0,0,0,0
370341,1,1,0,0,0,0,0,0,0,0,11,0
370341,2,1,0,0,0,0,0,0,0,0,0,0
370342,1,1,0,0,0,0,0,0,0,0,0,0
370343,1,1,0,0,0,0,0,0,0,0,0,0
370343,2,1,0,0,0,0,0,0,0,0,0,0
370344,1,1,0,0,0,0,0,0,0,0,0,0
370345,1,1,0,0,0,0,14,0,0,0,0,0
370345,2,1,0,0,0,0,0,0,0,0,0,0
370346,1,1,8,8,8,8,8,8,8,8,8,8
370346,2,1,0,0,0,0,0,0,0,14,8,0
370346,3,1,0,0,0,0,0,0,0,0,0,0
370346,4,1,0,0,0,0,0,0,0,0,0,0
370346,5,1,0,0,0,0,0,0,0,0,0,0
370347,1,1,0,0,0,0,0,0,0,0,0,0
370347,2,1,0,0,0,0,0,0,0,0,0,0
370348,1,1,22,22,22,22,22,22,22,22,22,22
370349,1,1,0,0,0,0,0,0,0,0,0,0
370350,0,1,0,0,0,0,0,0,0,0,0,0
370350,1,1,0,0,0,0,0,0,0,0,0,0
370351,1,1,0,0,0,0,0,0,0,13,27,0
370352,1,1,0,0,0,0,0,0,0,0,0,0
370352,2,1,0,0,0,0,0,0,0,0,0,0
370353,1,1,0,0,0,0,0,0,0,0,0,0
370354,1,1,0,0,0,0,0,0,0,0,0,0
370354,2,1,0,0,0,0,0,0,0,0,0,0
370355,0,1,0,0,0,0,0,0,0,0,0,0
370355,1,1,0,0,0,0,0,0,0,0,0,0
370356,1,1,0,0,0,0,0,0,0,0,0,0
370356,2,1,0,0,0,0,0,0,0,0,0,0
370356,3,1,0,0,0,6,0,0,0,0,0,0
370357,1,1,0,0,0,0,0,0,0,0,0,0
370358,1,1,11,11,11,11,11,11,11,11,11,11
370358,2,1,0,0,0,10,0,0,0,0,0,10
370359,1,1,0,0,0,0,0,0,0,0,0,0
370360,1,1,21,21,21,21,21,21,21,21,21,21
370360,2,1,0,0,0,0,0,0,0,0,0,0
370361,1,1,0,0,0,0,0,0,0,0,0,0
370361,2,1,0,0,0,0,0,0,0,0,0,0
370362,1,1,0,0,0,0,0,0,0,0,0,0
370363,1,1,14,14,14,14,14,14,14,14,14,14
370364,1,1,0,0,0,0,0,0,0,0,0,0
370364,2,1,0,0,0,0,0,0,0,0,0,0
370365,1,1,0,0,0,0,0,0,0,0,0,0
370365,2,1,0,0,0,0,0,0,0,0,0,0
370366,1,1,0,0,0,0,0,0,0,0,0,0
370367,1,1,0,0,0,0,0,0,0,0,0,0
370367,2,1,0,0,0,0,0,0,0,0,0,0
370368,1,1,0,0,0,0,0,0,0,0,0,0
370368,2,1,0,0,0,0,0,0,0,0,0,0
370369,1,1,0,0,0,0,0,0,0,0,0,0
370369,2,1,0,0,0,0,0,0,0,0,0,0
370370,1,1,0,0,0,0,0,0,0,0,0,0
370371,1,1,4,4,32,9,13,28,14,16,28,16
370371,2,1,0,0,0,0,0,0,0,0,0,0
370372,0,1,0,0,0,0,0,0,0,0,0,0
370372,1,1,0,0,0,0,0,0,0,0,0,0
370373,0,1,0,0,0,0,0,0,0,0,0,0
370373,1,1,0,0,0,0,0,0,0,0,0,0
370374,1,1,0,0,0,0,0,0,0,0,0,0
370374,2,1,0,0,0,0,0,0,0,0,0,0
370375,1,1,0,0,0,0,0,0,0,0,0,20
370375,2,1,0,0,0,0,0,0,0,0,25,0
370376,1,1,0,0,0,0,0,0,0,0,0,0
370376,2,1,0,0,0,0,0,0,0,0,0,0
370376,3,1,0,0,0,0,0,0,0,0,0,0
370376,4,1,0,0,0,0,0,0,0,0,0,0
370376,5,1,0,0,0,0,0,0,0,0,0,0
370377,1,1,0,0,0,0,0,0,0,0,0,0
370377,2,1,0,0,0,0,0,0,0,0,0,0
370377,3,1,0,0,0,0,0,0,0,0,0,0
370378,1,1,0,0,0,0,0,0,0,0,0,0
370379,1,1,0,0,0,0,0,0,0,0,0,0
370379,2,1,0,0,0,0,0,0,0,0,0,0
370380,1,1,0,0,0,0,0,0,0,0,0,0
370381,1,1,0,0,0,0,0,33,0,7,0,11
370381,2,1,0,0,0,0,0,0,0,0,0,0
370382,0,1,0,0,0,0,0,0,0,0,0,0
370382,1,1,0,0,0,0,0,0,0,0,0,0
370383,0,1,33,33,33,33,33,33,33,33,33,33
370383,1,1,0,0,0,14,0,0,0,18,0,0
370384,1,1,0,0,0,0,0,0,0,0,0,0
370385,1,1,0,0,0,0,0,0,0,0,0,0
370386,1,1,0,0,0,0,0,0,0,0,0,0
370386,2,1,0,0,0,0,0,0,0,0,0,0
370387,1,1,0,0,0,0,0,0,0,0,0,0
370387,2,1,0,0,0,0,0,0,0,0,13,0
370388,1,1,0,0,0,0,0,0,0,0,0,0
370389,1,1,0,0,0,0,0,0,0,0,0,0
370390,0,1,0,0,0,0,0,0,0,0,0,0
370390,1,1,0,0,0,0,0,0,8,0,12,0
370391,0,1,0,0,0,0,0,0,0,0,0,0
370391,1,1,0,0,0,0,11,0,0,0,0,0
370392,1,1,15,15,15,15,15,15,15,15,15,15
370393,1,1,30,30,30,30,30,30,30,30,30,30
370393,2,1,0,0,0,0,0,0,0,0,0,0
370394,1,1,0,0,0,0,0,0,0,0,0,0
370394,2,1,0,0,0,0,0,0,0,0,0,0
370395,1,1,20,20,20,20,20,20,20,20,20,20
370396,1,1,15,15,15,15,15,15,15,15,15,15
370396,2,1,17,0,0,0,0,0,0,0,0,0
370397,0,1,0,0,0,0,0,0,0,0,0,0
370397,0,2,14,0,0,0,0,0,0,0,0,0
370397,0,3,0,0,0,0,0,0,0,0,0,0
370397,2,1,30,19,12,22,0,5,7,16,11,19
370398,0,1,3,3,3,3,3,3,3,3,3,3
370398,1,1,0,0,0,0,0,0,0,0,0,0
370399,1,1,0,0,0,0,0,0,0,0,0,0
370400,1,1,0,0,0,0,0,0,0,0,0,0
370400,2,1,0,0,0,0,0,0,0,0,0,0
370401,0,1,0,0,0,0,0,0,0,0,0,0
370401,1,1,0,0,0,0,29,0,8,0,0,0
370402,0,1,20,20,20,20,20,20,20,20,20,20
370402,1,1,0,0,0,0,0,0,0,0,0,0
370403,1,1,0,0,0,0,0,0,0,0,0,0
370404,1,1,0,0,0,0,0,0,0,0,0,0
370404,2,1,0,0,0,0,0,0,0,0,0,0
370405,1,1,6,6,6,6,6,6,6,6,6,6
370406,1,1,0,0,0,0,0,0,0,0,0,0
370407,1,1,0,0,0,0,0,0,0,0,0,0
370407,2,1,0,0,0,0,0,0,0,0,0,0
370408,1,1,0,0,0,0,0,0,0,0,0,0
370409,1,1,0,0,0,0,0,0,0,0,0,0
370410,1,1,0,12,0,0,0,0,14,0,0,0
370410,2,1,0,0,0,0,0,0,0,0,0,0
370411,1,1,0,0,0,0,0,0,0,0,0,0
370411,2,1,0,0,0,0,0,0,0,0,0,0
370412,1,1,0,0,0,0,0,0,0,0,0,0
370412,2,1,0,0,0,0,0,0,0,0,0,0
370413,1,1,0,0,0,0,0,0,0,0,0,0
370413,2,1,0,0,0,0,0,0,0,0,0,0
370414,1,1,0,0,0,0,0,0,0,0,0,0
370414,2,1,0,0,0,0,0,7,0,0,0,0
370415,1,1,0,0,0,0,0,0,0,0,0,0
370415,2,1,0,0,0,0,0,0,0,0,0,0
370416,1,1,23,23,23,23,23,23,23,23,23,23
370417,1,1,29,29,29,29,29,29,29,29,29,29
370418,1,1,0,0,0,0,0,0,0,0,0,0
370419,1,1,0,0,0,0,0,0,0,0,0,0
370419,2,1,0,0,0,0,0,0,0,0,0,0
370420,1,1,0,0,0,13,0,0,0,0,0,0
370420,2,1,0,10,0,0,0,0,0,0,0,0
370421,1,1,0,0,16,0,0,0,0,0,0,0
370423,1,1,0,0,0,0,0,0,0,0,0,0
370423,2,1,0,0,0,0,0,0,0,0,0,0
370424,1,1,5,5,5,5,5,5,5,5,5,5
370424,2,1,0,0,0,0,0,0,0,0,0,0
370425,1,1,0,0,0,0,0,0,0,0,0,0
370426,1,1,14,14,14,14,14,14,14,14,14,14
370426,2,1,0,0,0,0,0,0,0,0,0,0
370427,1,1,0,0,0,0,0,0,0,0,0,0
370427,2,1,12,12,12,12,12,12,12,12,12,12
370428,1,1,11,11,11,11,11,11,11,11,11,11
370428,2,1,0,0,0,0,0,0,0,0,0,0
370429,1,1,0,0,0,0,0,0,0,0,0,0
370429,2,1,0,0,0,0,0,0,0,0,0,0
370429,3,1,0,0,0,0,0,0,0,0,0,0
370430,1,1,15,15,15,15,15,15,15,15,15,15
370430,2,1,0,0,0,0,0,0,0,0,0,0
370431,1,1,0,0,0,0,0,0,0,0,0,0
370431,2,1,0,0,0,0,0,0,0,0,0,0
370432,1,1,0,0,0,0,0,0,0,0,0,0