ST_CASE,VEH_NO,PER_NO,P1,P2,P3,P4,P5,P6,P7,P8,P9,P10
390889,1,1,7,7,7,7,7,7,7,7,7,7
390890,1,1,0,0,0,0,0,0,0,0,0,0
390890,2,1,0,0,12,15,0,0,0,0,0,0
390890,3,1,0,0,0,0,0,5,0,0,0,0
390890,4,1,0,0,0,15,0,0,0,0,0,0
390891,1,1,0,0,0,0,0,0,0,0,0,0
390892,0,1,0,0,0,0,0,0,0,0,0,0
390892,1,1,0,0,0,0,0,29,0,28,0,19
390893,1,1,0,0,14,0,0,9,0,0,0,13
390895,1,1,0,0,0,0,0,0,0,0,0,0
390896,1,1,11,18,10,0,12,17,16,27,0,0
390897,1,1,0,13,21,0,0,0,0,30,0,0
390897,2,1,0,0,0,0,0,0,0,0,0,0
390898,0,1,0,0,0,0,0,0,0,0,0,0
390898,1,1,0,0,7,0,3,0,0,0,0,0
390899,0,1,0,14,5,0,0,9,0,0,0,0
390899,1,1,0,0,8,0,0,0,0,0,0,0
390900,1,1,11,0,0,0,0,24,18,0,0,13
390901,0,1,2,2,2,2,2,2,2,2,2,2
390901,1,1,0,0,19,0,0,0,0,0,0,3
390902,1,1,15,15,15,15,15,15,15,15,15,15
390904,1,1,17,17,17,17,17,17,17,17,17,17
390905,1,1,0,0,0,0,0,0,0,0,0,0
390905,2,1,0,0,0,0,0,0,0,0,0,0
390906,1,1,0,0,0,0,0,0,0,0,0,0
390907,1,1,30,30,30,30,30,30,30,30,30,30
390908,0,1,0,0,0,0,0,0,0,0,0,0
390908,1,1,7,11,17,14,10,10,0,3,11,19
390909,0,1,16,0,30,27,31,19,0,14,0,8
390909,1,1,0,0,0,0,11,0,0,0,0,0
390911,1,1,0,0,0,0,31,0,0,0,0,0
390911,2,1,0,0,0,0,0,0,0,0,0,0
390912,0,1,24,24,24,24,24,24,24,24,24,24
390912,1,1,22,0,0,0,23,0,0,16,39,0
390913,1,1,19,24,0,0,0,18,20,0,0,0
390913,2,1,0,0,0,0,0,18,0,0,0,10
390914,1,1,0,0,0,0,0,0,0,0,0,0
390916,1,1,25,25,25,25,25,25,25,25,25,25
390917,1,1,0,23,18,0,0,11,20,8,0,4
390917,2,1,0,0,0,0,0,0,0,0,0,0
390918,1,1,6,6,6,6,6,6,6,6,6,6
390918,2,1,0,0,0,0,0,0,0,14,0,0
390919,1,1,0,0,0,0,0,0,0,0,0,0
390920,1,1,0,0,0,0,0,0,0,0,0,0
390920,2,1,0,0,0,20,0,0,11,0,0,22
390921,1,1,0,0,0,0,0,0,0,0,0,0
390922,1,1,0,9,0,0,0,0,6,0,0,0
390923,1,1,0,0,0,0,0,0,0,0,0,0
390923,2,1,12,0,0,0,0,0,0,0,13,0
390923,3,1,0,0,0,0,0,0,0,0,0,0
390923,4,1,0,0,0,0,0,0,0,11,0,0
390924,1,1,0,0,0,0,0,0,7,20,9,0
390924,2,1,0,0,0,0,0,21,0,0,0,0
390925,1,1,21,21,21,21,21,21,21,21,21,21
390925,2,1,15,15,15,15,15,15,15,15,15,15
390926,1,1,30,30,30,30,30,30,30,30,30,30
390927,1,1,0,0,0,0,0,0,0,0,0,0
390927,2,1,0,0,0,0,0,0,0,0,0,0
390927,3,1,0,0,0,0,0,0,0,0,0,0
390928,1,1,0,0,0,0,0,0,0,0,0,0
390929,1,1,13,13,13,13,13,13,13,13,13,13
390930,0,1,0,0,0,0,0,0,0,0,0,0
390930,1,1,0,0,0,8,0,0,0,0,13,0
390931,1,1,0,0,0,0,11,0,0,0,0,0
390931,2,1,0,0,0,0,0,0,0,0,0,0
390932,1,1,0,0,0,0,0,0,0,0,0,0
390933,1,1,4,4,4,4,4,4,4,4,4,4
390933,2,1,0,0,0,0,0,0,0,0,0,0
390934,1,1,0,0,0,0,0,0,0,7,0,0
390934,2,1,0,0,0,0,0,0,0,0,0,0
390935,1,1,0,0,21,0,8,16,10,10,0,0
390936,1,1,0,0,0,0,0,0,0,0,0,0
390937,1,1,28,28,28,28,28,28,28,28,28,28
390938,1,1,0,0,0,0,0,0,0,0,0,0
390938,2,1,0,0,0,0,0,0,0,0,0,0
390939,1,1,0,0,0,0,0,0,0,0,0,0
390940,1,1,0,0,0,0,0,0,0,0,0,0
390940,2,1,0,0,0,0,0,0,0,0,0,0
390942,1,1,0,0,0,0,0,0,0,0,0,0
390942,2,1,0,0,0,0,0,0,0,0,0,0
390943,1,1,0,8,0,0,8,0,0,0,17,0
390943,2,1,11,11,11,11,11,11,11,11,11,11
390943,3,1,26,0,0,0,0,19,0,4,0,25
390944,1,1,0,0,0,0,0,0,0,0,0,0
390944,2,1,0,0,0,0,0,0,0,0,0,0
390945,1,1,0,0,0,0,0,0,0,0,0,0
390946,0,1,0,0,0,0,0,0,0,0,0,0
390946,1,1,27,0,7,0,0,19,0,5,0,13
390947,1,1,0,0,0,0,0,0,0,0,0,0
390947,2,1,0,0,0,0,14,0,0,0,0,0
390947,3,1,0,0,0,0,0,12,0,0,0,31
390949,0,1,0,11,0,0,0,0,33,29,0,0
390949,1,1,0,0,0,0,0,0,0,0,33,0
390950,1,1,0,0,0,19,13,12,0,0,18,0
390950,2,1,0,0,0,0,24,0,0,0,12,9
390951,1,1,0,0,0,0,0,0,0,0,0,0
390951,2,1,0,0,0,0,0,0,0,0,0,0
390952,0,1,0,0,0,0,0,0,0,0,0,0
390952,1,1,13,13,13,13,13,13,13,13,13,13
390953,1,1,0,11,37,22,0,0,0,0,21,5
390954,0,1,0,35,0,11,0,22,0,23,0,0
390954,1,1,0,0,7,0,13,24,0,0,9,18
390955,1,1,0,0,0,0,0,0,0,0,0,0
390956,1,1,0,0,0,0,0,0,0,0,0,0
390956,2,1,0,0,0,0,0,0,0,0,0,0
390957,1,1,0,0,0,0,0,0,0,0,0,0
390957,2,1,0,0,0,0,0,0,0,0,0,0
390958,1,1,0,0,0,0,0,0,0,0,0,0
390958,2,1,0,0,0,0,0,0,0,0,0,0
390959,0,1,31,31,31,31,31,31,31,31,31,31
390959,1,1,0,0,0,0,0,0,5,0,0,0
390960,1,1,20,12,20,10,0,30,20,0,10,0
390960,2,1,0,0,0,0,0,0,0,0,0,0
390961,1,1,11,11,11,11,11,11,11,11,11,11
390961,2,1,0,14,8,0,0,0,8,0,0,34
390961,3,1,16,0,7,0,0,0,9,22,13,0
390962,1,1,0,0,0,0,0,0,0,0,0,0
390963,1,1,0,0,0,0,0,0,0,0,0,0
390964,1,1,0,0,0,0,0,0,0,0,0,0
390964,2,1,0,0,0,0,0,0,0,0,0,0
390965,1,1,0,0,0,0,0,0,0,0,0,0
390966,1,1,0,0,0,0,0,0,0,0,0,0
390967,1,1,0,0,0,0,0,0,0,0,0,0
390968,1,1,0,0,0,0,0,0,0,0,0,0
390968,2,1,0,0,0,0,0,0,0,0,10,0
390969,1,1,0,0,0,0,0,0,0,0,0,0
390969,2,1,0,0,16,0,0,0,0,0,0,0
390970,1,1,0,0,0,0,0,0,0,0,0,0
390971,0,1,4,4,4,4,4,4,4,4,4,4
390971,1,1,34,0,0,0,21,0,0,27,12,23
390972,1,1,0,9,0,0,0,0,8,0,0,0
390972,2,1,0,0,0,0,0,0,0,0,0,33
390974,1,1,0,0,0,0,0,0,0,0,15,0
390974,2,1,21,21,21,21,21,21,21,21,21,21
390975,1,1,0,0,0,0,0,0,0,0,0,0
390976,1,1,0,13,0,0,0,21,22,23,0,0
390976,2,1,0,0,0,0,0,0,0,0,0,0
390977,1,1,11,11,11,11,11,11,11,11,11,11
390977,2,1,0,0,0,0,0,0,0,0,0,0
390978,1,1,0,0,0,0,0,0,0,0,14,0
390979,1,1,17,17,17,17,17,17,17,17,17,17
390979,2,1,24,7,0,0,26,4,0,24,0,7
390982,1,1,16,16,16,16,16,16,16,16,16,16
390982,2,1,0,0,4,0,0,0,0,9,13,17
390983,1,1,25,25,25,25,25,25,25,25,25,25
390984,1,1,18,18,18,18,18,18,18,18,18,18
390985,1,1,19,0,0,0,0,0,0,0,0,25
390986,0,1,12,12,12,12,12,12,12,12,12,12
390986,1,1,0,0,0,0,0,0,0,0,0,0
390986,2,1,0,0,0,0,0,0,0,0,0,0
390987,1,1,25,25,25,25,25,25,25,25,25,25
390988,0,1,16,16,0,0,43,0,29,0,29,0
390988,1,1,19,19,19,19,19,19,19,19,19,19
390989,1,1,21,21,21,21,21,21,21,21,21,21
390990,0,1,0,0,27,19,0,22,25,29,0,39
390990,1,1,31,23,24,7,6,23,13,12,8,19
390991,1,1,12,12,12,12,12,12,12,12,12,12
390991,2,1,0,0,0,0,0,0,0,0,0,0
390991,3,1,0,0,0,0,0,0,0,0,0,0
390992,1,1,0,0,0,0,0,0,0,0,0,0
390992,2,1,0,0,0,0,0,16,0,19,0,0
390992,3,1,0,0,0,0,0,0,0,0,0,0
390993,1,1,0,0,0,0,0,0,0,10,0,0
390993,2,1,0,0,0,0,0,0,0,0,0,0
390994,1,1,18,18,18,18,18,18,18,18,18,18
390995,1,1,23,23,23,23,23,23,23,23,23,23
390996,0,1,0,0,0,0,0,26,21,21,8,0
390996,1,1,0,15,6,4,7,0,10,12,15,13
390997,1,1,0,0,0,0,0,0,0,0,0,0
390997,2,1,0,0,0,0,0,0,0,0,0,0
390998,1,1,26,26,26,26,26,26,26,26,26,26
390998,2,1,20,0,0,18,0,0,0,0,0,0
390999,1,1,0,0,0,0,0,0,0,0,0,0
390999,2,1,0,0,0,0,0,50,0,0,0,0
391000,1,1,24,24,24,24,24,24,24,24,24,24
391001,1,1,0,0,0,0,0,0,0,0,0,0
391002,1,1,0,0,0,13,0,0,0,8,0,21
391002,2,1,0,0,0,8,0,13,4,0,0,0
391003,1,1,0,0,0,0,0,0,0,0,0,0
391004,1,1,0,0,0,0,0,0,0,0,0,0
391005,1,1,0,0,0,0,0,0,0,0,0,0
391006,1,1,2,2,2,2,2,2,2,2,2,2
391007,1,1,0,0,0,0,0,0,0,0,0,0
391008,0,1,0,0,0,0,0,0,0,0,0,0
391008,1,1,10,0,0,5,0,18,0,18,0,0
391008,2,1,18,5,6,20,0,0,0,0,0,0
391008,3,1,0,6,0,12,14,0,0,15,0,12
391009,1,1,0,0,0,0,0,0,18,0,0,0
391009,2,1,0,8,0,0,0,0,0,4,0,0
391010,1,1,0,0,0,0,0,0,0,0,0,0
391011,1,1,0,0,0,0,0,0,0,0,0,0
391012,0,1,0,0,0,0,0,0,0,0,0,0
391012,1,1,0,0,22,0,0,27,0,0,0,0
391013,1,1,0,0,0,0,0,0,0,0,0,0
391013,2,1,0,0,0,0,0,0,0,0,0,0
391013,3,1,11,0,0,5,0,0,0,0,0,0
391014,1,1,0,0,0,0,0,0,0,0,0,0
391015,1,1,11,11,11,11,11,11,11,11,11,11
391016,1,1,17,17,17,17,17,17,17,17,17,17
391016,2,1,0,0,0,0,0,0,0,0,0,6
391017,1,1,0,0,0,0,0,0,0,0,0,0
391018,0,1,0,0,0,0,0,0,0,0,0,0
391018,1,1,0,0,0,0,0,0,2,0,0,0
391019,1,1,17,17,17,17,17,17,17,17,17,17
391020,1,1,0,0,16,0,14,0,11,32,11,18
391020,2,1,17,17,17,17,17,17,17,17,17,17
391021,1,1,15,19,17,16,20,5,17,27,20,10
391021,2,1,12,48,45,0,0,32,0,20,0,10
391022,1,1,24,24,24,24,24,24,24,24,24,24
391023,1,1,0,0,0,0,0,0,0,0,0,0
391023,2,1,0,0,0,0,0,0,0,0,0,6
391024,1,1,19,19,19,19,19,19,19,19,19,19
391024,2,1,0,6,0,0,0,0,0,0,0,0
391025,1,1,7,13,28,19,12,15,19,22,17,0
391026,0,1,0,0,0,0,0,0,0,0,0,0
391026,0,2,0,0,0,0,0,0,0,0,0,0
391026,1,1,22,18,11,0,0,0,0,0,0,0
391027,1,1,31,31,31,31,31,31,31,31,31,31
391027,2,1,0,0,0,0,0,0,0,0,0,0
391028,1,1,0,0,0,0,0,0,0,0,0,0
391029,1,1,0,0,0,0,0,0,0,0,0,0
391029,2,1,0,0,0,0,0,0,0,0,0,0
391030,1,1,0,0,0,0,0,25,0,0,0,0
391031,1,1,0,0,0,0,26,0,0,0,0,0
391032,1,1,0,0,0,0,0,0,0,0,0,0
391033,1,1,22,22,22,22,22,22,22,22,22,22
391034,0,1,12,12,12,12,12,12,12,12,12,12
391034,1,1,22,0,0,0,0,5,0,16,8,13
391035,0,1,0,0,0,0,0,0,0,0,0,0
391035,1,1,0,0,0,0,0,0,0,0,0,0
391036,1,1,22,22,22,22,22,22,22,22,22,22
391036,2,1,17,0,33,17,21,0,0,15,0,0
391036,3,1,0,0,0,0,0,0,0,0,0,0
391037,0,1,14,0,35,11,0,0,9,15,0,0
391037,1,1,8,12,0,13,0,26,0,32,0,0
391038,0,1,36,36,36,36,36,36,36,36,36,36
391038,1,1,0,0,0,27,18,0,0,0,0,24
391039,1,1,0,0,0,0,0,18,0,0,28,0
391040,1,1,18,18,18,18,18,18,18,18,18,18
391040,2,1,0,0,0,0,0,0,0,0,0,0
391041,1,1,7,7,7,7,7,7,7,7,7,7
391041,3,1,0,0,0,9,0,23,6,0,0,21
391042,1,1,0,0,0,0,0,0,0,0,0,0
391042,2,1,0,0,0,0,0,0,0,0,0,0
391043,1,1,14,0,0,0,0,0,0,0,0,0
391043,2,1,0,12,0,0,18,7,0,0,0,0
391044,1,1,23,23,23,23,23,23,23,23,23,23
391044,2,1,0,0,0,0,0,4,0,0,0,0
391045,1,1,25,25,25,25,25,25,25,25,25,25
391046,0,1,0,0,0,0,0,0,0,0,0,0
391046,1,1,0,0,0,0,0,0,0,0,0,15
391047,1,1,19,19,19,19,19,19,19,19,19,19
391048,1,1,0,0,0,3,0,0,0,0,0,0
391048,2,1,0,0,0,0,0,0,0,0,0,0
391049,1,1,0,0,0,0,0,0,0,0,0,0
391049,2,1,0,0,0,0,0,0,0,0,0,0
391050,0,1,0,0,0,0,0,0,0,0,0,0
391050,1,1,0,0,0,0,0,0,0,0,0,0
391051,1,1,19,19,19,19,19,19,19,19,19,19
391052,1,1,0,0,0,0,0,0,0,0,0,0
391053,1,1,4,10,7,0,11,0,9,14,0,17
391054,1,1,13,13,13,13,13,13,13,13,13,13
391055,1,1,0,0,0,0,0,0,0,0,0,0
391056,1,1,0,0,14,19,0,21,0,29,0,9
391056,2,1,0,0,0,0,0,22,0,16,0,17
391056,3,1,0,0,3,0,0,0,15,0,0,20
391056,4,1,0,22,0,0,0,22,0,0,0,0
391057,1,1,15,15,15,15,15,15,15,15,15,15
391057,2,1,0,16,0,0,0,0,0,0,17,27
391058,0,1,0,0,0,0,0,0,0,0,0,0
391058,1,1,0,5,0,0,28,3,5,17,0,0
391059,1,1,16,16,16,16,16,16,16,16,16,16
391059,2,1,0,0,0,0,0,0,0,0,0,0
391060,0,1,0,9,0,0,0,30,26,0,0,0
391060,1,1,0,0,16,25,0,0,0,7,0,0
391061,1,1,9,9,9,9,9,9,9,9,9,9
391062,1,1,24,24,24,24,24,24,24,24,24,24
391062,2,1,0,0,0,0,0,0,0,0,0,0
391063,1,1,13,34,26,8,8,0,7,14,21,18
391064,1,1,10,17,22,0,18,0,0,0,0,0
391064,2,1,0,17,0,29,0,17,9,24,11,8
391065,1,1,0,0,0,0,0,0,0,0,0,0
391065,2,1,0,0,0,0,0,0,0,0,0,0
391067,1,1,0,0,0,0,0,0,0,0,0,0
391068,0,1,0,0,0,0,0,0,0,0,0,0
391068,1,1,23,23,23,23,23,23,23,23,23,23
391068,2,1,0,0,0,0,0,0,0,0,19,0
391069,1,1,24,0,0,0,0,0,0,0,0,0
391069,2,1,0,0,0,0,0,0,0,0,0,0
391070,0,1,0,0,0,0,0,0,0,0,0,0
391070,1,1,0,0,0,25,0,0,0,0,0,0
391071,1,1,19,19,19,19,19,19,19,19,19,19
391072,1,1,0,0,0,0,0,0,0,15,0,0
391072,2,1,0,0,0,0,0,0,0,0,0,19
391073,1,1,0,33,0,0,0,0,0,0,0,0
391073,2,1,0,0,0,0,0,0,0,0,0,0
391074,1,1,0,0,0,0,0,0,0,0,0,0
391074,2,1,0,0,0,0,0,0,0,0,0,0
391075,1,1,19,0,0,0,26,19,21,11,0,0
391075,2,1,15,15,15,15,15,15,15,15,15,15
391076,1,1,0,0,0,0,0,15,0,0,0,0
391078,1,1,0,0,0,0,0,0,0,0,0,0
391078,2,1,0,9,0,0,0,16,0,0,0,0
391079,1,1,17,17,17,17,17,17,17,17,17,17
391080,1,1,13,21,21,41,10,11,3,14,27,15
391081,1,1,0,0,0,0,10,0,18,30,0,21
391082,1,1,29,29,29,29,29,29,29,29,29,29
391083,0,1,27,27,27,27,27,27,27,27,27,27
391083,1,1,0,0,20,9,24,0,20,0,0,0
391084,0,1,12,12,12,12,12,12,12,12,12,12
391084,1,1,18,8,0,6,0,15,30,0,13,0
391085,1,1,0,0,0,0,0,0,0,0,0,0
391085,2,1,0,0,0,0,0,0,0,0,0,0
391086,1,1,13,12,19,0,0,10,31,3,0,0
391086,2,1,0,0,0,0,0,0,0,0,0,0
391086,3,1,0,0,0,3,0,0,0,0,0,0
391087,1,1,0,0,0,0,0,0,0,0,0,0
391088,1,1,22,0,0,0,36,0,1,12,14,11
391089,1,1,0,0,0,0,0,22,0,18,0,0
391089,2,1,0,0,0,0,0,0,0,0,0,0
391090,1,1,16,16,16,16,16,16,16,16,16,16
391091,1,1,0,0,0,0,0,0,0,0,0,0
391091,2,1,0,0,0,0,0,0,0,0,0,0
391092,0,1,0,0,0,0,0,0,0,0,0,0
391092,1,1,0,0,12,0,0,0,0,0,0,0
391093,1,1,0,0,0,0,0,0,0,0,0,0
391094,1,1,28,28,28,28,28,28,28,28,28,28
391094,2,1,9,0,0,0,13,21,0,8,0,0
391095,0,1,0,0,0,0,0,0,0,0,0,0
391095,1,1,0,0,0,0,0,0,0,0,0,0
391096,1,1,22,22,22,22,22,22,22,22,22,22
391097,0,1,29,29,29,29,29,29,29,29,29,29
391097,1,1,10,18,0,0,0,16,0,0,0,0
391097,2,1,0,0,14,0,0,15,0,0,19,0
391097,3,1,18,0,0,0,0,17,0,6,0,0
391097,4,1,0,0,0,0,17,0,0,0,16,20
391097,5,1,0,0,0,0,0,0,0,0,0,0
391098,1,1,31,31,31,31,31,31,31,31,31,31
391099,1,1,0,0,0,0,0,0,0,0,0,0
391099,2,1,0,0,0,0,0,0,0,0,0,0
391100,1,1,0,0,0,0,0,0,0,0,0,0
391100,2,1,24,0,0,0,0,0,0,0,0,0
391101,1,1,0,0,0,0,0,0,0,0,0,0
391102,1,1,21,21,21,21,21,21,21,21,21,21
391102,2,1,0,0,0,0,8,0,13,0,0,11
391103,1,1,0,0,0,0,13,0,0,0,0,0
391104,1,1,0,0,0,0,0,0,0,0,0,0
391104,2,1,0,0,0,0,0,0,0,0,0,0
391105,1,1,32,32,32,32,32,32,32,32,32,32
391106,1,1,23,23,23,23,23,23,23,23,23,23
391106,2,1,0,0,0,0,0,10,0,18,0,8
391107,0,1,20,20,20,20,20,20,20,20,20,20
391107,1,1,0,11,0,0,0,5,0,0,0,0
391108,1,1,16,0,0,0,0,0,0,0,0,0
391108,2,1,0,0,0,0,0,0,0,0,0,28
391109,2,1,0,0,0,0,0,0,0,0,0,0
391110,1,1,35,35,35,35,35,35,35,35,35,35
391111,1,1,0,0,0,0,0,0,0,0,0,0
391112,1,1,4,4,4,4,4,4,4,4,4,4
391112,2,1,15,15,15,15,15,15,15,15,15,15
391113,1,1,0,14,0,0,0,5,26,19,0,0
391113,2,1,0,11,0,2,0,0,0,3,0,0
391113,3,1,18,12,0,0,0,0,0,0,0,0
391114,1,1,0,0,0,0,0,0,0,0,0,20
391114,2,1,0,0,0,22,0,0,0,27,9,0
391114,3,1,0,0,0,0,0,0,0,0,0,0
391115,1,1,0,0,0,0,0,0,0,0,0,0
391115,2,1,0,0,0,0,0,0,0,0,0,0
391116,1,1,18,24,7,0,0,0,0,28,0,0
391117,1,1,2,0,0,0,0,0,0,0,0,0
391117,2,1,0,0,0,0,0,0,0,0,0,0
391118,1,1,0,0,0,0,0,0,0,0,0,0
391119,1,1,0,0,0,0,0,0,0,0,0,0
391119,2,1,0,0,0,0,0,0,0,0,0,0
391119,3,1,0,9,0,0,2,0,0,18,0,6
391120,1,1,0,0,0,21,32,0,0,0,16,0
391120,2,1,0,0,0,0,0,0,0,0,0,0
391121,1,1,23,23,23,23,23,23,23,23,23,23
391122,1,1,0,0,0,0,0,0,0,0,0,0
391123,1,1,16,0,10,16,0,0,0,0,0,14
391124,1,1,0,0,0,0,0,0,0,0,0,0
391124,2,1,0,0,0,0,0,13,0,0,0,0
391125,0,1,0,0,0,0,0,0,0,0,0,0
391125,1,1,0,15,26,0,0,0,0,0,17,16
391126,1,1,28,28,28,28,28,28,28,28,28,28
391127,1,1,0,0,0,0,0,0,0,0,0,0
391127,2,1,0,2,0,0,0,0,0,0,0,15
391128,1,1,0,0,0,0,0,0,0,0,0,0
391129,2,1,14,14,14,14,14,14,14,14,14,14
391130,1,1,24,24,24,24,24,24,24,24,24,24
391131,1,1,0,0,0,0,0,0,0,0,0,0
391131,2,1,0,0,0,4,0,0,0,2,0,3
391132,0,1,10,10,10,10,10,10,10,10,10,10
391132,1,1,0,0,11,0,0,0,29,0,0,3
391132,2,1,0,0,0,0,0,0,0,0,0,0
391133,0,1,25,25,25,25,25,25,25,25,25,25
391133,1,1,0,0,0,0,0,0,0,0,0,0
391134,1,1,0,0,0,0,0,0,0,0,0,0
391134,2,1,15,0,0,0,0,20,0,0,0,0
391135,1,1,6,21,0,0,0,0,0,0,0,0
391135,2,1,0,0,0,0,0,17,0,0,2,0
391135,3,1,0,0,0,0,0,0,0,0,0,0
391136,1,1,0,0,0,0,0,0,0,0,0,0
391136,2,1,18,0,11,27,0,0,0,0,13,0
391137,1,1,23,23,23,23,23,23,23,23,23,23
391138,1,1,6,0,0,0,0,0,6,0,0,0
391139,1,1,0,0,0,0,15,11,0,0,8,0
391139,2,1,0,0,0,0,0,0,0,0,0,0
391140,1,1,24,24,24,24,24,24,24,24,24,24
391141,1,1,0,0,0,0,0,7,2,11,0,0
391141,2,1,0,0,0,0,0,0,0,0,14,23
391141,3,1,0,0,7,9,0,0,0,0,0,2
391142,0,1,0,0,0,0,0,0,46,0,0,0
391142,1,1,0,0,0,0,0,0,0,0,0,0
391143,0,1,27,27,27,27,27,27,27,27,27,27
391143,1,1,8,9,13,15,19,7,6,0,40,26
391144,0,1,29,18,11,11,19,16,4,35,3,28
391144,1,1,0,0,0,0,0,0,0,0,0,0
391145,1,1,13,23,12,14,7,10,26,8,22,9
391145,2,1,0,36,15,8,10,0,0,17,7,0
391146,1,1,9,9,9,9,9,9,9,9,9,9
391147,1,1,0,0,0,0,0,0,0,0,0,0
391148,1,1,0,0,0,0,0,0,0,0,0,0
391150,0,1,0,0,0,0,0,0,0,0,0,0
391150,1,1,0,0,0,0,0,0,0,0,0,0
391151,0,1,23,23,23,23,23,23,23,23,23,23
391151,1,1,0,0,0,0,0,0,0,1,0,0
391152,1,1,0,0,0,0,0,0,0,0,0,0
391152,2,1,26,26,26,26,26,26,26,26,26,26
391153,1,1,0,0,0,0,0,0,10,0,0,8
391153,2,1,16,16,16,16,16,16,16,16,16,16
391155,0,1,22,0,0,0,21,13,21,0,0,9
391155,1,1,0,0,0,0,0,0,0,0,0,0
391156,0,1,0,0,0,0,0,0,0,0,0,0
391156,0,2,0,33,0,14,14,0,0,17,10,0
391156,1,1,0,0,0,0,10,0,0,0,0,0
391157,1,1,27,27,27,27,27,27,27,27,27,27
391157,2,1,25,0,0,11,21,0,0,0,0,0
391157,3,1,4,0,0,0,0,0,26,20,0,0
391158,1,1,0,0,28,0,0,0,21,0,0,22
391158,2,1,0,0,0,0,0,0,0,0,0,0
391159,1,1,0,0,0,0,0,0,0,0,0,0
391159,2,1,13,4,10,21,2,9,13,15,5,0
391160,1,1,0,0,0,0,0,0,0,0,0,0
391160,2,1,12,0,0,11,37,0,19,0,0,0
391161,0,1,0,0,0,0,0,0,0,0,0,0
391161,1,1,0,0,22,10,4,0,8,0,0,0
391162,1,1,9,0,0,0,0,0,23,0,0,0
391162,2,1,0,0,0,0,0,0,0,0,0,0
391163,1,1,0,0,0,0,0,0,0,0,0,0
391164,1,1,0,0,0,0,0,0,0,0,0,0
391165,0,1,0,0,0,0,28,0,0,0,0,30
391165,1,1,0,0,0,0,0,0,0,0,0,3
391166,1,1,8,0,25,0,0,9,0,0,0,13
391166,2,1,0,0,2,16,0,7,13,0,17,0
391167,1,1,0,1,0,0,0,0,0,0,0,0
391167,2,1,15,15,15,15,15,15,15,15,15,15
391169,0,1,0,0,0,0,0,0,0,0,0,0
391169,1,1,0,7,12,8,29,9,0,10,7,0
391170,0,1,19,23,24,25,11,44,13,6,30,41
391170,1,1,0,12,0,7,0,0,0,8,0,0
391172,1,1,24,24,24,24,24,24,24,24,24,24
391173,1,1,15,15,15,15,15,15,15,15,15,15
391174,0,1,0,0,0,0,0,0,0,0,0,0
391174,1,1,0,6,0,0,20,0,0,0,17,0
391176,1,1,0,0,0,0,0,0,0,0,0,0
391176,2,1,0,0,0,0,0,0,0,0,0,0
391177,1,1,24,24,24,24,24,24,24,24,24,24
391179,0,1,11,11,11,11,11,11,11,11,11,11
391179,1,1,2,0,0,0,0,0,0,0,0,0
391180,1,1,0,0,0,0,0,0,0,0,0,0
391180,2,1,0,0,12,0,0,0,0,0,0,0
391181,1,1,38,38,38,38,38,38,38,38,38,38
391181,2,1,0,0,0,0,0,0,0,0,0,0
391182,1,1,0,0,0,0,0,0,0,0,0,0
391182,2,1,0,20,0,0,0,0,0,0,0,0
391183,1,1,0,0,0,0,0,0,0,0,0,0
391183,2,1,0,0,0,0,0,0,0,0,0,0
391184,0,1,0,0,0,0,0,0,0,0,0,0
391184,1,1,12,0,6,7,0,0,14,3,5,9
391185,1,1,13,13,13,13,13,13,13,13,13,13
391187,1,1,0,29,22,0,0,0,0,32,0,0
391188,1,1,0,22,0,0,0,17,0,0,25,0
391188,2,1,0,0,0,0,0,0,0,0,0,0
391189,0,1,0,30,0,0,0,0,0,27,6,8
391189,1,1,0,6,0,25,0,10,0,20,17,0
391190,1,1,20,20,20,20,20,20,20,20,20,20
391191,1,1,0,0,0,0,0,0,0,0,0,0
391191,2,1,0,10,0,0,0,0,0,0,0,0
391192,1,1,0,0,15,0,6,0,0,0,0,27
391193,1,1,15,15,15,15,15,15,15,15,15,15
391195,1,1,0,0,0,0,0,11,0,0,21,9
391196,1,1,13,13,13,13,13,13,13,13,13,13
391198,1,1,0,0,0,0,0,0,0,0,0,0
391199,1,1,0,0,0,0,0,0,0,0,0,0
391200,1,1,0,0,0,0,0,0,0,0,0,0
391200,2,1,0,0,0,0,0,0,0,0,0,0
391201,1,1,0,0,0,8,0,0,0,25,0,29
391201,2,1,0,0,0,0,0,0,0,0,0,8
391202,0,1,0,0,0,0,0,0,0,0,0,0
391202,1,1,0,0,0,0,9,0,0,0,0,0