ST_CASE,VEH_NO,PER_NO,P1,P2,P3,P4,P5,P6,P7,P8,P9,P10
400508,1,1,40,40,40,40,40,40,40,40,40,40
400508,2,1,0,0,0,0,0,0,0,0,0,0
400509,1,1,29,29,29,29,29,29,29,29,29,29
400509,2,1,0,0,0,0,0,0,0,0,0,0
400510,1,1,0,0,0,0,0,0,0,0,0,0
400510,2,1,0,0,0,0,0,0,0,0,0,0
400511,0,1,36,36,36,36,36,36,36,36,36,36
400511,1,1,0,0,0,0,0,0,0,0,0,0
400512,1,1,9,9,9,9,9,9,9,9,9,9
400512,2,1,0,16,0,0,0,0,0,0,0,0
400513,1,1,22,22,22,22,22,22,22,22,22,22
400513,2,1,0,0,0,0,0,0,0,0,0,0
400514,1,1,34,34,34,34,34,34,34,34,34,34
400515,1,1,16,16,16,16,16,16,16,16,16,16
400515,2,1,0,0,0,0,0,0,0,0,0,0
400516,1,1,0,0,0,0,0,0,0,0,0,0
400517,0,1,0,0,0,0,0,0,0,0,0,0
400517,1,1,27,18,22,0,9,34,26,5,29,14
400518,1,1,18,18,18,18,18,18,18,18,18,18
400519,1,1,0,0,0,0,0,0,0,0,0,0
400519,2,1,0,0,0,0,0,0,0,0,0,0
400520,1,1,0,0,0,0,0,0,0,0,0,0
400521,1,1,0,0,0,0,0,0,0,0,0,0
400521,2,1,0,0,0,0,0,0,0,0,0,0
400521,3,1,0,0,0,0,0,0,0,0,0,0
400522,1,1,0,0,0,0,0,0,0,0,0,0
400522,2,1,0,0,0,0,0,0,0,0,0,0
400523,1,1,21,21,21,21,21,21,21,21,21,21
400523,2,1,0,0,0,0,0,0,0,0,0,0
400524,1,1,8,0,9,0,0,0,0,7,0,10
400524,2,1,0,0,0,0,0,0,0,0,0,0
400525,0,1,29,29,29,29,29,29,29,29,29,29
400525,1,1,0,10,0,0,0,0,0,0,0,0
400526,1,1,20,20,20,20,20,20,20,20,20,20
400527,1,1,0,0,0,0,0,0,0,0,0,0
400528,1,1,0,0,0,0,45,0,0,0,0,0
400528,2,1,0,0,0,0,0,0,0,0,0,0
400529,1,1,0,0,0,0,0,0,0,0,0,0
400529,2,1,0,0,2,0,0,0,0,0,0,0
400530,1,1,0,0,37,0,0,22,0,0,0,0
400531,1,1,22,22,22,22,22,22,22,22,22,22
400532,1,1,0,0,0,0,0,0,0,0,0,0
400533,1,1,0,0,0,0,0,0,0,0,0,0
400533,2,1,0,0,0,0,0,0,0,0,0,0
400534,1,1,0,0,0,0,0,0,0,0,0,0
400534,2,1,0,0,0,0,0,0,0,0,0,0
400535,1,1,0,0,0,0,0,0,0,0,0,0
400536,1,1,22,22,22,22,22,22,22,22,22,22
400537,0,1,0,0,0,0,0,0,0,0,0,0
400537,1,1,0,0,0,0,0,0,0,0,0,0
400538,0,1,14,14,14,14,14,14,14,14,14,14
400538,1,1,0,0,0,0,0,0,0,0,0,0
400539,1,1,22,22,22,22,22,22,22,22,22,22
400540,1,1,21,0,0,0,0,16,0,0,12,0
400541,1,1,2,2,2,2,2,2,2,2,2,2
400541,2,1,0,0,0,0,0,0,0,0,0,0
400542,1,1,6,6,6,6,6,6,6,6,6,6
400543,1,1,26,26,26,26,26,26,26,26,26,26
400544,0,1,30,30,30,30,30,30,30,30,30,30
400544,1,1,0,0,6,0,0,0,0,0,0,0
400545,1,1,0,0,0,0,0,0,0,0,0,0
400545,2,1,0,0,0,0,0,0,0,0,0,0
400546,1,1,26,26,26,26,26,26,26,26,26,26
400546,2,1,0,0,0,0,0,0,0,0,0,0
400547,0,1,0,0,0,0,0,0,0,0,0,0
400547,1,1,8,8,0,14,19,20,5,0,0,5
400548,1,1,11,11,11,11,11,11,11,11,11,11
400549,1,1,25,25,25,25,25,25,25,25,25,25
400550,1,1,11,11,11,11,11,11,11,11,11,11
400550,2,1,0,0,0,0,0,0,0,0,0,0
400551,1,1,21,21,21,21,21,21,21,21,21,21
400552,1,1,3,3,3,3,3,3,3,3,3,3
400552,2,1,0,0,0,0,0,0,0,0,0,0
400553,0,1,0,0,0,0,0,0,0,0,0,0
400553,1,1,0,0,0,0,0,0,0,0,0,0
400553,2,1,0,0,0,0,0,0,0,0,0,0
400554,0,1,10,10,10,10,10,10,10,10,10,10
400554,1,1,0,0,0,0,0,0,0,0,0,0
400555,1,1,0,0,0,0,0,0,0,0,0,0
400555,2,1,0,0,0,0,0,0,0,0,0,0
400556,1,1,0,0,0,0,0,0,0,0,0,0
400556,2,1,0,0,0,0,24,0,0,4,0,0
400557,1,1,0,0,0,0,0,0,0,0,0,0
400557,2,1,0,0,0,0,0,0,0,0,0,0
400558,1,1,12,12,12,12,12,12,12,12,12,12
400558,2,1,0,0,0,0,0,0,0,0,0,0
400559,1,1,0,0,0,0,0,0,0,0,0,0
400559,2,1,0,0,0,0,0,0,0,0,0,0
400559,3,1,0,0,0,0,0,0,0,0,0,0
400560,1,1,0,0,0,0,0,0,0,0,0,0
400560,2,1,0,0,0,0,0,0,0,0,0,0
400561,1,1,0,0,0,0,0,0,0,0,0,0
400561,2,1,0,0,0,0,0,0,11,0,0,0
400562,1,1,0,0,0,0,0,0,0,0,0,0
400562,2,1,0,0,0,0,0,0,0,0,0,0
400562,3,1,0,0,0,0,0,0,0,0,0,0
400563,0,1,0,0,0,0,0,0,15,0,0,0
400563,1,1,0,0,0,0,21,18,0,0,0,0
400564,1,1,0,0,0,0,0,0,0,0,0,0
400564,2,1,0,0,0,0,0,0,0,0,0,0
400565,1,1,6,6,6,6,6,6,6,6,6,6
400566,0,1,0,0,0,0,0,0,0,0,0,0
400566,1,1,0,0,0,0,0,0,0,0,0,0
400567,0,1,0,0,0,0,0,0,0,0,0,0
400567,1,1,0,0,0,0,0,0,0,0,0,0
400568,1,1,0,0,0,0,0,31,0,9,0,0
400569,0,1,30,30,30,30,30,30,30,30,30,30
400569,1,1,0,0,0,0,0,0,0,0,0,15
400570,1,1,0,0,0,0,0,0,0,0,0,0
400570,2,1,0,0,0,9,28,4,0,11,0,0
400571,0,1,0,0,23,17,0,0,0,18,38,0
400571,1,1,0,0,0,0,0,0,0,0,0,0
400572,0,1,0,0,0,0,0,0,0,0,0,0
400572,1,1,0,0,0,0,0,0,0,0,0,0
400573,1,1,0,0,0,0,0,0,0,0,0,0
400573,2,1,0,0,0,0,0,0,0,0,0,0
400574,1,1,0,0,0,0,0,0,0,0,0,0
400576,1,1,0,0,0,0,0,0,0,0,0,0
400576,2,1,0,0,0,0,0,0,0,0,0,0
400577,1,1,23,23,23,23,23,23,23,23,23,23
400578,0,1,28,28,28,28,28,28,28,28,28,28
400578,2,1,0,0,0,0,0,0,0,0,0,0
400578,3,1,0,0,6,0,0,0,7,0,0,0
400579,1,1,0,0,0,0,0,0,0,0,0,0
400580,1,1,0,0,0,0,0,0,0,0,0,0
400580,2,1,0,0,0,0,0,0,8,0,0,0
400581,1,1,4,4,4,4,4,4,4,4,4,4
400582,0,1,0,0,0,0,0,0,0,0,0,0
400582,1,1,0,0,0,0,0,0,0,0,0,0
400583,0,1,0,0,0,0,0,0,0,0,0,0
400583,1,1,0,0,0,0,0,0,0,0,0,0
400584,1,1,0,0,0,0,0,0,0,0,0,0
400585,1,1,0,0,0,0,0,0,0,0,0,0
400585,2,1,0,0,0,0,0,0,0,0,0,0
400586,1,1,0,0,0,30,0,0,20,0,22,0
400587,1,1,0,0,0,0,0,0,0,0,0,0
400588,1,1,18,18,18,18,18,18,18,18,18,18
400589,1,1,0,0,0,0,0,0,0,0,0,0
400590,1,1,0,0,0,0,0,0,0,0,0,0
400591,1,1,0,0,0,0,0,0,0,0,0,0
400592,0,1,26,26,26,26,26,26,26,26,26,26
400592,1,1,0,0,0,0,0,0,0,0,0,0
400593,1,1,17,17,17,17,17,17,17,17,17,17
400594,1,1,0,0,0,0,0,0,0,30,0,0
400594,2,1,0,0,0,0,0,0,0,0,0,0
400594,3,1,0,0,21,24,0,0,14,0,0,0
400594,4,1,0,0,0,0,0,29,0,0,0,0
400594,5,1,0,0,0,0,6,0,0,0,0,0
400595,1,1,27,27,27,27,27,27,27,27,27,27
400595,2,1,0,10,0,0,0,0,0,0,0,0
400596,1,1,0,0,0,0,0,0,0,0,0,0
400597,1,1,0,0,0,19,0,0,0,0,0,0
400597,2,1,0,0,0,0,0,0,0,0,0,0
400598,1,1,0,0,0,0,0,0,0,0,0,0
400598,2,1,0,0,0,0,0,0,0,0,0,0
400599,1,1,0,0,0,0,0,0,0,0,0,0
400599,2,1,0,0,0,0,0,0,0,0,0,0
400600,1,1,18,0,0,0,0,0,0,0,0,0
400601,1,1,0,0,0,0,0,0,0,0,0,0
400602,1,1,13,13,13,13,13,13,13,13,13,13
400602,2,1,0,7,33,0,0,0,0,0,0,12
400602,3,1,0,0,0,0,0,0,0,0,0,0
400603,0,1,0,0,0,0,0,0,0,0,0,0
400603,1,1,0,11,7,0,16,20,0,10,0,0
400604,1,1,0,0,0,0,0,0,0,0,0,0
400604,2,1,0,0,0,0,0,0,0,0,0,0
400604,3,1,0,0,0,0,0,0,0,0,0,0
400605,1,1,0,0,0,0,0,0,0,8,0,0
400605,2,1,0,0,0,0,3,0,0,0,0,0
400605,3,1,0,0,0,0,0,0,0,0,0,0
400605,4,1,0,0,0,0,0,0,0,0,0,0
400605,5,1,0,0,0,0,0,0,0,0,0,0
400606,1,1,0,0,0,0,0,0,0,0,0,0
400606,2,1,0,0,0,0,0,0,0,0,0,0
400607,1,1,14,14,14,14,14,14,14,14,14,14
400608,1,1,0,0,0,0,0,0,0,0,0,0
400608,2,1,6,6,6,6,6,6,6,6,6,6
400609,1,1,0,0,0,0,0,0,0,0,0,0
400610,1,1,0,0,0,0,0,0,0,0,3,0
400610,2,1,0,0,0,0,0,0,0,0,0,0
400610,3,1,0,0,0,0,0,0,0,0,0,0
400612,1,1,0,0,0,0,0,0,0,0,0,0
400612,2,1,0,0,0,0,0,0,11,0,0,0
400612,3,1,0,0,0,0,0,0,0,0,0,0
400613,1,1,0,0,0,0,0,0,0,0,0,0
400614,1,1,0,0,0,0,0,0,0,0,0,0
400615,1,1,6,6,6,6,6,6,6,6,6,6
400616,1,1,0,0,0,0,0,0,0,0,0,0
400617,0,1,0,0,0,0,0,0,0,0,0,0
400617,1,1,0,0,0,0,0,0,0,0,0,11
400618,0,1,0,0,0,0,0,0,0,0,0,0
400618,1,1,0,6,19,14,24,0,0,0,0,0
400619,0,1,4,4,4,4,4,4,4,4,4,4
400619,1,1,0,0,0,0,0,0,0,0,0,0
400620,1,1,0,0,0,0,0,0,0,0,0,0
400620,2,1,0,0,0,0,0,0,0,0,0,0
400620,3,1,7,7,7,7,7,7,7,7,7,7
400621,1,1,0,0,0,0,0,0,0,0,0,0
400621,2,1,0,0,0,0,0,0,0,0,0,0
400622,1,1,0,0,0,0,0,0,0,0,0,0
400622,2,1,0,0,0,23,0,0,0,0,0,0
400622,3,1,0,0,0,0,0,0,0,0,0,0
400623,1,1,0,0,0,12,0,0,0,0,0,27
400624,1,1,0,0,0,0,0,0,0,0,0,0
400624,2,1,0,0,0,0,0,0,0,0,0,0
400625,0,1,0,0,13,0,7,0,23,0,0,0
400625,0,2,0,0,0,0,0,0,0,0,0,0
400625,0,3,0,0,0,0,0,0,0,0,0,0
400625,1,1,0,0,0,0,0,0,0,0,0,0
400626,1,1,0,0,0,0,0,0,0,0,0,0
400626,2,1,0,0,0,0,0,0,0,0,0,0
400627,1,1,0,0,0,0,0,0,0,0,0,0
400627,2,1,0,0,0,0,0,0,0,0,0,0
400628,0,1,0,0,0,0,0,0,0,0,0,0
400628,1,1,0,0,0,0,0,0,0,0,0,0
400629,1,1,0,0,0,0,0,0,0,0,0,0
400630,1,1,14,14,14,14,14,14,14,14,14,14
400630,2,1,0,0,0,0,0,0,0,0,0,0
400631,0,1,19,19,19,19,19,19,19,19,19,19
400631,1,1,0,0,0,0,0,0,0,0,0,0
400632,0,1,3,0,0,0,0,0,0,7,0,0
400632,0,2,0,0,0,0,0,26,0,0,0,0
400632,1,1,0,0,0,0,0,0,0,0,0,0
400633,1,1,6,6,6,6,6,6,6,6,6,6
400633,2,1,0,0,0,0,0,0,0,0,0,0
400634,1,1,0,0,0,0,0,0,0,0,0,0
400635,1,1,0,0,0,0,0,0,0,0,0,0
400636,1,1,0,0,0,0,0,0,0,0,0,0
400636,2,1,0,0,0,0,0,0,0,0,0,0
400637,0,1,0,0,0,0,0,0,0,0,0,0
400637,1,1,0,0,0,0,0,0,0,0,0,0
400638,1,1,6,6,6,6,6,6,6,6,6,6
400638,2,1,0,0,0,0,0,0,0,0,0,0
400638,3,1,0,0,0,0,0,0,0,0,0,0
400639,0,1,0,0,0,0,0,0,0,0,0,0
400639,1,1,0,0,0,0,0,0,0,0,19,0
400640,1,1,0,0,0,0,0,0,0,0,0,0
400640,2,1,0,0,0,0,0,0,0,0,0,0
400641,1,1,0,0,0,0,32,16,0,3,0,0
400641,2,1,0,0,0,0,0,0,0,0,0,0
400642,1,1,0,0,0,0,0,0,0,0,0,0
400643,1,1,0,0,0,0,0,0,0,0,0,0
400643,2,1,0,0,0,0,0,0,0,0,0,0
400644,1,1,0,0,0,0,0,0,0,17,0,0
400644,2,1,0,0,0,0,0,0,0,0,0,0
400645,1,1,0,0,0,0,0,0,0,0,0,0
400646,1,1,21,21,21,21,21,21,21,21,21,21
400646,2,1,0,0,0,0,0,0,0,0,0,0
400647,0,1,0,0,0,0,0,0,0,0,0,0
400647,1,1,0,0,0,0,0,0,9,0,16,0
400648,1,1,0,0,0,0,0,0,0,0,0,0
400648,2,1,0,22,0,0,0,0,0,0,0,0
400648,3,1,0,0,0,0,0,0,0,0,0,0
400648,4,1,0,0,0,0,0,0,0,0,0,0
400649,0,1,28,28,28,28,28,28,28,28,28,28
400649,1,1,0,0,0,0,0,0,0,0,0,0
400650,1,1,0,0,0,0,0,0,0,0,0,0
400651,1,1,0,0,0,0,0,0,0,0,0,0
400651,2,1,0,0,0,0,0,0,0,0,0,0
400652,1,1,0,0,0,0,0,0,0,0,0,0
400652,2,1,0,0,0,0,0,0,0,0,0,0
400653,1,1,0,0,0,0,0,0,8,0,0,0
400653,2,1,0,0,0,0,0,0,0,0,0,0
400654,0,1,0,0,0,0,0,0,0,0,0,0
400654,1,1,0,0,0,0,0,0,0,0,0,0
400655,1,1,0,0,0,0,0,0,0,0,0,0
400656,0,1,43,43,43,43,43,43,43,43,43,43
400656,1,1,0,0,0,0,0,0,0,0,0,0
400657,1,1,3,3,3,3,3,3,3,3,3,3
400657,2,1,0,0,0,0,0,0,0,0,0,0
400658,0,1,0,0,0,0,0,0,0,0,0,0
400658,1,1,0,0,0,0,0,0,0,0,0,0
400659,1,1,0,0,0,0,0,0,0,0,0,0
400659,2,1,0,0,0,0,0,0,0,0,0,0
400660,1,1,16,7,20,17,11,13,17,12,0,0
400661,1,1,0,0,0,0,0,0,0,0,0,0
400661,2,1,0,0,0,0,0,0,0,0,26,0
400662,1,1,11,31,36,2,11,13,9,46,15,8
400662,2,1,0,0,0,0,0,0,0,0,0,4
400663,0,1,7,7,7,7,7,7,7,7,7,7
400663,1,1,0,0,16,0,0,0,0,0,0,0
400664,1,1,2,2,2,2,2,2,2,2,2,2
400664,2,1,0,0,0,0,0,0,0,0,0,0
400664,3,1,0,0,0,0,0,0,0,0,0,0
400664,4,1,0,0,0,0,0,0,0,0,0,0
400664,5,1,0,0,0,0,0,0,0,0,0,0
400665,1,1,18,18,18,18,18,18,18,18,18,18
400666,0,1,0,0,0,0,0,0,0,0,0,23
400666,1,1,0,0,0,0,0,0,0,0,0,0
400667,1,1,0,0,0,0,0,0,0,9,0,0
400668,1,1,0,0,0,0,0,0,0,0,0,0
400668,2,1,0,0,0,0,0,0,0,0,0,0
400669,1,1,0,0,0,0,0,0,0,0,0,0
400669,2,1,0,0,0,0,0,0,0,0,0,0
400671,1,1,0,0,0,0,0,0,0,0,0,0
400672,0,1,0,18,0,14,21,20,0,0,0,0
400672,1,1,0,0,0,0,0,0,0,0,0,0
400673,1,1,0,0,0,0,0,0,0,0,0,0
400674,1,1,5,5,5,5,5,5,5,5,5,5
400674,2,1,0,22,0,0,0,10,7,5,0,0
400675,1,1,21,21,21,21,21,21,21,21,21,21
400676,1,1,0,0,0,0,0,0,0,0,0,0
400676,2,1,0,0,0,0,0,0,0,0,0,0
400677,1,1,0,0,0,0,0,0,0,0,0,0
400677,2,1,0,0,0,0,0,0,0,0,0,0
400678,1,1,24,24,24,24,24,24,24,24,24,24
400679,0,1,0,0,0,0,0,0,10,0,0,0
400679,1,1,0,0,0,0,0,0,0,0,0,0
400680,1,1,14,14,14,14,14,14,14,14,14,14
400681,1,1,0,0,0,0,0,0,0,0,0,0
400681,2,1,0,0,0,0,0,0,0,0,0,0
400682,1,1,0,0,0,0,14,0,0,0,9,15
400683,0,1,0,0,0,0,0,0,0,0,7,26
400683,1,1,0,0,0,0,0,0,0,0,0,0
400684,1,1,0,0,0,0,0,0,0,0,0,0
400685,1,1,19,19,19,19,19,19,19,19,19,19
400686,0,1,46,0,0,0,0,0,0,0,0,0
400686,1,1,21,9,0,0,18,0,16,14,0,0
400687,0,1,4,4,4,4,4,4,4,4,4,4
400687,1,1,0,0,0,0,0,0,0,0,0,0
400688,1,1,0,0,0,0,0,0,0,0,0,0
400688,2,1,0,0,0,0,0,0,0,0,0,0
400689,1,1,0,0,0,0,0,0,0,0,0,0
400689,2,1,0,0,0,0,0,0,0,0,0,0
400690,1,1,0,0,0,0,0,0,0,0,0,0
400691,1,1,0,0,0,0,0,0,0,0,0,0
400692,1,1,0,0,0,0,0,0,0,0,0,0
400692,2,1,0,0,0,0,0,0,0,0,0,0
400693,1,1,22,22,22,22,22,22,22,22,22,22
410001,1,1,12,12,12,12,12,12,12,12,12,12
410002,0,1,31,31,31,31,31,31,31,31,31,31
410002,1,1,0,0,0,0,0,0,0,0,0,0
410003,1,1,3,3,3,3,3,3,3,3,3,3
410004,0,1,0,0,0,0,0,0,0,0,0,0
410004,1,1,0,0,0,0,0,0,0,0,0,0
410005,0,1,0,0,0,0,0,0,0,0,0,0
410005,1,1,6,0,10,0,11,0,0,0,0,17
410006,1,1,0,0,0,0,0,0,0,0,0,0
410006,2,1,0,0,0,0,0,0,20,0,0,0
410007,1,1,0,0,0,0,0,0,0,0,0,0
410007,2,1,0,0,9,0,33,0,0,0,0,0
410008,0,1,0,0,0,0,0,0,0,0,0,0
410008,1,1,0,0,0,0,0,0,0,0,0,0
410009,1,1,0,0,0,0,0,0,0,0,0,0
410009,2,1,0,0,0,0,0,0,0,29,0,0
410010,1,1,0,0,0,0,0,0,0,0,0,0
410011,1,1,31,26,20,0,7,20,16,0,11,0
410012,1,1,0,0,0,0,0,0,0,0,0,0
410012,2,1,0,0,0,0,0,0,0,0,0,16
410012,3,1,0,0,0,0,0,0,0,0,0,0
410013,1,1,0,0,0,0,0,0,0,0,0,0
410013,2,1,0,0,0,0,0,0,0,0,0,0
410013,3,1,0,0,11,0,0,0,0,0,0,0
410014,1,1,0,0,0,0,0,0,0,0,0,0
410014,2,1,1,1,1,1,1,1,1,1,1,1
410015,1,1,0,0,0,0,24,0,13,0,0,0
410015,2,1,23,0,0,0,0,0,0,0,0,21
410016,1,1,5,5,5,5,5,5,5,5,5,5
410016,2,1,0,0,0,0,0,0,0,0,0,0
410017,1,1,0,0,0,0,0,0,0,0,0,0
410017,2,1,0,0,0,0,0,0,0,0,0,0
410018,1,1,0,0,0,0,0,0,0,0,0,0
410019,1,1,0,0,0,0,0,0,0,0,0,0
410019,2,1,0,0,0,0,0,0,0,0,0,0
410020,1,1,0,0,0,0,0,0,0,0,9,17
410021,1,1,0,0,0,0,0,0,0,0,0,0
410021,2,1,0,0,0,0,0,18,12,0,9,0
410022,1,1,9,9,9,9,9,9,9,9,9,9
410022,2,1,0,0,0,0,0,0,0,0,0,0
410023,1,1,0,0,0,0,0,0,0,0,0,0
410023,2,1,0,0,0,0,0,0,0,0,21,0
410024,1,1,0,0,0,0,0,0,0,0,0,0
410025,1,1,0,0,0,0,11,5,0,0,9,0
410025,2,1,12,12,12,12,12,12,12,12,12,12
410025,3,1,0,6,0,0,7,0,0,0,0,0
410026,1,1,0,0,0,7,0,0,0,0,0,0
410026,2,1,0,0,0,0,0,0,0,0,0,0
410027,0,1,0,0,0,0,0,11,0,0,0,0
410027,1,1,0,0,0,0,0,17,0,0,0,0
410028,1,1,0,0,0,0,0,0,0,0,0,0
410028,2,1,0,0,0,0,0,0,0,0,0,0
410028,3,1,0,0,0,0,0,0,0,0,0,0
410029,1,1,11,7,21,0,0,0,0,0,28,25
410030,1,1,0,0,0,0,0,0,0,0,0,0
410031,0,1,17,17,17,17,17,17,17,17,17,17
410031,1,1,0,14,0,11,7,0,0,0,0,0
410032,1,1,0,0,0,0,0,0,0,0,0,0
410032,2,1,0,0,0,0,0,0,0,0,0,0
410033,1,1,0,0,0,0,0,0,0,0,0,0
410033,2,1,0,0,0,0,0,0,0,0,19,0
410034,1,1,0,0,0,0,0,0,0,0,0,0
410034,2,1,0,0,0,0,0,0,0,0,0,0
410035,1,1,10,0,12,6,0,7,0,25,0,0
410036,1,1,16,16,16,16,16,16,16,16,16,16
410037,0,1,27,27,27,27,27,27,27,27,27,27
410037,1,1,20,17,12,0,0,0,15,0,22,0
410038,0,1,0,0,0,0,0,0,0,0,0,0
410039,1,1,12,12,12,12,12,12,12,12,12,12
410040,1,1,0,0,0,0,0,0,0,0,0,0
410040,2,1,0,0,0,0,0,0,0,0,0,0
410041,1,1,0,0,0,0,0,0,0,0,0,0
410041,2,1,0,0,0,0,0,0,0,0,0,8
410042,1,1,0,24,0,0,17,11,0,0,0,0
410042,2,1,0,0,0,0,0,0,0,0,0,0
410043,1,1,0,0,15,6,5,0,0,7,8,11
410043,2,1,0,0,0,0,0,0,0,0,0,0
410044,1,1,0,0,0,0,0,0,0,0,0,0
410044,2,1,0,0,0,0,0,0,0,0,0,0
410045,1,1,11,11,11,11,11,11,11,11,11,11
410046,1,1,0,0,0,0,0,0,0,0,0,0
410046,2,1,0,0,0,0,0,0,17,23,0,0
410047,1,1,30,30,30,30,30,30,30,30,30,30
410048,1,1,14,14,14,14,14,14,14,14,14,14
410049,1,1,0,0,0,0,0,0,0,0,0,0
410050,1,1,0,0,0,0,0,0,0,0,0,0
410050,2,1,0,0,0,0,0,0,0,0,0,0
410051,0,1,0,0,0,0,0,0,0,0,0,0
410051,1,1,14,0,4,12,0,0,0,0,0,21
410052,0,1,0,0,0,0,0,0,0,0,0,0
410052,1,1,0,0,0,0,0,0,0,0,0,0
410053,1,1,12,12,12,12,12,12,12,12,12,12
410054,1,1,0,0,0,0,0,0,0,0,0,0
410054,2,1,0,0,0,0,0,0,0,0,0,0
410055,1,1,2,2,2,2,2,2,2,2,2,2
410056,1,1,0,0,0,0,0,0,0,0,0,0
410057,1,1,0,0,0,0,0,0,0,0,0,0
410057,2,1,0,0,25,0,0,0,25,20,0,0
410057,3,1,0,0,0,0,0,0,0,0,0,0
410058,0,1,0,0,0,34,0,0,0,0,0,0
410058,1,1,0,11,0,0,0,15,19,0,18,0
410059,1,1,0,0,0,0,0,0,0,0,0,0
410059,2,1,8,0,5,0,0,0,0,9,0,0
410060,1,1,0,0,0,0,0,0,0,0,0,0
410061,1,1,0,0,0,0,0,0,0,0,0,0
410061,2,1,0,0,0,0,0,0,0,0,0,0
410062,1,1,0,0,0,0,0,0,0,0,0,0
410063,1,1,17,17,17,17,17,17,17,17,17,17
410064,1,1,0,0,0,0,0,0,0,0,0,0
410065,1,1,0,0,0,0,0,0,0,0,0,0
410066,1,1,0,0,0,0,0,0,0,0,0,0
410066,2,1,0,0,0,0,0,0,0,0,0,0
410067,1,1,18,18,18,18,18,18,18,18,18,18
410067,2,1,0,0,0,0,0,0,0,0,0,0
410068,1,1,0,0,0,0,0,0,0,14,0,5
410068,2,1,31,31,31,31,31,31,31,31,31,31
410068,3,1,0,0,0,0,0,0,0,0,0,0
410069,1,1,10,0,20,0,0,0,0,0,0,0
410069,2,1,0,0,0,0,0,0,0,0,0,0
410069,3,1,0,0,0,0,13,0,0,0,0,0
410070,1,1,16,16,16,16,16,16,16,16,16,16
410071,1,1,0,0,0,0,0,9,0,0,0,0
410071,2,1,0,0,0,0,0,0,0,0,0,0
410072,0,1,0,0,7,0,0,0,12,0,28,19
410072,1,1,0,0,0,0,0,0,0,0,0,0
410072,2,1,0,0,0,0,0,0,0,0,0,0
410073,0,1,26,26,26,26,26,26,26,26,26,26
410073,1,1,2,2,2,2,2,2,2,2,2,2
410074,1,1,0,0,0,0,0,0,0,0,0,0
410074,2,1,1,1,1,1,1,1,1,1,1,1
410075,1,1,0,8,0,0,0,0,0,41,0,30
410076,1,1,0,0,0,0,0,0,0,0,0,0
410077,1,1,0,0,0,0,5,0,14,17,0,6
410078,1,1,0,0,0,0,0,0,0,0,0,0
410079,1,1,0,13,15,35,12,21,4,21,44,19
410079,2,1,0,0,0,0,0,0,0,0,0,0
410080,1,1,33,33,33,33,33,33,33,33,33,33
410080,2,1,0,0,0,0,0,0,0,0,0,0
410081,1,1,0,0,0,0,0,0,0,0,0,0
410081,2,1,0,0,0,0,0,0,0,0,0,0
410081,3,1,0,0,0,0,0,0,0,0,0,0
410082,1,1,0,13,0,0,0,0,0,0,0,0
410082,2,1,8,0,0,0,0,0,0,0,0,0
410082,3,1,0,0,0,0,17,0,0,0,0,0
410083,1,1,1,1,1,1,1,1,1,1,1,1
410083,2,1,0,16,0,0,0,20,0,0,13,0
410084,1,1,11,11,11,11,11,11,11,11,11,11
410085,1,1,0,0,10,0,0,16,0,0,0,0
410086,1,1,18,18,18,18,18,18,18,18,18,18
410087,1,1,2,2,2,2,2,2,2,2,2,2
410088,1,1,5,5,5,5,5,5,5,5,5,5
410089,0,1,0,0,0,0,0,0,0,0,0,0
410089,1,1,0,4,0,0,0,0,0,0,14,4
410090,1,1,24,24,24,24,24,24,24,24,24,24
410090,2,1,0,0,0,0,0,0,0,0,0,0
410091,1,1,0,0,0,0,0,21,0,33,0,0
410091,2,1,0,0,0,0,28,0,0,19,0,0
410092,1,1,0,0,0,0,0,0,0,0,0,0
410092,2,1,0,0,0,0,0,0,0,0,0,0
410093,1,1,21,21,21,21,21,21,21,21,21,21
410093,2,1,0,0,0,10,0,0,0,0,15,0
410093,3,1,0,0,0,0,0,0,0,10,0,6
410094,1,1,21,0,0,0,0,0,0,0,0,0
410094,2,1,11,0,0,0,6,0,0,10,0,9
410095,0,1,22,22,22,22,22,22,22,22,22,22
410095,1,1,0,0,0,0,0,0,0,0,0,0
410096,1,1,24,24,24,24,24,24,24,24,24,24
410097,1,1,0,0,0,0,0,0,0,0,0,0
410097,2,1,0,0,0,0,0,0,0,0,0,0
410098,0,1,14,11,25,4,33,0,22,0,18,0
410098,1,1,0,20,2,15,0,0,13,0,29,20
410098,2,1,3,16,0,0,17,0,12,15,3,0
410098,3,1,0,12,11,0,9,5,8,0,10,0
410099,1,1,21,21,21,21,21,21,21,21,21,21
410100,1,1,0,0,0,0,0,0,0,0,0,0
410101,0,1,21,21,21,21,21,21,21,21,21,21
410101,1,1,0,8,0,26,0,2,0,19,16,0
410102,0,1,0,27,40,6,0,0,0,0,30,0
410102,1,1,22,0,18,22,14,31,23,6,0,0
410103,1,1,20,20,20,20,20,20,20,20,20,20
410103,2,1,0,0,0,0,0,0,0,0,0,0
410104,0,1,21,21,21,21,21,21,21,21,21,21
410104,1,1,9,0,31,0,0,0,19,0,0,0
410105,1,1,13,13,13,13,13,13,13,13,13,13
410105,2,1,5,5,5,5,5,5,5,5,5,5
410106,1,1,0,0,0,14,0,0,0,0,0,8
410107,0,1,0,0,0,0,0,0,0,0,0,0