ST_CASE,VEH_NO,PER_NO,P1,P2,P3,P4,P5,P6,P7,P8,P9,P10
420483,3,1,0,0,0,0,0,0,0,0,0,0
420484,1,1,0,0,0,0,0,0,0,0,0,0
420485,1,1,0,0,0,0,0,0,0,0,0,0
420485,2,1,0,0,0,0,0,0,0,0,0,0
420486,1,1,3,3,3,3,3,3,3,3,3,3
420486,2,1,0,0,0,0,0,0,0,0,0,0
420487,1,1,13,13,13,13,13,13,13,13,13,13
420488,1,1,0,0,0,0,0,0,0,0,0,0
420488,2,1,0,0,0,0,0,0,0,0,0,0
420489,1,1,9,9,9,9,9,9,9,9,9,9
420490,1,1,0,0,0,0,0,0,0,0,0,0
420490,2,1,0,0,0,0,0,0,0,0,0,0
420491,1,1,0,0,0,0,0,0,0,0,0,0
420491,2,1,0,0,0,0,0,0,0,0,0,0
420492,1,1,0,0,0,0,0,0,0,0,0,0
420492,2,1,0,0,0,0,0,0,0,0,0,0
420493,1,1,2,2,2,2,2,2,2,2,2,2
420494,1,1,15,15,15,15,15,15,15,15,15,15
420495,1,1,0,0,0,0,0,0,0,0,0,0
420496,1,1,22,22,22,22,22,22,22,22,22,22
420497,1,1,0,0,0,0,0,0,0,0,0,0
420498,1,1,14,14,8,6,22,31,33,21,0,0
420499,1,1,0,0,0,0,0,0,0,0,0,0
420499,2,1,0,0,0,0,0,0,0,0,0,0
420500,1,1,0,0,0,0,0,0,0,0,0,0
420501,1,1,0,0,0,0,0,0,0,0,0,0
420502,1,1,7,22,0,32,0,17,10,15,18,21
420503,1,1,38,18,24,23,31,19,13,8,7,7
420504,1,1,14,21,23,17,23,29,12,16,12,42
420505,1,1,0,0,0,0,0,0,0,0,0,0
420505,2,1,0,0,0,0,0,0,0,0,0,0
420505,3,1,0,0,0,0,0,0,0,0,0,0
420506,1,1,0,10,7,19,18,30,18,0,0,5
420506,2,1,0,0,0,0,0,0,0,0,0,0
420506,3,1,0,0,0,0,0,0,0,0,0,0
420507,1,1,0,0,0,0,0,0,0,0,0,0
420508,0,1,0,0,0,0,0,0,0,0,0,0
420508,1,1,0,7,0,12,26,0,0,0,0,18
420509,1,1,0,0,0,0,0,0,0,0,0,0
420510,1,1,20,6,32,12,23,10,24,13,16,14
420510,2,1,0,0,0,0,0,0,0,0,0,0
420511,1,1,0,0,0,0,0,0,0,0,0,0
420511,2,1,0,0,0,0,0,0,0,0,0,0
420512,1,1,13,24,0,0,0,16,17,16,0,0
420513,1,1,0,0,0,0,0,0,0,0,0,0
420513,2,1,0,0,0,0,0,0,0,0,0,0
420514,1,1,0,0,0,0,0,0,0,36,4,0
420514,2,1,0,0,0,0,0,0,0,0,0,0
420515,1,1,19,19,19,19,19,19,19,19,19,19
420515,2,1,0,0,0,0,0,0,0,0,0,0
420516,0,1,17,0,0,0,0,0,0,0,0,0
420516,1,1,16,22,8,4,10,14,9,0,15,0
420517,1,1,12,12,12,12,12,12,12,12,12,12
420518,1,1,0,0,0,0,0,0,0,0,0,0
420518,2,1,0,0,0,0,0,0,0,0,0,0
420519,1,1,8,8,8,8,8,8,8,8,8,8
420519,2,1,25,0,0,0,0,0,0,0,0,0
420520,1,1,0,0,0,0,0,37,0,0,0,0
420520,2,1,0,0,0,0,0,0,0,0,0,0
420521,0,1,0,0,0,0,0,0,0,0,0,0
420521,0,2,0,0,0,0,0,0,0,0,13,0
420521,0,3,21,0,0,19,0,0,0,0,0,0
420521,0,4,0,0,0,0,0,0,0,0,0,0
420521,1,1,19,16,0,0,0,0,15,0,0,0
420522,1,1,0,0,0,0,0,0,0,0,25,0
420523,1,1,0,0,14,10,0,15,0,0,0,0
420524,1,1,0,0,0,12,0,0,0,0,0,0
420525,0,1,0,0,0,0,0,0,0,0,0,0
420525,1,1,0,0,0,0,0,0,0,0,0,0
420526,1,1,11,11,11,11,11,11,11,11,11,11
420527,0,1,0,0,0,0,0,0,0,0,0,0
420527,1,1,0,41,9,25,13,11,0,20,4,21
420528,1,1,26,0,0,0,0,0,0,0,0,26
420529,0,1,0,0,0,0,0,0,0,0,0,0
420529,0,2,0,0,0,0,0,0,0,0,0,0
420529,1,1,0,0,0,0,0,0,0,0,0,0
420530,0,1,27,35,27,15,16,14,15,3,8,14
420530,0,2,11,12,9,2,19,19,16,0,17,31
420530,1,1,0,0,0,0,0,0,0,0,0,0
420531,1,1,0,0,0,15,0,0,0,0,0,0
420531,2,1,0,0,0,0,20,0,0,0,0,0
420531,3,1,0,0,0,0,0,0,16,0,0,0
420531,4,1,0,0,0,0,0,0,0,0,0,0
420531,5,1,0,0,0,0,0,0,19,0,0,0
420532,0,1,17,32,27,0,4,0,21,0,0,16
420532,0,2,0,0,0,0,0,0,0,0,0,0
420532,1,1,9,0,0,0,17,0,8,0,25,21
420533,1,1,0,0,0,0,23,18,0,0,0,0
420533,2,1,0,0,0,0,0,0,0,0,0,0
420534,0,1,0,0,0,0,0,0,0,0,0,0
420534,1,1,0,0,0,0,0,0,0,0,0,0
420535,1,1,25,7,10,17,11,16,0,6,11,22
420536,1,1,3,3,3,3,3,3,3,3,3,3
420536,2,1,0,0,0,0,0,0,0,0,0,0
420537,1,1,25,25,25,25,25,25,25,25,25,25
420537,2,1,0,0,0,0,0,0,0,0,0,0
420538,1,1,1,1,1,1,1,1,1,1,1,1
420539,1,1,0,0,0,0,0,0,0,0,0,0
420539,2,1,0,0,0,0,0,0,0,14,0,0
420540,1,1,0,0,0,0,0,0,0,0,0,0
420541,0,1,0,0,0,0,0,0,0,0,0,0
420541,1,1,0,0,0,0,0,0,0,0,0,0
420542,1,4,0,0,14,0,0,15,0,25,9,21
420542,2,1,0,0,0,0,0,0,0,0,0,0
420542,3,1,0,0,0,0,0,0,0,0,0,0
420543,1,1,18,0,0,23,0,0,0,3,8,11
420544,1,1,0,0,0,0,0,0,0,0,0,0
420545,1,1,0,0,0,0,0,0,0,0,0,0
420546,1,1,0,0,0,0,0,0,0,0,0,40
420547,1,1,14,0,0,0,0,0,0,0,0,0
420548,0,1,0,0,0,0,0,0,0,0,0,0
420548,1,1,0,0,0,0,0,0,5,0,0,0
420549,1,1,0,0,0,0,0,0,0,0,0,0
420550,1,1,7,10,18,6,30,19,5,7,17,0
420551,1,1,24,24,24,24,24,24,24,24,24,24
420552,1,1,0,0,0,0,0,0,0,0,0,0
420553,1,1,0,0,0,0,0,0,0,0,0,0
420554,1,1,0,0,0,0,0,0,0,0,0,0
420554,2,1,0,0,0,0,0,0,0,0,0,0
420554,3,1,0,0,0,0,0,0,0,0,0,0
420554,4,1,0,0,0,0,0,0,0,0,0,0
420555,1,1,0,0,0,0,0,0,0,0,0,0
420556,1,1,10,5,26,0,5,29,33,21,19,18
420556,2,1,0,0,0,0,0,0,0,0,0,0
420556,3,1,0,0,0,0,0,0,0,0,0,0
420556,4,1,0,0,0,0,0,0,0,0,0,0
420557,1,1,0,0,0,0,0,0,0,0,0,0
420557,2,1,0,0,0,0,0,0,0,0,0,0
420558,1,1,13,11,13,16,7,16,7,11,5,0
420558,2,1,0,0,0,0,0,0,0,0,0,0
420559,1,1,15,24,33,0,13,21,11,6,9,18
420560,1,1,28,28,28,28,28,28,28,28,28,28
420560,2,1,0,0,0,0,0,0,0,0,0,0
420561,1,1,0,0,0,0,0,0,0,0,0,0
420561,2,1,0,0,0,0,0,0,0,0,0,0
420562,1,1,0,0,0,0,0,0,0,0,0,0
420562,2,1,0,0,0,0,0,0,0,0,0,0
420563,1,1,0,0,0,0,0,0,0,0,0,0
420564,1,1,0,0,0,0,0,0,0,0,0,0
420564,2,1,0,0,0,0,0,0,0,0,0,0
420565,1,1,0,0,0,0,0,0,0,0,0,0
420565,2,1,0,0,0,0,0,0,0,0,0,0
420566,1,1,7,7,7,7,7,7,7,7,7,7
420566,2,1,14,16,0,26,0,27,0,0,16,16
420567,1,1,0,0,0,0,0,0,0,0,0,0
420567,2,1,0,0,0,0,0,0,0,0,0,0
420568,1,1,0,0,0,0,0,0,0,0,0,0
420568,2,1,0,0,0,0,0,0,0,0,0,0
420569,1,1,19,11,20,18,21,9,2,9,13,23
420570,1,1,8,8,8,8,8,8,8,8,8,8
420571,0,1,0,0,0,0,0,0,0,0,0,0
420571,1,1,0,0,0,0,0,0,0,0,0,0
420572,1,1,0,0,0,0,0,0,0,0,0,0
420572,2,1,0,0,0,0,0,0,0,0,0,0
420572,3,1,0,0,0,12,0,0,0,0,0,0
420573,1,1,4,0,0,0,0,0,0,0,0,6
420573,2,1,0,0,0,0,0,0,0,14,0,0
420574,1,1,15,34,0,0,13,0,0,5,0,22
420575,0,1,0,23,0,0,0,0,28,0,0,0
420575,1,1,0,0,0,0,14,0,0,0,0,0
420576,1,1,0,0,0,0,0,19,26,0,25,13
420576,2,1,17,0,0,0,0,0,20,0,0,0
420577,1,1,0,0,0,0,0,0,0,0,0,0
420577,2,1,0,0,0,0,0,0,0,0,0,0
420578,1,1,24,24,24,24,24,24,24,24,24,24
420579,1,1,20,20,20,20,20,20,20,20,20,20
420580,1,1,0,0,0,0,0,0,0,0,0,0
420580,2,1,0,0,0,0,0,0,0,0,0,0
420581,1,1,0,0,0,0,0,0,0,0,0,0
420581,2,1,1,1,1,1,1,1,1,1,1,1
420582,1,1,23,19,8,12,17,6,18,8,28,11
420583,1,1,0,3,0,0,0,0,0,0,0,0
420584,1,1,0,0,0,0,0,0,23,0,9,30
420585,1,1,0,0,0,0,0,0,0,0,0,0
420585,2,1,0,0,0,0,0,0,0,0,0,0
420586,1,1,30,30,30,30,30,30,30,30,30,30
420587,1,1,0,0,0,0,0,27,0,0,0,0
420588,1,1,0,0,0,0,0,0,0,0,0,0
420589,1,1,20,0,28,23,26,0,24,13,29,0
420590,1,1,0,0,0,0,0,0,0,0,0,0
420590,2,1,0,0,0,0,0,0,0,0,0,0
420591,1,1,0,0,0,0,12,0,0,24,0,0
420591,2,1,0,0,0,0,0,0,0,0,0,0
420592,1,1,0,0,0,0,0,0,0,0,0,0
420592,2,1,0,0,0,0,0,0,0,24,0,0
420593,1,1,0,0,0,0,0,0,0,0,0,0
420594,1,1,0,0,0,0,0,8,0,0,0,0
420594,2,1,0,0,0,13,0,0,0,0,0,0
420595,1,1,0,0,0,0,0,0,0,47,0,0
420595,2,1,0,0,0,0,0,0,0,0,0,0
420596,1,1,0,0,0,0,0,0,0,0,0,0
420596,2,1,13,0,8,3,0,0,0,12,0,0
420597,1,1,0,0,0,10,0,0,0,0,0,0
420597,2,1,0,0,0,0,0,0,0,0,0,0
420598,1,1,0,0,0,0,32,0,25,0,0,14
420598,2,1,0,0,0,0,0,0,0,0,0,0
420599,0,1,0,36,0,0,0,0,0,0,0,18
420599,1,1,0,0,0,0,0,16,0,0,0,0
420600,1,1,0,0,0,0,0,0,0,0,0,0
420600,2,1,0,0,0,0,0,0,0,0,0,0
420601,1,1,0,18,6,18,18,14,21,5,0,0
420601,2,1,0,0,0,0,0,0,11,0,0,0
420602,0,1,0,0,0,0,0,0,0,0,0,0
420602,1,1,0,0,0,0,0,0,17,0,0,0
420603,0,1,16,0,0,15,0,0,27,0,15,0
420603,1,1,4,31,20,14,5,4,0,11,0,6
420604,1,1,0,14,0,0,0,0,0,0,0,0
420605,1,1,18,0,0,0,0,0,0,0,0,0
420606,0,1,0,0,0,35,11,24,0,0,0,16
420606,1,1,0,0,0,0,0,0,0,0,0,0
420607,1,1,0,0,0,0,0,0,0,0,0,0
420607,2,1,0,0,0,0,0,0,0,0,0,0
420608,0,1,0,0,0,0,0,0,0,0,0,0
420608,1,1,0,0,0,0,0,0,0,0,0,0
420609,1,1,8,20,0,2,14,29,10,15,19,19
420610,1,1,0,0,0,0,0,0,0,0,0,0
420610,2,1,0,0,0,0,0,0,0,0,0,0
420611,1,1,0,0,0,0,0,0,0,0,0,0
420611,2,1,0,0,0,0,0,0,0,0,0,0
420612,1,1,0,0,0,0,0,0,0,0,0,0
420612,2,1,0,0,0,0,0,0,24,0,0,19
420613,1,1,0,0,0,0,0,0,0,0,0,0
420613,2,1,0,0,0,0,0,0,0,0,0,0
420614,1,1,33,37,19,21,34,38,37,20,15,28
420615,1,1,0,0,0,0,0,0,0,0,0,0
420615,2,1,0,0,0,0,0,0,0,0,0,0
420616,1,1,8,19,16,25,18,8,6,19,9,8
420617,0,1,0,0,0,0,0,19,0,0,12,0
420617,1,1,0,0,0,0,0,0,0,0,0,0
420618,1,1,0,5,7,0,0,0,0,0,0,0
420618,2,1,0,0,0,0,0,0,0,0,0,0
420619,1,1,6,22,15,13,3,41,32,32,20,15
420620,1,1,39,15,0,12,0,0,10,0,0,0
420620,2,1,0,0,0,0,0,11,0,13,0,0
420621,1,1,30,10,10,38,0,0,0,0,18,22
420622,1,1,0,0,0,0,0,0,0,0,0,0
420622,2,1,0,0,0,0,0,0,0,0,0,0
420623,1,1,0,0,0,0,0,0,0,0,0,0
420623,2,1,0,0,0,0,0,0,0,0,0,0
420624,1,1,0,14,6,0,0,0,0,0,0,14
420624,2,1,0,0,0,0,0,0,0,0,31,0
420625,1,1,13,13,13,13,13,13,13,13,13,13
420626,1,1,0,0,0,0,0,0,0,0,0,11
420626,2,1,0,0,0,0,0,0,0,0,0,0
420627,1,1,0,0,0,0,0,0,0,0,0,0
420628,1,1,0,0,0,0,0,0,0,0,0,0
420628,2,1,0,0,0,0,0,0,0,0,11,0
420629,1,1,0,0,0,0,0,0,0,0,0,0
420630,1,1,0,0,0,0,0,0,0,0,0,0
420631,1,1,0,0,0,0,0,0,0,0,0,0
420631,2,1,0,0,0,0,0,0,0,0,0,0
420632,1,1,7,7,7,7,7,7,7,7,7,7
420632,2,1,2,2,2,2,2,2,2,2,2,2
420633,1,1,12,0,15,0,0,0,0,0,0,4
420634,1,1,21,34,12,0,35,19,6,21,0,3
420635,1,1,0,0,0,0,0,0,0,0,0,0
420635,2,1,0,0,0,0,0,0,0,0,0,13
420636,1,1,0,0,0,0,0,0,0,0,0,0
420637,1,1,35,11,8,30,7,26,0,16,10,25
420637,2,1,0,0,0,0,0,0,0,0,0,0
420638,1,1,0,31,0,0,14,0,17,0,0,0
420639,1,1,0,0,0,0,0,0,0,0,0,0
420640,1,1,10,10,10,10,10,10,10,10,10,10
420641,1,1,0,0,0,0,0,0,0,0,0,0
420641,2,1,0,0,0,0,0,0,0,0,0,0
420642,1,1,0,0,0,0,0,0,0,0,0,0
420642,2,1,0,0,0,0,0,0,0,0,0,0
420643,1,1,0,0,0,0,0,0,0,0,0,0
420643,2,1,10,0,0,0,0,0,0,0,0,0
420644,1,1,11,19,0,0,0,0,13,7,0,12
420644,2,1,0,0,0,16,0,0,0,0,0,0
420645,1,1,7,0,0,0,0,0,0,0,0,0
420645,2,1,0,0,0,0,0,0,0,0,0,0
420646,1,1,5,5,5,5,5,5,5,5,5,5
420646,2,1,0,0,0,0,0,14,0,17,0,0
420646,3,1,0,0,0,0,0,0,0,0,0,0
420647,0,1,34,0,0,0,25,0,11,0,0,0
420647,0,2,0,0,0,0,0,0,0,0,0,0
420647,1,1,0,0,0,0,0,0,0,0,0,0
420648,0,1,13,20,4,7,35,28,0,8,38,16
420648,1,1,0,0,5,9,8,18,12,0,22,13
420649,0,1,0,0,0,0,0,0,0,0,0,0
420649,1,1,0,0,0,0,0,0,0,0,0,0
420650,1,1,31,16,21,0,21,22,8,8,18,9
420650,2,1,0,0,0,0,0,0,0,0,0,0
420651,1,1,0,0,0,0,0,0,0,0,0,0
420651,2,1,0,0,0,0,0,0,0,0,0,0
420652,1,1,0,0,0,0,0,25,0,0,0,0
420652,2,1,0,0,0,0,0,0,0,0,0,0
420653,1,1,0,0,0,0,0,0,0,0,0,0
420653,2,1,12,17,6,6,11,21,16,15,0,0
420654,1,1,0,0,0,0,0,0,0,0,0,0
420654,2,1,0,0,0,0,0,0,0,0,0,0
420655,1,1,0,0,0,0,0,0,0,0,0,0
420656,0,1,35,0,17,0,18,0,24,0,0,0
420656,1,1,14,20,6,10,13,16,13,0,11,0
420657,1,1,0,0,0,0,0,16,0,0,10,0
420658,1,1,15,30,19,27,7,13,39,29,30,20
420659,1,1,0,0,0,0,0,0,0,0,0,0
420659,2,1,0,0,0,0,0,0,0,0,0,0
420660,1,1,9,0,0,0,0,0,0,22,0,0
420661,1,1,9,21,17,30,10,39,8,23,34,31
420662,1,1,0,0,0,0,0,0,0,0,0,0
420662,2,1,0,0,0,0,0,0,0,0,0,0
420663,1,1,0,0,0,0,0,0,0,0,0,0
420664,1,1,32,32,32,32,32,32,32,32,32,32
420665,0,1,0,0,0,31,31,21,0,19,0,22
420665,1,1,0,0,0,0,0,0,0,0,0,0
420666,1,1,5,24,18,14,12,14,28,12,4,19
420667,1,1,22,22,22,22,22,22,22,22,22,22
420668,1,1,0,0,0,0,0,0,0,0,0,0
420668,2,1,0,0,0,0,0,0,0,0,0,0
420669,1,1,0,0,0,0,0,0,0,0,0,0
420670,1,1,0,0,0,0,0,0,0,0,0,0
420670,2,1,0,0,0,0,0,0,0,0,0,0
420670,3,1,0,0,0,0,0,0,0,0,0,0
420671,1,1,0,0,0,0,0,0,0,0,0,0
420671,2,1,0,0,0,0,0,0,0,0,0,2
420671,3,1,0,0,0,0,0,0,0,0,0,0
420672,0,1,0,0,0,0,0,0,0,0,0,0
420672,1,1,32,0,0,17,0,31,0,21,0,16
420672,2,1,0,0,0,0,0,0,0,0,0,0
420673,1,1,0,0,0,0,0,0,0,0,0,0
420674,1,1,0,0,0,0,0,0,0,0,0,0
420675,1,1,0,0,0,0,0,0,0,0,0,0
420675,2,1,0,0,0,0,0,0,0,0,0,0
420675,3,1,0,0,0,0,0,0,0,0,0,0
420676,1,1,17,7,17,3,0,0,34,9,0,21
420677,0,1,0,31,0,0,0,0,0,30,0,0
420677,1,1,16,31,18,28,5,19,17,24,17,19
420678,1,1,0,9,22,26,9,23,20,29,19,30
420679,1,1,11,11,11,11,11,11,11,11,11,11
420680,1,1,0,0,0,0,0,0,0,0,0,0
420680,2,1,0,0,0,0,0,0,0,0,0,0
420681,0,1,0,0,0,0,0,0,0,0,0,0
420681,1,1,0,0,0,0,0,25,0,0,0,0
420682,0,1,0,0,0,0,0,0,0,0,22,15
420682,0,2,0,0,0,0,0,0,0,0,0,0
420682,0,3,0,0,0,0,0,0,0,0,0,0
420682,0,4,0,0,0,23,0,0,0,0,0,0
420682,1,1,0,0,0,0,0,0,0,0,0,0
420683,1,1,0,0,0,0,0,0,0,0,0,0
420684,1,1,0,0,0,0,0,0,0,0,0,0
420684,2,1,0,0,0,0,0,0,0,0,0,0
420685,1,1,0,0,0,0,0,0,0,0,0,0
420686,1,1,0,0,22,0,0,14,0,0,0,0
420686,2,1,0,0,0,0,0,4,0,0,0,0
420687,1,1,0,0,0,0,0,0,0,0,0,0
420687,2,1,0,0,0,0,0,0,0,0,0,0
420688,1,1,0,14,0,18,0,0,22,20,0,8
420689,1,1,0,0,0,0,0,0,0,0,0,0
420689,2,1,0,0,0,0,0,0,0,0,0,0
420689,3,1,0,0,0,0,0,0,0,0,0,0
420689,4,1,0,0,0,0,0,0,0,0,0,10
420690,1,1,0,0,0,0,0,0,0,0,0,0
420690,2,1,0,0,0,0,0,0,0,0,0,0
420691,1,1,0,12,25,9,0,7,15,6,0,0
420691,2,1,0,0,0,0,0,0,0,0,0,0
420692,1,1,0,0,0,0,0,0,0,0,0,0
420693,1,1,0,0,0,0,0,0,0,0,0,0
420693,2,1,0,0,0,0,0,0,0,0,0,0
420694,1,1,0,0,0,0,0,17,0,0,0,0
420694,2,1,0,0,0,0,0,0,0,0,0,0
420694,3,1,0,0,0,0,0,0,0,0,0,0
420695,0,1,0,17,0,19,0,0,26,10,0,0
420695,1,1,8,15,13,0,13,26,23,29,0,5
420696,1,1,0,0,0,0,0,0,0,0,0,0
420697,1,1,0,0,0,0,0,15,0,0,0,0
420697,2,1,0,0,0,0,0,0,0,0,0,0
420697,3,1,0,0,0,0,0,0,0,0,0,0
420698,1,1,13,13,13,13,13,13,13,13,13,13
420699,1,1,9,9,9,9,9,9,9,9,9,9
420700,1,1,0,0,0,0,0,0,0,0,0,0
420701,0,1,23,0,0,0,0,8,15,0,0,3
420701,0,2,9,0,19,5,14,18,0,20,16,0
420701,0,3,0,0,0,0,0,0,0,0,3,0
420701,1,1,0,0,0,0,0,0,0,0,0,0
420702,0,1,0,0,0,0,0,0,0,0,0,0
420702,1,1,10,9,8,10,19,17,5,0,4,5
420703,1,1,30,0,0,13,21,0,0,0,0,2
420703,2,1,0,0,0,0,0,0,0,0,0,0
420704,1,1,0,0,0,0,0,0,0,0,0,0
420704,2,1,0,0,0,0,0,0,0,0,0,0
420705,1,1,15,15,15,15,15,15,15,15,15,15
420706,1,1,18,4,26,8,10,16,11,0,21,12
420706,2,1,0,0,0,0,0,0,0,0,3,0
420707,1,1,0,0,0,0,0,0,0,0,0,0
420707,2,1,0,0,0,0,0,0,0,0,0,0
420708,1,1,0,0,0,0,0,0,0,0,0,0
420708,2,1,0,0,0,0,0,0,0,0,0,0
420709,0,1,35,35,35,35,35,35,35,35,35,35
420709,1,1,0,0,23,0,0,0,0,0,0,0
420710,1,1,0,0,0,13,0,0,0,0,0,0
420711,1,1,0,0,0,0,0,0,0,0,0,0
420711,2,1,0,0,0,0,0,0,0,0,0,0
420712,1,1,0,0,0,0,0,0,0,0,0,0
420712,2,1,0,0,0,0,0,0,0,0,0,0
420713,0,1,22,0,0,0,0,0,13,5,0,35
420713,1,1,15,14,27,14,15,9,12,16,24,20
420714,0,1,0,0,0,0,0,0,0,0,0,0
420714,1,1,0,0,0,0,0,0,0,0,0,0
420715,1,1,15,15,15,15,15,15,15,15,15,15
420716,1,1,0,0,0,0,0,0,0,0,0,0
420716,2,1,0,0,0,0,0,0,0,0,0,0
420717,1,1,0,0,0,0,0,0,0,0,0,0
420718,1,1,22,22,22,22,22,22,22,22,22,22
420719,1,1,0,0,0,0,0,0,0,0,0,0
420719,2,1,31,0,5,0,0,0,0,0,0,0
420720,1,1,0,0,12,0,0,0,0,0,0,15
420720,2,1,0,0,0,0,0,0,0,13,0,0
420721,1,1,9,9,9,9,9,9,9,9,9,9
420722,1,1,0,0,0,0,0,0,0,0,0,0
420723,1,1,0,0,0,0,0,0,24,0,0,0
420724,1,1,0,0,0,0,0,3,20,0,18,0
420725,1,1,3,0,12,0,0,18,4,25,10,0
420726,1,1,0,2,0,0,0,0,0,0,0,0
420726,2,1,21,0,0,0,0,0,0,0,0,0
420727,1,1,17,17,17,17,17,17,17,17,17,17
420728,1,1,30,23,7,22,31,27,29,22,29,21
420728,2,1,35,0,11,23,0,19,8,5,7,13
420728,3,1,0,15,0,21,0,9,0,0,26,0
420729,1,1,10,0,17,0,0,27,0,0,0,0
420729,2,1,0,0,0,0,0,0,0,0,0,0
420730,1,1,16,0,0,0,0,0,7,0,18,0
420730,2,1,0,0,0,0,0,25,0,0,0,0
420730,3,1,0,0,0,0,0,0,0,0,0,0
420731,0,1,0,0,0,0,0,0,0,0,0,0
420731,1,1,0,0,0,0,0,0,0,0,0,0
420732,1,1,9,13,24,3,13,10,34,15,4,18
420733,1,1,22,0,17,0,0,0,7,0,7,16
420734,1,1,0,0,0,0,0,0,0,0,0,0
420735,1,1,0,0,0,0,0,0,0,0,0,0
420736,1,1,21,21,21,21,21,21,21,21,21,21
420737,1,1,0,0,0,0,0,0,0,0,0,0
420738,0,1,0,0,0,0,0,0,0,0,0,0
420739,1,1,0,0,0,0,0,0,0,0,0,0
420739,2,1,0,0,0,0,0,0,0,0,0,0
420740,1,1,20,20,20,20,20,20,20,20,20,20
420741,1,1,11,23,0,26,17,19,15,27,27,0
420741,2,1,0,0,0,0,0,0,0,0,0,0
420742,1,1,0,0,0,0,0,0,0,0,0,0
420742,2,1,0,0,0,0,0,0,0,0,0,0
420743,1,1,21,21,21,21,21,21,21,21,21,21
420743,2,1,0,0,0,0,0,0,0,0,0,0
420744,1,1,0,0,0,0,0,0,0,0,0,0
420744,2,1,0,0,0,0,0,0,0,0,0,0
420745,1,1,21,21,21,21,21,21,21,21,21,21
420746,1,1,18,8,0,53,0,0,0,0,0,0
420747,1,1,0,0,0,0,0,0,0,0,0,0
420748,1,1,0,0,0,0,0,0,0,0,0,0
420748,2,1,0,0,0,0,0,0,0,0,0,0
420749,1,1,0,0,0,0,0,0,0,0,0,0
420750,1,1,0,0,0,18,0,0,0,0,11,0
420751,0,1,0,0,0,0,0,0,0,0,0,0
420751,1,1,0,0,0,0,0,0,0,5,0,0
420752,1,1,0,0,0,0,0,0,0,0,0,0
420753,1,1,0,6,0,27,0,0,0,0,0,0
420753,2,1,0,0,0,0,0,0,0,0,0,0
420754,1,1,0,0,0,0,0,0,0,0,0,0
420754,2,1,0,0,0,0,13,0,0,0,0,0
420755,1,1,19,19,19,19,19,19,19,19,19,19
420755,2,1,0,0,0,0,0,0,0,0,0,0
420756,1,1,20,18,10,0,15,0,2,0,7,33
420756,2,1,13,13,13,13,13,13,13,13,13,13
420757,1,1,0,0,0,0,0,0,0,0,0,0
420758,1,1,37,37,37,37,37,37,37,37,37,37
420759,1,1,0,0,0,0,0,0,0,0,0,0
420760,1,1,0,0,0,0,0,0,0,0,0,0
420761,1,1,10,10,10,10,10,10,10,10,10,10
420761,2,1,4,4,4,4,4,4,4,4,4,4
420762,0,1,0,0,0,0,0,27,0,0,0,0
420762,1,1,0,0,0,0,0,0,0,0,0,0
420763,1,1,15,13,0,0,0,0,0,0,0,0
420763,2,1,0,0,0,0,0,0,0,0,0,0
420763,3,1,0,0,0,0,0,0,0,0,0,0
420764,1,1,0,0,0,0,0,0,0,0,0,0
420764,2,1,0,0,0,0,0,0,0,0,0,0
420765,1,1,0,0,0,0,0,0,0,0,0,0
420765,2,1,0,0,0,0,0,0,0,0,0,0
420766,1,1,0,10,0,0,0,0,0,0,0,10
420767,1,1,0,0,0,0,0,0,0,0,0,0
420768,1,1,17,17,10,13,6,6,13,10,28,16
420768,2,1,0,0,0,0,0,0,15,0,0,0
420769,1,1,35,35,35,35,35,35,35,35,35,35
420769,2,1,0,0,0,0,0,0,0,0,0,0
420770,1,1,0,0,0,0,0,0,0,0,41,0
420771,1,1,0,0,0,0,0,0,0,0,0,0
420771,2,1,0,0,0,0,0,0,0,0,0,0
420772,0,1,0,27,0,26,35,13,16,18,18,21
420772,1,1,0,0,0,0,0,0,0,0,0,0
420773,1,1,0,0,0,0,0,0,0,0,0,0
420773,2,1,0,0,0,0,0,0,0,0,0,0
420774,1,1,0,0,0,0,0,0,0,0,0,0
420774,2,1,0,0,0,0,0,0,0,0,0,0
420775,0,1,4,4,4,4,4,4,4,4,4,4
420775,1,1,0,0,0,0,0,0,0,0,0,0
420776,1,1,22,33,6,12,28,18,11,20,11,9
420776,2,1,0,0,0,16,0,0,0,0,0,0
420777,0,1,0,0,0,0,0,0,0,0,0,0
420777,1,1,0,0,0,0,0,11,0,0,0,0
420778,1,1,0,0,0,0,0,0,0,0,0,0
420779,0,1,21,21,21,21,21,21,21,21,21,21
420779,1,1,0,0,0,0,0,0,0,0,2,0
420780,1,1,0,0,0,0,0,0,0,0,0,17
420780,2,1,0,0,0,0,0,0,0,0,0,0
420781,0,1,0,35,0,0,0,0,0,0,0,0
420781,1,1,0,0,0,0,0,0,0,0,0,0
420782,1,1,0,0,11,0,9,8,20,23,0,8
420783,1,1,0,0,0,0,0,0,0,0,0,0
420783,2,1,0,0,0,0,0,0,0,0,15,21
420784,1,1,0,0,0,0,0,0,0,0,0,0
420785,1,1,17,17,17,17,17,17,17,17,17,17
420786,1,1,18,19,11,12,11,20,6,27,24,13
420786,2,1,0,0,0,0,0,0,0,0,0,0
420787,1,1,0,0,0,0,0,0,0,0,0,9
420788,1,1,37,37,37,37,37,37,37,37,37,37
420789,1,1,0,0,0,0,0,0,0,0,0,0