ST_CASE,VEH_NO,PER_NO,P1,P2,P3,P4,P5,P6,P7,P8,P9,P10
420790,1,1,0,0,0,0,0,21,0,0,0,0
420790,2,1,0,0,0,0,0,0,0,0,0,0
420790,3,1,14,0,0,0,0,0,0,0,0,0
420791,1,1,0,21,24,28,11,6,34,21,19,0
420792,1,1,0,0,0,0,0,0,0,0,0,0
420792,2,1,0,0,0,0,0,0,0,0,0,18
420793,1,1,0,0,0,0,0,0,0,0,0,0
420793,2,1,0,0,0,0,0,0,0,0,0,0
420793,3,1,0,0,0,0,0,0,0,0,0,0
420794,0,1,21,21,21,21,21,21,21,21,21,21
420794,1,1,0,0,0,0,16,19,0,0,0,0
420795,1,1,0,0,0,0,0,0,0,0,0,0
420795,2,1,0,0,0,0,0,0,0,0,0,0
420796,0,1,19,0,30,0,0,0,0,0,21,0
420796,2,1,0,0,0,0,0,0,0,2,0,0
420797,1,1,0,0,0,0,0,0,0,0,0,0
420798,1,1,0,0,0,0,0,0,0,0,0,0
420798,2,1,0,0,0,0,0,0,0,0,0,0
420798,3,1,0,0,0,0,0,0,0,0,0,0
420799,0,1,3,0,0,0,0,10,0,0,14,21
420799,1,1,0,0,11,0,0,0,8,0,0,0
420799,2,1,0,0,0,0,0,0,0,38,0,0
420800,0,1,0,41,15,0,0,0,15,0,0,24
420800,1,1,0,0,0,0,0,0,0,0,0,0
420800,2,1,0,0,0,0,0,0,0,0,0,0
420800,3,1,0,0,0,0,0,0,0,14,0,0
420801,1,1,0,0,0,0,0,0,0,0,0,0
420801,2,1,0,0,0,0,0,0,9,0,0,0
420801,3,1,0,0,0,0,0,0,0,0,0,0
420801,4,1,0,0,0,0,0,0,0,0,56,0
420802,0,1,0,0,0,0,0,0,0,0,0,0
420802,1,1,0,0,0,0,0,0,0,0,0,0
420803,1,1,0,0,0,0,0,0,0,0,0,0
420803,2,1,0,0,0,0,0,7,0,0,0,0
420803,3,1,0,0,0,0,0,0,0,0,0,0
420804,1,1,0,0,0,0,0,0,0,0,0,0
420804,2,1,0,0,0,0,0,0,0,0,0,0
420804,3,1,0,0,0,0,0,0,0,0,0,0
420805,0,1,0,0,0,0,0,0,0,0,0,16
420805,0,2,0,0,0,0,0,0,15,0,0,0
420805,2,1,0,33,0,0,0,13,0,0,0,0
420806,1,1,0,0,0,0,0,0,0,0,0,0
420806,2,1,0,0,0,0,0,0,0,0,0,0
420807,1,1,18,18,18,18,18,18,18,18,18,18
420808,1,1,0,0,0,0,0,0,0,0,0,0
420808,2,1,17,0,0,0,0,0,0,0,0,0
420808,3,1,0,0,0,0,0,0,0,0,0,0
420808,4,1,0,0,0,0,0,0,0,0,0,0
420808,5,1,0,0,0,0,0,0,0,0,0,0
420808,6,1,0,0,0,0,0,0,0,0,0,0
420809,1,1,12,0,0,0,0,0,0,0,30,0
420809,2,1,0,0,3,0,0,0,0,0,0,0
420810,0,1,0,0,0,0,0,0,0,0,0,0
420810,1,1,0,0,0,0,0,0,0,0,3,17
420811,1,1,0,0,0,0,0,0,0,0,0,0
420811,2,1,0,0,0,0,0,0,0,0,0,0
420812,1,1,0,0,0,0,0,0,0,0,0,0
420812,2,1,0,0,0,0,0,0,0,0,0,0
420813,1,1,0,0,0,0,0,0,0,0,0,0
420813,2,1,0,0,0,0,0,0,0,0,0,0
420814,1,1,0,0,0,0,0,0,0,0,0,0
420815,1,1,23,23,23,23,23,23,23,23,23,23
420816,1,1,6,6,6,6,6,6,6,6,6,6
420817,1,1,0,0,0,0,0,0,0,0,0,0
420817,2,1,0,0,0,0,0,0,0,0,0,0
420818,1,1,0,0,0,0,0,0,0,0,0,0
420818,2,1,0,0,0,0,0,0,0,0,0,0
420818,3,1,15,0,0,0,0,0,0,0,0,0
420818,4,1,0,0,0,0,0,0,0,12,0,0
420818,5,1,0,0,0,0,0,0,0,0,0,0
420819,1,1,0,0,0,0,0,0,0,0,0,0
420820,1,1,34,32,0,0,8,0,0,0,0,0
420821,0,1,0,0,0,0,0,0,0,0,0,0
420821,1,1,0,0,0,0,0,0,0,0,0,0
420822,0,1,0,0,0,0,0,0,0,0,0,0
420822,0,2,0,0,0,0,0,0,0,0,0,0
420822,1,1,0,0,0,0,0,0,0,0,16,0
420823,1,1,0,0,0,19,0,0,29,0,8,0
420823,2,1,0,0,0,0,0,0,0,0,0,0
420824,1,1,0,0,0,0,0,0,0,0,0,0
420825,1,1,0,24,0,0,0,0,0,0,0,0
420825,2,1,0,0,0,0,0,0,0,0,0,0
420826,1,1,13,9,24,4,25,22,20,6,14,12
420827,1,1,0,0,0,0,0,0,0,0,0,0
420828,1,1,0,0,0,0,0,0,0,0,0,0
420828,2,1,0,0,0,0,0,0,0,0,0,0
420829,0,1,0,0,0,0,0,0,0,0,0,0
420829,1,1,0,0,0,27,13,0,0,7,18,13
420830,1,1,0,14,0,0,0,0,0,0,0,0
420830,2,1,0,0,0,0,0,0,0,0,0,0
420831,1,1,0,35,0,0,0,0,0,0,0,0
420832,0,1,0,0,0,0,0,0,0,0,0,0
420832,1,1,0,0,29,0,0,0,0,0,0,0
420833,1,1,16,16,16,16,16,16,16,16,16,16
420834,1,1,0,0,0,0,0,0,0,0,0,0
420834,2,1,0,0,0,0,0,0,0,0,0,0
420835,1,1,10,21,20,15,3,19,16,27,41,23
420836,1,1,0,0,0,0,0,8,0,0,0,0
420836,2,1,0,0,0,0,0,0,0,0,0,0
420837,1,1,0,0,0,0,0,0,0,0,0,0
420838,1,1,0,0,0,0,0,0,0,0,0,0
420838,2,1,0,0,0,0,0,0,0,0,0,0
420839,1,1,0,0,0,0,0,0,0,0,0,0
420839,2,1,0,0,0,0,0,0,0,0,0,0
420840,1,1,0,0,11,0,0,0,0,27,15,24
420841,0,1,0,0,0,0,0,0,0,24,0,0
420841,1,1,0,0,0,0,0,0,0,0,0,0
420842,1,1,0,0,0,0,0,0,0,0,0,0
420842,2,1,0,0,0,0,0,0,0,0,0,0
420843,1,1,0,0,0,0,0,0,0,0,0,0
420843,2,1,0,0,0,0,0,0,26,0,6,0
420844,1,1,23,26,13,12,29,20,26,14,32,21
420844,2,1,0,0,0,0,0,0,0,0,0,0
420845,1,1,0,0,0,27,9,0,0,10,0,12
420846,1,1,0,0,0,0,0,0,0,0,0,0
420846,2,1,0,0,0,0,0,0,0,0,0,0
420847,1,1,0,0,0,0,0,0,0,0,0,0
420848,1,1,0,0,0,0,0,0,0,0,0,0
420848,2,1,0,0,0,0,0,0,0,0,0,0
420849,1,1,0,0,0,0,0,0,0,0,0,7
420849,2,1,0,0,0,0,0,0,0,0,0,0
420850,1,1,0,0,0,0,0,0,0,0,0,0
420850,2,1,0,0,0,0,0,0,0,0,0,0
420850,3,1,0,0,0,0,0,0,0,0,0,0
420851,1,1,0,0,19,0,0,0,0,17,8,0
420851,2,1,0,0,0,0,0,0,0,0,0,0
420851,3,1,0,0,0,0,0,0,5,0,0,0
420852,1,1,0,0,0,0,0,0,0,0,0,0
420852,2,1,0,0,0,0,0,0,0,0,0,0
420853,0,1,0,0,0,0,0,29,0,0,0,13
420853,1,1,0,0,0,0,0,20,0,8,0,0
420854,1,1,0,0,0,0,0,0,0,0,0,0
420854,2,1,0,0,0,0,0,0,0,12,0,0
420855,1,1,0,0,0,8,0,0,0,0,0,0
420855,2,1,5,5,5,5,5,5,5,5,5,5
420856,0,1,0,0,0,0,0,0,0,0,0,0
420856,1,1,0,0,0,0,0,0,0,0,0,0
420856,2,1,0,6,0,0,0,0,0,0,0,12
420857,1,1,0,0,0,0,5,0,0,0,0,0
420857,2,1,0,0,0,0,0,0,0,0,0,0
420858,0,1,28,0,0,0,0,0,0,17,0,0
420858,1,1,0,0,0,0,7,0,0,0,0,0
420859,0,1,0,12,0,0,21,0,0,0,15,0
420859,1,1,0,0,19,0,0,0,0,7,0,0
420860,1,1,11,11,11,11,11,11,11,11,11,11
420860,2,1,0,0,0,0,0,0,0,0,0,0
420861,0,1,0,0,0,28,23,41,0,14,11,15
420861,1,1,5,0,0,0,10,15,0,0,12,4
420862,0,1,7,0,0,0,0,0,0,0,20,4
420862,1,1,7,14,9,17,4,8,18,11,0,0
420863,1,1,0,0,0,0,0,0,0,0,0,0
420863,2,1,0,0,16,0,0,0,0,0,0,0
420864,0,1,0,16,21,0,0,0,11,0,0,14
420864,1,1,0,0,0,0,0,0,0,0,0,0
420865,1,1,16,16,16,16,16,16,16,16,16,16
420866,1,1,12,16,33,20,14,17,16,9,5,28
420867,1,1,23,23,23,23,23,23,23,23,23,23
420867,2,1,0,0,0,0,0,0,0,0,0,3
420868,1,1,0,23,0,0,0,0,0,0,0,0
420868,2,1,7,0,0,0,0,14,0,0,0,0
420869,1,1,13,13,13,13,13,13,13,13,13,13
420869,2,1,0,0,0,0,0,0,0,0,0,0
420870,1,1,0,0,0,0,0,0,9,0,0,0
420871,1,1,0,0,0,0,0,0,0,0,0,0
420871,2,1,0,0,0,0,0,0,0,0,0,0
420872,1,1,9,0,19,0,0,0,21,0,0,0
420872,2,1,0,0,0,0,7,0,0,18,31,0
420873,1,1,0,0,0,0,0,0,0,0,3,0
420873,2,1,0,0,0,0,0,0,0,0,0,0
420874,1,1,0,0,0,0,0,0,0,0,0,0
420874,2,1,0,0,0,0,0,0,0,0,0,0
420875,1,1,0,0,0,0,0,0,0,0,0,0
420875,2,1,0,0,0,0,0,4,16,0,0,7
420876,1,1,16,0,0,16,14,0,0,0,0,0
420876,2,1,14,0,0,0,0,0,0,0,0,0
420877,1,1,0,0,0,9,0,0,0,0,0,0
420877,2,1,0,0,0,0,0,0,0,0,0,0
420878,1,1,13,13,13,13,13,13,13,13,13,13
420879,1,1,0,0,14,15,19,0,27,13,0,0
420879,2,1,0,0,0,0,0,0,0,23,0,0
420880,1,1,0,0,8,6,32,13,26,20,5,0
420881,1,1,0,0,0,0,0,0,17,0,0,0
420881,2,1,0,0,0,0,0,0,0,0,0,7
420882,1,1,34,34,34,34,34,34,34,34,34,34
420882,2,1,0,5,0,0,0,0,0,0,0,0
420883,1,1,0,0,0,0,0,0,0,0,0,0
420883,2,1,0,0,0,0,0,0,0,0,0,0
420884,0,1,0,0,0,0,0,0,0,0,0,0
420884,1,1,0,0,0,0,0,0,0,0,0,0
420885,0,1,0,0,0,37,0,0,0,0,0,0
420885,1,1,0,0,0,0,0,0,0,0,0,0
420886,1,1,0,21,0,0,0,0,0,0,0,33
420886,2,1,0,0,0,0,0,0,0,0,0,0
420887,0,1,0,0,0,0,0,0,0,0,0,0
420887,0,2,0,0,19,0,0,0,0,0,0,0
420887,1,1,0,14,0,0,0,0,0,0,0,13
420888,1,1,0,0,0,0,0,0,0,0,0,0
420889,1,1,1,1,1,1,1,1,1,1,1,1
420889,2,1,0,0,0,0,0,0,0,0,0,0
420890,1,1,0,0,0,0,0,0,0,0,0,0
420891,1,1,0,0,0,0,0,0,0,0,0,0
420892,1,1,0,0,0,0,0,0,0,0,0,0
420893,1,1,31,31,31,31,31,31,31,31,31,31
420894,1,1,0,15,0,12,22,11,0,0,0,0
420894,2,1,0,0,0,0,0,0,0,0,0,0
420895,1,1,0,0,0,19,8,0,20,0,23,0
420896,0,1,0,0,0,0,0,0,0,0,0,0
420896,1,1,0,0,0,0,0,0,21,0,0,0
420897,0,1,0,0,0,0,0,0,0,0,0,0
420897,1,1,0,0,0,0,0,0,0,0,0,0
420898,1,1,0,0,0,0,0,0,0,0,0,0
420898,2,1,0,0,12,0,0,0,0,0,0,0
420899,1,1,0,0,5,0,0,11,0,0,0,0
420899,2,1,0,0,0,0,0,0,0,0,0,0
420900,1,1,0,0,0,0,0,0,0,0,0,0
420900,2,1,19,0,0,0,0,0,0,0,0,0
420901,0,1,0,0,0,0,0,0,0,0,0,0
420901,1,1,9,0,9,0,6,9,0,5,13,9
420902,1,1,0,0,0,0,0,0,0,0,0,0
420903,1,1,0,0,0,0,0,0,0,0,0,0
420904,1,1,0,0,15,7,0,0,27,0,2,12
420904,2,1,0,0,0,0,0,0,0,0,0,0
420905,1,1,0,0,0,0,0,0,0,0,0,0
420905,2,1,0,0,0,0,15,0,0,0,0,0
420906,1,1,0,0,20,0,0,0,18,0,0,4
420907,1,1,0,0,0,0,0,6,0,0,0,18
420908,0,1,23,23,23,23,23,23,23,23,23,23
420908,1,1,0,0,0,0,0,0,0,0,0,0
420909,1,1,0,0,0,0,0,0,0,0,0,0
420909,2,1,0,0,0,0,0,0,0,0,0,0
420910,0,1,22,22,22,22,22,22,22,22,22,22
420910,1,1,0,0,0,0,0,0,0,0,0,0
420911,1,1,0,0,7,0,0,0,11,0,0,0
420911,2,1,0,0,0,0,0,0,0,0,0,0
420912,1,1,0,0,0,0,0,0,0,0,0,0
420913,1,1,0,0,0,0,0,0,0,0,0,0
420914,1,1,0,0,0,0,11,16,0,0,0,9
420914,2,1,0,0,0,13,0,0,0,0,19,0
420915,0,1,0,0,0,0,0,0,0,0,0,0
420915,1,1,0,0,0,0,0,0,0,0,0,0
420916,1,1,0,0,11,7,0,19,0,0,0,0
420916,2,1,0,0,0,0,0,0,0,0,0,0
420917,1,1,0,0,0,0,0,0,0,0,10,0
420917,2,1,0,0,0,0,0,0,0,0,0,0
420918,1,1,0,0,0,0,0,0,0,0,0,0
420919,1,1,12,0,0,0,7,0,0,0,0,0
420919,2,1,0,0,0,0,0,0,0,0,0,0
420920,0,1,0,0,0,0,0,0,0,0,0,0
420920,1,1,11,11,11,11,11,11,11,11,11,11
420921,1,1,0,0,0,0,0,0,0,0,0,0
420921,2,1,0,0,0,0,0,0,0,0,0,0
420922,1,1,0,0,0,0,0,0,0,0,0,0
420922,2,1,0,0,0,0,0,0,0,0,0,0
420923,0,1,0,0,0,0,0,0,0,0,0,0
420923,1,1,0,0,0,0,0,0,0,0,0,0
420924,0,1,0,0,0,0,0,0,0,0,0,0
420924,1,1,0,0,0,0,0,0,0,0,0,0
420925,1,1,0,0,0,0,0,0,0,0,0,0
420926,1,1,7,0,0,0,0,0,0,0,0,0
420927,1,1,0,0,0,0,0,0,0,0,0,0
420927,2,1,0,0,0,0,0,0,0,0,0,0
420928,0,1,0,0,0,0,0,0,0,0,0,0
420928,1,1,0,0,0,0,0,0,0,0,0,0
420929,1,1,21,21,21,21,21,21,21,21,21,21
420930,0,1,14,36,0,27,28,28,25,5,11,5
420930,1,1,0,0,0,0,0,10,6,0,0,0
420931,1,1,0,0,0,0,0,0,0,0,0,0
420931,2,1,0,0,0,0,0,0,0,0,0,0
420932,0,1,0,0,0,0,8,0,0,0,0,16
420932,0,2,0,0,0,8,0,0,0,5,0,0
420932,1,1,0,0,0,0,0,0,0,0,0,0
420933,0,1,0,0,0,0,0,0,0,0,0,0
420933,0,2,0,0,0,0,0,0,0,12,41,0
420933,1,1,0,0,0,0,0,0,0,0,0,0
420934,0,1,12,12,12,12,12,12,12,12,12,12
420934,1,1,4,4,4,4,4,4,4,4,4,4
420935,1,1,0,0,0,0,0,0,0,0,0,0
420935,2,1,0,0,0,0,0,0,0,0,0,0
420936,1,1,0,0,0,0,0,0,0,0,0,0
420937,0,1,32,7,8,29,12,27,37,19,7,22
420937,1,1,0,0,0,0,0,0,0,0,0,0
420938,0,1,0,0,0,0,0,0,0,0,0,0
420938,1,1,5,16,22,18,14,21,29,0,13,0
420939,0,1,0,0,0,0,0,0,0,0,0,0
420939,1,1,0,0,0,0,0,0,0,0,0,0
420940,1,1,17,17,17,17,17,17,17,17,17,17
420940,2,1,0,0,0,0,0,0,7,0,0,0
420941,1,1,0,0,0,0,0,0,0,0,0,0
420942,1,1,0,0,0,0,0,0,0,0,0,0
420942,2,1,0,0,0,0,0,0,0,0,0,0
420943,1,1,0,0,0,0,0,0,0,0,0,0
420944,1,1,0,0,6,0,0,15,19,0,0,0
420945,0,1,8,8,8,8,8,8,8,8,8,8
420945,1,1,0,0,5,0,0,0,0,0,0,0
420946,1,1,0,0,0,0,0,0,0,0,0,0
420947,1,1,0,0,0,0,0,19,0,0,0,0
420947,2,1,0,0,0,0,0,0,0,0,0,0
420947,3,1,0,0,0,0,0,0,0,0,28,0
420947,4,1,0,0,0,0,0,0,0,0,0,0
420948,1,1,21,21,21,21,21,21,21,21,21,21
420949,0,1,26,27,20,11,13,31,4,19,32,17
420949,1,1,12,0,0,13,0,10,16,0,0,0
420950,1,1,0,0,0,0,0,0,0,0,0,0
420951,1,1,0,0,0,0,0,0,0,0,0,0
420952,1,1,0,0,0,0,0,0,0,0,0,0
420953,1,1,22,22,22,22,22,22,22,22,22,22
420954,1,1,0,0,0,0,0,0,0,0,0,0
420954,2,1,15,0,0,0,0,0,0,0,0,0
420955,1,1,0,0,0,0,0,0,0,0,0,0
420955,2,1,0,0,0,0,0,0,0,0,0,0
420956,0,1,0,0,0,0,0,0,0,0,0,0
420956,1,1,0,0,0,0,0,0,0,0,0,0
420957,1,1,0,0,16,0,0,0,0,0,0,0
420958,0,1,1,1,1,1,1,1,1,1,1,1
420958,1,1,0,0,0,0,0,0,0,0,0,0
420959,1,1,12,13,30,14,29,35,15,9,6,19
420959,2,1,0,0,0,0,0,0,0,0,0,0
420960,0,1,0,0,0,0,0,0,0,0,0,0
420960,1,1,0,0,0,0,10,0,0,0,0,0
420961,1,1,0,0,0,0,0,0,0,0,0,0
420961,2,1,0,0,0,0,0,0,0,0,0,0
420962,1,1,15,0,35,6,7,0,38,0,4,5
420963,0,1,0,0,0,0,0,0,0,0,0,0
420963,1,1,19,22,19,0,12,0,11,16,5,0
420964,1,1,0,0,0,0,0,0,0,0,0,0
420964,2,1,0,0,0,0,0,0,0,0,0,0
420965,1,1,0,0,0,0,0,0,0,0,0,0
420966,0,1,0,0,0,0,0,0,0,0,0,0
420966,1,1,0,0,0,0,0,0,0,0,0,0
420967,0,1,22,22,22,22,22,22,22,22,22,22
420967,1,1,0,0,0,0,0,0,0,0,0,0
420968,1,1,0,0,0,0,0,0,0,0,0,0
420969,1,1,29,29,29,29,29,29,29,29,29,29
420970,1,1,0,0,0,0,0,0,0,0,0,0
420970,2,1,0,0,0,0,0,0,0,0,0,0
420970,3,1,0,0,0,0,0,0,0,0,0,0
420971,0,1,0,0,0,39,0,0,0,0,0,19
420971,1,1,0,0,0,0,0,0,0,0,0,0
420972,1,1,2,2,2,2,2,2,2,2,2,2
420972,2,1,0,0,0,0,0,0,0,0,0,0
420972,3,1,0,0,0,0,0,0,0,0,0,0
420973,1,1,0,0,0,0,0,0,0,0,0,0
420973,2,1,0,0,0,0,0,0,0,0,0,0
420974,0,1,0,0,0,0,0,0,0,0,0,0
420974,1,1,0,0,0,0,0,0,0,0,0,0
420975,1,1,0,0,0,0,0,0,0,0,0,0
420975,2,1,0,0,0,0,0,0,0,0,0,0
420975,3,1,0,0,0,0,0,0,0,17,0,0
420976,1,1,14,0,0,0,0,0,0,0,0,0
420976,2,1,21,0,0,0,0,0,0,0,0,0
420977,1,1,0,0,0,0,0,21,0,0,0,12
420977,2,1,0,0,0,0,0,0,0,0,0,0
420977,3,1,0,0,0,0,0,0,0,0,0,0
420978,1,1,0,0,0,0,0,0,0,0,0,0
420978,2,1,0,0,0,0,0,0,0,0,0,0
420979,1,1,0,0,0,0,0,0,0,0,0,0
420979,2,1,0,0,0,0,0,0,0,0,0,0
420979,3,1,0,0,0,0,0,0,0,0,0,0
420980,0,1,17,17,17,17,17,17,17,17,17,17
420980,1,1,0,0,0,0,0,0,0,0,0,0
420981,1,1,0,0,0,0,0,0,0,0,0,0
420981,2,1,0,0,0,0,0,0,0,0,0,0
420982,0,1,0,0,0,0,0,0,0,0,0,0
420982,1,1,0,0,0,0,12,0,0,0,35,0
420983,1,1,25,25,25,25,25,25,25,25,25,25
420984,1,1,0,0,0,0,12,0,0,15,0,18
420985,1,1,0,0,0,0,0,0,0,16,25,0
420985,2,1,7,7,7,7,7,7,7,7,7,7
420985,3,1,0,0,0,0,0,0,0,0,0,0
420986,1,1,0,0,0,0,0,0,0,0,0,0
420986,2,1,0,0,0,0,0,0,0,0,0,0
420987,0,1,13,0,0,0,0,0,0,0,0,0
420987,1,1,0,0,0,0,0,0,0,0,0,0
420988,1,1,0,0,0,0,0,0,0,0,0,0
420988,2,1,0,0,0,0,0,0,0,0,0,0
420989,1,1,0,0,0,0,0,0,0,0,0,0
420989,2,1,0,0,0,0,0,0,0,0,0,0
420989,3,1,0,0,0,0,0,0,0,0,0,0
420990,0,1,0,0,0,0,0,0,0,0,0,0
420990,1,1,0,0,0,0,0,0,0,0,0,0
420991,0,1,0,0,0,0,0,0,0,0,0,0
420991,1,1,0,0,0,0,0,0,0,19,0,6
420992,1,1,0,0,26,0,0,0,0,0,0,0
420992,2,1,0,0,0,0,0,0,0,0,0,0
420992,3,1,0,0,0,0,0,0,0,0,0,0
420993,1,1,13,13,13,13,13,13,13,13,13,13
420994,1,1,0,0,0,0,0,0,0,0,0,0
420995,1,1,0,0,0,0,36,0,0,0,0,0
420995,2,1,0,0,9,0,0,0,0,0,0,0
420995,3,1,0,0,0,0,0,0,0,0,0,0
420996,0,1,0,0,0,0,0,0,0,0,0,0
420996,1,1,0,0,0,0,0,0,11,0,0,0
420997,1,1,9,9,9,9,9,9,9,9,9,9
420998,1,1,0,0,0,0,0,0,0,0,0,0
420999,1,1,15,7,12,0,8,3,30,22,30,14
420999,2,1,9,9,9,9,9,9,9,9,9,9
421000,1,1,19,19,19,19,19,19,19,19,19,19
421000,2,1,24,0,0,11,24,0,19,20,27,16
421001,1,1,0,0,0,0,0,0,0,0,0,0
421001,2,1,0,0,0,0,0,0,0,0,0,0
421002,1,1,0,0,0,0,0,0,0,0,0,0
421002,2,1,0,0,0,0,0,0,0,0,0,0
421003,1,1,0,0,0,0,0,0,0,0,0,0
421004,1,1,0,0,0,0,0,12,0,0,0,0
421004,2,1,0,0,0,0,0,0,0,0,0,0
421005,0,1,23,23,23,23,23,23,23,23,23,23
421005,1,1,0,0,0,0,0,0,0,0,0,15
421006,0,1,8,25,0,0,8,0,0,0,16,0
421006,1,1,0,0,0,13,0,0,0,10,0,0
421007,1,1,0,0,0,0,0,0,0,0,0,0
421007,2,1,0,0,0,0,0,0,0,0,0,0
421007,3,1,0,0,0,0,0,0,0,0,0,0
421007,4,1,0,0,0,0,0,0,0,0,0,0
421008,0,1,0,0,0,0,0,0,0,0,0,0
421008,1,1,0,0,0,0,0,0,0,9,20,0
421009,0,1,0,0,0,0,0,0,0,0,0,0
421009,1,1,0,20,4,9,13,25,18,19,15,4
421010,0,1,17,17,17,17,17,17,17,17,17,17
421010,1,1,11,11,11,11,11,11,11,11,11,11
421011,1,1,0,0,0,0,0,0,6,0,0,0
421011,2,1,0,0,0,0,0,9,0,0,0,0
421011,3,1,0,0,0,0,0,0,0,0,0,0
421012,1,1,0,0,0,0,0,18,0,0,0,0
421012,2,1,0,0,0,0,0,0,0,0,0,0
421013,1,1,0,0,0,0,0,0,0,0,0,0
421013,2,1,0,0,0,0,0,0,0,0,0,0
421014,1,1,0,0,0,0,0,0,0,0,0,0
421014,2,1,0,6,0,0,0,0,0,0,0,0
421015,1,1,0,0,0,0,0,0,0,0,0,0
421015,2,1,0,0,0,0,0,0,7,0,0,0
421016,1,1,0,0,0,0,0,0,0,0,0,0
421016,2,1,0,0,0,0,0,0,0,0,0,0
421017,1,1,0,0,0,0,0,0,0,0,0,0
421017,2,1,0,0,0,0,0,0,0,0,0,0
421018,1,1,0,0,0,0,0,0,0,0,0,0
421018,2,1,0,0,0,0,0,0,0,0,0,0
421019,1,1,0,0,0,0,0,0,0,0,0,0
421019,2,1,0,0,0,0,0,0,0,0,0,0
421020,1,1,0,0,0,0,0,0,0,0,0,0
421021,1,1,0,0,0,0,0,0,0,0,0,0
421021,2,1,0,0,0,0,0,0,0,0,0,0
421022,0,1,0,0,0,0,0,0,0,0,0,0
421022,1,1,0,0,0,0,0,0,12,0,0,0
421023,1,1,0,0,0,0,0,0,0,0,0,0
421023,2,1,0,5,0,0,0,0,0,0,0,0
421024,1,1,2,0,0,0,0,0,0,0,0,0
421025,1,1,0,0,0,13,14,0,0,0,0,0
421026,1,1,12,12,12,12,12,12,12,12,12,12
421027,1,1,0,0,0,0,0,0,0,0,0,0
421027,2,1,0,0,0,0,0,0,0,0,0,0
421028,1,1,0,0,0,0,0,0,0,0,0,0
421029,1,1,0,0,0,0,0,0,0,0,0,0
421029,2,1,0,0,0,0,0,0,0,0,0,0
421030,1,1,0,0,0,0,0,0,0,0,0,0
421030,2,1,0,0,0,0,0,0,0,0,0,0
421031,0,1,26,26,26,26,26,26,26,26,26,26
421031,1,1,0,0,0,0,0,0,0,21,0,0
421031,2,1,0,0,0,0,0,0,0,20,0,0
421032,1,1,21,21,21,21,21,21,21,21,21,21
421033,1,1,24,24,24,24,24,24,24,24,24,24
421034,1,1,0,0,0,0,0,0,0,0,0,0
421034,2,1,0,0,0,0,0,0,0,0,0,0
421035,1,1,0,0,0,0,0,0,0,0,0,0
421035,2,1,0,0,0,0,0,0,0,0,0,0
421036,1,1,0,0,0,0,0,0,0,0,0,0
421037,0,1,0,0,0,0,0,0,0,0,0,0
421037,1,1,0,0,0,0,0,0,0,0,0,0
421038,1,1,25,25,25,25,25,25,25,25,25,25
421039,0,1,6,24,26,4,32,18,20,0,24,14
421039,1,1,0,0,0,0,0,0,0,0,0,0
421040,0,1,0,0,0,0,0,0,0,0,0,0
421040,1,1,10,0,0,0,0,0,0,7,0,0
421041,1,1,15,14,0,0,0,6,0,0,0,0
421042,1,1,0,0,0,0,0,0,0,0,0,0
421042,2,1,0,0,0,0,0,0,0,0,0,0
421043,1,1,18,0,0,0,17,0,0,9,0,15
421044,0,1,0,0,0,0,0,0,0,0,0,0
421044,1,1,0,0,0,0,0,0,0,0,0,0
421045,1,1,17,13,0,8,20,12,0,8,0,0
421046,1,1,0,0,0,0,0,0,0,0,0,0
421047,1,1,0,0,0,0,13,0,0,0,0,0
421048,1,1,0,0,0,0,0,0,0,0,0,0
421049,0,1,9,9,9,9,9,9,9,9,9,9
421049,1,1,9,9,9,9,9,9,9,9,9,9
421050,1,1,0,0,0,0,0,0,0,0,0,15
421051,1,1,0,0,0,0,0,0,0,0,0,0
421051,2,1,0,0,0,0,0,0,0,0,0,0
421052,0,1,10,10,10,10,10,10,10,10,10,10
421052,1,1,0,11,0,0,0,0,0,30,0,24
421053,1,1,9,9,9,9,9,9,9,9,9,9
421054,1,1,0,6,17,11,0,7,0,0,0,12
421055,0,1,0,0,0,0,0,0,0,0,0,0
421055,1,1,0,0,0,0,0,0,0,0,0,0
421056,1,1,0,0,0,0,0,0,0,0,0,0
421056,2,1,0,0,31,5,0,0,0,10,0,0
421057,1,1,0,0,0,0,0,0,0,0,0,0
421057,2,1,0,0,0,0,0,0,0,0,0,0
421058,1,1,0,22,0,0,0,0,0,0,0,0
421059,1,1,0,0,0,0,0,0,0,0,8,0
421059,2,1,0,0,0,0,0,0,0,0,0,0
421060,1,1,0,0,0,0,0,0,0,0,0,0
421060,2,1,0,0,0,0,0,0,0,0,0,0
421060,3,1,0,0,0,0,0,0,0,0,0,0
421061,1,1,8,0,14,20,0,14,0,0,0,0
421061,2,1,18,0,0,0,0,13,0,0,0,0
421061,3,1,11,0,0,15,0,0,17,0,0,0
421062,1,1,20,20,20,20,20,20,20,20,20,20
421063,1,1,0,0,12,0,0,0,0,0,0,0
421064,1,1,0,0,0,0,0,0,0,0,0,0
421064,2,1,0,0,0,0,0,0,0,0,0,0
421064,3,1,0,0,0,0,0,0,0,0,0,0
421065,0,1,15,15,15,15,15,15,15,15,15,15
421065,1,1,0,0,0,0,0,0,0,12,0,0
421066,1,1,0,0,0,0,0,0,0,0,0,0
421066,2,1,0,0,0,0,0,0,0,0,0,0
421066,3,1,0,0,0,0,0,0,0,0,0,0
421067,1,1,0,0,0,0,0,0,0,0,0,0
421067,2,1,0,0,0,0,0,0,0,0,0,0
421068,1,1,0,0,0,0,0,0,0,0,0,0
421069,0,1,0,0,0,0,0,0,0,0,0,0
421069,1,1,15,21,0,0,11,12,25,0,20,17
421070,1,1,10,10,10,10,10,10,10,10,10,10
421070,2,1,0,0,0,0,0,0,0,0,0,0