ST_CASE,VEH_NO,PER_NO,P1,P2,P3,P4,P5,P6,P7,P8,P9,P10
450152,0,1,20,20,20,20,20,20,20,20,20,20
450152,1,1,0,0,13,0,20,0,0,0,16,0
450153,1,1,19,19,19,19,19,19,19,19,19,19
450154,1,1,30,30,30,30,30,30,30,30,30,30
450154,2,1,0,0,0,0,0,0,0,0,0,0
450155,1,1,10,0,18,31,16,9,15,21,13,14
450156,1,1,17,17,17,17,17,17,17,17,17,17
450157,1,1,0,0,12,0,0,0,0,0,0,0
450158,1,1,13,8,0,0,11,2,0,3,0,9
450159,1,1,0,0,0,0,0,0,0,0,0,0
450159,2,1,0,0,0,0,0,0,0,0,0,0
450160,1,1,15,15,15,15,15,15,15,15,15,15
450160,2,1,0,0,0,0,0,0,0,0,0,0
450160,3,1,0,0,0,0,0,0,0,0,0,0
450160,4,1,0,0,0,20,0,0,0,0,0,0
450160,5,1,0,0,0,0,0,0,0,0,0,0
450160,6,1,0,0,0,0,0,0,0,0,0,0
450161,0,1,0,0,0,0,0,0,0,0,0,0
450161,0,2,0,0,0,17,0,0,0,0,3,0
450161,1,1,11,0,44,0,0,22,0,0,0,0
450162,1,1,10,9,0,0,0,0,0,0,0,0
450162,2,1,9,21,38,23,26,24,12,20,14,4
450162,3,1,14,14,14,14,14,14,14,14,14,14
450163,1,1,0,0,0,0,0,0,0,0,0,0
450163,2,1,0,0,0,0,0,0,0,0,0,0
450164,1,1,0,0,0,0,0,0,0,0,0,0
450164,2,1,0,0,0,0,0,0,5,0,0,0
450164,3,1,15,15,15,15,15,15,15,15,15,15
450165,1,1,0,0,0,0,0,0,0,0,0,0
450165,2,1,0,0,0,0,0,0,0,0,0,0
450166,1,1,23,23,23,23,23,23,23,23,23,23
450167,1,1,0,0,0,0,0,0,0,0,0,0
450168,1,1,12,12,12,12,12,12,12,12,12,12
450168,2,1,0,0,0,0,0,0,0,0,0,0
450169,2,1,0,0,0,0,0,0,0,0,0,0
450170,1,1,0,0,0,0,0,0,0,0,0,0
450171,1,1,21,21,21,21,21,21,21,21,21,21
450172,1,1,0,0,0,0,0,0,0,0,0,0
450173,1,1,19,19,19,19,19,19,19,19,19,19
450174,1,1,0,0,0,0,0,0,0,0,0,0
450175,1,1,0,0,0,0,0,0,19,0,0,0
450176,0,1,23,23,23,23,23,23,23,23,23,23
450176,1,1,0,0,0,0,28,10,0,0,0,0
450177,1,1,13,13,13,13,13,13,13,13,13,13
450178,1,1,13,13,13,13,13,13,13,13,13,13
450179,1,1,0,0,0,0,0,0,0,0,0,0
450179,2,1,0,0,0,0,0,0,0,0,0,0
450180,1,1,0,0,0,0,0,0,0,0,0,0
450180,2,1,0,0,0,0,0,0,0,0,0,0
450181,1,1,7,7,7,7,7,7,7,7,7,7
450181,2,1,0,0,0,0,0,0,0,0,0,0
450182,1,1,18,18,18,18,18,18,18,18,18,18
450183,1,1,0,0,0,0,0,0,0,0,0,0
450183,2,1,0,0,0,0,0,2,0,0,0,0
450183,3,1,0,0,0,0,0,0,0,0,0,0
450183,4,1,0,0,0,0,0,0,0,0,0,0
450183,5,1,0,0,0,0,0,0,0,0,0,0
450183,6,1,5,0,0,0,0,0,0,0,0,0
450184,1,1,0,0,0,0,0,0,0,0,0,0
450184,2,1,0,0,0,0,0,0,0,0,0,0
450185,2,1,17,17,17,17,17,17,17,17,17,17
450186,1,1,0,0,0,0,0,0,0,0,0,0
450187,1,1,0,0,0,0,0,0,0,0,0,0
450187,2,1,0,0,0,0,0,0,0,0,0,0
450188,0,1,0,0,0,0,0,0,0,0,0,0
450188,1,1,0,0,0,0,0,0,0,0,0,0
450189,1,1,1,1,1,1,1,1,1,1,1,1
450190,1,1,14,0,22,0,0,0,0,19,0,0
450190,2,1,22,22,22,22,22,22,22,22,22,22
450191,1,1,0,0,0,0,0,0,0,0,0,0
450191,2,1,0,0,0,0,0,0,0,0,0,0
450192,2,1,23,17,24,16,0,8,3,11,0,30
450193,1,1,0,0,0,0,0,0,0,0,0,0
450194,1,1,1,1,1,1,1,1,1,1,1,1
450195,1,1,0,0,0,0,0,0,0,0,0,0
450195,2,1,0,0,0,0,0,0,0,0,0,0
450196,1,1,0,0,0,0,0,0,0,0,0,0
450196,2,1,0,0,0,0,0,0,0,0,0,0
450196,3,1,0,0,0,0,0,0,0,0,0,0
450197,1,1,0,0,0,0,0,0,0,0,0,0
450198,1,1,0,0,0,0,0,0,0,0,0,0
450198,2,1,0,0,0,0,0,0,0,0,0,0
450198,3,1,0,0,0,0,0,0,0,0,0,0
450199,1,1,0,0,0,0,0,0,0,0,0,0
450199,2,1,0,0,0,0,0,0,0,0,0,0
450200,1,1,0,0,0,0,0,0,0,0,0,0
450201,1,1,0,0,0,0,0,0,0,0,0,0
450201,2,1,0,0,0,0,0,0,0,0,0,0
450201,3,1,0,0,0,0,0,0,0,0,0,0
450202,1,1,0,0,0,0,0,20,0,0,0,0
450203,1,1,28,28,28,28,28,28,28,28,28,28
450204,0,1,0,0,0,0,0,0,0,0,0,0
450204,1,1,0,0,0,0,0,0,0,0,0,0
450205,1,1,0,0,0,0,0,0,0,0,0,0
450205,2,1,0,0,0,0,0,0,0,0,0,0
450206,1,1,0,0,0,0,0,0,0,0,0,0
450206,2,1,0,0,0,0,0,0,0,0,0,0
450206,3,1,0,0,0,0,0,0,0,0,0,0
450207,1,1,25,25,25,25,25,25,25,25,25,25
450208,1,1,13,0,0,0,0,0,0,0,0,0
450208,2,1,24,24,24,24,24,24,24,24,24,24
450209,1,1,0,0,0,0,0,0,0,0,18,0
450210,1,1,0,0,0,0,0,0,10,0,14,0
450210,2,1,0,0,0,0,0,0,0,0,0,0
450211,1,1,0,0,21,0,0,0,0,0,0,0
450212,1,1,0,0,0,0,0,0,0,0,0,0
450212,2,1,13,21,0,0,0,7,0,0,0,0
450213,1,1,0,0,0,0,0,0,0,0,0,0
450213,2,1,0,0,0,0,0,0,0,0,0,0
450214,1,1,23,10,0,0,11,0,19,0,7,29
450215,1,1,26,26,26,26,26,26,26,26,26,26
450216,1,1,14,14,14,14,14,14,14,14,14,14
450217,1,1,34,17,0,0,0,0,0,0,0,0
450217,2,1,0,0,0,0,0,0,18,0,0,18
450218,1,1,30,30,30,30,30,30,30,30,30,30
450218,2,1,0,0,0,0,0,0,0,0,0,0
450218,3,1,0,12,0,0,0,0,0,0,0,0
450218,4,1,0,0,0,0,0,14,0,0,0,0
450218,5,1,0,0,0,0,0,0,11,0,0,0
450219,1,1,0,13,0,30,11,0,0,0,0,0
450219,2,1,0,13,0,0,0,0,0,0,13,0
450220,1,1,0,0,0,0,0,0,0,0,0,0
450220,2,1,0,0,0,0,0,0,0,0,0,8
450221,1,1,0,10,26,17,8,0,24,9,8,18
450222,1,1,4,4,4,4,4,4,4,4,4,4
450223,1,1,19,19,19,19,19,19,19,19,19,19
450224,1,1,27,27,27,27,27,27,27,27,27,27
450225,1,1,0,0,0,0,0,0,0,0,0,0
450226,1,1,17,17,17,17,17,17,17,17,17,17
450227,1,1,0,0,0,0,0,0,0,0,0,0
450228,1,1,25,25,25,25,25,25,25,25,25,25
450229,1,1,0,0,0,0,0,0,0,0,0,0
450229,2,1,0,0,0,0,0,0,0,0,0,0
450230,1,1,9,9,9,9,9,9,9,9,9,9
450231,1,1,0,0,0,0,0,0,0,0,0,0
450231,2,1,0,0,0,0,0,0,0,0,0,0
450232,1,1,0,0,0,0,0,0,0,0,0,46
450232,2,1,0,27,0,0,0,20,0,0,9,0
450233,0,1,0,0,0,0,0,0,0,0,0,0
450233,1,1,0,12,0,0,12,36,0,33,0,0
450234,1,1,9,9,9,9,9,9,9,9,9,9
450234,2,1,0,0,0,0,0,0,0,0,0,0
450235,1,1,0,0,15,15,0,13,0,12,27,12
450236,1,1,0,0,0,0,0,0,0,0,0,0
450236,2,1,16,16,16,16,16,16,16,16,16,16
450237,1,1,0,0,0,0,0,0,0,0,0,0
450237,2,1,24,24,24,24,24,24,24,24,24,24
450238,0,1,0,12,31,14,29,10,23,29,20,25
450238,1,1,0,0,0,8,0,0,0,0,0,0
450239,1,1,22,22,22,22,22,22,22,22,22,22
450240,1,1,11,11,11,11,11,11,11,11,11,11
450240,2,1,0,0,0,13,0,0,0,0,0,0
450241,0,1,15,15,15,15,15,15,15,15,15,15
450241,1,1,0,0,0,0,0,0,0,0,0,0
450242,1,1,0,0,0,0,0,0,18,0,0,0
450243,1,1,12,8,11,17,15,17,31,33,21,5
450243,2,1,0,0,0,0,0,0,23,0,0,0
450244,1,1,0,0,0,0,0,0,0,0,0,0
450245,1,1,0,0,21,0,0,0,5,0,0,32
450245,2,1,0,0,24,0,0,0,0,0,0,0
450245,3,1,21,21,21,21,21,21,21,21,21,21
450246,1,1,0,0,0,0,0,0,0,0,0,0
450247,0,1,0,0,0,0,0,0,0,0,0,0
450247,1,1,0,0,20,0,0,0,0,0,0,0
450247,2,1,13,0,0,0,0,0,0,0,0,0
450247,3,1,0,0,0,0,0,0,0,0,0,0
450248,1,1,7,23,24,0,0,21,20,22,0,29
450249,1,1,0,0,0,0,0,0,0,0,0,0
450249,2,1,0,0,9,0,0,0,0,0,0,21
450249,3,1,0,0,0,0,0,0,0,0,0,0
450249,4,1,0,0,0,0,0,0,0,0,0,0
450249,5,1,10,0,0,0,0,0,0,0,0,0
450250,1,1,14,0,0,0,0,0,0,0,0,0
450250,2,1,19,19,19,19,19,19,19,19,19,19
450251,1,1,0,0,0,0,0,0,0,0,0,0
450251,2,1,0,0,0,0,0,0,0,0,0,0
450252,1,1,8,16,13,6,14,26,22,0,21,17
450253,1,1,0,0,0,0,0,0,0,0,0,0
450253,2,1,0,0,0,0,0,0,0,0,0,0
450254,0,1,0,0,0,0,0,0,0,0,0,0
450254,1,1,0,0,0,0,0,0,0,0,0,0
450255,1,1,10,10,10,10,10,10,10,10,10,10
450256,1,1,0,6,0,0,0,0,0,0,0,0
450256,2,1,0,0,0,0,0,0,0,0,0,0
450257,1,1,0,0,0,0,0,0,0,0,0,0
450257,2,1,0,0,0,0,0,0,0,0,0,0
450257,3,1,0,0,0,0,0,0,0,0,0,0
450258,1,1,0,0,0,0,0,0,0,0,0,0
450258,2,1,21,6,11,14,15,22,15,12,20,0
450259,1,1,38,38,38,38,38,38,38,38,38,38
450260,0,1,0,0,0,0,0,0,0,0,0,0
450260,1,1,0,0,0,20,0,18,0,0,0,0
450261,1,1,0,0,0,0,0,0,0,0,0,0
450262,1,1,24,24,24,24,24,24,24,24,24,24
450263,1,1,16,16,16,16,16,16,16,16,16,16
450263,2,1,0,0,0,11,13,0,0,0,0,0
450264,1,1,1,1,1,1,1,1,1,1,1,1
450265,1,1,0,0,0,0,0,0,0,0,0,0
450266,1,1,0,0,0,0,0,17,0,0,0,10
450266,2,1,29,29,29,29,29,29,29,29,29,29
450266,3,1,0,0,0,0,0,0,0,0,0,0
450266,4,3,0,0,0,0,0,0,0,13,0,0
450267,1,1,0,0,0,0,0,0,0,0,0,0
450268,0,1,0,0,0,0,13,0,0,0,0,8
450268,1,1,0,0,7,0,0,0,0,0,0,0
450269,1,1,0,0,0,0,0,0,0,0,0,0
450269,2,1,0,0,0,0,0,0,0,0,0,0
450270,1,1,0,0,0,4,23,0,12,0,0,0
450271,1,1,0,0,0,0,0,0,0,0,0,0
450271,2,1,0,0,0,0,0,17,0,0,0,0
450271,3,1,17,17,17,17,17,17,17,17,17,17
450272,1,1,22,22,22,22,22,22,22,22,22,22
450273,1,1,0,0,0,0,0,0,0,0,0,29
450273,2,1,5,5,5,5,5,5,5,5,5,5
450274,1,1,0,0,0,0,0,0,0,0,0,0
450274,2,1,0,0,13,0,0,0,0,0,24,0
450275,1,1,0,0,0,0,0,0,0,0,0,0
450275,2,1,0,0,4,0,0,0,0,0,0,0
450276,1,1,0,0,0,0,0,0,0,0,0,0
450276,2,1,0,0,0,0,0,0,0,0,0,0
450276,3,1,0,0,0,0,0,9,0,0,0,0
450277,1,1,0,0,0,0,0,0,0,0,0,0
450277,2,1,0,8,0,16,0,0,0,0,0,0
450278,0,1,31,31,31,31,31,31,31,31,31,31
450278,1,1,0,0,0,0,0,0,0,0,0,0
450278,2,1,0,0,0,0,0,0,0,0,0,0
450279,1,1,0,0,0,0,0,0,0,0,0,0
450279,2,1,0,0,0,0,0,0,0,0,15,0
450279,3,1,0,0,5,0,0,0,0,17,0,0
450280,1,1,23,23,23,23,23,23,23,23,23,23
450281,1,1,0,0,0,0,0,0,0,0,0,0
450281,2,1,0,0,0,0,0,0,0,0,0,0
450282,1,1,14,14,14,14,14,14,14,14,14,14
450283,1,1,20,20,20,20,20,20,20,20,20,20
450284,1,1,10,10,10,10,10,10,10,10,10,10
450285,1,1,0,0,0,0,0,0,0,0,0,0
450286,1,1,0,0,0,0,0,0,0,0,0,0
450286,2,1,0,0,0,0,0,0,0,0,0,0
450287,1,1,0,0,0,0,0,0,0,0,0,0
450288,1,1,16,16,16,16,16,16,16,16,16,16
450288,2,1,0,0,0,0,0,0,0,0,0,0
450289,1,1,16,0,0,0,0,0,0,0,0,0
450289,2,1,21,21,21,21,21,21,21,21,21,21
450290,1,1,0,0,0,0,0,0,0,0,0,0
450290,2,1,0,0,0,0,0,0,0,0,15,0
450290,3,1,0,0,0,0,0,0,0,0,0,0
450290,4,1,0,0,0,24,0,14,0,0,0,0
450291,1,1,17,0,0,0,9,0,0,0,0,0
450291,2,1,0,0,0,0,0,0,0,0,0,0
450292,1,1,0,25,27,9,22,11,9,25,25,12
450293,1,1,0,0,0,0,0,0,0,0,0,0
450293,2,1,16,0,0,0,0,0,0,27,0,0
450294,1,1,0,0,0,0,0,0,0,0,0,0
450295,1,1,9,9,9,9,9,9,9,9,9,9
450296,1,1,0,0,0,14,0,0,0,0,0,20
450297,1,1,20,20,20,20,20,20,20,20,20,20
450298,1,1,0,0,0,0,0,0,0,0,0,0
450298,2,1,0,0,0,0,0,0,0,0,0,0
450299,1,1,0,0,0,0,0,0,0,0,0,0
450299,2,1,0,0,0,0,0,0,0,0,0,0
450300,1,1,1,1,1,1,1,1,1,1,1,1
450300,2,1,20,20,20,20,20,20,20,20,20,20
450301,1,1,0,0,0,0,0,0,0,0,0,0
450302,1,1,23,23,23,23,23,23,23,23,23,23
450303,1,1,33,33,33,33,33,33,33,33,33,33
450303,2,1,15,10,11,8,28,17,10,13,8,29
450304,0,1,18,6,29,18,28,14,0,24,22,29
450304,1,1,27,0,0,19,0,0,0,0,0,0
450305,0,1,0,0,0,0,0,0,0,0,0,0
450305,1,1,0,13,0,0,0,0,0,0,0,0
450306,1,1,0,0,0,0,0,0,0,0,0,0
450306,2,1,19,19,19,19,19,19,19,19,19,19
450307,1,1,0,0,0,0,0,0,0,0,0,0
450307,2,1,15,15,15,15,15,15,15,15,15,15
450308,1,1,12,0,0,0,0,0,0,0,0,0
450308,2,1,19,19,19,19,19,19,19,19,19,19
450309,1,1,8,8,8,8,8,8,8,8,8,8
450310,1,1,0,0,0,0,0,0,0,0,0,0
450310,2,1,0,0,0,0,0,0,0,0,0,0
450311,0,1,0,0,0,0,0,0,0,0,0,0
450311,1,1,0,0,0,0,4,0,0,0,0,0
450312,1,1,0,0,0,0,0,0,0,0,0,0
450313,0,1,0,15,0,7,0,0,0,8,0,0
450313,1,1,0,0,0,25,0,0,0,0,0,0
450314,1,1,0,0,0,0,0,0,0,0,0,0
450314,2,1,0,0,0,0,0,0,0,0,0,0
450315,1,1,0,0,0,0,0,0,0,0,0,0
450315,2,1,20,15,10,0,9,0,0,18,0,0
450316,2,1,0,21,0,0,0,0,7,0,0,13
450317,2,1,20,20,20,20,20,20,20,20,20,20
450318,1,1,0,0,0,0,0,0,0,0,0,0
450318,2,1,12,12,12,12,12,12,12,12,12,12
450319,1,1,19,19,19,19,19,19,19,19,19,19
450320,1,1,30,30,30,30,30,30,30,30,30,30
450321,1,1,0,0,0,0,0,0,0,0,0,0
450321,2,1,0,0,0,0,0,0,0,0,0,0
450322,1,1,17,17,17,17,17,17,17,17,17,17
450323,1,1,0,0,0,0,0,0,0,0,0,0
450323,2,1,4,4,4,4,4,4,4,4,4,4
450324,1,1,0,0,0,0,0,0,22,0,0,0
450324,2,1,0,0,0,0,0,0,0,0,0,0
450325,1,1,0,0,0,0,0,0,0,0,0,0
450325,2,1,0,0,0,0,0,0,0,0,0,0
450326,1,1,0,0,0,0,0,0,0,0,0,0
450327,1,1,0,0,0,0,0,0,0,0,0,0
450327,2,1,0,0,0,0,0,0,0,0,0,0
450328,1,1,16,16,16,16,16,16,16,16,16,16
450328,2,1,0,0,0,0,0,0,0,0,0,0
450329,1,1,0,0,4,0,0,0,0,6,0,11
450330,1,1,30,30,30,30,30,30,30,30,30,30
450330,2,1,0,0,0,0,0,0,0,0,20,0
450331,1,1,16,16,16,16,16,16,16,16,16,16
450332,1,1,7,7,7,7,7,7,7,7,7,7
450333,1,1,0,0,0,0,0,0,0,0,0,0
450334,1,1,27,0,16,0,0,0,0,0,0,5
450335,1,1,18,18,18,18,18,18,18,18,18,18
450336,1,1,11,11,11,11,11,11,11,11,11,11
450337,1,1,17,17,17,17,17,17,17,17,17,17
450338,1,1,0,0,0,0,0,0,0,0,0,0
450338,2,1,0,0,0,0,0,0,0,0,0,0
450338,3,1,0,0,0,0,0,0,0,0,0,0
450338,4,1,0,0,0,0,0,0,0,0,0,0
450339,1,1,0,0,0,0,0,0,0,0,0,0
450340,1,1,0,0,0,0,26,0,0,10,0,0
450340,2,1,0,0,0,0,0,0,0,0,0,0
450341,0,1,28,28,28,28,28,28,28,28,28,28
450341,1,1,0,0,0,30,0,0,0,0,0,0
450342,1,1,19,11,0,28,10,0,2,19,16,0
450343,1,1,0,0,0,0,0,0,0,0,0,0
450343,2,1,0,20,0,0,0,15,0,14,0,0
450344,1,1,0,0,0,0,0,0,0,0,0,0
450345,1,1,0,0,0,0,0,0,24,0,0,0
450346,1,1,20,0,0,0,24,0,28,14,0,0
450347,1,1,0,0,0,0,0,0,0,0,0,0
450348,1,1,0,0,0,0,0,0,0,0,0,0
450349,1,1,6,6,6,6,6,6,6,6,6,6
450350,1,1,20,20,20,20,20,20,20,20,20,20
450351,1,1,11,11,11,11,11,11,11,11,11,11
450352,1,1,0,0,0,0,0,0,0,0,0,0
450352,2,1,0,0,0,0,0,0,0,0,0,0
450353,1,1,0,0,0,0,0,0,0,0,0,0
450353,2,1,0,0,0,0,0,0,0,0,0,0
450354,1,1,0,0,0,0,0,0,0,0,0,0
450354,2,1,0,0,0,0,0,0,0,0,0,0
450355,1,1,0,0,0,0,0,0,11,0,0,0
450356,0,1,26,26,26,26,26,26,26,26,26,26
450356,1,1,0,19,13,0,0,21,5,0,8,11
450357,1,1,0,0,0,0,0,0,0,0,0,0
450357,2,1,0,0,0,0,0,0,0,0,0,0
450358,1,1,0,0,0,0,0,0,0,0,0,0
450359,0,1,0,0,11,25,0,17,5,0,0,10
450359,1,1,0,6,0,0,0,0,0,0,0,0
450360,1,1,0,0,4,16,0,0,27,14,22,10
450361,1,1,13,13,13,13,13,13,13,13,13,13
450362,1,1,31,16,22,0,14,0,0,0,19,16
450363,1,1,0,0,0,0,0,0,0,0,0,0
450364,1,1,0,0,0,0,0,0,0,0,0,0
450365,1,1,0,12,0,0,0,0,0,17,0,0
450365,2,1,5,5,5,5,5,5,5,5,5,5
450365,3,1,0,0,0,16,0,17,0,0,0,0
450365,4,1,0,0,0,0,0,0,0,0,0,0
450366,0,1,12,19,0,14,0,0,12,25,12,0
450366,1,1,0,0,0,0,0,0,0,0,0,0
450367,1,1,0,0,0,0,0,0,0,0,0,0
450367,2,1,0,0,0,0,0,0,0,0,0,0
450369,1,1,5,5,5,5,5,5,5,5,5,5
450370,1,1,0,15,0,0,0,0,0,0,0,0
450370,2,1,0,0,0,0,0,0,0,0,0,0
450371,1,1,13,13,13,13,13,13,13,13,13,13
450372,1,1,0,0,0,0,0,0,0,0,0,0
450373,1,1,27,27,27,27,27,27,27,27,27,27
450374,1,1,0,0,0,0,0,0,0,0,0,0
450374,2,1,0,0,0,0,0,0,0,0,0,0
450375,1,1,23,30,6,6,14,9,12,11,12,17
450376,1,1,0,0,0,0,0,0,0,0,0,0
450376,2,1,0,0,0,0,0,0,0,0,0,0
450376,3,1,0,0,0,0,0,0,0,0,0,0
450377,1,1,0,0,0,0,0,0,0,0,0,0
450378,1,1,0,0,0,0,0,0,0,0,0,0
450378,2,1,23,23,23,23,23,23,23,23,23,23
450379,1,1,15,15,15,15,15,15,15,15,15,15
450380,0,1,0,0,0,0,0,19,0,0,0,0
450380,0,2,0,0,0,0,0,0,0,0,0,0
450380,1,1,0,0,0,0,0,0,0,0,0,0
450380,2,1,0,0,0,0,0,33,0,0,0,0
450381,1,1,0,0,0,0,0,0,0,0,0,0
450381,2,1,0,0,0,0,0,0,0,0,0,0
450382,0,1,0,0,0,0,0,0,0,0,0,0
450382,1,1,0,0,0,0,9,0,0,0,0,0
450382,2,1,0,0,0,0,0,0,0,0,0,0
450383,0,1,22,22,22,22,22,22,22,22,22,22
450383,1,1,0,0,0,0,0,0,12,0,0,0
450383,2,1,0,7,0,0,0,0,0,0,0,0
450384,0,1,0,0,0,0,0,0,0,0,0,0
450384,1,1,0,0,0,0,0,0,0,0,0,0
450385,1,1,15,15,15,15,15,15,15,15,15,15
450386,1,1,0,0,0,0,0,0,0,0,0,0
450386,2,1,0,0,0,0,0,0,0,0,0,0
450387,1,1,13,24,19,12,0,4,18,16,15,15
450387,2,1,0,0,0,5,14,0,0,0,0,0
450387,3,1,0,0,0,0,0,0,0,0,0,0
450388,1,1,0,0,0,0,0,0,0,0,0,0
450389,0,1,0,0,0,0,0,0,0,0,0,0
450389,1,1,0,0,0,0,0,0,0,0,0,0
450390,0,1,0,0,0,0,0,0,0,0,0,0
450390,1,1,31,0,0,0,0,0,0,0,0,0
450391,1,1,0,0,0,0,0,0,0,0,0,0
450392,1,1,0,0,0,0,0,0,0,0,0,0
450393,1,1,0,0,0,0,0,0,0,0,0,0
450394,1,1,0,9,0,0,0,14,0,0,0,0
450394,2,1,4,0,0,0,19,0,0,0,0,0
450395,1,1,0,0,0,0,0,0,0,0,0,0
450395,2,1,0,0,0,0,0,0,0,0,0,0
450396,1,1,0,0,0,0,0,0,0,0,0,0
450397,1,1,0,0,0,0,21,0,0,0,0,0
450398,1,1,0,0,0,8,0,0,0,0,0,0
450398,2,1,0,0,0,0,0,0,0,0,0,0
450399,1,1,19,19,19,19,19,19,19,19,19,19
450399,2,1,0,0,0,0,0,0,0,0,0,0
450400,1,1,0,0,10,0,0,0,0,0,0,0
450400,2,1,0,0,0,0,0,0,0,0,0,0
450401,1,1,0,0,0,0,0,0,0,0,0,0
450402,0,1,18,18,18,18,18,18,18,18,18,18
450402,1,1,0,0,0,0,0,0,0,0,0,6
450403,0,1,33,33,33,33,33,33,33,33,33,33
450403,1,1,0,0,0,0,0,0,0,0,0,0
450404,1,1,15,15,15,15,15,15,15,15,15,15
450404,2,1,0,0,0,0,0,0,0,0,0,0
450405,0,1,0,0,0,0,0,0,0,0,0,0
450405,2,1,0,0,0,0,0,0,0,0,0,0
450406,1,1,14,14,14,14,14,14,14,14,14,14
450407,1,1,14,14,14,14,14,14,14,14,14,14
450407,2,1,0,0,0,0,0,0,0,0,0,0
450408,0,1,0,0,0,0,0,0,0,0,0,0
450408,1,1,0,0,0,0,0,0,0,0,0,0
450409,1,1,0,0,0,0,0,0,0,0,0,0
450410,1,1,0,0,0,0,0,0,0,0,0,0
450411,2,1,21,21,21,21,21,21,21,21,21,21
450412,1,1,0,0,0,0,0,0,0,0,0,0
450412,2,1,0,0,0,0,0,0,0,0,0,0
450413,1,1,0,0,0,0,0,0,0,0,0,0
450413,2,1,14,14,14,14,14,14,14,14,14,14
450414,0,1,0,0,0,0,0,0,0,0,0,0
450414,1,1,0,0,0,0,0,0,0,0,0,0
450415,1,1,0,0,0,0,0,0,0,0,0,0
450415,2,1,0,0,0,0,0,0,0,0,0,0
450416,1,1,20,33,21,11,17,19,28,23,35,22
450417,1,1,0,0,0,0,0,0,0,0,0,0
450417,2,1,0,0,0,0,0,0,0,10,0,0
450418,1,1,0,0,0,0,18,0,0,0,0,0
450419,1,1,0,0,0,0,0,0,0,0,0,0
450420,1,1,22,22,22,22,22,22,22,22,22,22
450421,1,1,0,0,0,0,0,0,0,0,0,0
450421,2,1,30,0,0,0,0,0,0,0,17,0
450422,1,1,0,8,0,0,0,0,11,14,6,0
450423,1,1,0,0,0,0,14,0,0,0,0,0
450423,2,1,12,12,12,12,12,12,12,12,12,12
450424,1,1,0,0,0,0,0,0,0,0,0,0
450424,2,1,0,0,0,0,0,0,0,0,0,0
450425,0,1,17,26,29,11,22,32,14,12,26,12
450425,1,1,0,0,0,15,0,0,0,0,0,25
450426,1,1,0,0,0,0,0,0,0,0,0,0
450426,2,1,0,0,0,0,0,0,0,0,0,0
450427,1,1,0,0,0,0,0,0,21,0,0,0
450428,1,1,0,0,0,0,0,0,0,0,0,0
450429,1,1,0,0,0,0,0,0,0,0,5,0
450430,1,1,22,22,22,22,22,22,22,22,22,22
450430,2,1,0,0,0,0,0,0,0,0,0,0
450431,1,1,31,31,31,31,31,31,31,31,31,31
450432,1,1,0,0,0,0,0,0,0,0,0,0
450432,2,1,1,1,1,1,1,1,1,1,1,1
450433,1,1,13,13,13,13,13,13,13,13,13,13
450434,1,1,0,0,0,0,0,0,0,0,0,0
450435,1,1,0,0,0,0,0,0,0,0,0,0
450436,1,1,15,15,15,15,15,15,15,15,15,15
450437,1,1,0,0,0,0,0,0,0,0,0,0
450437,2,1,14,14,14,14,14,14,14,14,14,14
450438,1,1,0,0,0,0,15,0,0,0,0,0
450439,0,1,31,0,0,14,0,5,0,0,13,0
450439,1,1,0,0,0,0,25,0,0,0,0,0
450440,1,1,0,0,0,0,0,0,0,0,0,0
450440,2,1,10,10,10,10,10,10,10,10,10,10
450441,0,1,0,0,0,0,0,0,0,0,0,0
450441,1,1,0,17,0,0,0,0,0,0,0,0
450442,1,1,16,16,16,16,16,16,16,16,16,16
450443,1,1,21,21,21,21,21,21,21,21,21,21
450444,1,1,8,8,8,8,8,8,8,8,8,8
450445,1,1,0,0,0,0,0,0,0,0,0,0
450446,0,1,0,0,0,26,0,0,18,0,0,0
450446,1,1,0,0,0,0,0,0,0,0,0,0
450447,1,1,0,0,0,0,0,0,0,0,0,0
450448,1,1,0,0,0,0,0,0,0,0,0,0
450448,2,1,0,0,0,0,0,0,0,0,0,0
450448,3,1,0,0,0,0,0,0,0,0,0,0
450448,4,1,0,0,0,0,0,0,0,0,0,0
450448,5,1,0,0,0,0,0,0,0,0,0,15
450448,6,1,0,0,0,0,0,0,0,0,0,0
450448,7,1,0,0,0,0,0,0,0,0,0,0
450448,8,1,0,0,0,0,0,0,0,0,0,0
450448,9,1,0,0,0,0,0,0,0,0,0,0
450449,1,1,7,0,4,0,0,0,0,0,9,0
450449,2,1,20,20,20,20,20,20,20,20,20,20
450450,0,1,5,5,5,5,5,5,5,5,5,5
450450,1,1,0,0,0,0,0,0,0,0,0,0
450451,1,1,0,0,0,0,0,0,0,0,18,0