ST_CASE,VEH_NO,PER_NO,P1,P2,P3,P4,P5,P6,P7,P8,P9,P10
450753,2,1,0,0,0,0,0,0,0,0,0,0
450754,1,1,0,0,0,0,0,0,0,0,0,0
450754,2,1,0,0,0,0,0,0,0,0,0,14
450755,1,1,0,0,0,0,0,0,0,0,0,0
450755,2,1,0,0,0,0,0,0,0,0,0,0
450756,0,1,16,16,16,16,16,16,16,16,16,16
450756,1,1,0,0,0,0,0,0,0,0,0,0
450757,1,1,0,0,0,0,0,0,0,0,0,0
450757,2,1,0,0,0,0,0,0,0,0,0,0
450758,0,1,0,0,0,0,0,0,0,0,0,0
450758,1,1,0,0,0,0,0,0,0,0,0,0
450759,1,1,0,0,0,0,0,15,0,0,0,0
450760,1,1,20,0,31,0,0,0,0,0,0,0
450760,2,1,0,0,0,0,0,0,0,0,0,0
450761,1,1,7,7,7,7,7,7,7,7,7,7
450762,1,1,0,0,11,0,0,0,0,0,0,0
450762,2,1,0,23,9,19,0,15,0,0,0,0
450763,1,1,0,0,0,0,0,0,0,0,0,0
450763,2,1,16,16,16,16,16,16,16,16,16,16
450764,1,1,0,0,0,0,0,0,0,0,0,0
450764,2,1,18,18,18,18,18,18,18,18,18,18
450765,1,1,0,0,0,0,0,0,0,0,0,0
450765,2,1,1,1,1,1,1,1,1,1,1,1
450766,0,1,40,6,21,0,0,9,16,0,16,0
450766,2,1,0,0,0,0,0,0,0,0,0,0
450767,1,1,0,0,0,0,0,0,0,0,0,0
450767,2,1,0,0,0,0,0,0,0,0,0,0
450767,3,1,0,0,0,0,0,0,0,0,20,0
450767,4,1,0,0,0,0,0,0,0,0,0,0
450767,5,1,0,0,0,0,0,0,0,0,0,0
450767,6,1,0,0,0,0,0,0,0,0,0,0
450767,7,1,0,0,0,0,0,0,0,20,0,0
450767,8,1,0,0,0,0,0,0,0,0,0,0
450768,1,1,0,0,0,23,0,0,0,0,0,0
450768,2,1,0,0,0,0,0,10,8,0,0,0
450768,3,1,0,0,0,0,0,0,0,0,0,0
450769,1,1,0,0,0,0,0,0,0,0,0,0
450770,1,1,0,0,0,0,0,0,0,0,0,0
450770,2,1,0,0,0,0,0,0,0,0,0,0
450770,3,1,0,0,0,0,0,0,0,0,0,0
450771,1,1,0,0,0,0,0,0,0,0,0,0
450771,2,1,0,0,0,0,0,0,0,0,0,0
450772,1,1,8,8,8,8,8,8,8,8,8,8
450773,1,1,24,24,24,24,24,24,24,24,24,24
450773,2,1,0,0,0,0,9,0,0,0,0,0
450774,1,1,0,0,0,0,0,0,3,0,0,0
450774,2,1,28,28,28,28,28,28,28,28,28,28
450775,1,1,0,27,13,0,0,0,13,5,0,19
450776,1,1,0,0,0,0,0,0,0,0,0,0
450776,2,1,0,0,0,0,0,0,0,0,0,0
450777,1,1,0,0,0,0,0,0,0,0,0,0
450778,0,1,17,17,17,17,17,17,17,17,17,17
450778,1,1,0,0,0,0,0,0,0,0,13,0
450780,1,1,0,0,0,0,0,0,0,0,0,0
450781,1,1,0,0,0,0,0,0,0,0,0,0
450781,2,1,0,0,0,0,0,0,0,0,0,0
450782,1,1,0,0,0,0,0,0,0,0,0,0
450782,2,1,0,0,0,0,0,0,23,0,14,0
450782,3,1,0,0,0,0,0,0,0,0,0,0
450783,1,1,0,0,0,0,5,0,0,0,0,0
450783,2,1,0,0,0,0,0,0,0,0,0,0
450784,1,1,0,0,0,25,11,25,0,0,0,0
450785,1,1,23,23,23,23,23,23,23,23,23,23
450786,0,1,0,0,0,0,0,0,0,0,0,0
450786,1,1,0,0,0,0,0,0,0,0,0,16
450787,1,1,0,0,0,0,0,0,0,0,0,0
450787,2,1,0,0,0,0,0,0,0,0,0,0
450788,1,1,0,0,0,0,0,0,0,10,0,0
450788,2,1,0,0,0,0,0,0,0,0,0,0
450788,3,1,0,0,0,23,0,0,0,0,0,0
450789,0,1,21,21,21,21,21,21,21,21,21,21
450789,1,1,0,0,0,0,0,0,0,0,10,0
450790,1,1,15,15,15,15,15,15,15,15,15,15
450790,2,1,0,0,0,0,0,0,9,0,0,0
450791,1,1,0,0,0,0,0,0,0,0,0,0
450791,2,1,0,0,0,0,0,0,0,0,0,0
450791,3,1,0,0,0,0,0,0,0,0,0,0
450792,1,1,22,22,22,22,22,22,22,22,22,22
450792,2,1,0,0,0,0,0,0,0,0,0,0
450793,1,1,16,16,16,16,16,16,16,16,16,16
450794,1,1,0,0,0,0,0,0,0,0,0,0
450794,2,1,0,0,0,0,0,0,0,0,0,0
450795,1,1,0,0,0,0,0,0,0,0,0,0
450796,0,1,19,19,19,19,19,19,19,19,19,19
450796,1,1,0,0,0,0,0,0,0,0,0,0
450796,2,1,0,0,0,0,0,0,0,0,0,0
450797,1,1,0,0,0,0,0,0,0,0,0,0
450798,1,1,0,0,0,0,11,24,21,0,0,11
450799,1,1,0,0,0,0,0,0,0,0,0,0
450799,2,1,0,0,0,0,9,0,0,0,0,0
450800,0,1,29,29,29,29,29,29,29,29,29,29
450800,1,1,0,0,0,0,0,0,0,0,0,0
450801,1,1,10,24,0,0,13,0,7,0,0,50
450801,2,1,0,0,0,0,0,0,0,0,0,0
450802,1,1,0,0,0,0,0,0,0,0,0,0
450802,2,1,0,0,0,0,0,0,0,0,0,0
450803,1,1,0,0,21,0,0,0,0,0,0,0
450803,2,1,0,0,0,0,0,0,0,0,0,0
450803,3,1,0,0,0,0,0,0,16,0,0,0
450804,0,1,0,0,0,0,0,0,0,0,0,0
450804,1,1,0,0,0,0,0,0,0,0,0,0
450805,0,1,24,24,24,24,24,24,24,24,24,24
450805,1,1,0,0,0,0,0,0,0,0,0,0
450806,1,1,8,8,8,8,8,8,8,8,8,8
450806,2,1,0,0,0,0,0,0,0,0,0,0
450807,1,1,16,16,16,16,16,16,16,16,16,16
450808,0,1,24,24,24,24,24,24,24,24,24,24
450808,1,1,0,14,0,0,0,13,0,0,0,0
450809,0,1,17,25,18,10,19,26,15,20,2,23
450809,1,1,0,0,0,0,0,0,0,0,0,0
450810,1,1,0,0,0,0,0,0,0,0,0,0
450810,2,1,0,0,0,0,0,0,0,0,0,0
450810,3,1,0,0,0,0,0,0,0,0,0,0
450811,1,1,0,0,0,0,0,0,0,0,0,14
450812,1,1,0,0,4,0,33,19,21,0,0,15
450814,1,1,20,20,20,20,20,20,20,20,20,20
450815,1,1,0,0,0,0,0,0,0,0,0,0
450816,1,1,0,0,0,0,0,14,0,0,0,0
450817,0,1,19,19,19,19,19,19,19,19,19,19
450817,1,1,0,0,0,0,0,0,0,0,0,0
450818,1,1,0,0,0,0,0,0,0,0,0,0
450818,2,1,0,0,0,0,0,0,0,0,0,10
450818,3,1,0,0,0,0,0,0,0,0,0,0
450819,1,1,0,20,12,0,0,0,26,0,0,0
450819,2,1,0,0,0,0,0,0,0,0,0,0
450820,1,1,0,0,0,0,0,0,0,0,0,0
450820,2,1,0,0,0,0,0,0,0,0,0,0
450821,1,1,0,0,0,0,0,0,0,0,0,0
450821,2,1,19,19,19,19,19,19,19,19,19,19
450822,0,1,0,0,0,0,19,0,0,9,6,0
450822,1,1,0,0,0,0,0,0,0,22,0,0
450823,1,1,14,25,22,21,18,8,27,0,23,14
450824,1,1,0,0,0,0,0,0,0,0,0,0
450824,2,1,0,0,0,0,0,0,0,0,0,0
450825,0,1,15,15,15,15,15,15,15,15,15,15
450825,1,1,0,0,0,0,27,0,0,8,0,11
450825,2,1,0,0,0,0,0,0,0,0,0,0
450826,1,1,0,0,0,0,0,0,0,0,0,0
450826,2,1,0,0,0,0,0,0,0,0,0,0
450827,0,1,0,0,0,0,0,0,0,0,8,0
450827,0,2,0,0,0,0,42,0,0,0,0,0
450827,0,3,0,0,0,0,0,0,0,0,0,0
450827,2,1,20,20,20,20,20,20,20,20,20,20
450828,1,1,21,21,21,21,21,21,21,21,21,21
450829,1,1,0,0,0,0,0,0,0,0,0,0
450830,1,1,0,0,0,0,0,0,0,0,0,0
450830,2,1,0,0,0,0,0,0,0,0,0,0
450830,3,1,0,0,0,0,0,0,0,0,0,0
450831,1,1,19,19,19,19,19,19,19,19,19,19
450831,2,1,0,0,0,0,11,0,0,0,0,0
450832,1,1,0,0,0,0,0,0,41,0,0,0
450833,1,1,0,0,0,0,0,0,0,0,0,0
450833,2,1,0,0,0,0,0,0,0,0,0,0
450834,1,1,15,0,23,0,26,27,0,15,5,0
450835,1,1,0,0,0,0,0,0,0,0,0,0
450836,1,1,0,0,0,0,0,0,0,0,0,0
450836,2,1,0,0,0,0,0,0,0,0,0,0
450837,0,1,21,31,18,10,0,30,5,0,10,0
450837,1,1,0,0,0,0,0,0,0,0,0,0
450838,1,1,0,0,0,0,0,0,0,0,0,0
450838,2,1,0,0,0,0,0,0,0,0,0,0
450839,0,1,0,0,0,0,0,0,0,0,0,0
450839,1,1,0,0,0,0,0,0,0,0,0,0
450840,1,1,0,0,0,0,0,0,0,0,0,0
450841,1,1,0,0,0,0,0,0,0,0,0,0
450842,1,1,0,0,0,0,0,0,0,0,0,0
450842,2,1,0,0,0,0,0,0,0,0,0,0
450843,1,1,0,0,0,0,0,0,0,0,0,0
450843,2,1,0,0,0,0,0,0,0,0,0,0
450844,1,1,0,0,0,0,0,0,0,0,0,0
450844,2,1,21,21,21,21,21,21,21,21,21,21
450844,3,1,3,3,3,3,3,3,3,3,3,3
450845,1,1,16,12,22,10,16,5,34,19,19,27
450845,2,1,25,25,25,25,25,25,25,25,25,25
450846,1,1,0,0,0,0,0,33,0,0,0,0
450846,2,1,20,0,0,0,0,0,0,0,0,0
450847,1,1,0,0,0,0,18,0,0,0,0,0
450847,2,1,0,0,0,0,0,0,0,0,0,0
450848,1,1,0,0,0,0,0,22,0,0,0,0
450848,2,1,0,0,0,0,0,0,0,17,12,0
450849,1,1,0,0,0,0,0,0,0,0,0,0
450849,2,1,0,0,0,0,0,0,0,0,0,0
450850,1,1,0,0,0,0,0,0,0,0,0,0
450850,2,1,0,0,0,0,15,0,0,0,0,26
450851,0,1,0,0,0,0,0,0,0,0,0,0
450851,1,1,0,0,0,0,0,0,0,0,0,0
450852,0,1,21,0,0,0,0,0,0,0,14,20
450852,1,1,1,1,1,1,1,1,1,1,1,1
450853,1,1,0,0,0,0,0,16,0,28,0,0
450854,2,1,0,0,0,0,0,0,0,0,0,0
450854,3,1,0,0,0,0,0,0,0,0,0,0
450855,1,1,0,0,15,0,0,0,0,0,0,0
450855,2,1,0,0,0,0,0,0,0,0,0,25
450856,1,1,0,0,0,0,0,0,0,0,0,0
450856,2,1,0,0,0,0,0,0,0,0,0,0
450857,0,1,0,0,0,0,0,0,0,0,0,0
450857,1,1,0,0,0,0,0,0,0,0,0,0
450857,2,1,0,0,0,0,0,0,0,16,0,0
450858,0,1,30,30,30,30,30,30,30,30,30,30
450858,1,1,0,0,22,0,0,0,11,0,0,13
450859,1,1,0,0,0,0,0,0,0,0,0,0
450860,1,1,0,0,0,0,0,0,0,0,0,0
450861,1,1,0,0,0,0,0,0,0,0,0,0
450861,2,1,17,17,17,17,17,17,17,17,17,17
450862,0,1,0,0,0,32,0,32,22,12,0,0
450862,1,1,0,0,0,0,0,0,0,0,0,0
450863,0,1,0,0,0,0,0,0,0,0,0,0
450863,1,1,0,0,0,0,0,0,0,0,0,0
450864,1,1,13,13,13,13,13,13,13,13,13,13
450865,1,1,22,22,22,22,22,22,22,22,22,22
450866,1,1,0,0,0,0,0,0,0,0,0,0
450866,2,1,23,12,14,0,10,18,16,21,12,23
450867,1,1,0,0,0,0,11,0,0,0,0,0
450868,1,1,20,20,20,20,20,20,20,20,20,20
450868,2,1,0,0,0,0,0,0,0,0,0,0
450869,1,1,0,0,0,0,0,0,0,0,0,0
450869,2,1,0,0,0,0,0,0,0,0,0,0
450870,1,1,0,0,0,0,0,0,0,0,0,0
450871,0,1,0,0,24,0,0,0,0,0,0,0
450871,2,1,11,0,0,11,10,0,10,0,0,0
450872,1,1,9,0,0,0,0,0,0,0,0,0
450872,2,1,19,19,19,19,19,19,19,19,19,19
450873,1,1,0,0,0,0,0,0,0,0,0,0
450873,2,1,30,30,30,30,30,30,30,30,30,30
450874,1,1,0,0,8,0,0,0,0,0,0,0
450875,1,1,0,0,0,0,0,0,0,0,0,0
450875,2,1,0,12,0,0,0,0,0,0,0,0
450876,1,1,0,0,0,0,0,0,0,0,0,0
450876,2,1,0,0,0,0,0,0,0,0,0,0
450877,1,1,23,19,33,0,10,25,26,24,28,30
450877,2,1,15,15,15,15,15,15,15,15,15,15
450878,1,1,0,0,0,0,0,0,0,0,0,0
450879,1,1,0,0,0,0,0,13,0,0,0,0
450880,1,1,0,0,0,0,0,0,0,0,0,0
450881,2,1,0,0,0,0,0,0,0,0,0,0
450881,3,1,13,23,17,16,16,20,19,14,23,9
450882,0,1,16,0,0,24,8,25,18,0,25,25
450882,1,1,0,0,0,0,0,0,9,0,0,0
450882,2,1,0,0,0,0,0,0,0,0,0,0
450883,1,1,8,11,25,19,19,15,4,0,5,8
450884,0,1,0,0,0,0,0,0,0,0,0,0
450884,1,1,0,0,23,0,11,17,0,0,0,0
450885,1,1,0,0,0,0,0,0,0,0,0,0
450886,1,1,0,0,0,0,0,0,0,0,0,0
450887,1,1,0,0,0,0,0,0,0,0,0,0
450887,2,1,0,0,0,0,0,0,0,0,0,0
450887,3,1,0,20,0,0,0,0,0,0,0,0
450888,1,1,0,0,0,0,0,8,0,0,11,0
450889,1,1,0,0,15,0,0,0,0,0,0,0
450890,1,1,0,0,0,0,0,0,0,0,0,0
450890,2,1,13,13,13,13,13,13,13,13,13,13
450891,1,1,0,0,0,0,0,0,0,0,0,0
450891,2,1,0,0,0,0,0,0,0,0,0,0
450892,0,1,6,6,6,6,6,6,6,6,6,6
450892,1,1,0,0,0,0,0,0,0,0,0,0
450892,2,1,0,22,28,0,0,0,0,48,0,0
450893,1,1,24,24,24,24,24,24,24,24,24,24
450894,1,1,0,0,0,0,0,0,0,0,0,0
450894,2,1,0,0,0,0,0,0,0,0,0,0
450895,1,1,0,0,0,0,0,0,0,0,0,0
450895,2,1,0,0,0,0,0,0,24,0,0,0
450896,0,1,0,0,0,0,0,0,0,0,0,0
450896,0,2,0,0,0,0,0,0,0,0,0,0
450896,1,1,0,0,0,7,0,0,0,23,0,0
450897,1,1,0,0,0,0,0,0,0,0,0,0
450897,2,1,0,0,0,0,0,0,0,0,0,0
450898,1,1,18,18,18,18,18,18,18,18,18,18
450899,1,1,0,0,0,0,0,0,0,0,0,0
450899,2,1,0,0,0,0,0,0,0,0,0,0
450900,1,1,13,13,13,13,13,13,13,13,13,13
450901,0,1,0,0,0,0,0,0,0,0,0,0
450901,1,1,0,0,0,0,0,0,15,0,15,28
450902,1,1,0,0,0,0,0,0,0,0,0,0
450902,2,1,0,10,0,0,0,0,0,0,0,0
450903,1,1,0,0,0,0,0,0,0,0,0,0
450903,2,1,0,0,0,0,0,0,0,0,0,0
450904,1,1,0,0,0,0,0,0,0,0,0,5
450904,2,1,0,0,0,0,0,0,0,0,0,12
450904,3,1,0,0,0,0,0,0,0,0,0,0
450905,0,1,0,0,0,0,0,0,0,0,0,0
450905,1,1,0,0,0,0,0,0,0,0,0,0
450906,1,1,0,0,18,28,10,0,0,19,0,0
450907,1,1,0,0,0,0,0,0,0,0,0,0
450907,2,1,0,0,0,0,0,0,16,7,20,0
450907,3,1,0,0,0,0,0,0,0,0,0,0
450908,1,1,0,0,0,0,0,0,0,0,0,0
450908,2,1,12,12,12,12,12,12,12,12,12,12
450909,1,1,0,0,0,0,0,0,0,0,0,0
450909,2,1,0,0,0,0,0,12,0,0,0,0
450910,1,1,0,0,0,0,0,0,0,0,0,0
450910,2,1,0,0,0,0,0,0,0,0,0,0
450910,3,1,0,0,0,0,0,0,0,0,0,9
450911,1,1,0,0,0,0,0,0,0,0,0,0
450912,1,1,0,0,0,0,0,0,0,0,0,0
450912,2,1,0,0,0,0,0,0,0,0,0,0
450913,1,1,0,0,10,22,0,0,0,0,0,0
450913,2,1,0,0,0,0,0,0,0,0,0,0
450914,1,1,0,0,0,0,0,0,0,0,0,0
450914,2,1,0,0,0,8,0,24,0,0,0,0
450915,1,1,10,10,10,10,10,10,10,10,10,10
450916,1,1,0,0,0,0,0,0,0,0,0,0
450916,2,1,0,0,0,0,0,0,0,0,0,0
450917,1,1,0,0,0,0,0,0,0,0,0,0
450917,2,1,0,0,0,0,0,0,0,0,0,0
450918,0,1,0,0,0,0,0,0,0,0,0,0
450918,1,1,0,0,0,0,0,0,0,0,0,0
450918,2,1,0,0,0,0,0,0,0,0,0,0
450919,0,1,0,0,0,0,0,0,0,0,0,0
450919,1,1,0,0,0,0,0,0,0,0,0,0
450920,1,1,0,0,0,0,0,0,0,0,0,0
450921,0,1,0,0,0,0,0,0,0,0,0,0
450921,1,1,0,0,0,0,0,0,0,0,0,19
450922,1,1,0,0,0,0,0,0,0,0,0,0
450923,1,1,0,0,0,0,0,0,0,0,0,0
450923,2,1,0,0,0,0,0,1,0,0,0,0
450924,1,1,0,38,0,0,0,0,0,0,0,0
450925,1,1,0,0,0,0,0,0,0,0,0,23
450925,2,1,28,0,0,0,0,0,0,0,15,13
450926,1,1,12,12,12,12,12,12,12,12,12,12
450926,2,1,14,14,14,14,14,14,14,14,14,14
450927,1,1,0,0,0,0,10,0,0,0,0,0
450928,1,1,0,0,0,0,0,0,0,0,0,0
450928,2,1,0,0,0,0,0,0,0,0,0,0
450929,1,1,21,9,16,15,13,9,12,10,15,16
450929,2,1,0,0,0,0,0,0,0,0,0,0
450930,1,1,0,0,0,0,0,0,0,0,0,0
450930,2,1,0,0,0,0,0,0,0,0,0,0
450931,1,1,15,15,15,15,15,15,15,15,15,15
450932,0,1,0,0,0,0,0,0,0,0,0,0
450932,1,1,0,0,0,0,0,0,0,0,0,0
450933,1,1,0,0,0,19,0,0,0,12,0,0
450934,1,1,0,0,0,0,0,0,0,0,0,0
450935,0,1,13,0,0,0,0,19,0,0,40,0
450935,1,1,0,0,0,0,0,0,0,0,0,0
450936,1,1,18,18,18,18,18,18,18,18,18,18
450936,2,1,0,0,0,0,0,0,0,0,0,0
450937,1,1,0,0,0,16,0,0,20,0,19,0
450938,1,1,0,0,0,0,0,0,0,0,0,0
450938,2,1,0,0,0,0,0,0,0,0,0,0
450939,1,1,0,0,2,0,0,0,0,0,0,0
450939,2,1,25,25,25,25,25,25,25,25,25,25
450940,1,1,22,22,22,22,22,22,22,22,22,22
450941,1,1,14,10,11,0,18,14,0,28,9,26
450942,1,1,0,0,0,0,0,0,0,0,0,0
450942,2,1,11,11,11,11,11,11,11,11,11,11
450943,1,1,28,28,28,28,28,28,28,28,28,28
450944,1,1,0,0,0,14,0,0,0,0,0,0
450944,2,1,0,0,0,0,0,0,0,0,0,0
450945,1,1,0,0,0,0,0,0,0,0,0,0
450946,0,1,15,7,18,0,6,30,0,0,24,0
450946,1,1,0,0,0,0,0,0,0,0,0,0
450947,0,1,0,0,0,0,0,0,0,0,0,0
450947,1,1,0,0,0,0,0,0,0,0,0,0
450948,1,1,12,18,16,21,20,17,19,0,16,28
450949,1,1,0,0,0,0,0,0,0,0,0,0
450949,2,1,0,0,0,0,0,0,0,0,0,0
450950,0,1,0,0,0,0,0,0,0,0,0,0
450950,1,1,0,0,0,0,0,0,0,0,0,0
450950,2,1,0,0,0,0,0,0,0,0,0,18
450951,1,1,28,28,28,28,28,28,28,28,28,28
450952,1,1,13,13,13,13,13,13,13,13,13,13
450952,2,1,15,15,15,15,15,15,15,15,15,15
450953,0,1,0,0,0,0,0,0,0,0,0,0
450953,1,1,19,3,0,0,0,0,0,0,0,0
450954,1,1,0,0,0,35,0,17,0,28,22,0
450955,1,1,23,23,23,23,23,23,23,23,23,23
450956,0,1,0,0,0,0,0,0,0,0,0,0
450956,1,1,0,0,0,0,0,0,0,0,0,0
450957,0,1,23,23,23,23,23,23,23,23,23,23
450957,1,1,12,0,0,0,0,0,0,0,0,0
450958,1,1,10,10,10,10,10,10,10,10,10,10
450959,0,1,29,29,29,29,29,29,29,29,29,29
450959,1,1,0,0,0,0,0,0,0,0,0,0
450960,1,1,0,0,0,0,0,0,0,0,0,0
450960,2,1,0,28,0,0,0,0,0,19,0,0
450960,3,1,6,0,0,20,0,0,0,0,0,0
450960,4,1,0,0,0,0,0,0,0,0,0,0
450961,1,1,0,0,0,0,0,0,0,0,0,0
450962,1,1,0,0,0,14,0,0,0,0,0,3
450962,2,1,0,0,0,20,0,16,0,0,0,0
450963,0,1,0,0,0,0,0,0,0,0,0,0
450963,1,1,0,0,0,0,0,0,0,0,0,0
450964,0,1,20,20,20,20,20,20,20,20,20,20
450964,1,1,0,0,0,21,0,0,0,0,0,0
450965,1,1,19,19,19,19,19,19,19,19,19,19
450966,1,1,0,0,0,0,0,0,0,0,0,0
450966,2,1,0,0,0,0,0,0,0,0,0,0
450967,1,1,18,18,18,18,18,18,18,18,18,18
450967,2,1,0,0,0,0,0,0,0,0,0,0
450968,1,1,0,0,0,0,0,0,0,0,0,0
450968,2,1,0,0,0,0,0,0,0,0,0,0
450969,1,1,23,23,23,23,23,23,23,23,23,23
450970,1,1,0,0,0,0,0,0,0,0,0,0
450970,2,1,0,0,0,0,0,0,0,0,0,0
450971,1,1,0,0,0,0,0,0,0,0,0,0
450972,0,1,12,12,12,12,12,12,12,12,12,12
450972,1,1,0,0,0,0,0,0,0,0,0,0
450972,2,1,0,0,0,0,0,0,0,0,0,0
450973,0,1,16,16,16,16,16,16,16,16,16,16
450973,1,1,0,0,0,0,0,0,0,0,0,0
450974,1,1,17,17,17,17,17,17,17,17,17,17
450975,0,1,14,14,14,14,14,14,14,14,14,14
450975,0,2,0,0,0,0,0,0,0,0,0,0
450975,1,1,0,0,0,0,0,0,0,0,0,12
450975,2,1,0,0,0,0,0,0,0,21,0,0
450976,1,1,0,0,0,0,0,0,0,0,0,0
450977,1,1,0,0,0,0,0,0,0,0,0,0
450978,1,1,0,0,0,0,0,0,0,0,0,0
450979,0,1,0,0,0,0,0,0,0,0,0,0
450979,1,1,0,0,0,0,0,0,0,0,0,0
450980,0,1,7,7,7,7,7,7,7,7,7,7
450980,1,1,0,0,0,0,0,0,0,0,0,0
450980,2,1,0,0,0,0,0,0,0,0,0,0
450981,1,1,0,0,0,0,0,0,0,0,0,0
450981,2,1,0,0,0,0,0,0,0,0,0,0
450982,0,1,0,39,0,17,25,8,0,23,12,0
450982,1,1,6,0,0,12,0,14,12,0,0,10
450983,1,1,0,0,0,0,0,0,0,0,0,0
450984,1,1,0,0,0,0,0,0,0,36,0,0
450984,3,1,0,0,0,0,0,0,0,0,0,0
450985,1,1,0,0,0,0,0,0,0,0,0,0
450985,2,1,0,0,0,0,0,0,0,0,0,0
450986,1,1,0,0,0,0,0,0,0,0,0,0
450986,2,1,14,14,14,14,14,14,14,14,14,14
450987,1,1,0,0,0,0,0,0,0,0,0,0
450987,2,1,0,0,0,0,22,0,0,0,0,0
450988,0,1,11,11,11,11,11,11,11,11,11,11
450988,1,1,0,0,0,0,0,0,0,0,0,0
450989,1,1,0,0,0,0,0,0,0,0,0,0
450989,2,1,0,0,0,0,0,0,0,0,0,0
450989,3,1,0,0,0,0,0,0,0,0,0,0
450990,0,1,0,0,0,0,0,0,0,0,0,0
450990,1,1,0,0,0,0,0,0,22,0,0,0
450991,1,1,0,0,0,0,9,0,0,0,0,0
450991,2,1,0,0,0,0,0,0,0,0,0,0
450991,3,1,0,0,0,0,0,0,0,0,0,0
450991,4,1,0,0,0,0,0,0,0,0,0,0
450992,1,1,19,19,19,19,19,19,19,19,19,19
450992,2,1,0,0,0,0,0,0,0,0,0,0
450992,3,1,0,0,0,0,0,0,0,0,0,0
450993,1,1,19,19,19,19,19,19,19,19,19,19
450994,1,1,0,0,0,0,0,0,0,0,0,0
450995,1,1,13,13,13,13,13,13,13,13,13,13
450995,2,1,0,0,0,0,0,0,0,0,0,0
450996,0,1,0,0,0,0,0,0,0,0,0,0
450996,1,1,0,0,0,0,0,0,0,0,0,0
450997,1,1,0,0,0,0,0,0,0,17,0,0
450997,2,1,13,13,13,13,13,13,13,13,13,13
450998,1,1,0,0,0,0,0,0,0,0,0,0
450998,2,1,0,0,0,0,0,0,0,0,0,0
450999,1,1,8,8,8,8,8,8,8,8,8,8
450999,2,1,16,16,16,16,16,16,16,16,16,16
451000,0,1,21,21,21,21,21,21,21,21,21,21
451000,1,1,0,0,0,0,0,0,0,0,0,0
451000,2,1,0,0,0,0,0,0,0,0,0,0
451001,1,1,20,20,20,20,20,20,20,20,20,20
451002,1,1,0,0,0,0,0,0,9,3,0,0
451002,2,1,14,14,14,14,14,14,14,14,14,14
451003,1,1,15,15,15,15,15,15,15,15,15,15
451004,1,1,0,0,0,0,0,0,0,0,0,0
451004,2,1,0,0,0,26,0,0,0,0,0,0
451004,3,1,0,0,0,0,0,0,0,0,0,0
451005,1,1,0,0,0,0,10,15,0,24,0,0
451006,1,1,0,6,16,0,0,0,16,0,6,12
451007,0,1,35,35,35,35,35,35,35,35,35,35
451007,1,1,0,0,0,0,0,0,0,0,20,0
451008,1,1,0,0,0,0,5,0,0,0,0,0
451008,2,1,0,0,0,0,0,0,0,0,0,0
451009,1,1,29,29,29,29,29,29,29,29,29,29
451010,0,1,0,0,0,0,0,0,0,0,0,0
451010,1,1,0,0,0,0,0,0,0,0,0,0
451011,0,1,0,0,0,0,0,0,0,0,0,0
451011,1,1,0,0,0,0,0,0,0,0,0,0
451012,1,1,0,0,0,0,0,0,0,0,0,0
451012,2,1,0,24,0,0,0,0,0,2,0,0
451013,1,1,0,14,0,0,0,0,0,0,0,0
451013,2,1,0,0,0,0,0,0,0,0,0,0
451014,0,1,11,11,11,11,11,11,11,11,11,11
451014,1,1,0,0,0,0,0,0,0,0,0,0
451015,1,1,29,29,29,29,29,29,29,29,29,29
451015,2,1,21,21,21,21,21,21,21,21,21,21
451015,3,1,0,0,0,0,0,0,0,0,0,0
451016,1,1,0,0,3,0,0,0,0,0,13,0
451017,1,1,0,0,0,0,0,0,0,0,0,0
451017,2,1,0,0,0,0,0,0,0,0,0,0
451017,3,1,0,0,0,0,0,0,0,0,0,0
451017,4,1,0,13,0,0,0,0,0,0,0,0
451018,1,1,13,0,27,35,0,24,0,0,0,0
451018,2,1,0,0,0,21,0,0,0,0,0,0
451019,1,1,0,0,0,0,0,0,10,0,0,14
451019,2,1,0,0,0,0,0,0,0,0,0,0
451020,1,1,0,0,0,0,0,0,0,0,0,0
451021,1,1,0,0,0,0,0,0,0,0,0,0
451022,0,1,0,0,0,0,0,0,0,0,17,0
451022,1,1,18,0,0,0,0,0,0,0,0,0
451023,1,1,0,0,0,0,0,0,0,0,0,0
451023,2,1,0,0,0,0,0,0,0,0,0,0
451024,0,1,0,0,0,0,52,23,25,0,11,34
451024,1,1,0,0,0,0,0,0,0,0,0,0
451025,1,1,0,0,0,0,0,0,0,0,0,0
451025,2,1,0,0,0,0,0,0,0,0,0,0
451026,1,1,0,0,0,0,0,0,0,0,0,0
451026,2,1,0,0,0,0,0,0,0,0,0,0
451027,1,1,0,0,0,0,0,0,0,0,0,0
451027,2,1,15,15,15,15,15,15,15,15,15,15
451028,0,1,15,15,15,15,15,15,15,15,15,15
451028,1,1,0,0,13,0,0,0,0,0,0,0
451029,0,1,0,0,0,0,0,0,0,0,0,0
451029,1,1,0,0,0,0,0,0,10,0,0,0
451030,1,1,0,0,0,0,0,0,0,0,0,0
451030,2,1,0,0,0,0,0,0,0,0,0,0
451030,3,1,0,0,0,0,0,0,0,0,0,0