ST_CASE,VEH_NO,PER_NO,P1,P2,P3,P4,P5,P6,P7,P8,P9,P10
451030,4,1,0,0,0,0,0,0,0,0,0,0
451031,0,1,22,22,22,22,22,22,22,22,22,22
451031,1,1,6,0,0,0,0,0,0,0,0,0
451032,1,1,19,0,0,0,0,0,19,0,0,0
451033,0,1,19,19,19,19,19,19,19,19,19,19
451033,1,1,0,0,0,0,0,0,0,0,0,0
451034,0,1,0,0,0,0,0,0,0,0,0,0
451034,1,1,0,0,0,0,0,0,0,0,0,0
451035,1,1,8,8,8,8,8,8,8,8,8,8
451036,1,1,33,33,33,33,33,33,33,33,33,33
451036,2,1,0,12,0,0,0,0,0,0,0,0
451036,3,1,0,0,15,0,0,24,0,0,0,0
451037,0,1,0,0,0,0,0,0,0,0,20,38
451037,1,1,0,22,0,0,0,0,0,0,23,8
451038,0,1,0,0,0,0,0,0,0,0,0,0
451038,1,1,0,0,0,0,0,0,0,0,0,0
451039,0,1,15,15,15,15,15,15,15,15,15,15
451039,1,1,0,0,0,0,0,0,0,0,0,0
451040,0,1,10,19,0,29,23,31,28,35,13,24
451040,1,1,0,0,0,0,0,0,0,0,0,0
451041,1,1,18,18,18,18,18,18,18,18,18,18
451041,2,1,0,0,0,0,0,0,0,0,0,0
451042,1,1,25,25,25,25,25,25,25,25,25,25
451043,1,1,18,0,0,0,0,0,0,0,20,0
451043,2,1,11,0,0,0,16,0,0,0,0,0
451044,1,1,19,19,19,19,19,19,19,19,19,19
451045,1,1,0,0,0,0,0,0,0,0,0,0
451045,2,1,0,30,0,0,0,0,0,0,0,0
451045,3,1,0,0,0,0,0,0,0,0,0,0
451045,4,1,0,0,0,0,0,0,0,0,0,0
451046,1,1,0,0,0,0,0,0,0,0,0,48
451047,1,1,0,0,0,0,0,0,0,0,0,0
451047,2,1,0,0,0,0,0,0,0,11,13,0
451048,1,1,0,0,0,0,0,0,0,0,0,0
451048,2,1,0,0,0,0,0,14,0,0,0,14
451048,3,1,0,0,0,0,0,0,0,0,0,0
451048,4,1,0,16,0,13,0,0,0,0,0,0
451049,0,1,0,0,0,0,0,0,0,0,0,0
451049,1,1,0,0,0,0,0,11,0,0,0,0
451050,1,1,0,0,13,0,0,0,0,0,0,0
451050,2,1,0,0,0,0,0,0,0,0,0,0
451051,1,1,0,0,0,0,0,0,0,0,0,0
451051,2,1,0,0,0,0,0,0,0,0,0,0
451051,3,1,26,7,0,34,10,11,18,10,19,22
451052,1,1,16,16,16,16,16,16,16,16,16,16
451052,2,1,0,0,0,0,0,0,0,0,0,0
451053,1,1,0,18,0,0,0,13,0,0,16,0
451054,1,1,0,0,0,0,0,0,0,0,0,0
451054,2,1,0,0,0,0,0,0,0,0,0,0
451055,1,1,0,0,0,0,0,0,0,0,0,0
451055,2,1,0,0,0,0,0,0,0,0,0,0
451056,1,1,19,19,19,19,19,19,19,19,19,19
451057,1,1,0,0,0,0,0,0,0,0,0,0
451057,2,1,18,18,18,18,18,18,18,18,18,18
451058,1,1,13,14,11,9,4,9,26,12,19,15
451059,0,1,0,0,0,0,0,0,0,0,0,26
451059,1,1,0,0,0,0,0,0,0,0,0,0
451060,1,1,0,0,0,0,0,0,12,0,0,0
451061,1,1,0,0,0,0,0,0,18,0,0,0
451062,1,1,24,8,0,16,22,23,24,14,25,15
451063,1,1,18,18,18,18,18,18,18,18,18,18
451064,1,1,0,0,0,0,0,0,0,0,0,0
451065,0,1,0,19,26,12,20,6,28,19,20,26
451065,1,1,7,17,0,5,21,0,0,0,0,0
451066,1,1,0,0,0,0,0,0,0,0,11,0
451066,2,1,0,0,0,0,0,0,0,0,0,0
451067,1,1,12,0,0,0,0,22,0,0,14,0
451068,1,1,13,11,13,8,9,28,9,13,24,4
451069,1,1,0,0,0,0,0,0,0,0,0,0
451069,2,1,0,0,4,0,0,0,0,0,0,0
451069,3,1,0,0,0,0,0,0,0,0,0,0
451069,4,1,0,0,0,0,0,0,0,0,0,0
451070,1,1,17,17,17,17,17,17,17,17,17,17
451071,0,1,0,0,0,0,0,0,0,0,0,0
451071,1,1,0,0,0,0,0,0,0,0,0,0
451072,1,1,0,0,0,0,0,0,0,0,0,0
451072,2,1,0,0,0,0,0,0,0,0,0,0
451073,1,1,0,0,0,0,0,0,0,0,0,0
451074,1,1,0,0,0,0,0,0,13,0,0,0
451074,2,1,0,0,0,0,0,0,0,0,0,0
451074,3,1,0,0,0,0,0,0,0,0,28,0
451075,0,1,12,12,12,12,12,12,12,12,12,12
451075,1,1,5,0,0,0,0,0,0,0,0,0
451076,1,1,0,0,0,0,0,0,0,0,0,0
451076,2,1,0,0,0,0,0,0,0,0,0,0
451077,0,1,24,24,24,24,24,24,24,24,24,24
451077,1,1,0,0,0,0,20,0,24,0,2,9
451078,1,1,0,0,0,0,0,0,0,0,0,0
451078,2,1,0,0,0,0,0,0,0,0,0,0
451079,1,1,0,0,0,0,0,0,0,0,0,0
451079,2,1,0,0,0,0,0,0,0,0,0,0
451080,1,1,0,0,0,0,0,0,0,0,0,0
451081,1,1,19,19,19,19,19,19,19,19,19,19
451082,1,1,0,0,0,0,0,0,0,0,0,0
451082,2,1,0,0,0,0,0,0,0,0,0,0
451082,3,1,0,0,12,0,0,0,0,0,0,0
451083,1,1,0,0,0,0,0,0,0,0,0,0
451083,2,1,0,0,0,0,0,0,0,0,0,0
451084,1,1,0,0,0,0,0,0,0,0,0,0
451084,2,1,0,0,0,0,0,0,0,0,0,0
451085,1,1,0,0,0,0,0,0,0,0,0,0
451085,2,1,0,0,0,0,0,0,0,0,0,0
451086,1,1,0,0,0,0,0,0,0,0,0,0
451087,1,1,8,8,8,8,8,8,8,8,8,8
451087,2,1,0,0,0,0,0,0,0,19,0,0
451088,1,1,0,0,0,0,0,0,0,0,0,0
451089,0,1,0,0,0,0,0,0,0,0,0,0
451089,1,1,22,0,0,0,14,11,0,0,0,0
451090,1,1,0,0,0,0,0,0,0,0,0,0
451090,2,1,15,0,0,10,6,0,0,0,0,0
451091,0,1,9,9,9,9,9,9,9,9,9,9
451091,1,1,0,0,0,0,0,0,0,0,0,1
451092,1,1,0,0,0,0,0,0,0,0,0,0
451092,2,1,0,0,0,0,13,0,0,0,0,0
451093,1,1,0,0,0,0,0,0,0,0,0,0
451093,2,1,0,0,0,0,0,0,0,0,0,0
451094,0,1,25,25,25,25,25,25,25,25,25,25
451094,1,1,0,0,0,0,0,0,0,0,0,9
451095,1,1,27,27,27,27,27,27,27,27,27,27
451095,2,1,0,0,0,0,0,0,0,0,0,0
451096,1,1,0,0,0,0,0,0,0,0,0,0
451096,2,1,0,0,0,0,0,0,0,0,0,0
451097,0,1,0,0,0,0,0,0,0,40,0,0
451097,1,1,0,26,9,0,0,0,0,0,0,0
451098,1,1,0,0,9,15,0,0,0,0,0,17
451099,1,1,0,0,0,0,0,0,6,0,0,0
451099,2,1,0,0,0,0,0,0,0,0,0,0
451100,1,1,0,10,0,0,0,0,0,0,0,0
451100,2,1,0,0,0,0,8,0,0,0,0,0
451101,1,1,0,0,0,0,0,0,0,0,0,0
451101,2,1,0,0,0,0,0,0,0,16,0,0
451102,1,1,24,0,0,0,0,0,0,0,0,0
451103,1,1,0,0,0,0,0,0,0,0,0,0
451103,2,1,0,0,0,0,0,0,0,0,0,0
451103,3,1,10,17,6,14,27,13,0,0,9,10
451104,1,1,0,0,0,0,0,0,0,0,0,0
451104,2,1,0,0,0,0,0,0,0,0,0,0
451105,1,1,0,0,0,0,0,0,0,0,0,0
451106,0,1,24,24,24,24,24,24,24,24,24,24
451106,1,1,0,0,0,0,0,0,10,0,0,0
451107,1,1,0,0,16,0,0,0,0,0,0,0
451108,1,1,0,0,0,0,0,0,0,0,0,0
451108,2,1,0,0,0,0,0,0,0,0,0,0
451109,0,1,0,0,0,0,0,0,0,0,0,0
451109,1,1,0,0,0,0,0,0,0,0,0,0
451109,4,1,0,0,0,0,0,0,0,19,0,0
451110,1,1,22,22,22,22,22,22,22,22,22,22
451110,2,1,0,8,0,0,0,0,0,13,0,0
451111,1,1,0,0,0,0,0,0,0,0,0,0
451111,2,1,0,0,0,0,0,0,0,0,0,0
451112,1,1,0,0,12,0,0,0,0,10,0,0
451112,2,1,0,0,0,0,0,0,0,0,0,0
451112,3,1,0,0,0,0,0,0,0,0,0,0
451113,0,1,0,20,0,0,21,0,22,0,0,25
451113,1,1,0,0,16,0,0,0,9,0,14,20
451113,2,1,0,0,0,0,0,0,0,0,0,0
451114,1,1,0,8,0,0,0,0,0,0,0,0
451114,2,1,0,15,0,0,0,0,23,0,0,0
451114,3,1,0,0,17,22,0,0,0,0,0,15
451115,1,1,0,0,0,13,0,18,0,0,0,0
451115,2,1,0,0,0,0,0,0,0,0,0,0
451116,1,1,24,0,0,0,0,0,0,0,0,18
451116,2,1,0,0,0,0,0,0,0,0,0,0
451117,1,1,0,0,16,0,16,0,2,17,0,0
451117,2,1,0,0,0,0,0,0,0,0,0,12
451118,1,1,26,26,26,26,26,26,26,26,26,26
451118,2,1,0,0,0,15,0,0,0,10,0,17
451118,3,1,0,0,0,0,0,0,0,0,0,10
460001,1,1,0,0,0,0,0,0,0,0,0,0
460001,2,1,0,0,0,0,0,0,0,0,0,0
460002,1,1,0,0,0,0,0,0,0,0,0,0
460002,2,1,0,0,0,0,0,0,0,0,0,0
460003,1,1,0,0,0,0,0,0,0,0,0,0
460004,1,1,0,0,0,0,0,0,0,0,0,0
460004,2,1,0,0,0,0,0,0,0,0,0,0
460005,0,1,60,60,60,60,60,60,60,60,60,60
460005,1,1,15,0,11,0,0,0,0,19,0,0
460006,0,1,0,11,15,0,28,12,0,14,0,17
460006,1,1,11,11,11,11,11,11,11,11,11,11
460007,0,1,60,60,60,60,60,60,60,60,60,60
460007,1,1,20,3,17,5,0,18,8,27,7,11
460008,1,1,0,0,0,0,0,0,0,0,0,0
460008,2,1,1,1,1,1,1,1,1,1,1,1
460009,1,1,0,0,0,0,0,0,0,0,0,0
460010,1,1,0,0,0,0,0,0,0,0,0,0
460010,2,1,0,0,0,0,0,0,0,0,0,0
460011,1,1,0,0,0,0,0,0,0,0,0,0
460011,2,1,21,21,21,21,21,21,21,21,21,21
460012,1,1,14,0,12,0,0,0,0,0,13,0
460012,2,1,0,0,0,0,0,0,0,0,0,0
460013,1,1,0,0,0,0,0,0,0,0,0,0
460013,2,1,0,0,0,0,0,0,0,0,0,0
460014,0,1,0,0,0,0,0,0,7,26,0,0
460014,2,1,0,0,0,0,0,0,0,0,0,0
460015,1,1,0,0,0,0,0,0,0,0,0,0
460015,2,1,0,0,0,0,0,0,0,0,0,0
460016,1,1,2,2,2,2,2,2,2,2,2,2
460017,1,1,0,0,0,0,0,0,0,0,0,0
460017,2,1,0,0,0,0,0,0,0,0,0,0
460018,1,1,18,18,18,18,18,18,18,18,18,18
460019,1,1,0,0,0,0,0,0,0,0,0,0
460019,2,1,0,0,0,0,0,0,0,0,0,0
460019,3,1,0,0,0,0,0,0,0,0,0,0
460020,1,1,0,0,0,0,0,0,0,0,0,0
460020,2,1,0,0,0,0,0,0,0,0,0,0
460021,1,1,35,35,35,35,35,35,35,35,35,35
460022,0,1,13,13,13,13,13,13,13,13,13,13
460022,0,2,0,0,0,0,0,0,0,0,0,0
460022,1,1,0,0,0,0,0,0,0,0,0,0
460023,1,1,0,0,0,0,0,0,0,0,0,0
460023,2,1,0,0,0,0,0,0,0,0,0,0
460024,1,1,30,30,30,30,30,30,30,30,30,30
460025,1,1,18,18,18,18,18,18,18,18,18,18
460026,0,1,0,0,0,0,0,0,0,0,0,0
460026,1,1,18,18,18,18,18,18,18,18,18,18
460027,1,1,0,0,0,0,0,0,0,0,0,0
460028,1,1,37,37,37,37,37,37,37,37,37,37
460029,1,1,0,0,0,0,0,0,0,0,0,0
460030,1,1,0,0,0,0,0,0,0,0,0,0
460031,1,1,12,12,12,12,12,12,12,12,12,12
460032,1,1,0,25,0,0,0,0,0,0,0,0
460033,1,1,24,24,24,24,24,24,24,24,24,24
460034,1,1,0,0,0,0,0,0,0,0,0,0
460035,0,1,38,38,38,38,38,38,38,38,38,38
460035,1,1,0,0,0,0,0,0,0,0,0,0
460036,0,1,21,21,21,21,21,21,21,21,21,21
460036,1,1,0,0,0,0,0,0,0,0,0,0
460037,1,1,19,19,19,19,19,19,19,19,19,19
460038,1,1,19,19,19,19,19,19,19,19,19,19
460039,1,1,0,0,0,0,0,0,0,18,0,0
460040,1,1,0,0,0,0,0,0,0,0,0,0
460040,2,1,0,0,0,0,0,0,0,0,0,0
460041,1,1,22,22,22,22,22,22,22,22,22,22
460041,2,1,0,0,0,0,0,0,0,0,0,0
460042,0,1,0,0,0,0,0,0,0,0,0,0
460042,1,1,21,21,21,21,21,21,21,21,21,21
460043,1,1,0,0,0,0,0,0,0,0,0,0
460043,2,1,0,0,0,0,0,0,0,0,0,0
460044,1,1,0,0,0,0,0,0,0,0,0,0
460044,2,1,0,0,0,0,0,0,0,0,0,0
460045,1,1,0,0,0,0,0,0,0,0,0,0
460046,1,1,18,0,16,16,19,10,21,7,15,9
460047,1,1,0,0,0,0,0,0,0,0,0,0
460047,2,1,0,0,0,0,0,0,28,0,0,0
460047,3,1,0,0,0,0,0,0,0,0,0,0
460048,1,1,26,26,26,26,26,26,26,26,26,26
460049,1,1,21,21,21,21,21,21,21,21,21,21
460050,1,1,0,0,0,0,0,0,0,0,0,0
460050,2,1,0,0,0,0,0,0,0,0,0,0
460051,1,1,0,0,0,0,0,0,0,0,0,0
460051,2,1,0,0,0,0,0,0,0,0,0,0
460052,1,1,0,0,0,0,0,0,0,0,0,0
460052,2,1,0,0,15,20,0,0,0,0,0,0
460053,1,1,0,0,0,0,0,0,0,0,0,0
460053,2,1,0,0,0,0,0,0,0,0,0,0
460053,3,1,0,0,0,0,0,0,0,0,0,0
460054,1,1,23,23,23,23,23,23,23,23,23,23
460055,1,1,0,0,0,0,0,0,0,0,0,0
460056,1,1,0,33,0,33,0,0,9,29,0,0
460057,1,1,17,17,17,17,17,17,17,17,17,17
460058,1,1,23,23,23,23,23,23,23,23,23,23
460059,1,1,13,13,13,13,13,13,13,13,13,13
460060,1,1,0,0,0,0,0,0,0,0,0,0
460060,2,1,0,0,0,0,0,0,0,0,0,0
460061,1,1,25,0,22,0,0,0,0,0,0,21
460061,2,1,0,0,0,0,0,0,0,0,0,0
460062,1,1,24,24,24,24,24,24,24,24,24,24
460063,1,1,27,27,27,27,27,27,27,27,27,27
460063,2,1,0,0,0,0,0,0,0,0,0,0
460064,1,1,0,0,0,0,0,0,0,0,0,0
460065,1,1,13,13,13,13,13,13,13,13,13,13
460066,1,1,0,0,0,0,0,0,0,0,8,0
460067,1,1,0,0,16,0,0,0,0,0,0,28
460068,1,1,0,0,0,0,0,0,0,0,0,0
460068,2,1,0,0,0,0,0,0,0,0,0,0
460069,1,1,23,23,23,23,23,23,23,23,23,23
460070,1,1,0,0,0,0,0,0,0,0,0,0
460071,1,1,7,7,7,7,7,7,7,7,7,7
460072,1,1,0,0,0,0,0,0,0,0,0,0
460072,2,1,0,0,0,0,0,0,0,0,0,0
460073,1,1,0,0,0,0,0,0,0,0,0,0
460073,2,1,0,0,0,0,0,0,0,0,0,0
460074,1,1,0,0,21,0,29,0,0,0,0,42
460074,2,1,0,0,0,0,0,0,0,0,0,0
460075,1,1,0,0,0,0,0,0,0,0,0,0
460075,2,1,0,0,0,0,0,0,0,0,0,0
460076,1,1,0,0,0,0,0,0,0,0,0,0
460077,1,1,0,0,0,0,0,0,0,0,0,0
460077,2,1,0,0,0,0,0,0,0,0,0,0
460078,1,1,27,5,0,0,0,0,0,0,13,15
460079,1,1,0,0,0,0,0,0,0,0,0,0
460080,1,1,0,0,0,0,0,0,0,0,0,0
460080,2,1,0,0,0,0,20,0,7,0,0,17
460081,1,1,0,0,0,0,0,0,0,0,0,0
460082,1,1,0,0,0,0,0,0,0,0,0,0
460083,1,1,0,0,15,0,0,0,0,0,0,0
460083,2,1,0,0,0,0,0,0,0,0,0,0
460084,1,1,0,0,0,0,0,0,0,0,0,0
460085,1,1,0,0,0,0,0,0,0,0,0,0
460085,2,1,0,0,0,0,0,0,16,0,0,0
460086,1,1,6,6,6,6,6,6,6,6,6,6
460087,1,1,12,12,12,12,12,12,12,12,12,12
460088,1,1,15,15,15,15,15,15,15,15,15,15
460089,1,1,0,0,0,0,0,0,0,0,0,0
460089,2,1,0,0,0,0,0,0,0,0,0,0
460090,0,1,0,0,0,0,0,0,0,0,0,0
460090,1,1,0,0,0,0,0,0,0,0,0,0
460091,0,1,30,30,30,30,30,30,30,30,30,30
460091,1,1,0,0,0,0,0,0,0,0,0,0
460092,1,1,35,0,0,0,0,0,0,0,0,0
460093,1,1,15,15,15,15,15,15,15,15,15,15
460094,1,1,0,0,0,0,0,8,0,0,14,0
460095,1,1,0,0,0,0,0,0,0,0,0,0
460095,2,1,0,0,0,0,0,0,0,0,0,0
460096,1,1,0,0,0,0,0,0,0,0,0,0
460096,2,1,0,0,0,0,0,0,0,0,0,0
460097,1,1,0,0,0,0,0,0,0,0,0,0
460097,2,1,0,0,0,0,0,0,0,0,0,0
460098,1,1,0,0,0,0,0,0,0,0,0,0
460099,1,1,29,29,29,29,29,29,29,29,29,29
460100,1,1,0,0,0,0,0,0,0,0,0,0
460101,1,1,0,0,6,0,0,6,0,0,0,11
460102,1,1,0,0,0,0,0,0,0,0,0,0
460103,1,1,13,13,13,13,13,13,13,13,13,13
460103,2,1,0,0,0,0,0,0,0,0,0,0
460104,0,1,0,0,0,0,0,0,0,0,0,0
460104,1,1,0,0,0,0,0,0,0,0,0,0
460105,1,1,4,4,4,4,4,4,4,4,4,4
460106,1,1,6,6,6,6,6,6,6,6,6,6
460107,1,1,0,0,0,0,0,0,0,0,0,0
460107,2,1,0,0,0,0,0,0,0,0,0,0
460108,1,1,27,27,27,27,27,27,27,27,27,27
460109,1,1,0,0,0,0,0,0,0,0,0,0
460109,2,1,0,0,0,0,0,0,0,0,0,0
460110,1,1,0,0,0,0,0,0,0,0,0,0
460111,1,1,18,18,18,18,18,18,18,18,18,18
460112,1,1,29,29,29,29,29,29,29,29,29,29
460113,1,1,26,26,26,26,26,26,26,26,26,26
460114,1,1,0,0,0,0,0,0,0,0,0,0
460115,1,1,0,0,0,0,0,0,0,0,0,0
460116,1,1,0,0,0,0,0,0,0,0,0,0
460116,2,1,0,0,0,0,0,0,0,0,0,0
460117,1,1,17,17,17,17,17,17,17,17,17,17
460118,1,1,16,16,16,16,16,16,16,16,16,16
460119,1,1,0,0,0,0,0,0,0,0,0,0
460119,2,1,0,0,0,0,0,0,0,0,0,0
460120,1,1,24,24,24,24,24,24,24,24,24,24
460121,1,1,0,0,0,0,0,0,0,0,0,0
460121,2,1,0,0,0,0,0,0,0,0,0,0
460122,1,1,26,0,0,15,0,0,0,0,11,18
460123,1,1,0,0,0,0,0,0,0,0,0,0
460124,1,1,31,31,31,31,31,31,31,31,31,31
460125,1,1,0,0,0,0,0,0,0,0,0,0
460126,1,1,14,14,14,14,14,14,14,14,14,14
460127,1,1,6,6,6,6,6,6,6,6,6,6
460128,1,1,0,0,0,0,0,0,0,0,0,0
460128,2,1,0,0,0,0,0,0,0,0,0,0
460129,0,1,29,29,29,29,29,29,29,29,29,29
460129,1,1,0,0,0,0,0,0,0,0,0,0
460130,1,1,0,0,0,0,0,0,0,0,0,0
460131,0,1,9,0,0,0,27,0,22,0,14,0
460131,1,1,0,0,0,0,0,0,0,0,0,0
470001,0,1,35,35,35,35,35,35,35,35,35,35
470001,1,1,15,0,0,22,0,27,0,9,7,11
470002,1,1,0,0,0,0,0,0,0,0,0,0
470002,2,1,0,0,0,0,0,10,0,20,0,0
470003,1,1,0,0,0,0,0,0,0,0,0,0
470004,1,1,0,0,0,0,0,0,0,18,18,19
470005,1,1,0,0,0,0,0,0,0,0,0,0
470005,2,1,0,0,0,0,0,0,0,0,0,0
470006,1,1,0,23,0,45,0,0,22,0,0,17
470007,1,1,10,10,10,10,10,10,10,10,10,10
470008,0,1,7,7,7,7,7,7,7,7,7,7
470008,1,1,0,0,0,0,0,0,0,0,0,0
470009,1,1,0,0,0,0,0,0,0,0,0,0
470010,1,1,0,0,0,0,0,0,0,0,0,0
470011,0,1,0,0,0,0,0,0,0,0,0,0
470011,1,1,15,15,15,15,15,15,15,15,15,15
470012,0,1,31,31,31,31,31,31,31,31,31,31
470012,1,1,11,11,11,11,11,11,11,11,11,11
470013,1,1,0,0,0,0,0,0,0,0,0,0
470014,1,1,0,0,0,0,0,0,0,0,0,0
470014,2,1,0,0,0,0,0,0,0,0,0,0
470015,1,1,0,0,0,0,0,2,0,0,0,0
470015,2,1,21,21,21,21,21,21,21,21,21,21
470016,0,1,18,18,18,18,18,18,18,18,18,18
470016,1,1,0,0,0,0,0,0,0,0,0,0
470016,2,1,0,0,20,0,0,0,0,0,0,0
470017,1,1,0,0,0,0,0,0,0,0,0,0
470018,1,1,41,27,29,16,11,14,7,25,25,21
470019,0,1,0,0,0,0,0,0,0,0,0,0
470019,1,1,0,0,0,0,0,0,0,0,0,0
470020,1,1,0,0,0,0,0,0,0,0,0,0
470020,2,1,0,0,0,0,0,0,0,0,0,0
470021,1,1,0,0,0,0,0,0,0,16,14,0
470022,0,1,10,10,10,10,10,10,10,10,10,10
470022,1,1,0,0,0,0,0,0,3,17,0,0
470023,0,1,22,22,22,22,22,22,22,22,22,22
470023,1,1,0,0,25,0,0,0,0,0,0,0
470024,1,1,0,0,0,0,0,0,0,0,0,0
470024,2,1,0,0,0,0,0,0,0,0,0,0
470025,1,1,0,0,0,0,0,0,0,0,0,0
470025,2,1,0,0,0,0,0,0,0,0,0,0
470025,3,1,0,0,0,0,0,0,0,0,0,0
470026,1,1,0,0,0,0,0,0,0,5,0,0
470026,2,1,0,0,0,0,0,0,0,0,0,0
470027,1,1,18,18,18,18,18,18,18,18,18,18
470028,0,1,0,0,0,0,0,0,0,0,0,0
470028,1,1,0,0,0,0,0,0,0,0,0,0
470029,1,1,21,21,21,21,21,21,21,21,21,21
470030,1,1,0,0,0,0,0,0,0,0,0,0
470030,2,1,0,0,0,0,0,0,0,0,0,0
470030,3,1,0,0,0,0,0,0,0,0,0,0
470031,1,1,0,0,0,0,0,0,0,0,0,0
470031,2,1,0,9,0,0,0,0,0,19,0,0
470032,1,1,0,0,0,0,0,0,0,0,0,0
470033,0,1,0,0,0,0,0,0,0,0,0,0
470033,1,1,0,0,0,0,6,0,0,0,0,0
470034,1,1,0,0,0,0,21,0,20,21,0,17
470036,1,1,0,0,0,0,0,0,0,0,0,0
470037,1,1,0,0,0,0,0,0,0,0,0,0
470038,1,1,12,12,12,12,12,12,12,12,12,12
470039,1,1,0,0,0,0,0,0,0,0,0,0
470039,2,1,0,0,0,0,0,0,0,0,0,0
470039,3,1,0,0,0,0,0,0,0,0,0,0
470040,1,1,0,0,0,0,0,0,0,17,0,0
470041,1,1,0,0,0,0,0,0,0,0,0,0
470041,2,1,0,0,0,0,0,0,0,0,0,0
470042,1,1,0,8,7,34,5,2,32,14,14,2
470043,0,1,0,0,0,0,0,0,0,0,0,0
470043,1,1,0,0,0,0,0,0,0,0,0,0
470044,1,1,0,0,0,0,0,0,0,0,0,0
470045,1,1,0,0,0,0,0,0,13,0,0,0
470046,1,1,0,0,0,0,0,0,13,22,0,0
470046,2,1,0,0,0,0,0,0,0,0,0,0
470047,1,1,26,26,26,26,26,26,26,26,26,26
470048,1,1,0,0,0,0,0,0,0,0,0,0
470048,2,1,0,0,0,0,0,0,0,0,0,0
470049,1,1,22,22,22,22,22,22,22,22,22,22
470049,2,1,0,0,0,0,0,0,0,0,0,0
470050,1,1,7,7,7,7,7,7,7,7,7,7
470051,1,1,0,0,0,0,0,0,0,0,0,0
470051,2,1,0,0,0,0,0,0,0,0,0,0
470052,1,1,0,0,0,0,0,0,0,0,0,0
470052,2,1,0,0,0,0,0,0,0,0,0,0
470054,1,1,0,0,0,0,0,0,0,0,0,0
470055,1,1,0,15,0,17,19,19,14,0,0,0
470056,1,1,0,0,0,0,0,0,0,0,0,0
470057,1,1,48,0,0,0,0,0,0,0,0,0
470057,2,1,0,0,0,0,0,0,0,0,0,0
470057,3,1,0,0,0,0,0,0,0,0,0,14
470057,4,1,0,0,0,0,21,0,0,18,0,0
470057,5,1,0,0,0,0,0,0,0,0,0,0
470057,6,1,0,0,0,0,0,0,0,0,0,0
470058,1,1,0,0,0,0,0,0,0,0,0,0
470059,1,1,0,0,0,0,0,0,0,21,19,0
470060,1,1,18,18,18,18,18,18,18,18,18,18
470060,2,1,0,0,0,0,0,0,0,0,0,0
470061,1,1,0,0,0,0,0,0,0,0,0,0
470062,1,1,0,0,0,0,0,0,0,0,0,0
470064,1,1,6,0,0,0,0,0,20,0,0,0
470064,2,1,0,0,0,0,0,0,0,0,0,0
470065,1,1,0,0,0,0,0,0,0,0,0,0
470065,2,1,0,0,0,0,0,0,0,0,0,0
470066,1,1,32,0,0,17,0,0,0,0,0,0
470067,1,1,0,0,0,0,0,0,0,0,0,0
470068,1,1,0,0,0,0,0,0,0,0,0,0
470068,2,1,0,0,0,5,0,0,0,0,0,0
470069,1,1,0,0,0,0,0,0,0,0,0,0
470070,1,1,0,0,0,0,0,0,0,0,0,0
470071,1,1,0,0,0,0,0,0,0,0,0,0
470072,1,1,9,9,9,9,9,9,9,9,9,9
470073,1,1,0,0,0,0,0,0,0,0,0,0
470074,1,1,0,0,0,0,0,19,0,0,0,0
470075,1,1,0,20,0,0,0,0,0,0,0,0
470076,1,1,7,0,9,0,32,0,0,0,11,0
470076,2,1,0,0,0,0,0,0,0,0,0,0
470077,1,1,0,0,0,0,0,26,0,19,0,0
470077,2,1,0,0,0,0,0,0,0,0,0,0
470077,3,1,0,0,0,0,0,0,0,0,0,0
470078,1,1,0,0,0,0,0,0,0,0,0,0
470078,2,1,7,0,0,0,0,0,0,3,0,8
470078,3,1,0,0,0,0,0,0,0,0,0,0
470079,1,1,0,10,0,0,0,0,0,0,0,0
470080,1,1,0,0,0,0,0,0,0,0,0,0
470080,2,1,0,0,0,0,30,0,0,0,0,0
470081,1,1,16,32,8,19,28,15,14,14,11,10
470082,1,1,0,0,0,0,0,0,0,0,0,31
470083,1,1,0,0,0,0,0,0,0,0,0,0
470083,2,1,0,0,0,0,0,0,0,0,0,0
470084,1,1,0,0,0,0,0,0,0,0,0,0
470084,2,1,0,0,0,0,0,0,0,0,0,0
470084,3,1,0,0,0,0,0,0,0,0,0,0
470084,4,1,0,0,0,0,0,0,21,0,0,0
470084,5,1,0,0,0,0,0,0,0,0,0,0
470084,6,1,0,0,0,0,0,0,0,0,0,0
470084,7,1,0,0,0,0,0,0,0,0,0,0
470085,1,1,0,0,0,0,0,0,0,0,0,0
470085,2,1,0,0,0,0,0,0,0,0,0,0
470086,1,1,0,0,0,0,0,0,0,0,0,0
470086,2,1,28,28,28,28,28,28,28,28,28,28
470088,1,1,2,2,2,2,2,2,2,2,2,2
470088,2,1,0,0,0,0,0,0,0,0,0,0
470089,0,1,0,0,0,0,0,26,0,10,0,0
470089,1,1,0,0,0,0,0,0,0,0,0,0
470090,1,1,0,0,0,0,0,0,0,0,0,0
470091,1,1,18,18,18,18,18,18,18,18,18,18
470092,1,1,18,18,18,18,18,18,18,18,18,18
470092,2,1,0,0,0,0,0,0,0,0,0,0
470093,1,1,0,0,0,0,0,0,0,0,0,0