ST_CASE,VEH_NO,PER_NO,P1,P2,P3,P4,P5,P6,P7,P8,P9,P10
470093,2,1,0,0,0,0,0,0,0,0,0,0
470094,1,1,0,0,0,0,0,0,0,0,0,0
470094,2,1,0,0,0,0,0,0,0,0,0,0
470095,1,1,0,0,0,0,0,0,0,0,0,0
470095,2,1,0,0,0,0,0,0,0,0,0,0
470096,1,1,0,0,0,0,0,0,0,0,0,0
470097,1,1,0,0,0,0,0,0,0,0,0,0
470098,1,1,0,0,0,0,0,0,0,0,0,0
470100,1,1,0,0,0,0,0,0,0,0,0,0
470100,2,1,0,0,0,0,0,0,0,0,0,0
470100,3,1,0,0,0,27,0,0,0,0,0,0
470101,1,1,0,0,0,0,0,0,0,0,0,0
470102,1,1,0,0,0,0,0,0,0,0,0,0
470102,2,1,0,0,0,0,0,0,0,0,0,0
470103,1,1,20,20,20,20,20,20,20,20,20,20
470103,2,1,0,0,0,0,0,0,0,0,0,0
470104,0,1,5,0,0,0,0,0,0,18,0,0
470104,1,1,0,0,0,0,4,0,0,10,0,0
470105,1,1,0,0,0,0,0,0,0,0,0,0
470105,2,1,0,0,0,0,0,0,0,0,0,0
470106,1,1,0,0,0,0,0,0,0,0,0,0
470106,2,1,0,0,0,0,0,0,0,0,0,0
470107,1,1,0,0,21,0,0,0,0,0,0,0
470108,1,1,25,25,25,25,25,25,25,25,25,25
470108,2,1,0,0,0,0,0,0,0,0,0,0
470109,1,1,0,0,0,0,0,0,0,0,0,0
470109,2,1,0,0,0,0,0,0,0,0,0,0
470110,2,1,0,0,0,0,0,0,0,0,0,0
470111,1,1,0,0,0,0,0,0,0,0,0,0
470111,2,1,0,0,0,0,0,0,0,0,0,0
470112,1,1,15,15,15,15,15,15,15,15,15,15
470113,0,1,0,0,0,0,16,0,0,0,0,0
470113,1,1,5,5,5,5,5,5,5,5,5,5
470113,2,1,0,0,0,0,0,0,0,0,0,0
470114,1,1,0,0,0,0,0,0,0,0,0,0
470115,1,1,0,0,0,0,0,15,0,0,0,0
470116,1,1,0,0,0,0,0,0,0,0,0,0
470117,1,1,0,0,0,0,0,0,0,0,0,0
470117,2,1,0,0,0,0,0,0,0,0,0,25
470118,1,1,0,0,0,0,15,0,0,0,19,0
470119,1,1,0,0,0,0,0,0,0,0,0,0
470119,2,1,21,0,0,13,0,0,0,0,0,0
470120,1,1,0,0,0,0,0,0,0,0,18,0
470121,0,1,0,0,0,0,0,0,13,0,0,0
470121,1,1,0,0,0,0,0,0,0,0,0,0
470122,1,1,0,0,0,0,0,0,21,0,0,0
470123,0,1,0,0,0,0,0,0,0,0,0,0
470123,1,1,0,0,0,0,0,0,0,0,0,0
470124,1,1,0,0,0,0,0,0,0,0,0,0
470124,2,1,0,0,0,0,0,0,0,0,0,0
470125,1,1,0,0,13,0,0,0,0,0,0,11
470126,1,1,0,0,0,0,0,0,0,0,0,0
470126,2,1,0,0,0,0,0,0,0,0,0,0
470126,3,1,17,0,0,0,0,0,0,0,0,0
470127,1,1,16,16,16,16,16,16,16,16,16,16
470128,1,1,0,50,0,0,0,0,0,0,20,0
470129,1,1,0,0,0,0,0,0,0,0,0,0
470129,2,1,0,0,0,0,0,0,0,13,0,0
470129,3,1,0,0,0,0,0,0,0,0,0,0
470130,0,1,22,22,22,22,22,22,22,22,22,22
470130,1,1,0,0,0,0,0,0,0,0,0,5
470131,1,1,0,0,0,0,0,0,0,0,0,0
470132,1,1,0,0,0,0,0,0,0,0,0,0
470132,2,1,0,0,0,0,0,0,0,0,0,0
470133,1,1,0,0,0,11,7,0,0,0,0,0
470134,1,1,0,0,0,0,0,0,0,0,0,0
470134,2,1,0,0,0,0,0,0,0,0,0,0
470135,0,1,28,28,28,28,28,28,28,28,28,28
470135,1,1,6,8,0,10,28,0,0,0,0,4
470135,2,1,0,0,12,18,24,0,8,0,2,0
470135,3,1,0,0,0,0,0,0,0,0,0,0
470136,0,1,22,22,22,22,22,22,22,22,22,22
470136,1,1,21,17,5,0,0,0,21,15,24,13
470137,1,1,0,27,0,0,11,0,24,0,5,11
470138,1,1,15,15,15,15,15,15,15,15,15,15
470139,1,1,0,0,0,0,0,0,0,0,0,0
470140,1,1,0,0,0,0,0,0,0,0,0,0
470140,2,1,0,0,0,0,0,0,0,0,0,0
470141,1,1,0,0,0,0,0,0,0,0,0,0
470141,2,1,0,0,0,0,0,0,0,0,0,0
470141,3,1,0,0,0,0,0,0,0,0,0,0
470141,4,1,0,0,0,0,0,0,0,0,0,0
470141,5,1,0,0,0,0,0,0,0,0,0,0
470142,1,1,0,0,0,0,0,0,0,0,0,0
470142,2,1,0,0,0,0,0,0,0,0,0,0
470143,0,1,18,18,18,18,18,18,18,18,18,18
470143,1,1,5,4,0,14,11,0,14,0,14,0
470144,1,1,0,0,0,0,0,0,0,0,0,0
470145,1,1,16,16,16,16,16,16,16,16,16,16
470146,1,1,0,0,0,0,0,0,0,0,0,0
470146,2,1,0,0,0,0,0,0,0,0,0,0
470146,3,1,0,0,0,0,0,0,0,0,0,0
470147,1,1,0,0,15,0,0,13,0,16,0,0
470150,1,1,0,0,0,0,0,26,0,0,0,0
470151,1,1,0,0,0,0,0,0,0,0,0,0
470151,2,1,1,1,1,1,1,1,1,1,1,1
470151,3,1,0,0,0,0,0,0,0,0,0,0
470152,1,1,0,0,14,10,0,0,0,10,0,15
470153,1,1,6,6,6,6,6,6,6,6,6,6
470153,2,1,0,0,0,0,0,0,0,0,0,0
470154,1,1,0,0,0,0,0,0,0,0,0,0
470154,2,1,0,0,0,0,0,0,0,0,0,0
470155,1,1,0,0,0,0,0,0,0,0,0,0
470156,1,1,0,9,0,0,0,0,0,0,0,0
470156,2,1,0,0,0,0,0,0,0,0,0,0
470156,3,1,0,0,0,0,0,0,0,0,0,0
470156,4,1,0,0,0,9,0,0,6,0,0,0
470156,5,1,9,21,0,0,0,0,0,0,0,0
470157,1,1,19,19,19,19,19,19,19,19,19,19
470158,1,1,0,0,0,0,0,0,0,0,0,0
470158,2,1,0,0,0,0,0,0,0,0,0,0
470159,1,1,0,0,0,0,0,0,0,0,0,0
470159,2,1,0,0,0,0,0,0,0,0,0,0
470160,1,1,0,0,0,0,0,0,0,0,0,0
470160,2,1,0,0,0,0,0,0,0,0,0,0
470161,1,1,15,15,15,15,15,15,15,15,15,15
470163,0,1,0,0,0,0,0,0,8,0,0,28
470163,1,1,0,0,0,0,0,0,0,0,0,0
470164,1,1,24,24,24,24,24,24,24,24,24,24
470165,1,1,0,0,0,0,0,0,0,0,0,0
470165,2,1,0,0,0,0,0,0,0,0,0,0
470166,1,1,0,0,0,0,0,0,0,0,0,0
470166,2,1,0,0,0,0,0,0,0,0,0,0
470167,1,1,0,0,0,0,0,0,0,18,0,0
470168,1,1,0,0,0,0,0,0,0,0,0,0
470168,2,1,0,0,0,0,0,0,0,0,0,0
470169,1,1,0,0,0,0,0,0,0,0,0,0
470169,2,1,0,0,0,0,0,0,0,0,0,0
470170,0,1,0,18,0,0,0,0,20,17,0,0
470170,0,2,22,22,22,22,22,22,22,22,22,22
470170,1,1,0,9,23,0,3,18,14,35,9,18
470171,1,1,0,0,0,0,0,0,0,0,0,0
470171,2,1,16,0,0,0,0,0,22,0,0,2
470172,1,1,0,0,0,0,0,9,0,0,0,0
470172,2,1,17,17,17,17,17,17,17,17,17,17
470173,1,1,0,0,0,0,0,20,0,0,0,0
470175,1,1,0,0,16,0,0,0,0,17,0,14
470176,1,1,0,0,0,0,0,0,0,0,0,0
470177,1,1,0,0,0,0,0,0,0,0,0,0
470177,2,1,5,5,5,5,5,5,5,5,5,5
470178,0,1,0,19,0,0,29,0,0,0,0,0
470178,1,1,18,2,14,17,0,7,0,10,9,5
470179,1,1,0,0,0,0,0,0,0,0,0,0
470180,1,1,21,0,0,0,0,0,0,0,0,0
470180,2,1,0,0,0,0,0,0,0,0,0,5
470181,1,1,0,0,0,0,0,0,0,19,0,0
470181,2,1,0,0,0,0,0,0,0,0,0,0
470182,1,1,0,0,15,0,0,0,0,0,0,0
470183,1,1,0,0,0,0,0,0,0,0,0,0
470183,2,1,20,20,20,20,20,20,20,20,20,20
470184,1,1,0,0,0,0,26,16,0,0,42,0
470185,1,1,0,0,0,0,0,0,0,0,0,0
470185,2,1,0,0,0,0,0,0,0,0,0,0
470185,3,1,0,0,0,0,0,0,0,0,0,0
470187,1,1,2,2,2,2,2,2,2,2,2,2
470187,2,1,0,0,0,0,0,0,0,0,0,0
470188,1,1,0,0,0,8,0,0,0,0,0,0
470189,1,1,0,0,0,0,0,0,0,0,0,0
470190,1,1,22,26,12,12,10,9,29,13,30,14
470190,2,1,0,0,0,0,0,0,0,0,0,0
470191,1,1,17,17,17,17,17,17,17,17,17,17
470191,2,1,0,0,0,0,0,0,0,0,0,0
470193,1,1,34,34,34,34,34,34,34,34,34,34
470194,1,1,0,0,0,0,0,0,0,0,0,0
470194,2,1,0,0,0,0,0,0,0,0,0,0
470194,3,1,0,0,0,0,0,0,0,0,0,0
470195,1,1,26,26,26,26,26,26,26,26,26,26
470196,1,1,16,16,16,16,16,16,16,16,16,16
470196,2,1,0,0,13,33,0,21,9,0,9,14
470198,1,1,0,25,0,0,0,0,0,0,0,20
470198,2,1,0,0,0,0,0,0,0,0,0,13
470198,3,1,0,0,0,0,5,0,0,0,0,0
470198,4,1,0,0,0,0,0,0,0,0,0,0
470199,1,1,0,0,0,0,0,0,0,0,0,0
470200,1,1,0,0,0,0,0,0,0,0,0,0
470200,2,1,0,0,0,0,0,0,0,0,0,0
470200,3,1,0,0,0,0,8,11,0,0,0,0
470201,1,1,0,0,0,0,0,0,0,0,0,0
470201,2,1,0,0,0,0,0,0,0,0,0,0
470202,1,1,0,0,0,0,0,0,0,0,0,0
470203,1,1,0,0,0,0,0,0,0,0,0,0
470204,1,1,20,20,20,20,20,20,20,20,20,20
470204,2,1,0,0,0,0,0,0,0,0,0,0
470205,1,1,0,0,0,0,0,0,0,0,0,0
470206,1,1,24,24,24,24,24,24,24,24,24,24
470206,2,1,0,0,0,0,0,0,0,0,0,0
470206,3,1,0,0,0,0,0,0,0,0,0,0
470206,4,1,0,0,0,0,0,0,0,0,0,0
470207,1,1,0,24,0,0,0,0,0,0,0,0
470207,2,1,0,0,0,0,0,12,0,0,0,0
470208,1,1,0,0,0,0,0,0,0,0,0,0
470208,2,1,0,0,0,0,0,0,0,0,0,0
470208,3,1,0,0,0,0,0,0,0,0,0,0
470209,1,1,0,0,0,0,11,0,0,0,0,0
470210,0,1,6,0,10,18,0,0,0,15,11,37
470210,1,1,22,0,28,14,8,23,22,12,16,0
470211,0,1,32,32,32,32,32,32,32,32,32,32
470211,1,1,2,6,23,0,0,5,0,0,19,0
470212,1,1,0,0,0,0,2,0,0,0,0,0
470212,2,1,0,0,0,0,0,0,0,0,0,0
470213,1,1,21,21,21,21,21,21,21,21,21,21
470213,2,1,0,0,0,0,0,0,0,0,0,0
470214,1,1,0,0,0,0,0,0,0,0,0,0
470215,1,1,0,0,38,0,0,0,0,20,0,0
470215,2,1,9,0,0,0,0,0,0,0,14,0
470216,1,1,0,0,0,0,0,0,0,0,0,0
470216,2,1,0,0,0,0,0,0,0,0,0,0
470217,1,1,0,0,0,0,0,0,0,0,0,0
470217,2,1,0,0,0,0,0,15,0,0,0,0
470218,0,1,0,32,22,0,0,0,10,0,0,0
470218,1,1,23,0,21,10,19,0,17,13,16,4
470219,1,1,0,0,0,0,0,0,0,0,0,0
470220,1,1,0,0,0,0,0,0,0,0,0,0
470220,2,1,0,0,0,0,0,0,0,0,0,0
470221,1,1,0,0,0,0,0,0,0,0,0,0
470222,1,1,7,7,7,7,7,7,7,7,7,7
470223,0,1,0,0,0,0,0,0,0,0,0,0
470223,1,1,0,14,0,0,0,0,0,0,0,0
470224,1,1,0,0,0,1,0,0,0,0,0,0
470224,2,1,0,0,0,0,0,12,0,0,15,0
470225,1,1,0,0,0,0,0,0,0,0,0,0
470225,2,1,0,0,0,0,0,0,0,0,0,0
470226,1,1,10,10,10,10,10,10,10,10,10,10
470226,2,1,0,0,0,0,0,0,0,0,0,0
470227,0,1,17,17,17,17,17,17,17,17,17,17
470227,1,1,0,0,0,0,0,0,0,0,0,0
470228,1,1,0,0,0,0,0,0,0,0,0,0
470228,2,1,0,0,0,0,0,0,0,0,0,16
470229,1,1,0,0,0,0,0,0,0,0,0,0
470230,1,1,0,0,0,0,0,0,0,0,0,0
470231,1,1,0,0,0,0,0,0,0,0,0,0
470232,1,1,0,0,0,0,0,0,0,0,0,0
470233,1,1,0,0,0,0,0,0,0,0,0,0
470233,2,1,0,0,0,0,9,0,0,0,0,0
470234,1,1,9,0,19,0,9,0,0,0,0,39
470235,0,1,0,0,0,0,0,0,0,0,0,0
470235,1,1,0,6,23,0,0,0,13,18,0,0
470236,1,1,0,0,0,0,0,0,0,0,0,0
470236,2,1,0,0,0,0,0,0,0,0,0,0
470238,0,1,6,12,28,18,27,17,26,0,29,15
470238,1,1,0,0,0,0,0,0,0,0,0,0
470239,1,1,7,7,7,7,7,7,7,7,7,7
470240,0,1,0,0,0,0,0,0,0,0,0,0
470240,1,1,0,0,0,0,0,0,0,0,0,0
470241,1,1,0,0,0,0,0,0,0,0,0,0
470241,2,1,0,0,0,0,0,0,0,0,0,0
470243,1,1,28,28,28,28,28,28,28,28,28,28
470244,0,1,0,0,18,0,32,19,21,28,0,32
470244,1,1,13,12,0,31,12,0,17,0,16,23
470245,1,1,0,0,0,0,0,0,0,0,0,0
470246,1,1,19,19,19,19,19,19,19,19,19,19
470246,2,1,0,0,0,0,0,0,5,6,22,0
470247,1,1,18,18,18,18,18,18,18,18,18,18
470248,0,1,0,0,0,0,0,10,0,6,0,16
470248,1,1,0,0,17,0,0,0,0,0,0,0
470249,1,1,0,0,0,0,0,0,0,0,0,0
470249,2,1,0,0,0,0,0,0,0,0,0,0
470249,3,1,0,0,0,0,0,0,0,0,0,0
470250,1,1,0,8,0,0,0,0,14,0,0,0
470251,1,1,0,0,0,0,0,0,0,0,0,0
470251,2,1,13,0,0,0,0,0,0,0,0,0
470252,1,1,5,5,5,5,5,5,5,5,5,5
470253,1,1,0,0,4,0,0,0,0,0,0,0
470255,1,1,0,0,0,0,0,0,0,0,0,0
470256,1,1,22,22,22,22,22,22,22,22,22,22
470257,1,1,22,22,22,22,22,22,22,22,22,22
470257,2,1,0,0,0,0,0,0,0,0,0,0
470258,1,1,7,7,7,7,7,7,7,7,7,7
470258,2,1,0,0,0,0,0,0,0,0,0,18
470259,1,1,15,15,15,15,15,15,15,15,15,15
470259,2,1,0,0,0,0,22,0,0,0,0,11
470260,0,1,0,49,0,0,0,0,0,23,0,0
470260,1,1,0,0,0,0,0,0,0,0,0,18
470261,1,1,17,17,17,17,17,17,17,17,17,17
470262,1,1,16,16,16,16,16,16,16,16,16,16
470262,2,1,0,0,0,0,0,0,0,0,0,0
470263,1,1,6,6,6,6,6,6,6,6,6,6
470264,1,1,0,0,0,0,0,0,0,0,6,0
470264,2,1,0,0,0,0,0,0,0,0,0,0
470265,1,1,0,0,0,0,0,0,0,0,0,0
470265,2,1,0,0,0,0,0,0,0,0,0,0
470266,1,1,0,0,0,0,0,0,0,0,0,0
470266,2,1,0,0,0,0,0,0,0,0,0,0
470266,3,1,0,0,0,0,0,0,0,0,0,0
470267,1,1,0,0,0,0,0,0,0,0,0,0
470268,1,1,12,34,5,26,20,10,26,23,25,13
470269,1,1,16,16,16,16,16,16,16,16,16,16
470269,2,1,0,0,0,0,0,0,0,0,0,0
470270,1,1,0,0,0,0,0,0,0,0,0,0
470271,1,1,0,0,0,0,0,0,0,0,0,0
470271,2,1,0,0,0,0,0,0,0,0,0,0
470272,1,1,0,0,0,0,0,0,0,0,0,0
470272,2,1,0,0,0,0,0,0,0,0,0,0
470273,1,1,0,0,0,0,0,0,0,0,0,0
470274,1,1,21,21,21,21,21,21,21,21,21,21
470274,2,1,0,0,0,0,0,0,0,0,0,0
470275,1,1,0,0,0,0,0,0,0,0,0,0
470275,2,1,5,5,5,5,5,5,5,5,5,5
470276,1,1,0,0,0,0,0,27,0,0,0,0
470276,2,1,0,0,0,0,0,0,0,0,0,0
470277,1,1,0,0,0,0,0,0,0,0,0,0
470277,2,1,0,0,0,0,0,0,0,0,0,0
470278,0,1,19,19,19,19,19,19,19,19,19,19
470278,1,1,12,12,12,12,12,12,12,12,12,12
470279,1,1,0,0,0,0,0,0,0,0,0,0
470280,1,1,0,0,0,0,0,0,0,0,0,0
470280,2,1,0,0,0,0,0,0,0,0,0,0
470281,1,1,0,11,0,0,0,0,0,0,0,0
470281,2,1,0,0,0,0,0,0,0,0,0,0
470282,1,1,22,0,0,18,0,0,0,0,13,0
470283,1,1,0,0,0,0,0,0,0,0,0,0
470284,1,1,0,0,0,0,0,0,0,0,0,0
470284,2,1,0,0,0,0,0,0,0,0,0,0
470285,1,1,0,0,0,0,0,0,0,0,0,0
470285,2,1,0,0,0,0,0,0,0,0,0,0
470286,1,1,2,2,2,2,2,2,2,2,2,2
470286,2,1,0,0,0,0,0,0,0,0,0,0
470286,3,1,0,0,0,0,0,0,0,0,0,0
470287,1,1,0,0,0,0,0,0,0,0,0,0
470288,1,1,0,0,0,0,0,0,24,0,15,0
470289,1,1,32,32,32,32,32,32,32,32,32,32
470290,1,1,10,10,10,10,10,10,10,10,10,10
470291,0,1,4,4,4,4,4,4,4,4,4,4
470291,1,1,0,0,0,0,0,0,0,0,0,0
470292,1,1,0,0,0,0,0,0,0,0,0,0
470292,2,1,0,0,30,0,0,0,0,0,0,0
470293,1,1,0,0,0,0,0,0,0,0,0,0
470294,1,1,0,0,0,0,0,0,0,0,0,0
470294,2,1,4,4,4,4,4,4,4,4,4,4
470295,1,1,0,0,0,0,0,0,0,0,0,0
470295,2,1,0,0,0,0,0,0,0,0,0,0
470295,3,1,0,0,0,0,0,0,0,0,0,0
470296,1,1,0,0,0,0,0,0,0,0,0,0
470297,1,1,0,0,0,0,18,0,0,0,0,4
470298,1,1,0,0,0,0,2,0,5,0,0,0
470299,1,1,0,0,0,0,0,0,0,0,0,0
470299,2,1,0,0,0,0,0,0,0,0,0,0
470299,3,1,0,0,0,0,0,0,0,0,0,0
470300,0,1,0,0,0,0,0,0,0,0,0,0
470300,1,1,0,0,0,0,18,0,0,21,0,0
470301,1,1,0,0,15,0,0,0,0,0,0,0
470301,2,1,0,17,0,0,0,20,0,0,0,0
470301,3,1,0,0,0,0,0,0,0,0,0,0
470301,4,1,0,0,0,0,0,0,0,0,0,0
470302,1,1,0,0,0,0,0,0,0,0,0,0
470302,2,1,0,0,0,0,0,0,0,0,0,0
470303,1,1,0,0,0,0,0,0,0,0,0,0
470303,2,1,0,0,0,0,0,0,0,0,0,0
470304,1,1,12,12,12,12,12,12,12,12,12,12
470306,0,1,0,0,0,0,0,0,0,0,0,0
470306,1,1,0,0,0,0,0,0,0,0,0,2
470307,1,1,0,0,0,0,0,0,0,26,0,0
470307,2,1,0,0,0,0,0,0,0,0,0,0
470308,1,1,0,0,0,0,0,0,0,0,0,0
470308,2,1,0,0,0,0,0,0,0,0,0,0
470309,1,1,0,0,0,0,0,0,0,0,0,0
470309,2,1,0,0,0,0,0,0,0,0,0,0
470309,3,1,0,0,0,0,0,0,0,0,0,0
470309,4,1,0,0,0,0,0,0,0,0,0,0
470310,1,1,0,0,0,0,0,0,0,0,0,0
470311,1,1,30,30,30,30,30,30,30,30,30,30
470312,1,1,0,0,0,0,0,0,0,0,0,0
470312,2,1,0,0,0,0,0,0,0,0,0,0
470313,1,1,11,0,0,0,0,0,0,0,0,0
470314,0,1,28,28,28,28,28,28,28,28,28,28
470314,1,1,0,0,0,8,0,0,0,0,0,0
470315,1,1,0,0,0,0,0,0,0,0,0,0
470315,2,1,0,0,0,0,0,0,0,0,0,0
470316,1,1,0,0,0,0,0,0,0,0,0,0
470317,1,1,25,25,25,25,25,25,25,25,25,25
470317,2,1,0,0,0,0,0,0,0,0,0,0
470318,1,1,0,0,0,0,0,0,0,0,0,0
470318,2,1,0,0,0,0,0,0,0,0,0,0
470319,1,1,0,0,0,0,0,0,0,0,0,0
470319,2,1,0,0,0,0,0,0,0,0,0,0
470320,0,1,0,0,12,0,0,0,0,0,0,0
470320,1,1,0,0,0,0,0,0,0,0,0,0
470321,1,1,0,0,0,0,0,0,0,0,0,0
470322,1,1,23,23,23,23,23,23,23,23,23,23
470323,1,1,0,0,0,0,0,0,0,0,0,0
470323,2,1,0,0,0,0,0,0,0,0,0,0
470323,3,1,0,0,0,0,0,0,0,0,0,0
470324,1,1,0,0,0,0,0,0,0,0,0,0
470324,2,1,14,14,14,14,14,14,14,14,14,14
470325,1,1,0,0,0,0,0,0,0,0,0,0
470325,2,1,0,0,0,0,0,0,0,0,0,0
470325,3,1,0,16,0,0,0,0,40,0,0,0
470325,4,1,0,0,0,0,0,0,0,0,0,0
470325,5,1,0,0,0,0,0,0,0,0,0,0
470325,6,1,0,0,0,0,0,0,0,12,19,0
470325,7,1,0,0,0,0,0,0,0,0,0,0
470325,8,1,24,0,0,0,0,0,0,0,17,0
470326,1,1,0,0,0,8,0,0,0,0,0,0
470327,0,1,6,6,6,6,6,6,6,6,6,6
470327,1,1,0,0,13,16,0,0,0,26,0,0
470327,2,1,0,0,0,0,0,0,0,0,0,15
470327,3,1,0,0,0,0,0,0,0,0,0,0
470327,4,1,0,0,0,0,0,17,0,0,0,0
470328,1,1,0,0,0,0,0,0,0,0,0,12
470328,2,1,0,0,0,17,0,0,0,0,0,15
470329,1,1,0,0,0,12,0,0,0,0,0,0
470329,2,1,19,0,0,0,22,0,3,0,21,0
470330,1,1,16,16,16,16,16,16,16,16,16,16
470331,1,1,0,0,0,0,0,0,0,0,0,0
470332,1,1,0,0,0,0,0,0,0,0,0,0
470332,2,1,0,0,0,0,0,0,0,0,0,0
470333,1,1,0,0,0,0,0,0,0,0,0,0
470333,2,1,0,0,0,0,0,0,0,0,0,0
470333,3,1,0,19,0,0,0,0,0,0,0,0
470334,1,1,2,2,2,2,2,2,2,2,2,2
470334,2,1,0,0,0,0,0,0,0,0,0,0
470335,1,1,0,0,0,0,0,13,0,0,0,0
470335,2,1,0,0,0,0,0,0,0,0,0,0
470336,1,1,14,14,14,14,14,14,14,14,14,14
470337,1,1,0,0,0,0,0,0,0,0,0,0
470338,1,1,0,0,0,0,0,0,0,0,0,0
470338,2,1,0,0,0,0,0,0,0,0,0,0
470340,1,1,21,21,21,21,21,21,21,21,21,21
470340,2,1,0,0,0,0,0,0,0,0,0,0
470341,1,1,9,0,0,16,0,14,0,13,19,0
470341,2,1,0,0,0,0,0,0,0,0,0,0
470341,3,1,22,0,0,12,0,16,0,20,0,0
470342,1,1,0,0,0,0,0,0,0,0,0,0
470342,2,1,0,0,0,0,0,0,0,0,0,0
470343,1,1,0,0,0,0,0,0,0,0,0,0
470344,1,1,0,0,0,0,0,0,0,0,0,0
470345,1,1,0,0,0,0,0,0,0,0,0,0
470345,2,1,0,0,0,0,0,0,0,0,0,0
470346,1,1,0,0,0,0,0,0,0,0,0,0
470346,2,1,0,0,0,0,0,0,0,0,0,0
470347,1,1,0,0,0,0,0,0,0,0,0,0
470347,2,1,0,0,0,0,0,0,0,0,0,0
470348,1,1,0,0,18,0,0,0,0,0,14,28
470348,2,1,0,0,24,0,0,0,0,0,0,0
470349,1,1,0,0,0,0,0,0,0,0,17,0
470350,1,1,0,3,0,0,0,0,0,0,0,17
470350,2,1,0,0,0,0,0,0,0,0,0,0
470351,1,1,19,19,19,19,19,19,19,19,19,19
470352,1,1,24,24,24,24,24,24,24,24,24,24
470353,1,1,0,0,0,0,0,0,0,0,0,0
470353,2,1,0,0,0,0,0,0,0,0,0,4
470355,1,1,19,19,19,19,19,19,19,19,19,19
470356,1,1,0,0,0,0,0,0,0,0,0,0
470357,1,1,22,0,0,0,0,0,0,0,0,0
470357,2,1,0,16,0,0,0,0,0,0,0,0
470358,0,1,0,0,0,0,0,0,0,0,0,0
470358,1,1,0,0,0,0,0,0,20,8,0,0
470359,1,1,0,0,0,0,0,0,0,0,0,0
470360,0,1,0,0,0,0,0,0,0,0,0,0
470360,1,1,0,0,0,12,0,0,0,0,0,0
470361,1,1,18,18,18,18,18,18,18,18,18,18
470361,2,1,0,0,0,0,0,0,0,0,0,0
470361,3,1,0,0,0,0,0,0,0,0,0,0
470362,0,1,0,0,0,0,0,0,0,0,0,29
470362,1,1,0,0,11,0,29,0,0,0,0,0
470363,1,1,0,0,0,0,0,0,0,0,0,0
470363,2,1,0,0,0,0,0,0,0,0,0,0
470364,1,1,0,0,34,0,3,0,0,9,18,0
470365,1,1,0,0,0,0,0,0,0,0,0,0
470365,2,1,0,0,0,0,0,0,0,0,0,19
470366,1,1,0,0,0,0,0,0,0,0,0,0
470367,1,1,0,0,0,12,0,0,0,0,0,0
470367,2,1,0,0,19,0,0,0,0,0,0,0
470368,0,1,0,0,0,0,0,0,0,0,0,0
470368,1,1,13,12,8,0,17,24,0,13,0,0
470369,1,1,0,0,0,0,0,0,0,0,0,0
470369,2,1,0,0,0,0,0,0,0,0,0,0
470370,1,1,0,10,10,13,0,0,0,0,0,8
470371,1,1,4,4,4,4,4,4,4,4,4,4
470372,1,1,16,16,16,16,16,16,16,16,16,16
470373,1,1,18,18,18,18,18,18,18,18,18,18
470374,1,1,0,0,6,0,0,0,0,0,0,0
470374,2,1,0,13,3,2,5,0,13,6,0,9
470375,1,1,0,0,0,0,0,0,0,0,0,0
470376,1,1,0,0,0,0,23,0,0,0,0,0
470376,2,1,0,0,0,0,0,0,0,0,0,0
470377,1,1,0,0,0,0,0,0,0,0,0,0
470377,2,1,13,13,13,13,13,13,13,13,13,13
470378,1,1,0,0,0,0,0,0,0,0,0,0
470379,1,1,1,1,1,1,1,1,1,1,1,1
470380,1,1,0,0,0,0,0,0,0,0,0,0
470380,2,1,0,0,0,0,0,0,0,0,0,0
470381,0,1,13,13,13,13,13,13,13,13,13,13
470381,1,1,0,0,0,0,0,0,0,0,0,0
470382,1,1,21,21,21,21,21,21,21,21,21,21
470383,0,1,13,13,13,13,13,13,13,13,13,13
470383,1,1,9,0,0,15,0,0,0,0,15,0
470384,1,1,14,14,14,14,14,14,14,14,14,14
470384,2,1,0,0,0,0,0,0,0,0,0,0
470384,3,1,0,0,0,0,0,0,0,0,0,0
470385,1,1,7,7,7,7,7,7,7,7,7,7
470385,2,1,3,3,3,3,3,3,3,3,3,3
470386,1,1,0,0,11,19,12,7,21,4,10,0
470386,2,1,1,1,1,1,1,1,1,1,1,1
470388,1,1,0,0,0,0,0,0,0,0,0,0
470389,1,1,33,0,37,0,0,0,21,0,16,0
470389,2,1,0,0,0,0,0,0,0,0,0,0
470390,1,1,0,0,0,0,0,0,0,0,0,0
470391,1,1,0,0,0,0,0,0,0,0,0,0
470391,2,1,0,0,0,0,0,0,0,0,0,0
470392,1,1,0,0,0,0,0,0,0,0,0,0
470393,1,1,0,0,0,0,0,0,0,0,0,0
470394,1,1,22,22,22,22,22,22,22,22,22,22
470394,2,1,0,0,6,0,0,18,0,0,0,0
470394,3,1,0,0,0,0,0,0,0,0,0,0
470395,0,1,0,0,0,0,0,0,0,0,0,0
470395,1,1,7,3,8,15,23,14,6,0,6,13
470396,1,1,0,0,0,0,0,0,0,0,0,0
470396,2,1,0,0,0,0,0,0,0,0,0,0
470396,3,1,3,0,0,0,0,0,0,0,0,0
470397,0,1,0,0,0,0,0,0,0,0,0,0
470397,1,1,0,0,0,0,0,0,0,0,0,0
470398,1,1,0,0,0,0,0,0,0,0,0,0
470398,2,1,0,0,0,0,0,0,0,0,0,0
470398,3,1,0,0,0,0,0,0,0,0,0,0
470399,1,1,0,0,0,0,0,0,0,0,0,0
470400,1,1,15,15,15,15,15,15,15,15,15,15
470400,2,1,0,0,0,0,0,0,0,0,0,0