ST_CASE,VEH_NO,PER_NO,P1,P2,P3,P4,P5,P6,P7,P8,P9,P10
470401,0,1,0,0,0,0,0,0,0,0,0,0
470401,1,1,29,0,2,0,11,0,0,0,8,6
470401,2,1,0,0,0,0,0,0,28,0,0,0
470402,1,1,0,0,0,0,0,0,0,0,0,0
470402,2,1,0,0,0,0,0,0,0,0,0,0
470403,1,1,0,0,0,0,0,0,0,0,0,0
470403,2,1,0,0,0,0,0,0,0,0,0,0
470404,1,1,0,0,0,0,0,0,0,0,0,0
470404,2,1,13,13,0,19,20,5,12,0,6,16
470405,1,1,0,0,0,0,0,0,0,0,0,0
470405,2,1,0,0,0,0,0,0,0,0,0,0
470406,1,1,0,0,0,0,0,0,0,0,0,0
470406,2,1,0,0,0,0,0,0,0,0,0,0
470407,0,1,0,0,0,0,0,0,0,0,0,0
470407,1,1,0,0,0,0,0,0,0,0,0,0
470408,1,1,0,0,0,0,0,0,0,0,0,0
470408,2,1,4,4,4,4,4,4,4,4,4,4
470409,1,1,0,0,0,0,0,0,0,0,0,0
470410,1,1,0,0,0,0,0,0,0,0,0,0
470411,1,1,0,0,0,0,15,0,0,0,0,0
470412,1,1,6,6,6,6,6,6,6,6,6,6
470412,2,1,15,8,12,0,0,0,0,0,19,10
470413,0,1,1,1,1,1,1,1,1,1,1,1
470413,1,1,12,40,0,19,13,18,22,0,0,14
470414,1,1,32,32,32,32,32,32,32,32,32,32
470415,1,1,0,0,0,0,0,0,0,0,0,0
470415,2,1,0,0,0,0,0,0,0,0,0,0
470416,1,1,22,22,22,22,22,22,22,22,22,22
470417,1,1,15,0,0,0,0,0,0,0,0,0
470417,2,1,0,0,0,0,0,0,0,0,0,0
470418,1,1,0,0,0,0,0,0,0,0,0,0
470419,1,1,25,25,25,25,25,25,25,25,25,25
470420,1,1,0,0,0,0,0,0,0,0,0,0
470421,0,1,36,36,36,36,36,36,36,36,36,36
470421,1,1,0,0,0,0,0,0,0,0,0,0
470422,1,1,0,0,0,0,0,0,0,0,0,0
470422,2,1,0,0,0,0,0,0,0,0,0,0
470422,3,1,0,0,0,0,0,0,0,0,0,0
470423,0,1,23,23,23,23,23,23,23,23,23,23
470423,1,1,0,0,0,11,0,0,0,0,0,3
470424,1,1,0,0,0,0,0,0,0,0,0,0
470424,2,1,0,0,0,0,0,0,0,0,0,0
470425,1,1,0,0,0,0,0,0,0,0,0,0
470425,2,1,0,0,0,0,0,0,0,0,0,0
470426,1,1,0,0,0,0,0,0,0,0,0,0
470426,2,1,0,0,0,0,0,0,0,0,0,0
470427,0,1,0,0,0,0,0,0,0,0,0,0
470427,2,1,0,0,0,0,0,0,0,0,0,0
470428,1,1,0,0,0,0,0,0,0,0,0,0
470428,2,1,0,0,0,0,0,0,0,0,15,0
470429,1,1,30,24,19,11,4,20,8,30,22,24
470430,1,1,0,0,0,0,0,0,0,0,0,0
470431,1,1,17,17,17,17,17,17,17,17,17,17
470431,2,1,0,14,0,0,0,0,0,0,0,0
470432,1,1,0,0,0,0,0,0,0,0,0,0
470432,2,1,17,11,8,0,0,0,20,26,0,0
470433,1,1,0,0,0,0,0,0,0,0,0,0
470433,2,1,0,5,0,0,8,0,0,20,0,0
470434,0,1,12,12,12,12,12,12,12,12,12,12
470434,1,1,16,0,0,0,0,0,0,0,0,0
470435,1,1,0,16,0,0,0,0,0,0,0,9
470435,2,1,0,0,3,0,0,0,0,0,0,0
470435,3,1,13,0,0,29,0,0,0,0,0,21
470435,4,1,0,0,17,12,0,0,21,11,0,0
470436,1,1,0,0,0,0,17,0,0,0,0,0
470436,2,1,0,0,0,0,0,0,0,0,0,0
470437,1,1,0,0,0,12,0,0,0,0,0,0
470438,1,1,0,0,0,0,0,0,0,0,0,0
470438,2,1,0,3,0,6,0,0,0,0,0,0
470439,1,1,0,0,0,0,0,0,0,0,0,0
470439,2,1,0,0,0,0,17,0,0,0,0,0
470440,1,1,1,1,1,1,1,1,1,1,1,1
470441,1,1,19,19,19,19,19,19,19,19,19,19
470441,2,1,0,0,0,0,0,0,0,0,0,0
470442,1,1,0,0,0,0,0,0,0,0,0,0
470442,2,1,0,0,0,0,0,0,0,0,0,0
470443,1,1,0,0,0,0,0,0,0,0,0,0
470443,2,1,0,0,0,0,0,0,0,0,0,0
470443,3,1,35,35,35,35,35,35,35,35,35,35
470444,0,1,0,0,0,0,0,0,0,20,0,0
470444,0,2,0,0,14,51,29,0,0,0,0,0
470444,1,1,20,0,0,0,0,0,0,0,10,0
470444,2,1,0,0,13,0,0,0,0,0,0,0
470445,1,1,0,0,0,0,0,0,0,0,0,0
470445,2,1,25,25,24,7,10,9,22,11,20,17
470446,0,1,0,0,0,14,0,0,0,0,0,0
470446,1,1,0,0,0,0,0,0,0,0,0,0
470447,0,1,0,0,0,0,0,0,0,0,0,0
470447,1,1,0,0,6,0,0,0,0,0,0,0
470448,1,1,18,18,18,18,18,18,18,18,18,18
470448,2,1,0,0,0,0,0,0,0,0,0,0
470449,1,1,0,0,0,0,0,0,0,0,0,0
470449,2,1,0,0,0,0,0,0,0,0,0,0
470450,1,1,0,0,0,0,0,0,0,0,0,0
470451,1,1,0,0,0,0,0,0,0,0,0,0
470452,1,1,0,0,0,0,0,0,0,0,0,0
470452,2,1,0,0,0,0,0,0,0,0,0,0
470453,0,1,0,0,0,0,0,0,0,0,0,0
470453,1,1,0,0,0,0,0,0,0,0,0,0
470454,1,1,16,0,17,11,0,17,13,29,0,9
470454,2,1,0,0,0,0,0,0,0,13,0,0
470455,1,1,0,0,0,0,0,0,0,0,0,0
470455,2,1,0,0,0,0,0,0,0,0,0,0
470456,1,1,0,0,0,0,0,0,0,0,0,0
470456,2,1,0,0,0,0,0,0,0,0,0,0
470457,1,1,0,0,0,0,0,0,0,0,0,0
470458,1,1,0,0,0,0,0,0,7,5,0,15
470459,1,1,0,0,0,0,0,2,10,19,19,2
470461,1,1,12,0,0,0,0,0,10,0,10,12
470462,1,1,0,13,0,0,0,0,0,0,0,0
470462,2,1,0,0,0,0,0,0,0,0,0,0
470463,1,1,0,0,0,0,0,0,0,0,0,0
470463,2,1,0,0,0,0,0,0,0,0,0,0
470464,1,1,9,9,9,9,9,9,9,9,9,9
470465,1,1,0,0,0,0,0,0,0,0,0,0
470466,1,1,0,25,0,0,0,0,0,0,0,0
470467,0,1,0,0,0,0,0,0,0,0,0,0
470467,1,1,0,0,0,0,0,0,0,0,0,0
470467,2,1,0,0,0,0,0,0,0,0,21,0
470467,3,1,0,0,0,0,0,0,0,0,0,0
470468,1,1,0,0,0,0,0,9,0,0,0,0
470469,1,1,0,0,0,0,0,0,0,6,16,6
470469,2,1,0,0,0,0,0,0,0,0,0,0
470469,3,1,0,0,0,0,0,0,0,0,0,0
470470,1,1,9,9,9,9,9,9,9,9,9,9
470471,1,1,4,4,4,4,4,4,4,4,4,4
470472,1,1,0,0,0,0,0,0,0,0,0,0
470472,2,1,0,0,0,0,0,0,0,0,0,0
470473,1,1,9,9,9,9,9,9,9,9,9,9
470473,2,1,0,0,0,0,0,0,0,19,0,0
470474,1,1,0,0,0,0,0,0,0,0,0,0
470474,2,1,0,0,0,0,0,0,0,0,0,0
470475,1,1,0,0,0,0,0,0,0,0,0,0
470476,1,1,17,0,0,0,0,3,0,0,0,0
470476,2,1,0,0,0,0,0,0,0,0,0,0
470476,3,1,0,0,0,0,0,0,0,0,0,0
470477,1,1,12,12,12,12,12,12,12,12,12,12
470479,1,1,0,0,0,0,0,0,0,0,0,0
470479,2,1,0,0,0,0,0,0,0,0,6,0
470479,3,1,0,0,0,0,0,8,0,0,0,0
470480,1,1,18,18,18,18,18,18,18,18,18,18
470481,1,1,11,22,0,5,14,0,0,0,19,5
470482,1,1,16,16,16,16,16,16,16,16,16,16
470482,2,1,16,16,16,16,16,16,16,16,16,16
470483,1,1,0,0,0,0,0,0,0,0,0,0
470483,2,1,0,0,0,0,0,0,0,0,0,0
470484,1,1,10,0,0,0,0,0,0,0,0,0
470484,2,1,0,0,0,0,0,0,0,0,0,16
470485,1,1,0,0,0,0,0,0,0,0,0,0
470485,2,1,0,0,0,0,0,0,0,0,0,0
470486,1,1,30,30,30,30,30,30,30,30,30,30
470487,1,1,0,0,0,0,0,0,0,0,0,0
470488,1,1,0,0,0,0,0,0,0,0,0,0
470488,2,1,0,0,0,0,0,0,0,0,0,0
470490,0,1,0,0,0,0,0,0,0,0,0,0
470490,1,1,0,0,0,0,0,0,0,0,0,0
470491,1,1,13,13,13,13,13,13,13,13,13,13
470492,1,1,0,0,0,0,0,0,0,0,0,0
470492,2,1,0,0,0,0,0,0,0,0,0,0
470493,1,1,0,0,0,0,0,0,0,0,0,0
470494,1,1,0,0,0,0,0,0,0,0,0,0
470494,2,1,0,0,0,0,0,0,0,0,0,0
470495,1,1,0,0,0,0,7,0,0,0,0,0
470496,1,1,0,20,5,16,0,0,0,26,0,19
470497,1,1,26,26,26,26,26,26,26,26,26,26
470497,2,1,0,0,0,0,0,0,0,0,0,0
470498,1,1,0,0,0,0,0,0,0,0,0,0
470499,1,1,25,25,25,25,25,25,25,25,25,25
470500,1,1,20,20,20,20,20,20,20,20,20,20
470501,0,1,0,0,0,0,0,0,0,0,0,0
470501,1,1,25,0,9,6,4,0,0,0,0,10
470502,1,1,0,0,0,0,0,0,0,9,0,0
470502,2,1,0,0,0,0,0,0,0,0,0,0
470503,0,1,32,32,32,32,32,32,32,32,32,32
470503,1,1,0,0,0,0,0,0,0,0,0,0
470504,1,1,0,0,0,0,0,0,0,0,0,0
470504,2,1,0,0,0,0,0,0,0,0,0,0
470505,1,1,0,0,0,0,0,0,0,0,0,0
470506,1,1,0,0,0,0,0,0,0,0,0,0
470506,2,1,0,0,0,0,0,0,0,0,0,0
470507,1,1,0,0,0,0,0,0,0,0,0,17
470507,2,1,0,0,0,0,0,0,0,0,0,0
470507,3,1,11,12,13,14,15,19,9,22,13,19
470508,1,1,0,0,0,0,0,0,0,0,0,0
470508,2,1,0,0,0,0,0,0,10,0,0,9
470509,1,1,0,0,0,0,0,0,0,0,0,0
470509,2,1,0,0,0,0,0,0,0,0,0,0
470510,1,1,11,11,11,11,11,11,11,11,11,11
470511,1,1,15,7,20,6,15,31,6,7,13,13
470512,1,1,0,0,0,0,0,0,0,0,0,0
470512,2,1,0,0,0,0,0,0,0,0,0,0
470513,1,1,0,0,11,0,0,0,0,0,0,0
470513,2,1,10,10,10,10,10,10,10,10,10,10
470514,1,1,0,0,0,0,0,0,0,0,0,0
470514,2,1,0,0,0,0,0,0,0,0,0,0
470515,1,1,0,0,0,0,0,0,0,0,0,0
470516,1,1,0,0,0,0,0,0,0,0,0,0
470517,1,1,11,11,11,11,11,11,11,11,11,11
470518,1,1,0,0,0,0,0,0,0,0,0,0
470518,2,1,0,0,0,0,0,0,0,0,0,0
470519,1,1,0,0,0,0,0,0,0,0,0,0
470520,1,1,18,18,18,18,18,18,18,18,18,18
470521,1,1,0,0,0,0,0,0,0,0,0,0
470521,2,1,0,0,0,0,0,0,0,0,0,0
470522,1,1,0,0,9,0,0,0,0,13,0,0
470522,2,1,23,23,23,23,23,23,23,23,23,23
470522,3,1,0,0,0,0,0,0,0,0,0,0
470523,1,1,0,0,0,0,21,0,0,0,0,18
470524,1,1,0,0,0,0,0,19,26,0,0,0
470525,1,1,0,33,0,0,0,4,0,0,0,10
470525,2,1,0,0,0,0,0,0,0,0,19,0
470526,1,1,19,0,0,16,0,0,0,0,0,0
470526,2,1,4,4,4,4,4,4,4,4,4,4
470526,3,1,21,24,0,0,25,14,0,0,0,0
470527,1,1,0,0,0,0,0,0,0,0,0,0
470527,2,1,0,0,0,0,0,0,0,0,0,17
470528,1,1,0,0,0,0,0,0,0,0,3,0
470528,2,1,0,0,0,0,0,0,0,0,0,0
470529,1,1,0,0,0,0,0,0,0,0,23,0
470529,2,1,0,0,0,0,0,0,0,0,0,0
470530,0,1,1,1,1,1,1,1,1,1,1,1
470530,1,1,0,0,0,0,0,0,0,0,0,0
470531,1,1,24,0,0,0,0,0,0,0,0,0
470531,2,1,0,0,0,0,0,0,0,0,0,0
470532,1,1,14,14,14,14,14,14,14,14,14,14
470532,2,1,0,0,0,0,0,0,0,0,0,0
470533,1,1,0,0,0,0,0,0,0,0,0,0
470534,1,1,0,0,0,0,0,0,0,0,0,0
470534,2,1,0,0,0,0,0,0,0,0,0,0
470534,3,1,0,0,0,0,0,0,0,0,0,0
470535,1,1,0,0,0,0,0,0,0,0,0,0
470536,0,1,0,0,0,0,0,0,0,0,0,0
470536,1,1,0,0,4,6,0,0,9,7,0,0
470536,2,1,0,14,0,0,0,0,0,0,0,0
470537,1,1,0,0,0,0,23,13,0,0,0,0
470538,1,1,0,0,0,0,0,0,7,0,0,0
470538,2,1,12,12,12,12,12,12,12,12,12,12
470539,1,1,24,24,24,24,24,24,24,24,24,24
470539,2,1,0,0,0,0,0,0,0,0,0,0
470540,1,1,0,0,0,0,0,0,0,0,0,0
470540,2,1,0,0,0,0,0,0,0,0,0,0
470541,1,1,33,33,33,33,33,33,33,33,33,33
470541,2,1,0,0,0,0,0,0,0,0,0,0
470542,1,1,0,0,0,0,0,0,0,0,0,0
470543,1,1,0,0,0,0,0,0,27,0,0,0
470543,2,1,0,22,14,0,0,0,0,0,0,0
470544,1,1,18,18,18,18,18,18,18,18,18,18
470545,1,1,0,0,0,0,0,0,0,0,0,0
470545,2,1,0,0,0,0,0,0,0,0,0,0
470546,1,1,0,0,0,0,9,0,9,14,0,0
470546,2,1,0,0,0,0,0,0,0,0,0,0
470547,1,1,0,0,0,0,0,0,0,0,0,0
470548,1,1,0,0,0,0,0,0,0,0,0,0
470548,2,1,0,0,0,0,0,0,0,0,0,0
470549,0,1,0,0,0,0,0,0,0,0,0,0
470549,1,1,15,22,21,0,35,0,0,16,22,12
470550,0,1,0,0,0,0,0,0,15,0,0,7
470550,0,2,23,0,0,0,0,0,4,0,0,0
470550,0,3,0,16,0,0,0,0,0,0,30,0
470550,0,4,0,0,0,0,0,0,0,0,0,0
470550,1,1,22,19,13,14,15,12,10,23,15,14
470551,0,1,23,5,0,5,0,0,0,0,0,21
470551,1,1,4,17,27,7,0,10,8,6,0,36
470552,1,1,0,0,0,21,0,0,0,0,0,0
470552,2,1,0,0,0,0,0,0,0,0,0,0
470552,3,1,0,0,0,0,0,0,0,0,0,0
470552,4,1,0,0,0,0,0,0,0,0,0,0
470553,1,1,0,0,0,0,0,0,0,0,0,0
470553,2,1,0,0,0,0,0,24,0,0,0,0
470554,1,1,0,0,0,0,0,0,0,0,0,0
470555,1,1,17,17,17,17,17,17,17,17,17,17
470556,1,1,14,14,14,14,14,14,14,14,14,14
470556,2,1,0,0,15,0,0,0,0,0,0,0
470556,3,1,0,20,0,0,0,29,0,0,0,0
470557,1,1,0,0,0,0,19,0,0,0,0,0
470557,2,1,0,0,0,0,0,0,0,0,0,0
470558,0,1,0,0,0,0,0,0,0,0,0,0
470558,0,2,0,0,0,0,0,0,36,0,0,0
470558,0,3,0,0,0,0,0,0,0,0,0,0
470558,1,1,0,0,0,0,0,0,0,0,0,0
470558,2,1,0,0,0,0,0,4,0,0,0,0
470559,1,1,0,0,0,0,0,0,0,0,0,0
470560,1,1,0,0,0,0,0,0,0,0,0,0
470560,2,1,19,0,15,0,0,12,0,18,21,0
470561,1,1,0,0,0,0,0,0,0,0,0,0
470561,2,1,0,0,0,0,0,0,0,0,0,0
470562,1,1,0,23,0,0,0,24,0,0,0,0
470563,1,1,23,23,23,23,23,23,23,23,23,23
470564,1,1,0,0,0,0,0,0,0,0,0,0
470564,2,1,0,0,0,0,0,0,0,0,0,0
470565,0,1,0,0,0,0,0,0,0,0,0,0
470565,1,1,4,4,4,4,4,4,4,4,4,4
470566,1,1,12,12,12,12,12,12,12,12,12,12
470567,1,1,0,0,0,0,0,0,0,0,0,0
470568,1,1,0,0,0,0,0,0,0,0,0,0
470568,2,1,0,0,0,0,0,0,0,0,0,0
470568,3,1,0,0,0,0,0,0,0,0,0,0
470568,4,1,0,0,0,0,0,0,0,0,0,0
470568,5,1,0,0,0,0,0,0,0,0,0,0
470569,1,1,0,0,0,7,0,0,0,0,0,0
470569,2,1,0,0,0,0,0,0,0,0,0,0
470570,1,1,0,0,0,0,0,0,0,0,0,0
470571,1,1,0,0,0,0,0,0,0,0,0,0
470572,0,1,14,0,16,0,0,0,0,0,0,0
470572,1,1,0,0,0,0,0,0,0,0,0,0
470572,2,1,0,0,0,0,0,0,0,0,0,0
470573,1,1,15,10,9,25,29,14,20,11,17,12
470574,1,1,0,0,0,0,0,0,0,0,0,0
470575,1,1,0,30,18,10,14,36,31,18,10,19
470576,1,1,0,0,0,0,0,0,0,0,0,0
470576,2,1,0,0,0,0,0,0,0,0,0,0
470577,1,1,0,0,0,0,0,0,0,0,0,0
470577,2,1,0,0,0,0,0,0,0,0,0,0
470578,1,1,15,15,15,15,15,15,15,15,15,15
470579,0,1,0,0,0,0,0,0,0,0,0,0
470579,1,1,0,13,0,12,10,10,0,0,14,0
470580,1,1,0,0,0,0,0,0,0,0,0,0
470580,2,1,0,0,0,0,0,0,0,0,0,0
470581,1,1,0,0,0,0,0,0,0,0,0,0
470582,1,1,18,18,18,18,18,18,18,18,18,18
470583,1,1,0,0,0,0,0,0,0,0,0,0
470584,1,1,0,0,0,0,0,0,0,0,0,0
470584,2,1,0,0,0,0,0,0,0,0,0,0
470585,1,1,7,5,0,16,9,12,3,0,32,21
470585,2,1,0,0,0,0,0,0,0,0,0,0
470585,3,1,0,0,0,0,0,0,0,0,0,0
470585,4,1,0,0,0,0,0,0,0,0,0,0
470586,1,1,0,0,0,0,0,0,0,0,0,0
470586,2,1,0,0,0,0,0,6,0,0,0,0
470587,1,1,36,36,36,36,36,36,36,36,36,36
470588,1,1,0,0,0,0,0,0,0,0,0,0
470589,1,1,0,0,0,0,0,0,0,0,0,0
470589,2,1,16,0,21,0,0,0,20,19,0,0
470589,3,1,0,0,0,0,0,0,0,0,0,0
470590,1,1,0,0,0,0,0,0,0,0,0,0
470591,1,1,0,0,0,0,0,0,0,0,0,0
470591,2,1,0,0,0,0,0,0,0,0,0,0
470591,3,1,0,0,0,0,0,0,0,0,0,0
470593,0,1,0,0,0,0,0,0,0,0,33,0
470593,1,1,0,0,0,0,0,0,0,0,0,0
470594,1,1,0,0,0,0,0,0,0,0,0,0
470594,2,1,0,5,0,0,13,0,0,0,0,0
470595,0,1,29,29,29,29,29,29,29,29,29,29
470595,1,1,0,0,0,0,0,0,0,0,0,12
470596,1,1,0,0,0,0,0,0,0,0,0,0
470597,1,1,0,0,0,0,0,0,0,0,0,0
470598,1,1,0,0,0,0,0,0,0,0,0,0
470598,2,1,0,0,0,0,0,0,0,0,0,0
470599,0,1,19,19,19,19,19,19,19,19,19,19
470599,2,1,0,0,0,0,0,0,0,0,0,0
470600,1,1,0,0,0,0,0,0,0,12,0,0
470601,1,1,0,0,0,0,0,0,0,0,0,0
470602,1,1,16,26,11,21,13,27,9,10,19,18
470603,1,1,0,0,0,0,0,0,0,0,0,0
470604,1,1,0,0,0,0,0,0,0,0,0,0
470604,2,1,0,0,0,0,0,0,0,0,0,0
470605,1,1,0,16,0,0,0,0,14,13,0,0
470605,2,1,0,0,21,0,0,0,0,0,0,0
470605,3,1,0,0,0,0,0,0,0,0,0,0
470606,1,1,0,0,0,0,0,0,0,0,0,0
470607,1,1,11,11,11,11,11,11,11,11,11,11
470607,2,1,0,0,0,0,0,17,0,0,15,0
470608,1,1,0,0,0,0,0,0,0,0,0,0
470609,1,1,0,0,0,0,0,0,0,0,0,0
470610,1,1,0,0,0,4,0,0,24,0,0,21
470610,2,1,0,0,0,0,0,0,0,16,0,0
470611,1,1,0,0,0,0,0,0,0,0,0,0
470611,2,1,0,0,0,0,0,0,0,0,0,0
470613,1,1,9,9,9,9,9,9,9,9,9,9
470613,2,1,0,0,0,0,0,31,0,0,0,0
470614,1,1,32,11,27,0,5,17,27,25,24,12
470615,1,1,17,17,17,17,17,17,17,17,17,17
470616,1,1,28,28,28,28,28,28,28,28,28,28
470617,1,1,0,0,0,0,0,0,0,0,0,0
470617,2,1,0,0,0,11,23,0,0,0,13,0
470618,1,1,0,0,0,0,0,0,0,0,0,0
470618,2,1,0,0,0,0,0,0,0,0,0,0
470619,1,1,30,30,30,30,30,30,30,30,30,30
470619,2,1,8,8,8,8,8,8,8,8,8,8
470619,3,1,7,7,7,7,7,7,7,7,7,7
470620,1,1,0,0,0,0,0,0,0,0,0,0
470621,1,1,0,0,0,0,0,0,0,0,0,0
470621,2,1,0,0,0,0,0,0,0,0,0,0
470622,1,1,0,0,0,0,0,0,0,0,0,0
470622,2,1,19,8,6,25,13,26,9,23,25,0
470623,1,1,17,17,17,17,17,17,17,17,17,17
470623,2,1,0,0,0,0,0,0,0,0,0,0
470623,3,1,0,0,0,0,0,0,0,0,0,0
470624,1,1,0,0,0,0,0,0,0,0,0,0
470624,2,1,0,0,0,0,0,0,0,0,0,0
470625,1,1,0,0,0,0,0,0,0,0,0,0
470626,1,1,0,0,0,0,0,20,0,0,0,0
470627,1,1,0,0,0,0,0,0,0,0,0,0
470627,2,1,9,0,10,14,0,29,0,0,18,0
470628,1,1,0,11,0,18,0,0,10,0,0,0
470628,2,1,0,0,0,0,0,0,0,0,0,0
470629,1,1,0,0,0,0,0,0,0,0,0,0
470630,1,1,0,25,0,0,0,15,0,18,0,0
470631,1,1,0,0,0,0,0,0,8,0,0,0
470631,2,1,3,3,3,3,3,3,3,3,3,3
470632,1,1,0,0,0,0,0,0,0,0,0,0
470632,2,1,0,0,0,0,0,0,0,0,0,0
470633,0,1,0,0,0,0,0,0,0,0,0,0
470633,1,1,0,7,13,11,0,18,11,0,0,12
470634,1,1,0,0,0,0,0,12,0,0,0,0
470635,1,1,0,0,0,0,0,0,0,0,0,0
470636,1,1,0,0,0,0,0,0,0,0,0,0
470637,1,1,20,20,20,20,20,20,20,20,20,20
470637,2,1,0,0,0,0,0,0,0,0,0,0
470637,3,1,0,0,0,0,0,0,0,0,0,0
470638,1,1,16,0,0,0,0,0,0,0,0,0
470639,1,1,0,0,0,0,0,0,0,0,0,0
470639,2,1,0,0,0,0,0,0,0,0,0,0
470640,1,1,0,0,0,0,0,0,0,0,0,0
470640,2,1,0,0,0,0,0,0,0,0,0,0
470641,1,1,0,0,0,0,0,0,0,0,0,0
470643,1,1,0,25,9,0,0,0,25,0,0,0
470643,2,1,0,0,0,0,0,0,0,0,0,0
470643,3,1,0,0,0,0,0,0,0,0,0,0
470645,1,1,15,0,0,22,11,16,18,38,12,22
470645,2,1,0,0,0,0,0,0,0,0,13,0
470646,1,1,24,24,24,24,24,24,24,24,24,24
470646,2,1,0,0,0,0,0,0,0,0,0,0
470646,3,1,0,0,0,0,0,0,0,0,0,0
470647,1,1,0,0,0,0,0,0,0,0,0,0
470647,2,1,0,0,0,0,0,0,13,0,0,7
470648,1,1,0,0,0,0,0,0,0,0,0,0
470648,2,1,7,0,0,0,27,0,0,0,0,0
470649,1,1,18,18,18,18,18,18,18,18,18,18
470650,0,1,0,0,0,0,0,0,0,0,0,0
470650,1,1,0,0,0,0,0,0,0,0,0,0
470651,1,1,0,0,0,0,0,0,0,0,0,0
470651,2,1,0,0,14,0,0,0,0,0,0,0
470652,1,1,0,0,0,0,0,0,0,0,0,0
470652,2,1,0,0,0,0,0,0,0,0,0,0
470653,1,1,0,0,0,0,0,0,0,0,0,0
470653,2,1,0,0,0,0,0,0,0,0,0,0
470654,1,1,0,0,0,0,0,17,12,0,0,0
470654,2,1,0,0,22,0,0,0,0,0,0,0
470654,3,1,0,0,0,0,0,0,0,0,0,0
470655,1,1,18,18,18,18,18,18,18,18,18,18
470656,1,1,0,0,0,0,0,0,0,0,0,0
470656,2,1,0,0,0,0,0,0,9,0,0,0
470657,1,1,0,16,19,3,15,9,15,0,0,0
470658,1,1,11,11,11,11,11,11,11,11,11,11
470659,1,1,0,0,0,0,0,0,0,0,0,0
470660,1,1,0,0,0,0,0,0,0,0,0,0
470660,2,1,0,0,0,0,0,0,0,0,0,0
470661,1,1,22,22,22,22,22,22,22,22,22,22
470661,2,1,0,0,0,0,0,0,0,0,0,12
470661,3,1,0,0,0,0,0,0,0,23,0,0
470662,1,1,6,6,6,6,6,6,6,6,6,6
470662,2,1,0,0,18,0,0,0,0,0,6,0
470663,1,1,21,0,0,0,25,0,0,0,0,17
470664,1,1,35,0,0,0,0,0,9,0,0,0
470665,1,1,0,0,0,0,0,0,0,0,0,0
470665,2,1,0,0,0,0,0,0,0,0,0,0
470666,1,1,0,0,0,0,0,0,0,0,0,0
470667,1,1,0,0,0,0,12,0,0,0,0,8
470667,2,1,0,0,0,0,0,0,0,0,0,0
470668,1,1,9,9,9,9,9,9,9,9,9,9
470669,0,1,38,27,17,43,22,5,0,0,17,0
470669,1,1,0,0,0,0,0,17,0,0,0,0
470670,1,1,0,0,0,0,0,0,0,0,0,0
470671,1,1,0,0,0,0,0,0,0,0,0,0
470671,2,1,0,0,0,0,0,0,0,0,0,0
470672,1,1,22,22,22,22,22,22,22,22,22,22
470673,1,1,0,0,0,0,0,0,0,0,0,0
470673,2,1,0,0,0,0,0,0,0,0,0,0
470674,1,1,0,0,0,0,0,0,0,0,0,0
470674,2,1,0,0,0,0,0,19,0,0,0,0
470674,3,1,0,0,0,0,0,0,0,0,0,0
470675,1,1,0,0,0,0,0,0,0,0,0,0
470675,2,1,0,0,0,0,0,0,0,0,0,0
470676,1,1,10,0,0,0,0,0,0,0,0,0
470676,2,1,0,0,0,0,0,0,0,0,0,0
470677,1,1,0,0,0,0,0,0,0,0,0,0
470677,2,1,0,0,0,0,0,0,0,0,0,0
470677,3,1,0,0,0,0,0,0,0,0,0,0
470677,4,1,0,0,0,0,0,0,0,20,0,0
470677,5,1,0,0,0,0,0,0,0,0,0,0
470678,1,1,0,11,0,0,0,0,21,7,11,0
470678,2,1,0,0,0,0,0,13,0,0,0,0
470678,3,1,0,0,0,0,0,0,0,0,0,0
470679,0,1,0,0,0,13,0,0,0,0,0,0
470679,1,1,0,0,0,0,0,0,0,0,0,0
470680,1,1,0,0,0,0,0,0,0,0,0,0
470680,2,1,0,0,0,0,0,0,0,0,0,0
470681,1,1,0,0,0,0,0,0,0,0,0,0
470682,1,1,25,25,25,25,25,25,25,25,25,25
470683,1,1,30,0,0,0,0,41,0,6,0,0
470684,1,1,21,21,21,21,21,21,21,21,21,21
470685,1,1,0,0,0,0,0,0,0,0,0,0
470685,2,1,0,0,0,0,0,0,0,0,0,0
470686,1,1,0,0,0,0,0,0,0,0,0,0
470686,2,1,0,0,0,0,0,0,0,0,0,0
470687,1,1,0,0,0,37,0,0,0,0,17,0
470687,2,1,0,0,0,0,0,0,0,0,0,0
470688,1,1,0,0,0,0,0,0,0,0,0,0
470688,2,1,0,0,0,0,0,0,0,0,0,0
470689,1,1,16,16,16,16,16,16,16,16,16,16
470689,2,1,0,0,0,21,0,0,14,0,0,0
470690,1,1,0,0,0,0,0,0,0,14,0,0
470690,2,1,0,0,0,0,0,0,0,0,0,0
470691,1,1,0,0,0,0,0,0,0,0,0,0
470691,2,1,0,0,0,0,0,0,0,0,0,0
470693,0,1,37,37,37,37,37,37,37,37,37,37
470693,1,1,0,0,0,0,0,0,0,0,0,0
470694,0,1,0,0,0,6,37,0,0,0,0,19
470694,1,1,0,0,0,0,0,0,0,0,0,0
470695,1,1,0,0,0,0,0,0,0,0,0,0
470696,1,1,0,0,0,0,2,0,0,0,0,0
470696,2,1,0,0,0,0,0,0,0,0,0,0
470697,0,1,0,0,0,0,0,0,0,20,0,0
470697,1,1,0,0,0,0,0,0,0,0,0,0
470698,1,1,0,16,0,0,0,0,0,0,0,0
470698,2,1,0,0,0,0,0,0,0,0,0,0
470699,1,1,0,0,0,0,0,0,0,0,0,0