ST_CASE,VEH_NO,PER_NO,P1,P2,P3,P4,P5,P6,P7,P8,P9,P10
470699,2,1,0,0,0,0,0,0,0,0,0,0
470700,0,1,0,0,0,0,19,0,0,0,0,13
470700,1,1,0,0,0,0,0,0,0,0,0,0
470701,1,1,44,44,44,44,44,44,44,44,44,44
470702,1,1,0,0,0,0,0,0,0,0,0,0
470703,1,1,0,0,0,0,0,0,0,26,0,0
470703,2,1,0,0,0,0,0,0,0,0,0,0
470704,1,1,0,0,0,0,0,0,0,0,0,0
470705,1,1,0,0,0,0,0,0,0,0,0,0
470705,2,1,0,0,0,0,0,0,0,0,0,0
470706,1,1,0,0,0,0,0,0,0,0,0,0
470707,1,1,0,0,0,8,0,0,18,0,0,0
470708,1,1,0,0,0,0,0,0,0,0,0,0
470709,1,1,0,0,0,0,0,13,0,14,10,0
470710,1,1,0,13,0,0,0,0,0,0,0,0
470710,2,1,0,0,0,9,0,0,0,0,0,0
470711,1,1,0,0,0,0,9,0,0,0,0,0
470712,1,1,0,0,0,0,0,0,0,0,0,0
470713,1,1,5,5,5,5,5,5,5,5,5,5
470714,0,1,0,0,0,0,0,0,12,0,15,6
470714,1,1,20,3,4,15,0,0,18,18,0,4
470715,1,1,0,0,0,0,0,0,0,0,0,0
470715,2,1,0,0,0,0,0,0,0,0,0,0
470716,1,1,0,0,0,0,0,0,0,0,0,0
470716,2,1,0,0,0,0,0,0,0,0,0,0
470717,1,1,0,0,0,0,0,0,0,0,0,19
470717,2,1,0,0,0,0,0,0,0,0,0,0
470718,1,1,0,0,0,0,0,0,12,0,0,0
470719,1,1,0,0,0,0,0,0,0,0,0,0
470719,2,1,0,0,0,0,0,0,0,0,0,0
470720,1,1,0,0,0,33,0,0,0,0,0,0
470720,2,1,0,0,0,0,0,0,0,0,0,0
470721,1,1,0,0,0,0,0,0,0,0,0,0
470721,2,1,0,0,0,0,0,0,0,0,0,0
470722,1,1,0,0,0,0,0,0,0,0,0,0
470722,2,1,0,0,0,0,0,0,0,0,0,0
470723,1,1,23,23,23,23,23,23,23,23,23,23
470723,2,1,0,0,0,0,0,0,0,0,0,0
470723,3,1,0,0,0,0,0,0,0,0,0,0
470723,4,1,0,0,0,0,0,0,0,0,0,0
470724,1,1,0,0,0,0,0,0,0,0,0,0
470725,0,1,0,0,0,0,0,0,0,0,0,0
470725,1,1,0,0,0,0,0,0,0,0,0,0
470725,2,1,0,0,7,11,15,5,0,0,0,7
470726,1,1,0,0,0,0,0,0,0,0,0,0
470726,2,1,10,10,10,10,10,10,10,10,10,10
470727,1,1,3,3,3,3,3,3,3,3,3,3
470728,1,1,0,10,0,20,14,0,27,0,0,22
470728,2,1,0,0,0,0,0,0,20,0,0,0
470729,1,1,20,12,24,8,18,23,15,20,19,9
470730,1,1,13,13,13,13,13,13,13,13,13,13
470731,1,1,0,0,0,9,0,0,0,0,0,0
470732,1,1,0,0,12,0,0,0,0,0,0,0
470732,2,1,28,28,28,28,28,28,28,28,28,28
470733,1,1,0,0,0,0,0,0,0,0,0,0
470734,1,1,0,0,0,0,0,0,0,0,0,0
470735,1,1,0,0,0,0,0,0,0,0,0,0
470735,2,1,0,0,0,0,0,0,0,0,0,0
470736,1,1,0,0,0,0,0,0,0,0,0,0
470736,2,1,0,0,0,0,0,0,0,0,0,0
470736,3,1,0,0,0,0,0,0,0,0,0,0
470736,4,1,0,0,0,0,0,0,0,0,0,0
470737,0,1,0,0,0,0,0,0,0,16,0,0
470737,1,1,0,10,0,0,0,0,0,30,0,0
470738,1,1,21,21,21,21,21,21,21,21,21,21
470739,1,1,0,0,0,15,0,0,0,0,0,0
470739,2,1,2,2,2,2,2,2,2,2,2,2
470740,1,1,0,0,0,0,0,0,0,0,0,0
470741,0,1,35,35,35,35,35,35,35,35,35,35
470741,1,1,0,0,13,0,17,0,0,0,0,0
470742,1,1,0,0,0,0,0,0,0,0,0,0
470742,2,1,0,0,0,0,0,0,0,0,0,0
470743,1,1,0,0,0,0,0,0,0,0,0,0
470743,2,1,0,0,0,0,0,0,0,0,0,0
470744,1,1,22,8,10,0,0,0,0,0,0,0
470745,0,1,0,19,0,27,0,0,0,0,0,0
470745,1,1,0,0,0,0,0,0,0,0,0,0
470745,2,1,0,0,0,0,0,0,0,0,0,0
470746,0,1,13,32,41,18,24,16,0,25,13,64
470746,1,1,0,0,0,0,20,0,0,0,0,0
470747,1,1,0,0,0,0,0,0,0,0,0,0
470747,2,1,0,0,0,0,0,0,0,0,0,0
470747,3,1,0,0,0,0,0,0,0,0,0,0
470747,4,1,0,0,0,0,0,0,0,0,0,0
470748,1,1,0,0,0,0,0,0,0,0,0,0
470748,2,1,0,0,0,0,0,0,0,0,0,0
470749,1,1,27,27,27,27,27,27,27,27,27,27
470749,2,1,0,0,0,0,0,0,0,0,0,0
470750,1,1,0,0,0,0,0,0,0,0,0,0
470750,2,1,0,0,0,0,0,0,0,0,0,0
470751,1,1,0,0,0,0,0,0,0,0,0,0
470751,2,1,0,0,0,0,0,0,0,0,0,0
470752,1,1,0,0,0,0,0,0,0,0,0,0
470752,2,1,0,0,0,0,0,0,0,0,0,0
470753,1,1,0,0,0,0,0,0,0,0,0,0
470754,0,1,0,0,0,0,0,0,0,0,0,0
470754,1,1,16,7,0,0,0,0,0,6,0,9
470754,2,1,0,0,0,10,15,36,0,0,0,0
470755,1,1,0,0,0,0,0,0,0,0,0,0
470755,2,1,0,0,0,0,0,0,0,0,0,0
470755,3,1,0,0,0,0,0,0,0,0,0,0
470756,1,1,20,0,0,0,2,0,0,0,0,8
470756,2,1,0,0,0,0,0,0,0,0,0,0
470756,3,1,0,0,0,0,0,0,0,0,0,0
470756,4,1,0,0,0,4,0,0,0,0,0,0
470757,1,1,0,0,0,0,0,0,0,0,0,0
470758,1,1,15,13,0,16,13,0,22,0,28,13
470758,2,1,0,0,0,0,0,0,0,0,0,0
470759,1,1,0,0,0,0,0,0,0,0,0,0
470759,2,1,0,0,0,0,0,10,0,0,0,0
470760,1,1,0,0,0,0,0,0,0,0,0,0
470760,2,1,0,0,0,0,0,0,0,0,0,0
470760,3,1,0,0,0,0,0,0,0,0,0,0
470761,1,1,0,0,0,0,0,0,0,0,0,0
470761,2,1,0,0,0,0,0,0,0,0,0,0
470762,1,1,0,0,0,0,0,0,0,0,0,0
470762,2,1,0,0,0,0,0,0,0,0,0,0
470763,0,1,0,0,0,0,0,0,0,0,0,0
470763,1,1,0,0,0,0,0,0,0,0,0,0
470764,1,1,0,0,0,0,0,0,0,0,0,0
470764,2,1,0,0,0,0,0,0,0,0,0,0
470765,1,1,0,0,0,0,0,0,0,0,0,0
470766,1,1,7,7,7,7,7,7,7,7,7,7
470767,1,1,4,4,4,4,4,4,4,4,4,4
470768,1,1,0,0,0,0,0,0,0,0,0,0
470768,2,1,0,0,0,0,0,0,0,0,0,0
470769,0,1,0,0,0,0,0,0,0,0,0,0
470769,1,1,0,0,0,0,0,0,0,0,0,0
470769,2,1,0,0,0,0,0,0,0,0,0,0
470770,1,1,0,0,0,0,0,0,0,0,0,0
470771,0,1,0,0,0,0,0,19,0,0,0,11
470771,0,2,38,0,0,0,0,0,0,29,31,0
470771,1,1,0,0,0,0,0,0,0,0,0,0
470772,1,1,16,16,16,16,16,16,16,16,16,16
470773,0,1,20,20,20,20,20,20,20,20,20,20
470773,1,1,13,20,25,11,26,15,13,18,13,6
470774,1,1,0,0,0,0,0,0,0,0,0,0
470774,2,1,0,0,0,0,0,0,0,0,0,0
470775,1,1,0,0,0,0,0,0,0,0,0,0
470775,2,1,0,0,0,0,0,0,0,0,0,0
470776,1,1,0,0,0,0,0,0,0,0,0,0
470776,2,1,0,0,0,0,0,0,0,0,0,21
470777,1,1,10,10,10,10,10,10,10,10,10,10
470778,1,1,15,15,15,15,15,15,15,15,15,15
470779,1,1,14,0,0,0,0,0,0,0,0,0
470780,1,1,19,19,19,19,19,19,19,19,19,19
470780,2,1,0,0,0,20,0,14,0,0,0,0
470781,1,1,0,0,0,0,0,0,0,0,0,0
470781,2,1,0,0,0,0,0,0,0,0,0,0
470782,0,1,0,0,0,0,0,0,0,0,0,0
470782,1,1,21,21,21,21,21,21,21,21,21,21
470783,1,1,0,0,0,0,0,0,0,0,0,0
470784,1,1,0,0,0,0,0,0,0,0,0,0
470784,2,1,0,0,0,0,0,0,0,0,0,0
470785,1,1,20,20,20,20,20,20,20,20,20,20
470786,1,1,10,10,10,10,10,10,10,10,10,10
470786,2,1,0,0,0,0,0,0,0,0,0,0
470787,1,1,0,0,0,0,0,0,0,0,0,0
470788,1,1,0,0,0,0,0,0,0,0,0,0
470788,2,1,0,0,0,0,0,0,0,0,0,0
470789,1,1,0,0,0,0,0,0,0,0,0,0
470789,2,1,0,0,0,0,0,0,0,0,0,0
470790,1,1,0,0,0,0,0,0,0,0,0,0
470791,0,1,13,13,13,13,13,13,13,13,13,13
470791,1,1,0,16,20,0,0,0,0,0,0,0
470791,2,1,0,0,0,0,0,0,0,0,0,0
470792,1,1,25,25,25,25,25,25,25,25,25,25
470792,2,1,0,0,0,0,0,0,12,0,18,0
470792,3,1,0,0,0,0,0,0,0,0,0,0
470792,4,1,0,0,19,0,0,0,0,13,0,15
470792,5,1,0,0,0,0,0,0,0,0,0,0
470793,1,1,0,0,0,0,0,0,0,0,0,0
470794,1,1,0,0,0,0,0,0,0,0,0,9
470795,1,1,15,15,15,15,15,15,15,15,15,15
470795,2,1,0,0,0,0,0,0,0,0,0,0
470796,1,1,4,4,4,4,4,4,4,4,4,4
470797,1,1,0,0,0,0,0,0,0,0,0,0
470798,1,1,0,0,0,0,0,0,0,0,0,0
470799,1,1,0,0,0,0,0,0,0,8,0,0
470800,1,1,0,0,0,0,0,0,0,0,0,0
470801,1,1,16,0,0,0,0,23,0,0,0,0
470802,0,1,0,0,0,0,0,0,7,0,0,7
470802,1,1,0,0,0,0,13,0,0,0,0,0
470803,0,1,0,19,19,18,6,32,26,28,30,37
470803,1,1,0,0,0,0,0,0,0,0,0,0
470804,1,1,0,0,0,0,0,0,0,0,0,0
470805,1,1,22,0,8,0,0,0,0,0,0,0
470806,0,1,30,30,30,30,30,30,30,30,30,30
470806,1,1,13,17,19,15,6,0,20,0,31,11
470807,1,1,16,11,0,0,0,0,0,20,0,0
470807,2,1,1,1,1,1,1,1,1,1,1,1
470808,1,1,0,0,0,0,0,0,0,0,0,0
470808,2,1,0,0,0,0,0,0,0,0,0,0
470809,1,1,19,19,19,19,19,19,19,19,19,19
470811,1,1,0,0,0,0,0,0,0,0,0,0
470811,2,1,0,0,0,0,0,0,0,0,0,0
470812,1,1,0,0,0,0,0,0,0,0,0,0
470812,2,1,0,0,0,0,0,0,0,0,0,0
470813,1,1,0,0,0,0,0,0,0,0,0,0
470813,2,1,0,0,0,0,0,0,0,0,0,0
470814,1,1,0,31,0,0,0,0,0,0,0,0
470815,1,1,15,15,15,15,15,15,15,15,15,15
470816,1,1,0,0,0,0,0,0,0,0,12,0
470816,2,1,0,0,0,0,0,0,0,9,0,0
470817,1,1,0,0,0,0,0,0,0,0,0,0
470818,1,1,0,0,0,0,0,0,0,0,0,0
470818,2,1,17,0,0,0,0,0,0,25,0,0
470818,3,1,0,0,0,0,0,0,0,0,0,0
470819,0,1,16,16,16,16,16,16,16,16,16,16
470819,1,1,0,0,0,0,0,0,0,0,0,0
470820,1,1,0,0,0,0,0,0,0,0,0,0
470821,0,1,0,0,9,0,0,0,0,0,0,0
470821,1,1,0,0,9,0,0,0,0,0,0,0
470822,1,1,0,0,0,0,0,0,0,0,0,0
470822,2,1,0,0,0,0,0,0,0,0,0,0
470823,1,1,0,7,0,0,0,0,0,0,0,0
470823,2,1,0,0,0,0,0,16,0,0,35,0
470824,1,1,0,0,0,0,0,0,0,0,0,0
470826,0,1,0,0,0,0,0,0,0,0,0,0
470826,1,1,0,0,23,0,0,0,0,0,0,0
470828,1,1,0,0,0,0,0,0,0,0,0,0
470828,2,1,0,0,0,0,0,0,0,0,0,0
470829,1,1,0,0,13,0,0,0,0,14,0,0
470830,0,1,0,0,0,0,0,0,0,0,0,0
470830,1,1,0,3,9,0,29,0,0,0,0,22
470831,1,1,17,17,17,17,17,17,17,17,17,17
470832,1,1,22,22,22,22,22,22,22,22,22,22
470833,0,1,36,36,36,36,36,36,36,36,36,36
470833,1,1,0,0,0,0,0,0,0,0,0,0
470834,1,1,0,0,0,0,0,0,0,0,0,0
470835,0,1,0,29,19,0,0,0,0,0,0,0
470835,1,1,0,13,13,0,14,0,17,0,0,8
470836,1,1,0,0,0,0,0,0,0,0,0,0
470837,1,1,10,18,3,0,6,15,8,0,22,31
470838,1,1,9,18,3,19,26,15,18,10,21,18
470839,1,1,0,0,0,0,0,0,0,0,0,0
470839,2,1,0,0,0,0,0,0,0,0,0,0
470840,1,1,14,14,14,14,14,14,14,14,14,14
470840,2,1,0,0,0,0,0,0,7,16,11,0
470841,1,1,12,0,25,0,0,0,12,0,0,9
470841,2,1,0,19,0,12,0,11,0,0,0,10
470843,1,1,0,0,0,0,0,0,0,0,0,0
470843,2,1,0,0,0,0,0,0,0,0,0,0
470843,3,1,0,0,0,0,0,0,0,0,0,0
470844,1,1,0,0,0,0,0,0,0,0,0,0
470844,2,1,0,0,0,0,0,0,0,0,0,0
470845,0,1,0,0,0,0,0,0,0,0,0,0
470845,1,1,0,0,0,0,0,0,0,0,28,0
470846,1,1,0,0,0,0,0,0,0,0,0,0
470846,2,1,0,14,0,0,0,0,0,0,0,0
470847,1,1,3,3,3,3,3,3,3,3,3,3
470848,1,1,0,0,0,0,0,0,0,0,0,0
470849,0,1,0,0,0,0,0,0,0,0,0,0
470849,1,1,0,0,0,0,0,0,0,0,0,0
470850,1,1,9,9,9,9,9,9,9,9,9,9
470850,2,1,0,0,0,0,0,0,0,0,0,0
470851,0,1,28,28,28,28,28,28,28,28,28,28
470851,1,1,0,0,0,31,0,0,15,7,0,0
470852,1,1,16,16,16,16,16,16,16,16,16,16
470853,1,1,0,0,0,0,0,0,0,0,30,0
470854,1,1,13,13,13,13,13,13,13,13,13,13
470855,1,1,0,0,0,0,0,0,0,0,0,0
470856,0,1,0,0,0,0,0,0,0,0,0,0
470856,1,1,0,0,0,0,0,0,0,0,0,0
470857,1,1,0,0,0,0,0,0,0,0,0,0
470858,1,1,0,0,0,0,0,0,0,0,0,0
470858,2,1,15,0,0,0,20,14,0,18,0,0
470859,1,1,30,30,30,30,30,30,30,30,30,30
470860,1,1,13,8,0,0,20,12,0,17,0,0
470860,2,1,0,38,0,0,10,0,0,26,0,0
470861,1,1,0,0,0,0,0,0,0,0,0,0
470861,2,1,8,0,0,0,0,0,0,0,0,0
470862,1,1,0,0,0,0,0,0,0,0,0,0
470863,1,1,0,0,0,0,0,0,0,29,0,0
470863,2,1,15,0,0,0,0,0,0,0,0,0
470864,1,1,0,0,0,0,0,0,0,0,0,0
470864,2,1,0,0,0,0,0,0,0,0,0,0
470865,0,1,0,0,0,15,0,0,12,0,0,21
470865,1,1,0,0,0,0,0,0,0,0,0,0
470865,2,1,0,0,0,0,0,0,0,0,0,0
470866,0,1,0,0,0,0,0,0,0,0,0,0
470866,1,1,0,0,0,0,0,0,0,0,0,0
470867,1,1,0,0,0,0,0,0,0,0,0,0
470867,2,1,0,22,11,20,11,0,0,10,0,9
470868,1,1,0,0,0,0,0,0,0,0,0,0
470868,2,1,0,0,0,0,0,0,0,0,0,0
470869,0,1,0,0,0,0,0,0,0,30,0,0
470869,0,2,0,0,0,0,0,0,0,0,0,0
470869,1,1,15,0,15,17,0,0,0,0,0,32
470870,1,1,0,0,0,0,0,0,0,0,0,0
470871,1,1,30,0,0,0,0,0,18,6,3,0
470871,2,1,0,0,0,0,0,0,0,0,0,0
470872,1,1,20,0,16,12,0,0,0,0,0,0
470872,2,1,0,0,0,0,0,0,0,0,0,0
470872,3,1,0,0,0,0,0,0,0,0,0,0
470873,1,1,0,0,0,0,0,0,0,0,0,0
470873,2,1,0,0,0,0,0,0,0,0,0,0
470874,1,1,0,0,0,0,0,0,0,0,0,0
470874,2,1,0,0,0,0,0,0,0,0,0,17
470876,1,1,0,0,0,0,0,0,0,0,0,0
470876,2,1,0,0,0,0,0,0,0,0,0,0
470877,1,1,0,0,0,0,0,0,0,0,0,0
470878,1,1,0,0,0,0,0,0,0,0,0,0
470878,2,1,0,0,0,0,0,0,0,0,0,0
470879,1,1,0,0,0,0,0,0,0,0,0,0
470879,2,1,0,0,0,0,0,0,0,0,0,0
470880,0,1,24,24,24,24,24,24,24,24,24,24
470880,1,1,11,0,26,14,0,6,0,3,0,23
470882,1,1,0,0,0,0,0,0,0,0,0,0
470883,1,1,0,0,0,0,0,0,0,0,0,0
470884,1,1,0,0,0,0,31,0,0,0,0,0
470885,0,1,0,0,0,0,0,0,0,0,0,0
470885,1,1,0,0,0,0,0,0,0,0,0,0
470886,1,1,0,0,0,0,0,0,0,0,0,0
470886,2,1,0,0,0,0,0,0,0,3,0,0
470887,0,1,0,0,0,38,0,0,0,0,0,0
470887,1,1,0,0,0,0,0,0,0,0,0,0
470888,1,1,0,0,2,0,0,10,0,0,0,0
470888,2,1,0,0,0,0,0,0,0,0,0,0
470888,3,1,0,0,15,0,0,0,0,0,0,0
470889,1,1,0,3,0,0,0,0,0,0,0,11
470890,1,1,0,0,0,0,0,0,0,0,0,0
470890,2,1,0,0,0,0,0,0,9,0,0,0
470891,1,1,0,0,0,10,0,0,0,0,0,0
470891,2,1,0,0,0,0,0,0,0,0,0,0
470892,1,1,19,0,0,30,13,0,0,11,11,0
470893,1,1,0,12,0,12,11,22,0,0,0,17
470894,1,1,17,17,17,17,17,17,17,17,17,17
470895,1,1,0,0,0,0,0,0,0,0,0,0
470896,1,1,18,18,18,18,18,18,18,18,18,18
470897,1,1,0,0,0,0,0,0,0,0,0,0
470898,1,1,0,0,0,10,0,0,0,0,8,0
470898,2,1,0,0,13,0,0,0,0,0,0,0
470899,1,1,0,0,0,0,0,0,0,0,0,0
470899,2,1,0,0,0,0,0,0,0,0,0,0
470900,1,1,0,0,0,0,0,0,0,0,0,0
470902,0,1,0,0,0,0,26,0,0,0,0,0
470902,1,1,26,16,10,11,5,25,40,22,18,13
470903,1,1,2,2,2,2,2,2,2,2,2,2
470904,0,1,0,0,0,0,0,0,0,0,0,0
470904,1,1,0,0,0,0,0,0,0,0,0,0
470905,0,1,8,0,0,0,0,0,0,0,0,0
470905,1,1,0,0,0,0,0,0,0,0,0,0
470906,1,1,0,0,0,0,0,0,0,0,0,0
470907,1,1,21,21,21,21,21,21,21,21,21,21
470909,0,1,21,27,16,0,20,9,44,19,19,0
470909,1,1,0,0,0,0,0,0,0,0,0,0
470910,1,1,0,0,0,0,0,0,0,0,0,0
470910,2,1,0,0,0,0,0,0,0,0,0,0
470911,0,1,0,0,0,0,0,0,0,0,0,0
470911,1,1,0,0,0,0,0,0,0,0,0,0
470912,1,1,18,14,16,14,12,6,9,37,14,15
470914,1,1,12,12,12,12,12,12,12,12,12,12
470914,2,1,0,0,0,0,0,0,0,0,0,0
470915,0,1,0,0,0,0,0,0,31,0,0,0
470915,1,1,0,0,0,0,0,0,0,0,0,0
470916,1,1,0,0,0,0,0,0,0,0,0,0
470917,1,1,0,0,0,0,0,0,0,0,0,0
470917,2,1,0,0,0,0,0,0,0,0,0,0
470918,1,1,2,2,2,2,2,2,2,2,2,2
470918,2,1,0,0,0,0,0,0,0,0,0,0
470919,1,1,0,18,0,0,0,0,0,0,26,0
470920,1,1,0,0,0,0,0,0,0,0,0,0
470921,1,1,0,0,4,0,19,13,28,0,10,0
470922,1,1,7,0,15,12,7,0,13,13,5,6
470922,2,1,0,0,0,12,0,14,0,0,0,18
470923,0,1,0,0,0,0,0,0,0,14,0,0
470923,1,1,0,8,0,30,0,0,9,0,0,0
470924,1,1,0,0,0,0,0,0,0,0,0,0
470924,2,1,0,0,0,0,0,0,0,0,0,0
470925,1,1,0,35,0,0,0,0,10,0,0,13
470925,2,1,0,0,0,0,0,0,0,0,0,0
470925,3,1,0,0,0,0,0,0,0,0,0,0
470926,1,1,0,0,0,0,0,0,0,0,0,0
470926,2,1,0,10,0,0,0,0,0,0,0,0
470926,3,1,0,0,0,0,0,0,0,0,0,0
470927,1,1,0,0,0,0,0,10,0,0,0,10
470928,0,1,25,16,13,8,19,22,0,28,0,37
470928,1,1,0,9,0,0,37,0,0,0,18,12
470929,1,1,0,0,0,0,0,0,0,0,0,0
470929,2,1,0,0,0,0,0,0,0,0,0,0
470929,3,1,0,0,0,0,0,0,0,0,0,0
470930,1,1,18,18,18,18,18,18,18,18,18,18
470930,2,1,0,0,0,0,0,0,0,0,0,0
470931,1,1,0,0,0,0,0,0,0,0,0,0
470932,1,1,0,0,0,0,0,0,0,0,0,0
470932,2,1,0,0,0,0,0,0,0,0,0,0
470933,1,1,28,0,0,0,5,0,0,0,5,0
470934,1,1,0,0,0,13,23,21,54,7,16,18
470935,1,1,0,0,0,0,0,0,0,0,0,0
470935,2,1,0,0,0,0,0,0,0,0,0,0
470936,1,1,9,9,9,9,9,9,9,9,9,9
470936,2,1,0,0,0,0,0,0,0,0,0,0
470937,1,1,0,0,0,0,0,0,0,0,0,0
470937,2,1,0,0,0,0,0,0,0,0,0,0
470938,0,1,0,0,0,0,0,0,0,0,0,0
470938,1,1,0,0,0,0,0,0,0,8,0,0
470939,1,1,10,15,16,16,14,14,18,19,9,19
470940,0,1,0,19,15,26,0,0,0,0,12,0
470940,0,2,0,0,0,0,0,0,0,0,0,0
470940,1,1,0,0,0,0,0,0,0,0,0,0
470941,1,1,0,0,0,0,0,0,0,0,0,0
470941,2,1,1,1,1,1,1,1,1,1,1,1
470942,1,1,0,0,0,0,0,0,0,0,0,0
470943,1,1,0,0,0,0,0,0,0,0,0,0
470943,2,1,0,0,0,0,0,0,0,0,0,0
470943,3,1,0,0,0,0,0,0,7,0,15,0
470944,0,1,7,7,7,7,7,7,7,7,7,7
470944,1,1,0,0,0,0,0,10,0,0,0,0
470945,1,1,0,0,0,0,0,0,0,0,0,0
470945,2,1,0,0,0,0,0,0,0,0,0,0
470946,1,1,0,0,0,0,0,0,0,0,0,0
470946,2,1,0,0,0,0,0,0,0,0,0,0
470947,1,1,0,0,0,0,0,0,0,0,12,0
470948,0,1,0,0,0,0,0,0,0,0,0,0
470948,1,1,0,9,19,0,12,0,23,0,26,15
470949,0,1,0,34,15,27,0,0,7,0,14,21
470949,1,1,22,0,0,0,0,0,0,0,0,0
470950,1,1,0,0,0,0,0,41,0,0,0,0
470951,1,1,0,0,0,0,0,0,0,0,0,0
470951,2,1,0,0,0,0,0,0,0,0,0,0
470952,1,1,0,0,0,0,0,0,0,0,0,0
470953,1,1,0,0,0,0,0,0,0,0,0,0
470954,1,1,0,0,0,0,0,0,0,0,0,0
470954,2,1,0,0,0,0,0,0,0,0,0,0
470955,1,1,4,0,9,25,26,0,0,11,0,9
470956,0,1,0,0,0,0,0,0,0,0,0,0
470956,3,1,0,0,0,0,0,0,0,0,0,0
470957,1,1,0,0,0,0,0,0,0,0,0,0
470958,1,1,16,0,17,34,21,0,17,10,0,0
470959,0,1,0,0,0,0,0,0,0,0,0,0
470959,1,1,0,0,0,0,0,6,0,0,0,0
470960,1,1,0,0,0,0,0,0,0,0,0,0
470962,0,1,0,0,0,0,0,0,0,17,0,8
470962,1,1,0,0,0,0,0,0,0,0,0,0
470963,1,1,0,0,0,0,0,0,0,0,0,0
470963,2,1,19,19,19,19,19,19,19,19,19,19
470964,1,1,11,11,11,11,11,11,11,11,11,11
470965,1,1,0,0,0,0,0,0,0,0,0,0
470965,2,1,0,0,0,0,0,0,0,0,0,0
470966,1,1,0,24,0,0,0,0,0,0,0,0
470967,1,1,12,12,12,12,12,12,12,12,12,12
470968,1,1,0,0,0,0,0,0,0,0,0,0
470968,2,1,0,0,0,0,0,0,0,0,0,0
470969,1,1,19,19,19,19,19,19,19,19,19,19
470970,1,1,0,0,0,0,0,0,11,0,0,10
470970,2,1,0,0,0,0,0,0,0,0,0,0
470971,0,1,0,0,0,0,0,0,0,0,0,0
470971,1,1,0,0,0,0,0,0,0,0,0,0
470972,1,1,0,0,0,0,16,14,0,0,0,0
470972,2,1,0,0,0,0,0,0,0,0,0,0
470973,1,1,5,5,5,5,5,5,5,5,5,5
470973,2,1,0,0,0,0,0,0,0,0,0,0
470974,0,1,32,32,32,32,32,32,32,32,32,32
470974,1,1,26,0,18,15,0,0,0,14,0,9
470975,1,1,0,21,24,0,0,21,17,0,4,0
470976,1,1,18,13,17,7,5,18,14,6,24,13
470976,2,1,0,0,0,0,0,0,0,0,0,19
470976,3,1,0,0,0,0,0,0,0,0,0,0
470977,0,1,0,0,0,0,0,0,0,0,0,0
470977,1,1,0,0,0,0,0,0,0,0,0,0
470978,0,1,23,23,23,23,23,23,23,23,23,23
470978,0,2,23,23,23,23,23,23,23,23,23,23
470978,1,1,0,0,0,0,0,0,0,0,0,0
470979,1,1,0,0,12,0,0,0,0,0,0,4
470979,2,1,0,0,0,0,0,0,0,0,0,0
470980,1,1,0,0,0,0,0,0,0,0,0,0
470980,2,1,0,0,0,0,0,0,0,0,0,0
470981,1,1,0,0,5,25,0,0,0,0,0,0
470982,1,1,0,0,0,0,0,0,0,0,0,0
470982,2,1,0,14,0,0,0,0,0,0,0,0
470983,1,1,12,12,12,12,12,12,12,12,12,12
470984,1,1,0,0,0,0,0,0,0,0,18,0
470985,1,1,25,25,25,25,25,25,25,25,25,25
470986,1,1,0,0,0,0,13,0,0,0,0,0
470987,1,1,23,23,23,23,23,23,23,23,23,23
470987,2,1,0,0,0,0,0,0,0,0,0,0
470988,0,1,0,0,0,0,0,0,0,0,0,0
470988,0,2,0,0,0,0,0,0,0,0,0,0
470988,1,1,0,0,0,0,22,0,0,0,13,0
470989,0,1,8,8,8,8,8,8,8,8,8,8
470989,1,1,0,0,0,0,0,0,0,0,0,0
470989,2,1,0,0,0,0,0,0,0,0,0,0
470990,1,1,0,0,0,0,0,12,0,0,0,0
470990,2,1,0,0,0,0,0,0,0,0,0,0
470991,1,1,14,10,0,0,0,0,0,0,0,0
470992,1,1,0,0,0,0,0,0,0,0,0,0
470994,1,1,0,0,0,0,0,0,0,0,0,0
470994,2,1,13,0,0,0,0,0,0,0,0,0
470994,3,1,0,0,0,0,0,0,0,0,0,0
470995,0,1,0,0,0,0,0,0,0,0,0,0
470995,0,2,0,0,0,0,0,0,0,0,0,0
470995,0,3,0,0,0,0,0,21,0,12,0,2
470995,0,4,0,0,0,0,0,0,16,0,0,0
470995,1,1,0,0,0,0,0,0,0,0,0,0
470996,1,1,25,25,25,25,25,25,25,25,25,25
470997,1,1,24,24,24,24,24,24,24,24,24,24
470997,2,1,16,0,0,12,0,6,0,0,0,0
470998,1,1,0,0,0,0,0,0,0,0,0,0
470998,2,1,0,0,0,0,0,0,0,0,0,0
470999,1,1,18,18,18,18,18,18,18,18,18,18
471000,0,1,12,12,12,12,12,12,12,12,12,12
471000,1,1,0,0,20,0,0,9,0,0,0,0
471001,1,1,0,0,0,0,0,0,0,0,0,0
471001,2,1,0,0,0,0,0,0,0,0,0,0
471002,0,1,0,0,0,0,0,0,0,0,0,0
471002,1,1,13,6,8,29,0,13,0,0,13,0
471003,1,1,0,0,26,0,0,0,0,0,0,0
471004,0,1,14,14,14,14,14,14,14,14,14,14
471004,1,1,0,0,0,0,0,0,0,0,0,0
471005,1,1,0,0,0,0,0,0,0,0,0,0
471005,2,1,0,0,0,0,0,0,0,0,0,0
471006,1,1,0,0,0,0,0,0,0,0,0,0
471006,2,1,0,0,0,0,0,0,0,0,0,0
471007,0,1,0,0,0,0,0,0,0,0,0,0
471007,1,1,7,0,8,23,6,12,13,0,0,0
471008,1,1,0,0,0,0,0,0,0,0,0,0
471008,2,1,0,0,0,0,0,0,0,0,0,0