ST_CASE,VEH_NO,PER_NO,P1,P2,P3,P4,P5,P6,P7,P8,P9,P10
471009,0,1,27,27,27,27,27,27,27,27,27,27
471009,0,2,31,31,31,31,31,31,31,31,31,31
471009,0,3,12,12,12,12,12,12,12,12,12,12
471009,1,1,0,0,0,0,0,0,0,0,0,0
471010,0,1,34,0,0,0,0,0,0,0,0,21
471010,1,1,0,0,0,0,0,0,0,0,0,0
471011,1,1,0,0,0,0,0,0,0,0,0,0
471011,2,1,0,0,0,0,0,0,0,0,0,0
471012,1,1,0,0,0,0,0,0,0,0,0,0
471013,1,1,0,0,0,0,0,0,0,0,0,0
471013,2,1,0,0,0,0,0,0,0,0,0,0
471013,3,1,0,0,0,0,0,0,0,0,0,0
471014,1,1,0,0,0,0,0,0,0,0,18,14
471014,2,1,0,0,0,0,0,0,0,0,0,0
471015,1,1,6,0,0,0,3,0,0,0,11,0
471016,1,1,0,0,0,0,0,0,0,0,0,0
471016,2,1,3,0,0,0,0,0,0,0,9,0
471017,1,1,0,0,0,0,0,0,0,0,0,0
471017,2,1,0,0,0,0,0,0,0,0,0,0
471018,1,1,0,0,0,0,0,0,0,0,0,0
471019,1,1,0,0,0,0,0,0,0,0,0,0
471020,1,1,0,0,0,0,0,0,0,0,0,0
471020,2,1,10,0,0,0,0,0,0,0,0,0
471021,1,1,0,0,0,0,0,0,0,0,0,0
471021,2,1,0,0,0,0,0,0,0,0,0,0
471022,1,1,0,0,0,0,0,0,0,0,0,0
471022,2,1,0,0,0,0,0,28,0,0,0,0
471023,1,1,2,10,16,20,32,5,10,11,9,10
471023,2,1,0,0,0,0,0,0,0,0,0,0
471024,1,1,0,0,0,0,0,0,0,0,0,0
471024,2,1,0,0,0,0,0,0,0,0,0,18
471025,1,1,0,0,0,0,36,0,0,0,0,0
471025,2,1,0,0,0,0,0,0,0,0,0,0
471026,0,1,24,21,7,0,0,0,0,0,0,9
471026,1,1,0,0,22,0,0,0,0,0,0,0
471028,1,1,23,23,23,23,23,23,23,23,23,23
471029,1,1,0,0,0,0,0,15,0,13,0,21
471029,2,1,0,0,13,0,12,0,0,0,0,13
471030,1,1,16,0,0,0,0,0,0,0,0,0
471031,0,1,0,0,0,0,0,0,0,0,0,0
471031,1,1,0,0,0,0,0,0,0,0,0,0
471032,0,1,0,0,0,0,0,0,0,0,0,0
471032,1,1,0,0,0,0,0,0,0,0,0,0
471032,2,1,0,0,0,0,0,7,0,12,14,0
471033,0,1,0,0,0,0,0,0,0,0,0,0
471033,2,1,0,0,0,0,0,0,0,0,0,0
471034,1,1,0,18,0,0,34,9,0,0,0,11
471035,1,1,13,13,13,13,13,13,13,13,13,13
471036,1,1,0,0,0,0,0,0,0,0,0,0
471037,1,1,0,0,0,0,0,0,0,0,9,0
471037,2,1,0,0,0,0,21,0,0,0,0,0
471038,1,1,17,17,17,17,17,17,17,17,17,17
471039,1,1,0,0,0,0,0,0,0,0,0,0
471040,0,1,28,28,28,28,28,28,28,28,28,28
471040,1,1,0,23,0,26,0,0,15,0,0,0
471041,1,1,12,0,0,0,0,0,0,0,0,0
471042,1,1,16,16,16,16,16,16,16,16,16,16
471043,1,1,11,0,0,0,0,9,0,0,0,0
471043,2,1,0,0,0,0,0,0,0,0,0,0
471044,0,1,0,0,0,0,0,0,0,0,0,0
471044,1,1,9,11,11,0,12,17,8,0,10,21
471045,1,1,13,13,13,13,13,13,13,13,13,13
471046,1,1,0,30,15,0,0,0,0,0,14,8
471047,1,1,0,0,0,0,11,5,0,0,0,0
471047,2,1,16,0,0,0,0,0,0,0,0,0
471048,1,1,0,10,0,0,16,0,0,4,0,17
471048,2,1,0,0,3,0,0,22,0,0,0,13
471050,1,1,29,29,29,29,29,29,29,29,29,29
471050,2,1,0,0,0,0,0,0,0,0,0,0
471050,3,1,0,0,11,0,11,0,0,0,0,0
471051,1,1,0,0,0,0,0,0,0,0,0,13
471051,2,1,0,0,0,0,0,0,13,0,0,0
471052,1,1,0,0,0,0,0,0,0,17,0,0
471052,2,1,0,0,0,0,0,0,0,0,0,22
471052,3,1,0,0,0,0,0,0,0,0,14,13
471053,1,1,17,7,0,0,0,23,0,0,10,19
471054,0,1,15,15,15,15,15,15,15,15,15,15
471054,1,1,0,0,0,0,0,0,0,0,0,0
471054,2,1,0,0,0,0,0,0,0,0,0,0
471055,1,1,20,20,20,20,20,20,20,20,20,20
471056,1,1,0,0,0,0,0,0,0,13,14,0
471056,2,1,0,0,0,0,0,0,0,0,0,0
471057,1,1,0,0,0,0,0,0,0,0,0,0
471058,1,1,15,15,15,15,15,15,15,15,15,15
471059,1,1,0,0,0,0,0,0,0,0,0,0
471059,2,1,0,0,0,0,0,0,0,0,0,0
471059,3,1,0,0,0,0,0,0,0,0,0,0
471060,0,1,0,0,0,0,0,0,0,0,0,0
471060,0,2,19,13,7,10,36,10,35,27,0,35
471060,1,1,0,0,0,0,28,0,0,0,0,0
471062,0,1,0,0,0,0,0,0,0,0,0,0
471062,1,1,0,0,0,0,0,0,12,0,0,0
471063,1,1,0,0,0,0,0,0,0,0,0,0
471064,1,1,0,0,0,0,0,0,0,0,0,0
471064,2,1,0,0,0,0,0,0,0,0,0,0
471066,1,1,0,5,0,18,0,29,0,0,0,0
471066,2,1,0,0,0,0,15,0,0,0,0,0
471067,1,1,23,23,23,23,23,23,23,23,23,23
471068,1,1,0,0,0,0,0,0,0,0,0,0
471068,2,1,0,0,0,0,0,0,0,0,0,0
471069,1,1,0,0,0,0,0,0,0,0,0,0
471070,1,1,32,32,32,32,32,32,32,32,32,32
471070,2,1,0,0,0,0,0,0,0,0,0,0
471071,1,1,0,0,0,0,0,0,0,0,0,0
471071,2,1,0,0,0,0,0,0,0,0,0,0
471072,0,1,25,0,39,0,0,34,19,0,23,0
471072,1,1,0,4,21,21,0,0,0,1,14,0
471073,0,1,0,0,0,0,0,0,0,0,0,0
471073,1,1,13,17,29,5,13,11,13,2,13,12
471074,1,1,0,17,0,0,0,0,0,0,0,0
471074,2,1,0,0,0,0,0,0,0,0,0,0
471075,1,1,16,30,11,25,18,14,8,7,19,20
471076,1,1,0,0,0,0,0,0,0,0,0,0
471076,2,1,0,0,0,0,0,0,0,0,0,0
471077,1,1,22,8,9,27,18,23,11,19,5,18
471078,1,1,0,0,0,0,0,0,0,0,0,0
471078,2,1,0,0,0,0,0,0,0,0,0,0
471079,1,1,0,0,0,0,0,0,0,0,0,0
471080,1,1,0,0,0,0,0,0,0,0,0,0
471080,2,1,0,0,0,0,0,0,0,0,0,0
471081,1,1,0,0,0,0,0,0,0,0,0,0
471082,0,1,0,0,0,29,0,20,0,47,0,17
471082,1,1,0,4,0,0,0,0,0,0,0,28
471083,1,1,4,4,4,4,4,4,4,4,4,4
471083,2,1,0,0,0,0,0,0,0,0,0,0
471084,1,1,0,0,0,0,0,0,0,0,0,0
471084,2,1,0,0,0,0,0,0,0,0,0,0
471084,3,1,0,0,0,13,0,0,0,0,0,0
471085,0,1,0,0,0,0,0,28,0,0,0,27
471085,1,1,0,0,0,0,0,0,0,0,0,0
471086,0,1,2,2,2,2,2,2,2,2,2,2
471086,1,1,0,0,0,0,0,0,0,0,0,0
471087,1,1,0,0,0,0,0,0,0,0,0,0
471087,2,1,0,0,0,0,0,0,0,0,0,0
471088,1,1,0,0,0,0,0,0,0,0,0,0
471088,2,1,26,0,0,0,0,0,0,0,0,0
471088,3,1,0,0,0,0,0,0,0,0,0,0
471089,1,1,0,0,0,0,0,0,0,0,0,0
471089,2,1,0,0,0,0,0,0,0,0,0,0
471089,3,1,0,0,0,0,0,0,0,0,0,0
471090,1,1,6,10,0,16,22,2,9,13,10,28
471091,1,1,0,0,0,0,0,0,0,0,0,0
471092,0,1,0,0,0,0,0,0,0,0,0,0
471092,1,1,0,0,0,0,0,0,0,0,0,0
471093,1,1,0,0,0,0,0,0,0,0,0,0
471094,1,1,24,24,24,24,24,24,24,24,24,24
471095,0,1,0,0,0,0,0,0,0,22,0,0
471095,1,1,8,6,31,0,13,0,16,10,0,25
471096,1,1,19,19,19,19,19,19,19,19,19,19
471096,2,1,0,0,0,0,0,0,0,0,0,0
471097,1,1,0,0,0,0,0,0,0,0,0,0
471097,2,1,0,0,0,0,0,0,0,0,0,0
471098,1,1,0,0,0,0,0,0,0,0,0,0
471098,2,1,14,0,0,0,11,0,0,0,0,0
471099,1,1,23,23,23,23,23,23,23,23,23,23
471100,0,1,0,0,0,0,29,0,0,0,0,0
471100,1,1,0,0,0,0,11,0,0,0,0,0
471101,1,1,0,0,0,0,0,0,0,0,0,0
471101,2,1,0,0,0,0,0,0,0,8,0,0
471102,1,1,0,0,0,0,0,0,0,0,0,0
471102,2,1,0,0,0,0,0,0,0,0,0,0
471103,1,1,26,26,26,26,26,26,26,26,26,26
471104,1,1,17,17,17,17,17,17,17,17,17,17
471105,1,1,0,0,0,19,0,0,0,0,37,0
471105,2,1,0,0,0,0,0,0,0,0,0,0
471105,3,1,0,0,0,0,0,0,0,0,0,0
471106,1,1,0,0,0,0,0,0,0,0,0,0
471106,2,1,6,0,0,0,0,0,0,0,0,0
471106,3,1,0,0,0,0,0,0,0,0,0,0
471107,1,1,0,0,0,0,0,0,0,0,0,0
471107,2,1,0,0,0,0,0,0,0,0,0,0
471108,0,1,8,0,0,0,7,0,0,0,8,0
471108,1,1,0,0,0,0,0,0,0,0,0,0
471109,1,1,13,13,13,13,13,13,13,13,13,13
471110,1,1,0,0,0,0,0,0,12,0,0,0
471111,0,1,20,0,22,22,15,33,23,24,15,25
471111,1,1,0,0,0,0,0,0,0,0,0,0
471112,1,1,0,0,0,0,0,0,0,0,0,0
471112,2,1,0,0,0,0,0,0,0,0,0,0
471113,1,1,26,26,26,26,26,26,26,26,26,26
471114,1,1,0,0,0,0,12,0,0,0,0,0
471114,2,1,0,0,0,0,0,0,0,0,0,0
471114,3,1,0,0,0,0,0,0,0,0,0,0
471115,1,1,5,5,5,5,5,5,5,5,5,5
471115,2,1,0,0,0,0,0,0,0,0,0,0
471115,3,1,0,0,0,0,0,0,0,0,0,0
471115,4,1,0,0,0,0,0,0,0,0,0,0
471116,1,1,0,0,0,0,0,0,0,0,0,0
471116,2,1,0,0,0,0,12,0,0,0,0,15
471117,1,1,0,0,0,0,0,0,8,0,0,0
471117,2,1,0,0,0,0,0,0,0,4,0,0
471118,1,1,23,23,23,23,23,23,23,23,23,23
471118,2,1,1,1,1,1,1,1,1,1,1,1
471118,3,1,0,0,0,0,0,0,0,0,0,0
471118,4,1,0,0,0,0,0,0,0,0,0,0
471119,1,1,0,0,0,0,0,0,0,0,0,0
471120,1,1,0,0,0,0,0,0,0,0,0,0
471121,1,1,0,0,0,0,0,0,0,0,0,0
471121,2,1,0,0,0,0,0,0,0,0,0,0
471122,1,1,0,0,0,33,0,0,0,0,0,0
471122,2,1,0,0,0,9,0,0,0,0,0,0
471123,1,1,0,0,0,0,0,0,12,0,17,0
471123,2,1,0,0,0,0,0,0,0,0,0,0
471124,1,1,0,0,0,0,0,0,0,0,0,0
471124,2,1,0,0,0,0,0,0,0,0,0,0
471124,3,1,0,0,0,0,0,0,0,0,0,4
471125,1,1,0,0,0,0,0,0,0,0,0,0
471125,2,1,0,0,0,0,0,0,0,0,0,0
471126,1,1,0,0,0,0,0,0,0,0,0,0
471126,2,1,0,0,0,0,0,0,0,0,0,0
471127,1,1,0,0,0,0,0,0,0,0,0,0
471128,1,1,0,0,0,0,0,0,0,0,0,0
471129,1,1,10,10,10,10,10,10,10,10,10,10
471130,1,1,0,0,0,0,9,0,0,0,0,0
471130,2,1,0,0,0,0,0,0,0,0,0,0
471130,3,1,0,0,0,0,0,0,0,0,0,0
471131,1,1,9,0,0,0,0,0,24,0,0,0
471132,1,1,0,0,0,0,0,0,0,0,0,0
471133,1,1,0,0,0,0,0,0,0,0,0,0
471134,1,1,0,0,15,0,0,0,0,0,0,0
471135,1,1,0,0,0,0,0,0,0,0,0,0
471135,2,1,0,0,0,0,0,0,0,0,0,0
471136,1,1,0,0,0,0,0,0,0,0,0,0
471136,2,1,0,0,0,0,0,0,0,0,0,0
471137,1,1,11,11,11,11,11,11,11,11,11,11
471138,1,1,0,0,0,0,0,0,0,0,0,0
471139,1,1,0,0,0,0,0,0,0,0,0,0
471139,2,1,0,0,0,0,0,0,0,0,0,0
471140,1,1,0,0,0,0,0,0,0,0,0,0
471140,2,1,0,0,0,0,0,0,16,0,0,0
471141,1,1,0,0,0,0,0,0,0,0,0,0
471141,2,1,0,0,0,0,0,0,0,0,0,0
471141,3,1,0,0,0,0,0,0,0,0,0,0
471142,1,1,0,12,0,0,0,0,0,0,0,0
471142,2,1,0,0,0,0,0,0,0,0,0,0
471143,1,1,42,42,42,42,42,42,42,42,42,42
471143,2,1,0,0,0,0,0,0,0,0,0,0
471144,1,1,0,0,0,0,0,0,0,0,0,0
471144,2,1,0,0,0,0,0,0,0,0,0,0
471145,1,1,0,0,0,0,0,0,0,0,0,0
471145,2,1,18,0,0,0,0,0,0,0,0,0
471146,0,1,14,0,0,0,0,7,23,14,22,0
471146,1,1,0,9,0,0,0,0,12,0,0,0
471147,0,1,0,0,0,0,0,0,0,0,0,0
471147,1,1,0,0,0,0,0,0,0,0,0,0
471148,1,1,14,14,14,14,14,14,14,14,14,14
471148,2,1,0,0,0,0,0,0,0,0,0,0
471149,1,1,0,0,28,0,0,0,26,0,0,0
471149,2,1,0,0,0,0,0,0,0,0,0,0
471150,1,1,0,0,0,0,0,0,0,20,16,0
471151,1,1,0,0,0,0,0,0,0,0,0,0
471151,2,1,0,3,0,0,0,8,0,0,0,27
471152,1,1,10,10,10,10,10,10,10,10,10,10
471153,1,1,0,0,0,0,0,0,0,0,0,0
471153,2,1,0,0,0,0,0,0,0,0,0,0
471154,1,1,20,20,20,20,20,20,20,20,20,20
471154,2,1,0,0,0,0,0,0,0,0,0,0
471155,1,1,0,0,0,0,0,0,0,0,0,0
471155,2,1,0,0,0,0,0,0,0,0,0,0
471156,1,1,24,15,21,25,22,8,0,8,13,12
471157,1,1,0,0,0,0,0,0,0,0,0,0
471158,1,1,0,0,0,0,0,0,0,0,0,0
471159,1,1,0,19,0,0,0,20,0,0,0,0
471159,2,1,0,0,0,0,0,0,0,0,0,0
471159,3,1,0,0,0,0,0,0,0,0,0,0
471160,1,1,0,0,18,14,16,19,25,0,0,0
471160,2,1,8,0,0,11,0,0,0,0,13,0
471161,1,1,0,0,0,0,0,0,0,0,0,0
471161,2,1,0,0,0,0,0,0,0,0,0,0
471162,1,1,0,0,0,0,17,0,0,0,0,0
471162,2,1,0,0,0,0,0,0,0,0,0,0
471163,1,1,0,0,0,0,0,0,0,0,0,0
471163,2,1,0,0,0,0,0,0,0,0,0,0
471163,3,1,0,0,0,0,0,0,0,0,0,0
471164,1,1,0,0,0,0,0,0,0,0,0,0
471164,2,1,0,0,0,0,0,0,0,0,0,0
471165,1,1,0,0,0,0,0,0,0,0,0,0
471165,2,1,0,0,0,0,0,0,0,0,0,0
471166,1,1,0,0,0,0,0,0,0,0,0,0
471167,1,1,0,0,0,0,0,0,0,0,0,0
471168,1,1,0,0,0,0,0,0,0,0,0,0
471168,2,1,0,0,0,26,0,0,0,0,0,0
471168,3,1,0,0,0,0,0,0,0,0,0,0
471169,0,1,0,0,0,0,0,0,0,0,0,0
471169,1,1,0,12,14,0,0,0,0,0,0,12
471169,3,1,0,0,0,0,0,0,0,0,0,0
471170,0,1,0,0,0,0,0,0,0,0,0,0
471170,1,1,18,0,16,11,21,0,0,0,10,0
471170,2,1,0,0,0,0,0,0,0,13,0,0
471171,1,1,0,0,0,0,0,0,0,0,0,0
471171,2,1,0,0,0,0,0,0,0,0,0,0
471172,1,1,0,0,0,0,0,0,0,0,0,0
471172,2,1,0,0,0,0,0,0,0,0,0,0
471173,1,1,0,0,0,0,0,0,0,0,0,0
471174,1,1,0,0,0,0,0,0,0,0,0,0
471174,2,1,0,0,0,0,0,0,0,0,0,0
471175,1,1,17,17,17,17,17,17,17,17,17,17
471176,1,1,8,8,8,8,8,8,8,8,8,8
471176,2,1,0,0,0,0,0,0,0,0,0,5
471177,1,1,8,8,8,8,8,8,8,8,8,8
471178,0,1,0,0,0,0,0,0,0,0,12,0
471178,1,1,0,0,0,0,0,0,0,0,0,0
471179,0,1,0,22,0,13,0,0,0,0,0,7
471179,1,1,9,17,11,21,7,24,17,0,15,0
471180,1,1,0,0,0,0,0,0,0,0,0,0
471180,2,1,0,0,0,0,0,0,0,0,0,0
471181,1,1,0,0,0,0,0,0,0,0,0,0
471182,0,1,0,0,0,0,0,0,0,0,0,0
471182,1,1,0,0,0,0,0,0,0,0,0,0
471183,1,1,0,0,0,0,2,0,0,0,0,0
471184,1,1,0,0,0,0,0,0,0,0,0,0
471184,2,1,0,0,0,0,0,0,0,0,0,0
471185,0,1,0,0,0,0,0,0,0,0,0,0
471185,2,1,8,8,8,8,8,8,8,8,8,8
471186,1,1,10,10,10,10,10,10,10,10,10,10
471186,2,1,0,0,0,0,0,0,0,0,0,0
471187,1,1,0,0,0,0,0,0,0,0,0,0
471187,2,1,0,0,0,0,0,0,0,0,0,0
471187,3,1,0,0,0,0,0,0,0,0,0,0
471188,1,1,0,0,0,0,0,0,0,0,0,0
471189,0,1,0,0,0,0,0,0,0,0,0,0
471189,1,1,0,0,0,4,0,0,0,0,0,0
471190,1,1,0,0,0,0,0,0,0,0,0,0
471190,2,1,0,0,0,0,0,0,0,0,0,0
471191,1,1,16,16,16,16,16,16,16,16,16,16
471191,2,1,0,0,0,0,17,0,0,0,0,0
471192,1,1,0,22,0,10,6,0,0,17,8,0
471193,1,1,0,0,0,0,0,0,0,0,0,0
471193,2,1,0,0,0,0,0,0,0,0,0,0
471194,1,1,21,21,21,21,21,21,21,21,21,21
471194,2,1,0,0,9,0,0,0,0,24,0,0
471195,1,1,0,0,0,0,0,0,0,0,0,0
471196,1,1,22,41,0,29,27,0,22,0,0,30
471196,2,1,0,0,13,0,0,9,0,0,18,0
471198,0,1,0,0,0,0,0,0,0,0,0,0
471198,1,1,0,24,0,0,0,0,5,0,20,0
471198,2,1,16,0,0,4,10,0,0,0,0,0
471199,1,1,16,16,16,16,16,16,16,16,16,16
471200,1,1,0,25,0,0,0,0,0,0,0,0
471200,2,1,0,0,0,0,0,0,0,0,0,0
471201,1,1,0,0,0,0,0,0,0,0,0,0
471202,0,1,11,11,11,11,11,11,11,11,11,11
471202,1,1,0,0,0,0,0,0,0,0,0,0
471203,1,1,0,0,0,0,0,0,0,0,0,0
471204,1,1,0,0,0,0,0,0,0,0,0,0
471205,1,1,0,0,0,0,0,0,0,0,0,0
471205,2,1,10,10,10,10,10,10,10,10,10,10
471206,0,1,0,0,0,0,0,0,0,0,0,0
471206,1,1,0,0,0,0,0,0,0,0,0,0
471206,2,1,0,0,0,0,0,0,0,0,0,0
471207,1,1,25,25,25,25,25,25,25,25,25,25
471208,1,1,0,0,0,0,0,0,0,0,0,0
471208,2,1,0,0,0,0,0,0,0,0,0,0
471209,1,1,0,0,0,0,0,0,0,0,0,0
471209,2,1,0,0,0,0,0,0,0,0,0,0
471210,1,1,0,0,0,0,0,0,0,0,0,0
471211,1,1,0,0,0,0,0,0,0,0,0,0
471211,2,1,0,0,0,0,0,0,0,0,0,0
471211,3,1,0,0,0,0,0,0,0,0,0,0
471212,1,1,0,0,0,0,0,0,0,0,0,0
471213,1,1,0,9,0,27,35,18,0,0,0,29
471214,0,1,0,0,0,0,0,0,0,0,0,0
471214,1,1,11,10,0,12,4,4,0,0,3,0
471215,1,1,0,0,0,0,0,0,0,0,0,6
471215,2,1,0,0,0,0,0,0,15,0,0,0
471216,1,1,0,0,0,0,0,0,0,0,0,0
471216,2,1,0,0,0,0,0,0,0,0,0,0
471217,1,1,0,0,0,0,0,0,0,0,0,0
471217,2,1,0,0,0,0,0,0,0,0,0,0
471217,3,1,0,0,0,0,0,0,0,0,0,0
471218,1,1,0,0,28,0,0,15,28,0,11,0
471219,1,1,0,0,29,0,0,0,0,0,0,0
471220,1,1,17,17,17,17,17,17,17,17,17,17
471221,1,1,24,24,24,24,24,24,24,24,24,24
471221,2,1,0,0,0,0,0,0,0,0,0,0
471221,3,1,0,8,0,0,0,0,0,0,0,0
471222,0,1,0,0,0,0,0,0,0,0,13,0
471222,1,1,17,7,18,5,11,19,15,16,7,10
471223,0,1,0,0,0,12,35,0,0,0,0,14
471223,1,1,0,0,0,0,0,0,0,0,0,0
471224,1,1,0,0,0,0,0,0,0,0,0,0
471224,2,1,0,0,0,0,0,0,0,0,0,0
471225,1,1,0,0,0,0,0,0,0,0,0,0
471225,2,1,0,0,0,0,0,0,0,0,0,0
471226,0,1,17,15,0,34,13,6,23,4,30,0
471226,1,1,6,24,15,26,0,23,5,8,19,24
471227,0,1,45,0,0,0,0,22,0,14,14,0
471227,1,1,0,0,0,0,0,0,0,0,0,0
471228,1,1,0,14,0,0,0,0,0,0,0,0
471228,2,1,0,0,0,0,0,0,0,0,0,0
471229,1,1,26,26,26,26,26,26,26,26,26,26
471230,1,1,0,0,0,0,0,0,0,0,0,0
471230,2,1,0,0,0,0,0,0,0,0,0,0
471231,0,1,9,9,9,9,9,9,9,9,9,9
471231,1,1,15,23,4,21,0,3,0,0,15,0
471232,1,1,11,11,11,11,11,11,11,11,11,11
471232,2,1,17,0,0,0,0,16,0,0,0,13
471232,3,1,0,0,0,0,0,0,0,0,0,0
471233,1,1,0,0,0,0,0,0,0,0,0,0
471233,2,1,0,0,0,0,0,0,0,0,0,0
471233,3,1,19,19,19,19,19,19,19,19,19,19
471234,1,1,0,4,24,14,0,24,7,25,17,16
471235,0,1,0,0,23,0,0,0,0,0,0,0
471235,1,1,0,0,22,34,0,0,0,0,0,38
471236,1,1,0,0,0,0,0,0,0,0,0,0
471236,2,1,0,0,0,0,0,0,0,0,0,0
471237,0,1,0,0,0,15,0,0,0,0,0,0
471237,1,1,0,0,0,0,0,0,0,0,4,0
471238,1,1,0,0,0,0,0,0,0,0,0,0
471238,2,1,0,0,0,0,0,0,0,0,0,0
471238,3,1,0,0,0,0,0,0,0,0,0,0
471239,1,1,0,0,0,0,0,0,0,0,0,0
471240,1,1,18,18,18,18,18,18,18,18,18,18
471240,2,1,0,0,22,0,0,0,0,0,0,0
471240,3,1,0,0,0,0,0,0,0,0,0,0
471241,0,1,0,0,0,0,0,0,0,0,0,0
471241,1,1,0,0,0,0,0,0,0,0,0,3
471242,1,1,0,0,12,0,0,0,0,0,0,0
471243,1,1,0,0,0,0,0,0,0,0,0,0
471244,1,1,0,0,0,0,0,0,0,14,0,0
471245,1,1,0,0,11,0,0,0,0,0,0,0
471246,1,1,0,0,0,0,0,0,0,0,0,0
471246,2,1,0,4,0,0,0,26,0,0,0,0
471247,0,1,3,3,3,3,3,3,3,3,3,3
471247,1,1,0,0,0,7,12,0,14,12,0,0
471248,1,1,32,20,18,13,8,0,21,31,14,11
471249,1,1,34,0,0,5,0,0,0,20,0,0
471249,2,1,0,0,0,0,0,0,0,0,0,0
471249,3,1,0,0,0,0,0,0,0,0,0,0
471250,1,1,0,9,0,0,0,0,0,0,0,0
471251,1,1,0,0,0,0,0,0,0,0,0,0
471251,2,1,0,0,0,0,0,0,0,0,0,0
471252,1,1,0,0,0,0,0,0,0,0,0,0
471253,1,1,0,0,0,0,0,0,0,0,0,0
471253,2,1,0,0,0,18,0,0,0,11,0,0
471253,3,1,0,0,0,0,0,0,0,0,0,0
471253,4,1,0,0,0,0,0,0,0,0,0,0
471254,1,1,0,0,0,0,0,0,0,0,0,19
471255,1,1,0,0,0,0,0,0,0,0,0,0
471255,2,1,0,0,0,0,0,0,0,0,0,0
471256,0,1,13,13,13,13,13,13,13,13,13,13
471256,1,1,0,7,18,4,6,0,25,0,12,2
471257,1,1,0,0,0,0,0,0,0,0,0,0
471257,2,1,0,0,0,0,0,0,0,0,0,0
471258,1,1,0,0,0,0,0,0,0,0,0,0
471258,2,1,0,0,0,0,0,8,0,0,0,0
471259,1,1,23,0,24,0,19,6,0,11,7,0
471260,0,1,0,0,0,0,0,0,0,27,0,0
471260,1,1,0,0,0,23,20,0,0,0,0,0
471261,1,1,0,0,0,0,0,0,0,0,0,0
471261,2,1,0,0,0,0,0,0,0,0,0,0
471262,0,1,32,0,0,0,0,0,0,0,0,22
471262,1,1,0,0,0,0,0,0,0,0,0,0
471263,1,1,0,0,0,0,0,0,18,0,0,0
471264,1,1,0,0,0,0,0,0,0,0,0,0
471265,1,1,0,0,0,0,0,0,0,0,0,0
471265,2,1,0,0,0,0,0,0,0,0,0,0
471266,1,1,0,0,0,0,0,0,0,0,0,0
471266,2,1,37,37,37,37,37,37,37,37,37,37
471268,1,1,0,0,6,22,0,15,12,0,21,0
471269,1,1,0,19,19,21,0,0,0,0,0,23
471270,1,1,14,14,14,14,14,14,14,14,14,14
471271,1,1,0,0,0,0,10,0,0,21,18,6
471272,1,1,21,21,21,21,21,21,21,21,21,21
471273,1,1,0,0,0,0,0,0,0,0,0,0
471273,2,1,0,0,0,0,0,0,0,0,0,0
480001,0,1,30,30,30,30,30,30,30,30,30,30
480001,1,1,0,0,0,0,19,12,0,0,0,15
480002,1,1,0,0,23,0,0,15,0,0,0,0
480003,1,1,0,0,0,0,0,0,0,0,0,0
480004,1,1,0,23,20,0,0,0,38,0,10,0
480004,2,1,8,0,0,0,0,0,0,22,0,12
480005,1,1,17,0,0,0,11,8,0,0,0,0
480006,1,1,11,0,0,14,0,18,18,18,20,0
480007,1,1,0,0,0,0,0,0,0,0,0,0
480007,2,1,0,0,0,10,0,0,0,0,0,0
480008,1,1,27,16,11,0,18,5,40,17,14,0
480009,1,1,12,12,12,12,12,12,12,12,12,12
480010,1,1,0,0,0,0,0,0,0,0,0,0
480011,0,1,0,23,0,0,0,0,0,0,0,0
480011,1,1,0,0,13,0,10,0,14,12,0,0
480012,1,1,24,15,14,0,24,19,0,0,18,17
480013,0,1,0,0,0,0,0,0,0,0,0,0
480013,1,1,0,29,0,6,0,24,0,0,0,0
480014,1,1,9,26,0,0,24,0,25,29,13,0
480015,1,1,0,0,0,0,0,0,0,0,0,0
480016,1,1,0,0,0,0,0,0,0,0,11,0
480016,2,1,0,0,0,0,0,0,0,0,0,0
480017,1,1,0,0,0,0,0,0,0,0,0,9
480017,2,1,0,0,0,0,0,0,0,0,0,0
480018,1,1,17,17,17,17,17,17,17,17,17,17
480019,1,1,11,0,21,0,0,0,30,13,31,0
480020,1,1,15,15,15,15,15,15,15,15,15,15
480021,1,1,18,18,18,18,18,18,18,18,18,18
480021,2,1,0,0,0,0,0,0,0,0,0,0
480022,1,1,29,29,29,29,29,29,29,29,29,29
480023,0,1,0,0,0,0,0,0,0,0,0,0
480023,1,1,0,0,0,0,0,0,0,0,0,0
480023,2,1,0,0,0,16,16,0,0,0,0,13
480024,1,1,24,24,24,24,24,24,24,24,24,24
480025,1,1,17,0,22,27,10,26,10,0,0,40
480026,1,1,0,0,0,0,17,28,0,18,20,0
480027,0,1,0,0,0,0,0,0,0,0,0,0
480027,0,2,0,0,0,11,23,5,0,20,0,0
480027,1,1,23,21,13,0,22,5,0,0,21,0
480027,3,1,23,14,0,0,0,0,14,0,0,23
480028,0,1,0,0,0,0,0,0,0,0,0,0
480028,1,1,0,0,0,0,0,0,0,0,0,0
480029,1,1,21,21,21,21,21,21,21,21,21,21
480030,0,1,15,15,15,15,15,15,15,15,15,15
480030,1,1,0,0,0,0,0,0,0,0,19,0
480031,1,1,0,0,0,0,0,0,0,0,0,0
480031,2,1,0,0,0,0,0,0,0,0,0,0
480032,1,1,0,0,0,0,0,0,0,10,0,0
480032,2,1,0,0,0,0,0,0,0,0,0,0