ST_CASE,VEH_NO,PER_NO,P1,P2,P3,P4,P5,P6,P7,P8,P9,P10
480033,1,1,0,0,0,0,0,12,0,0,0,0
480033,2,1,0,0,0,0,0,0,0,0,0,0
480034,0,1,33,33,33,33,33,33,33,33,33,33
480034,0,2,0,21,0,11,0,0,16,0,0,16
480034,1,1,12,8,21,0,0,0,0,9,0,7
480035,0,1,23,23,23,23,23,23,23,23,23,23
480035,1,1,0,40,0,0,0,16,0,8,0,13
480036,0,1,0,0,0,0,0,0,0,0,0,0
480036,1,1,0,0,0,24,0,0,0,0,0,0
480036,2,1,0,0,0,0,0,17,0,0,0,0
480037,1,1,23,23,23,23,23,23,23,23,23,23
480038,1,1,6,6,6,6,6,6,6,6,6,6
480038,2,1,0,15,0,8,25,11,14,0,0,0
480039,0,1,17,0,0,0,15,0,0,0,0,0
480039,1,1,11,17,0,0,0,0,49,24,0,0
480040,0,1,0,0,0,36,0,29,31,0,0,0
480040,1,1,23,10,0,0,0,12,0,0,7,0
480041,1,1,0,0,0,0,0,0,0,0,0,0
480042,1,1,13,13,13,13,13,13,13,13,13,13
480042,2,1,0,0,0,0,0,0,0,0,0,11
480043,0,1,0,0,0,0,0,0,0,0,0,5
480043,1,1,0,0,0,3,0,0,0,0,0,0
480044,1,1,0,0,0,0,0,0,0,0,0,0
480044,2,1,0,33,0,0,0,0,0,0,0,0
480045,0,1,0,0,0,0,0,0,0,0,0,0
480045,1,1,0,12,9,0,0,0,0,16,11,0
480046,1,1,0,0,0,0,0,0,0,0,16,0
480046,2,1,0,0,0,0,0,0,0,0,0,0
480047,0,1,0,0,0,0,0,0,0,0,0,0
480047,1,1,0,0,8,0,0,0,23,0,1,7
480048,0,1,0,0,0,55,0,15,18,0,26,7
480048,1,1,15,0,17,29,0,0,0,0,0,0
480049,1,1,19,33,8,20,11,25,20,10,11,7
480050,1,1,0,0,0,0,0,9,0,0,0,0
480050,2,1,14,14,14,14,14,14,14,14,14,14
480051,1,1,0,12,0,0,12,0,0,0,0,0
480051,2,1,0,0,0,0,0,24,0,0,0,0
480052,0,1,0,0,0,0,0,0,0,0,0,0
480052,1,1,0,0,0,0,0,0,0,0,0,0
480053,1,1,0,0,0,0,0,0,0,0,0,0
480053,2,1,0,0,0,0,0,0,0,0,0,0
480054,1,1,23,14,37,0,0,0,14,9,5,9
480054,2,1,10,0,0,0,0,0,24,0,0,12
480055,0,1,0,45,15,19,0,15,0,23,0,0
480055,1,1,4,28,0,9,14,17,14,0,0,0
480056,0,1,0,0,0,0,0,0,0,0,0,0
480056,1,1,17,8,13,8,0,37,16,14,0,8
480057,0,1,0,0,31,21,27,0,0,0,0,0
480057,1,1,10,4,0,0,14,21,14,14,8,7
480058,1,1,0,0,0,0,0,0,0,0,0,0
480059,1,1,39,39,39,39,39,39,39,39,39,39
480060,1,1,0,0,0,0,26,0,0,0,0,2
480060,2,1,0,0,0,0,0,0,0,0,0,0
480061,1,1,5,17,29,0,18,21,13,16,42,35
480062,1,1,0,0,0,23,0,14,0,0,20,0
480062,2,1,0,0,0,0,0,0,0,0,0,0
480063,1,1,21,21,21,21,21,21,21,21,21,21
480064,1,1,0,0,0,0,0,0,0,0,0,0
480065,1,1,16,16,16,16,16,16,16,16,16,16
480065,2,1,0,24,7,0,17,29,0,12,0,16
480066,1,1,22,22,22,22,22,22,22,22,22,22
480066,2,1,19,9,0,15,11,0,0,0,0,25
480068,0,1,29,16,0,4,19,0,0,12,0,19
480068,1,1,0,0,0,0,0,0,0,0,0,0
480069,1,1,0,0,0,0,0,0,0,0,0,0
480069,2,1,0,0,16,0,0,0,0,0,0,0
480069,3,1,0,0,0,0,0,0,0,0,0,0
480070,0,1,0,0,0,0,0,0,0,0,0,0
480070,1,1,0,0,13,8,0,24,8,0,12,7
480070,2,1,12,14,0,13,16,0,8,14,11,0
480071,0,1,0,0,0,0,0,0,0,0,0,0
480071,1,1,0,0,11,7,10,0,0,0,0,0
480072,0,1,0,0,0,0,0,0,0,0,0,0
480072,1,1,0,0,0,0,0,0,0,0,0,0
480073,0,1,0,0,0,0,0,0,0,0,0,0
480073,1,1,0,0,0,0,0,0,0,15,5,14
480074,0,1,24,24,24,24,24,24,24,24,24,24
480074,1,1,0,0,0,0,0,0,8,0,0,0
480075,1,1,17,17,17,17,17,17,17,17,17,17
480075,2,1,0,21,13,11,0,5,0,19,22,17
480076,1,1,0,0,0,0,0,0,0,0,0,0
480076,2,1,0,0,0,0,0,0,0,0,0,0
480077,0,1,0,0,0,0,26,0,0,0,0,0
480077,1,1,0,0,0,0,0,0,10,0,12,7
480078,0,1,25,0,0,0,0,11,0,0,22,0
480078,1,1,0,0,0,0,0,0,3,0,0,0
480079,1,1,0,0,0,0,0,0,0,0,0,0
480079,2,1,0,0,0,4,0,0,0,0,0,0
480080,1,1,7,0,0,16,0,0,0,8,19,18
480081,1,1,0,0,9,0,0,0,0,0,0,0
480081,2,1,0,20,0,13,0,8,0,0,0,0
480082,1,1,13,0,0,31,0,18,11,33,10,0
480083,1,1,17,18,15,3,20,19,19,0,3,25
480084,1,1,36,19,0,21,15,0,8,19,23,23
480085,0,1,0,0,29,0,0,0,0,19,0,21
480085,1,1,19,0,0,0,10,0,17,0,2,25
480086,0,1,31,31,31,31,31,31,31,31,31,31
480086,1,1,0,11,22,0,24,0,16,0,0,0
480087,1,1,0,0,0,0,0,0,0,0,0,0
480087,2,1,4,10,0,14,0,0,25,0,13,0
480088,1,1,5,5,5,5,5,5,5,5,5,5
480088,2,1,0,0,0,0,0,0,0,0,0,0
480089,1,1,38,3,0,0,24,13,14,10,0,16
480089,2,1,0,0,0,21,0,26,0,0,0,0
480090,1,1,14,8,7,26,28,25,23,8,22,8
480091,1,1,12,28,0,20,0,0,0,0,26,0
480091,2,1,18,0,4,0,0,14,14,0,33,19
480092,0,1,22,22,22,22,22,22,22,22,22,22
480092,1,1,22,0,0,5,0,0,15,0,10,31
480093,1,1,28,28,28,28,28,28,28,28,28,28
480093,2,1,0,18,0,0,0,0,24,0,0,0
480094,1,1,13,13,13,13,13,13,13,13,13,13
480095,1,1,0,0,0,0,12,0,0,0,0,0
480095,2,1,22,22,22,22,22,22,22,22,22,22
480096,1,1,15,0,0,0,0,0,0,0,13,0
480097,1,1,0,0,13,11,13,0,28,15,0,0
480098,1,1,0,0,0,0,0,15,0,26,19,0
480099,1,1,0,0,0,8,0,0,0,0,0,0
480099,2,1,0,0,6,0,23,0,0,0,0,8
480100,0,1,0,0,0,0,0,0,0,0,0,0
480100,1,1,0,12,0,11,0,15,13,0,0,0
480101,0,1,0,11,0,0,0,17,0,18,0,14
480101,1,1,7,0,4,0,0,0,0,0,0,0
480102,0,1,8,8,8,8,8,8,8,8,8,8
480102,1,1,13,0,0,0,0,0,4,0,0,0
480103,1,1,0,0,0,0,0,0,0,0,0,0
480103,2,1,0,0,0,0,0,0,0,0,0,0
480103,3,1,0,0,0,11,0,0,0,0,0,0
480104,1,1,0,0,0,0,0,0,0,0,0,0
480104,2,1,0,3,0,0,12,0,0,0,0,0
480105,0,1,11,11,11,11,11,11,11,11,11,11
480105,1,1,12,4,26,18,0,0,0,30,19,0
480106,1,1,0,0,0,22,0,0,30,0,4,0
480106,2,1,0,0,12,0,0,0,0,0,0,0
480107,1,1,0,0,0,0,0,0,0,0,0,0
480108,0,1,36,18,0,38,0,12,0,0,0,0
480108,1,1,12,0,0,0,19,0,0,0,0,0
480109,1,1,16,16,16,16,16,16,16,16,16,16
480109,2,1,0,0,0,0,0,0,0,0,0,0
480110,1,1,0,0,18,0,0,8,0,33,26,0
480110,2,1,0,14,28,0,5,0,0,0,0,0
480111,1,1,0,0,0,0,0,0,0,0,0,0
480111,2,1,0,0,24,0,0,19,0,0,0,0
480112,0,1,0,0,0,15,0,19,17,0,0,0
480112,1,1,0,14,21,0,0,0,11,0,21,24
480113,1,1,0,0,14,0,0,0,9,0,0,8
480113,2,1,4,0,0,0,0,9,0,32,0,3
480114,1,1,0,0,0,0,0,0,0,0,0,0
480115,1,1,6,6,6,6,6,6,6,6,6,6
480116,1,1,16,16,16,16,16,16,16,16,16,16
480117,1,1,0,0,13,0,0,0,0,30,0,0
480118,1,1,16,16,16,16,16,16,16,16,16,16
480118,2,1,0,0,0,0,0,0,0,0,0,0
480119,1,1,0,0,0,0,0,0,0,0,0,0
480119,2,1,0,0,18,0,0,0,0,0,0,0
480120,1,1,0,0,21,19,0,0,0,0,5,0
480120,2,1,0,0,0,0,0,0,0,0,0,0
480121,0,1,17,21,0,0,12,0,0,0,21,25
480121,1,1,0,0,0,10,0,0,0,17,0,0
480122,0,1,17,17,17,17,17,17,17,17,17,17
480122,1,1,11,17,0,0,0,0,0,0,0,0
480123,0,1,37,37,37,37,37,37,37,37,37,37
480123,1,1,0,0,0,0,0,6,0,0,0,0
480124,0,1,0,0,0,0,0,0,0,0,0,0
480124,1,1,0,0,0,0,0,0,0,0,0,0
480125,1,1,23,23,23,23,23,23,23,23,23,23
480125,2,1,21,0,0,13,0,12,18,0,17,20
480126,1,1,0,0,0,0,0,0,0,0,0,0
480126,2,1,0,0,0,0,0,0,0,0,0,0
480127,1,1,0,0,25,0,0,0,0,14,32,0
480127,2,1,0,0,0,0,0,0,0,0,0,0
480128,1,1,21,27,26,9,14,16,18,21,18,26
480129,1,1,16,16,16,16,16,16,16,16,16,16
480130,1,1,0,16,16,28,9,18,0,0,31,6
480130,2,1,0,0,0,0,0,0,0,0,0,0
480131,1,1,0,0,0,0,0,0,0,0,0,0
480131,2,1,6,0,5,0,8,0,0,28,0,0
480132,0,1,0,31,0,14,0,0,0,0,0,0
480132,1,1,10,9,0,0,0,3,15,0,0,0
480133,0,1,29,29,29,29,29,29,29,29,29,29
480133,1,1,0,0,0,0,0,0,0,0,0,0
480134,1,1,0,0,0,0,0,0,0,0,0,0
480134,2,1,0,0,0,0,0,0,0,0,14,0
480135,1,1,0,19,4,20,19,0,9,24,8,9
480135,2,1,0,0,0,0,0,0,0,0,0,0
480135,3,1,0,12,0,31,29,21,25,0,5,3
480135,4,1,0,0,0,0,0,0,9,5,0,0
480135,5,1,13,0,0,23,0,0,0,10,13,0
480136,1,1,20,20,20,20,20,20,20,20,20,20
480137,0,1,20,20,20,20,20,20,20,20,20,20
480137,1,1,14,17,20,7,7,10,18,20,16,15
480138,1,1,21,10,0,0,0,0,0,18,0,0
480138,2,1,7,6,0,0,15,0,17,14,0,0
480139,1,1,7,8,3,23,11,17,26,0,17,0
480139,2,1,0,5,14,0,0,0,10,8,14,25
480139,3,1,0,0,7,0,0,0,0,0,11,31
480140,0,1,35,35,35,35,35,35,35,35,35,35
480140,1,1,0,4,10,0,0,0,0,5,0,0
480141,1,1,31,31,31,31,31,31,31,31,31,31
480141,2,1,0,0,0,0,0,0,0,0,0,0
480142,1,1,0,0,11,26,0,21,2,0,0,0
480143,1,1,0,0,0,0,0,0,0,0,0,0
480143,2,1,0,0,0,0,0,0,0,0,0,0
480144,1,1,25,25,25,25,25,25,25,25,25,25
480145,1,1,0,0,0,0,0,0,0,0,0,0
480146,1,1,14,14,14,14,14,14,14,14,14,14
480147,0,1,0,0,0,0,0,0,0,0,0,0
480147,1,1,0,0,0,0,0,12,0,0,0,0
480148,1,1,0,0,0,0,0,0,0,0,0,0
480148,2,1,0,0,0,0,0,0,0,0,0,0
480149,1,1,24,24,24,24,24,24,24,24,24,24
480150,1,1,28,0,0,8,0,0,0,0,6,0
480150,2,1,0,0,0,0,0,0,0,0,0,0
480151,1,1,1,1,1,1,1,1,1,1,1,1
480152,1,1,0,13,26,14,0,0,0,0,22,0
480152,2,1,12,12,12,12,12,12,12,12,12,12
480153,1,1,22,22,22,22,22,22,22,22,22,22
480154,1,1,0,0,0,0,23,3,0,0,5,12
480154,2,1,0,10,0,7,19,0,22,15,9,19
480155,1,1,13,0,0,0,0,0,0,0,0,0
480156,1,1,19,22,11,0,0,0,16,18,0,0
480156,2,1,0,0,0,0,0,0,2,0,0,0
480157,0,1,0,0,0,0,0,0,0,0,0,0
480157,1,1,0,20,0,0,0,0,0,0,0,0
480158,0,1,18,18,18,18,18,18,18,18,18,18
480158,1,1,0,0,0,0,0,0,0,0,0,0
480159,1,1,15,15,15,15,15,15,15,15,15,15
480160,1,1,14,14,14,14,14,14,14,14,14,14
480161,1,1,1,1,1,1,1,1,1,1,1,1
480162,1,1,0,0,0,22,0,0,0,0,0,21
480162,2,1,0,17,13,0,38,0,0,0,0,0
480163,0,1,0,12,0,0,20,0,0,0,0,0
480163,1,1,0,0,0,0,0,0,14,0,0,0
480163,2,1,0,12,12,14,0,0,15,0,12,0
480164,1,1,23,23,23,23,23,23,23,23,23,23
480165,0,1,0,20,0,0,0,0,34,0,0,0
480165,1,1,0,13,0,0,0,0,0,0,0,0
480166,0,1,0,0,0,0,0,0,0,0,0,0
480166,1,1,17,0,0,0,0,0,5,0,0,0
480167,0,1,12,12,12,12,12,12,12,12,12,12
480167,1,1,8,0,0,0,0,0,12,22,0,16
480168,1,1,0,0,0,26,0,0,18,16,13,13
480169,1,1,0,0,0,0,0,0,0,0,0,0
480169,2,1,30,0,0,0,0,0,26,0,7,0
480169,3,1,0,0,0,0,13,21,0,0,0,0
480170,1,1,0,0,0,0,0,0,0,0,0,0
480171,1,1,21,21,21,21,21,21,21,21,21,21
480171,2,1,0,0,0,0,0,0,0,0,0,0
480171,3,1,0,0,0,0,0,0,0,0,0,0
480172,1,1,0,16,0,16,0,0,0,0,7,0
480172,2,1,0,23,0,0,0,0,26,0,0,0
480173,1,1,0,0,0,0,10,0,0,0,0,0
480173,2,1,0,0,0,0,0,0,0,0,0,0
480174,1,1,0,0,19,26,0,0,16,34,29,0
480175,0,1,0,7,0,13,0,21,0,22,0,12
480175,1,1,0,7,22,0,23,0,3,8,18,12
480176,1,1,0,0,0,0,0,0,0,0,0,0
480176,2,1,0,0,0,13,16,0,0,0,0,0
480177,1,1,16,24,0,9,11,15,0,0,10,0
480178,1,1,0,23,0,0,0,0,14,0,25,8
480178,2,1,22,0,15,0,10,12,0,27,0,8
480179,1,1,0,0,0,0,0,0,0,0,0,0
480179,2,1,11,19,0,0,0,0,4,0,0,0
480180,1,1,16,16,16,16,16,16,16,16,16,16
480181,1,1,0,0,0,0,0,13,0,0,0,0
480181,2,1,17,0,6,29,14,0,0,0,17,25
480181,3,1,20,0,0,0,0,0,0,0,0,19
480182,1,1,19,19,19,19,19,19,19,19,19,19
480182,2,1,0,0,0,0,0,0,0,0,0,0
480182,3,1,0,12,0,0,0,0,0,3,0,0
480183,0,1,0,0,0,0,0,0,0,0,0,0
480183,1,1,0,0,0,0,0,0,0,0,0,0
480184,1,1,0,0,0,0,0,0,0,0,0,0
480184,2,1,0,0,0,0,0,0,0,0,0,0
480185,0,1,0,0,21,0,0,0,13,0,14,0
480185,1,1,30,0,6,30,0,0,24,0,0,21
480186,0,1,0,37,0,0,0,0,0,0,0,0
480186,1,1,0,0,12,13,0,0,0,0,25,0
480187,0,1,0,0,0,0,16,0,0,30,0,20
480187,1,1,0,16,0,0,0,0,0,27,0,19
480188,1,1,22,22,22,22,22,22,22,22,22,22
480188,2,1,0,0,0,0,0,0,0,0,0,0
480189,1,1,0,0,0,0,17,0,0,0,12,0
480189,2,1,0,0,0,0,0,0,0,0,0,0
480189,3,1,0,0,0,6,0,0,0,0,0,0
480190,1,1,5,0,0,0,0,0,0,15,0,0
480190,2,1,0,0,0,0,0,0,0,0,0,0
480191,1,1,0,0,0,25,0,0,0,0,0,0
480191,2,1,0,0,0,0,0,0,0,0,0,0
480192,1,1,23,26,11,25,13,0,0,10,30,0
480193,0,1,0,42,13,0,0,35,0,7,0,19
480193,1,1,0,10,15,0,0,0,16,10,26,0
480194,1,1,11,6,0,14,10,4,12,10,33,3
480194,2,1,0,0,0,0,0,0,17,0,0,0
480195,1,1,0,0,0,0,0,0,0,0,0,0
480196,1,1,0,0,0,0,0,0,0,0,0,0
480197,1,1,0,0,0,0,0,0,0,0,0,0
480197,2,1,0,0,9,0,0,0,0,0,0,0
480197,3,1,0,0,0,0,0,0,0,0,0,0
480198,0,1,0,0,0,0,0,20,7,0,0,0
480198,1,1,0,0,0,23,7,22,0,0,20,16
480199,1,1,0,0,12,0,0,0,0,0,0,0
480199,2,1,0,0,0,0,0,0,0,0,0,0
480200,1,1,0,18,0,0,0,8,0,0,11,29
480200,2,1,0,17,0,0,0,0,0,0,0,0
480200,3,1,0,0,0,0,0,0,0,0,0,0
480201,1,1,0,0,0,0,0,0,0,0,0,0
480201,2,1,0,0,0,0,0,0,0,0,0,0
480202,1,1,0,0,22,0,0,0,0,0,18,0
480202,2,1,0,12,0,0,0,0,0,0,0,0
480203,1,1,0,0,0,0,0,0,0,0,14,0
480203,2,1,0,0,13,0,0,0,0,0,30,9
480204,0,1,0,0,0,0,0,0,0,0,0,0
480204,1,1,0,0,0,0,0,0,0,0,0,0
480205,0,1,0,0,0,0,0,0,0,0,0,0
480205,1,1,0,0,0,0,0,0,8,8,18,0
480206,1,1,5,0,0,0,25,0,19,4,0,0
480207,0,1,0,0,0,0,0,0,0,0,0,0
480207,1,1,19,12,4,0,0,0,0,0,0,12
480208,1,1,16,0,0,0,0,0,13,0,0,15
480208,2,1,12,0,10,0,29,14,0,0,28,9
480209,1,1,0,0,0,0,0,0,0,0,0,0
480209,2,1,0,0,0,0,16,0,0,0,0,22
480210,1,1,0,0,0,0,0,0,0,0,0,0
480210,2,1,0,0,0,11,0,0,0,0,0,0
480211,0,1,0,0,0,0,0,0,0,0,0,0
480211,1,1,0,0,0,0,0,0,0,0,0,0
480212,0,1,0,0,0,0,0,0,0,0,0,0
480212,1,1,14,0,0,0,0,0,26,0,0,25
480213,1,1,11,28,0,11,0,13,0,0,21,23
480214,1,1,0,0,0,0,0,0,0,0,0,0
480214,2,1,0,0,0,0,0,13,0,0,0,0
480215,0,1,19,22,0,0,0,0,0,0,0,34
480215,1,1,0,0,0,0,0,0,0,0,0,0
480216,1,1,0,0,0,0,0,0,0,0,0,0
480216,2,1,0,20,0,0,0,0,0,0,0,0
480217,1,1,0,0,0,0,0,0,0,0,16,0
480220,1,1,16,16,16,16,16,16,16,16,16,16
480221,1,1,12,12,12,12,12,12,12,12,12,12
480222,0,1,0,0,0,0,21,25,0,0,54,0
480222,1,1,11,0,11,10,12,19,10,11,11,24
480223,1,1,0,0,0,0,0,0,0,0,0,0
480223,2,1,0,0,0,0,0,0,0,0,0,0
480224,1,1,0,0,0,0,0,0,0,0,16,0
480224,2,1,0,4,0,0,0,0,0,0,0,0
480225,1,1,17,17,17,17,17,17,17,17,17,17
480225,2,1,0,0,0,0,32,0,0,0,0,0
480226,1,1,0,6,0,0,0,0,0,0,0,24
480226,2,1,13,0,2,0,0,0,12,11,4,0
480226,4,1,10,21,16,0,0,9,0,7,0,14
480227,0,1,0,0,0,0,24,0,19,30,0,0
480227,1,1,11,8,16,38,2,0,3,0,13,0
480228,0,1,18,18,18,18,18,18,18,18,18,18
480228,1,1,0,0,13,0,0,0,0,0,9,0
480229,1,1,0,0,0,0,0,0,0,0,0,0
480230,0,1,9,9,9,9,9,9,9,9,9,9
480230,1,1,6,5,18,20,26,0,0,0,19,8
480231,1,1,0,0,0,0,0,0,0,0,0,0
480231,2,1,22,5,0,11,0,0,10,20,23,0
480232,1,1,7,9,0,15,0,9,21,4,0,12
480233,0,1,0,0,0,0,0,0,0,0,0,0
480233,1,1,0,0,0,17,0,0,0,0,0,0
480234,1,1,0,19,23,9,0,0,19,7,20,25
480235,0,1,0,0,0,0,0,0,0,0,0,0
480235,1,1,0,0,0,0,8,0,0,0,0,0
480236,1,1,17,17,17,17,17,17,17,17,17,17
480236,2,1,19,0,0,0,0,3,0,32,0,13
480237,1,1,0,0,0,0,0,0,0,0,0,0
480237,2,1,9,0,0,0,0,0,0,0,32,11
480238,1,1,5,0,0,14,16,0,20,0,0,20
480239,1,1,0,0,0,0,0,0,0,0,0,0
480239,2,1,13,13,13,13,13,13,13,13,13,13
480240,1,1,0,11,0,0,0,0,0,0,0,0
480241,0,1,0,0,7,0,0,0,0,0,24,0
480241,1,1,0,0,2,0,19,0,0,4,16,0
480243,1,1,19,19,19,19,19,19,19,19,19,19
480243,2,1,0,0,0,0,0,0,0,0,0,3
480244,1,1,0,20,0,0,0,0,0,0,0,0
480245,0,1,0,0,0,0,0,0,0,0,0,0
480245,1,1,0,0,0,0,0,0,2,0,11,0
480246,0,1,16,0,0,0,0,0,0,0,0,27
480246,1,1,0,24,6,0,0,10,0,0,0,0
480247,1,1,6,9,8,0,9,16,21,21,17,17
480248,1,1,19,19,19,19,19,19,19,19,19,19
480248,2,1,0,0,0,0,0,0,0,0,0,0
480249,1,1,0,17,16,0,7,0,14,15,0,0
480249,2,1,0,0,0,0,0,0,8,0,0,0
480250,1,1,0,0,0,0,23,23,0,0,31,0
480250,2,1,0,0,0,0,4,0,0,0,13,0
480251,1,1,0,0,0,0,0,0,0,17,32,0
480252,1,1,43,0,0,0,0,14,0,0,0,14
480253,1,1,17,17,17,17,17,17,17,17,17,17
480253,2,1,1,1,1,1,1,1,1,1,1,1
480254,1,1,10,0,0,0,0,0,0,0,0,0
480254,2,1,0,7,0,9,0,0,0,0,23,0
480254,3,1,3,0,0,0,24,0,0,0,17,8
480255,1,1,19,19,19,19,19,19,19,19,19,19
480256,1,1,0,0,10,0,0,10,14,0,0,0
480256,2,1,0,26,0,0,0,0,0,0,0,0
480257,1,1,15,15,15,15,15,15,15,15,15,15
480258,0,1,16,24,30,0,0,0,0,0,0,0
480258,1,1,23,0,0,0,0,16,0,0,0,23
480258,2,1,13,23,0,0,0,20,22,0,0,0
480260,1,1,0,0,0,0,0,0,0,0,0,0
480260,2,1,4,0,0,0,3,0,0,0,0,9
480260,3,1,0,0,0,0,0,0,0,0,0,0
480260,4,1,0,16,0,0,0,12,0,0,0,0
480260,5,1,0,4,0,4,0,0,0,0,0,0
480260,6,1,0,0,0,0,0,0,0,0,0,0
480260,7,1,3,0,3,0,0,0,0,0,0,0
480260,8,1,0,0,0,0,0,0,0,0,0,0
480260,9,1,0,0,0,0,11,0,0,0,0,0
480260,10,1,0,0,0,0,0,0,0,0,0,0
480260,11,1,0,0,0,21,0,0,0,0,27,0
480260,12,1,0,0,0,0,0,0,0,0,0,0
480261,1,1,18,18,18,18,18,18,18,18,18,18
480261,2,1,0,0,0,0,0,0,0,0,0,0
480262,0,1,0,0,0,0,0,0,0,0,0,0
480262,1,1,0,0,0,0,0,0,0,0,0,0
480263,1,1,0,0,0,16,0,0,0,29,0,0
480264,1,1,0,10,33,0,0,0,0,0,28,12
480265,1,1,0,35,10,0,0,0,20,0,12,35
480266,1,1,0,0,0,0,9,9,0,15,0,0
480267,1,1,21,21,21,21,21,21,21,21,21,21
480268,1,1,17,17,17,17,17,17,17,17,17,17
480268,2,1,17,30,25,0,0,0,9,0,40,0
480269,1,1,0,0,0,0,0,0,0,0,0,0
480269,2,1,0,0,0,0,0,0,0,0,14,0
480270,1,1,24,24,24,24,24,24,24,24,24,24
480271,1,1,0,0,0,0,0,0,0,0,0,0
480271,2,1,0,0,0,0,0,0,0,0,0,0
480272,1,1,24,22,27,6,20,26,16,19,24,16
480272,2,1,0,0,0,25,0,7,0,26,0,6
480272,3,1,0,0,0,0,0,0,0,18,0,0
480272,4,1,9,0,0,0,0,0,0,14,0,22
480272,5,1,0,0,0,0,0,0,0,0,0,0
480272,6,1,10,0,0,0,0,0,0,0,0,0
480272,7,1,0,0,0,0,0,0,0,0,0,0
480273,1,1,18,18,18,18,18,18,18,18,18,18
480273,2,1,20,0,0,0,2,0,11,32,0,10
480275,1,1,0,0,0,0,0,0,0,0,0,0
480275,2,1,0,14,0,0,0,30,0,0,0,12
480276,1,1,20,0,0,0,23,0,0,0,27,0
480276,2,1,0,0,0,0,0,0,0,0,0,0
480276,3,1,15,20,0,0,10,0,0,0,11,0
480276,4,1,0,0,0,0,0,10,0,9,0,0
480277,1,1,3,0,0,17,19,0,0,0,0,24
480277,2,1,0,0,0,0,0,0,0,14,0,0
480278,1,1,0,0,0,0,0,0,0,0,8,16
480278,2,1,0,0,0,0,0,0,13,0,20,0
480280,0,1,0,0,0,10,0,22,33,0,0,5
480280,1,1,0,0,0,0,0,0,16,9,0,7
480281,1,1,8,0,0,0,0,25,0,0,7,0
480281,2,1,8,0,9,0,0,0,0,0,0,0
480282,0,1,0,0,11,0,0,0,0,0,0,0
480282,1,1,16,0,0,0,0,20,0,0,0,0
480282,2,1,0,11,26,29,12,0,0,0,22,0
480283,0,1,17,17,17,17,17,17,17,17,17,17
480283,1,1,0,14,0,0,0,17,23,0,0,0
480284,1,1,19,19,19,19,19,19,19,19,19,19
480285,0,1,4,4,4,4,4,4,4,4,4,4
480285,1,1,12,0,12,0,0,0,16,5,21,0
480286,1,1,30,30,30,30,30,30,30,30,30,30
480287,1,1,29,29,29,29,29,29,29,29,29,29
480288,1,1,21,21,21,21,21,21,21,21,21,21
480288,2,1,12,23,20,0,0,0,5,0,0,0
480289,1,1,6,33,0,9,0,29,20,17,0,0
480289,2,1,0,0,10,0,6,0,14,0,0,0
480290,1,1,0,0,0,0,0,0,0,0,0,0
480290,2,1,8,0,0,10,0,0,0,23,0,0
480291,1,1,24,24,24,24,24,24,24,24,24,24
480292,1,1,19,19,19,19,19,19,19,19,19,19
480293,0,1,0,0,0,0,0,18,0,0,7,3
480293,1,1,5,16,18,0,17,0,22,0,0,0
480294,1,1,0,16,10,27,14,0,0,0,0,0
480294,2,1,0,0,0,0,0,0,0,0,0,0
480295,1,1,0,9,0,0,0,0,0,0,0,0
480296,1,1,20,20,20,20,20,20,20,20,20,20
480296,2,1,25,33,19,0,0,0,24,0,11,0
480297,1,1,0,0,0,0,0,0,0,23,0,0
480298,1,1,35,35,35,35,35,35,35,35,35,35
480299,1,1,22,22,22,22,22,22,22,22,22,22
480299,2,1,0,10,10,11,21,14,0,0,0,0
480300,1,1,0,0,0,0,0,0,0,0,0,0
480300,2,1,0,0,0,0,0,0,0,0,0,0
480301,0,1,0,0,0,0,0,0,0,0,0,13
480301,1,1,0,0,0,0,0,0,0,0,31,0
480302,0,1,8,8,8,8,8,8,8,8,8,8
480302,1,1,23,16,16,10,15,0,0,16,0,16
480303,1,1,0,14,0,0,0,0,32,13,0,15
480303,2,1,0,0,0,0,9,0,6,26,0,0
480304,1,1,18,3,0,0,0,9,7,22,11,16
480305,1,1,0,7,0,0,0,0,19,15,0,21
480305,2,1,0,0,4,0,8,0,0,0,0,0
480306,1,1,18,18,18,18,18,18,18,18,18,18
480307,0,1,22,0,0,0,0,33,0,0,0,25
480307,1,1,10,0,15,2,0,0,0,0,0,0
480308,1,1,18,18,18,18,18,18,18,18,18,18
480308,2,1,16,16,16,16,16,16,16,16,16,16