ST_CASE,VEH_NO,PER_NO,P1,P2,P3,P4,P5,P6,P7,P8,P9,P10
480308,3,1,0,0,18,7,13,0,8,29,5,0
480310,1,1,22,22,22,22,22,22,22,22,22,22
480310,2,1,0,0,0,0,0,0,0,0,15,0
480311,1,1,0,16,0,0,0,0,0,21,21,0
480311,2,1,0,25,3,0,0,0,0,0,0,18
480311,3,1,10,0,0,0,0,0,0,13,0,0
480312,1,1,0,0,0,0,0,0,0,0,0,0
480312,2,1,0,0,0,14,0,0,0,0,0,0
480312,3,1,0,0,0,2,0,0,0,6,0,23
480312,4,1,0,0,0,0,33,0,0,0,0,0
480312,5,1,0,0,0,0,25,5,0,0,0,0
480314,1,1,0,0,0,0,0,0,0,0,0,0
480314,2,1,18,13,0,0,0,0,0,14,0,0
480315,1,1,6,40,0,17,0,21,17,11,0,0
480315,2,1,0,0,0,21,19,0,0,0,0,0
480316,0,1,0,0,0,0,0,0,0,0,0,0
480316,1,1,0,13,13,0,10,0,0,26,16,0
480316,2,1,0,0,15,0,0,0,12,20,0,0
480317,1,1,0,0,0,0,0,0,0,0,0,0
480317,2,1,0,0,8,0,0,0,0,0,0,0
480318,1,1,0,0,0,0,0,0,0,0,0,0
480319,0,1,27,27,27,27,27,27,27,27,27,27
480319,1,1,0,0,7,0,0,13,0,0,0,12
480320,1,1,15,15,15,15,15,15,15,15,15,15
480321,1,1,30,30,30,30,30,30,30,30,30,30
480322,0,1,0,0,0,0,0,0,0,0,0,0
480322,1,1,0,0,22,0,0,0,17,16,0,0
480323,1,1,0,0,0,0,0,0,0,0,0,0
480323,2,1,0,0,0,0,0,0,0,0,0,0
480324,1,1,0,0,0,14,0,0,0,0,0,0
480325,1,1,0,0,0,0,0,12,0,0,0,0
480325,2,1,0,0,0,0,22,0,0,11,0,30
480325,3,1,0,0,0,0,0,0,0,0,0,0
480326,1,1,21,21,21,21,21,21,21,21,21,21
480327,1,1,25,25,25,25,25,25,25,25,25,25
480328,1,1,0,0,0,0,0,0,0,0,0,0
480328,2,1,0,0,0,0,0,0,0,0,0,0
480329,1,1,0,0,0,0,0,0,0,0,0,0
480330,0,1,0,0,0,0,0,0,0,0,0,0
480330,1,1,20,0,0,0,19,0,14,0,9,24
480331,1,1,0,0,0,0,0,0,0,0,0,0
480331,2,1,0,0,0,0,0,0,14,0,0,0
480332,0,1,15,8,0,4,0,0,36,30,21,0
480332,1,1,10,0,15,34,7,0,11,28,15,0
480332,2,1,0,0,0,0,0,0,0,11,0,0
480333,1,1,23,23,23,23,23,23,23,23,23,23
480333,2,1,8,0,16,0,0,9,0,0,0,16
480333,3,1,0,0,0,0,0,0,0,0,0,3
480334,0,1,32,32,32,32,32,32,32,32,32,32
480334,1,1,0,0,0,0,0,0,0,0,0,0
480335,0,1,0,0,34,0,0,0,0,0,0,30
480335,1,1,17,0,0,0,0,0,0,8,0,18
480336,1,1,0,0,0,0,14,0,0,0,0,0
480336,2,1,0,0,12,0,0,11,0,0,0,0
480337,1,1,0,30,0,17,0,11,8,0,0,6
480338,1,1,0,0,0,0,0,0,0,0,0,0
480339,1,1,40,0,12,23,0,0,9,0,0,0
480339,2,1,0,0,17,0,0,14,0,0,0,0
480339,3,1,0,0,0,0,0,0,16,0,0,0
480339,4,1,0,3,0,8,0,6,0,0,0,0
480339,5,1,0,0,0,8,0,0,0,0,0,0
480340,1,1,0,0,0,0,0,0,0,0,0,0
480340,2,1,0,0,0,0,16,0,0,0,0,0
480341,0,1,26,0,0,0,13,7,0,31,11,0
480341,1,1,21,0,8,10,0,13,0,6,0,0
480342,1,1,0,0,0,0,0,0,0,0,0,0
480343,0,1,0,0,0,0,0,0,0,0,0,0
480343,1,1,0,0,0,0,0,0,0,0,0,0
480344,1,1,23,23,23,23,23,23,23,23,23,23
480344,2,1,0,0,0,0,0,13,10,0,12,0
480344,3,1,0,0,0,0,0,0,0,0,0,0
480345,0,1,29,29,29,29,29,29,29,29,29,29
480345,1,1,9,0,0,13,8,0,0,0,0,0
480346,1,1,0,0,23,0,0,0,0,0,0,0
480348,1,1,0,0,0,0,0,0,0,0,0,0
480348,2,1,0,0,0,7,0,0,0,0,0,0
480348,3,1,0,0,3,0,0,17,10,0,0,0
480348,4,1,16,0,0,3,0,29,9,41,0,13
480349,1,1,31,31,31,31,31,31,31,31,31,31
480350,1,1,33,28,19,22,15,0,39,18,20,21
480351,0,1,0,0,0,0,0,0,13,0,0,0
480351,1,1,0,0,0,0,0,0,0,0,35,0
480352,1,1,0,0,16,11,8,0,17,11,19,0
480353,0,1,13,13,13,13,13,13,13,13,13,13
480353,1,1,0,0,0,0,0,0,0,0,0,0
480354,0,1,0,0,0,0,0,0,0,0,0,0
480354,1,1,0,5,0,11,18,2,23,0,14,16
480355,0,1,0,0,0,0,0,0,0,0,0,0
480355,1,1,12,0,8,20,0,12,4,0,12,9
480356,1,1,44,19,11,6,15,13,29,31,9,16
480357,0,1,26,26,26,26,26,26,26,26,26,26
480357,1,1,7,0,0,4,0,0,5,0,0,0
480358,1,1,0,12,0,0,13,0,0,0,24,20
480358,2,1,10,10,10,10,10,10,10,10,10,10
480359,1,1,0,0,0,0,0,0,0,0,0,0
480360,1,1,0,0,0,0,0,0,0,0,0,0
480360,2,1,0,0,0,0,0,0,8,0,0,0
480361,1,1,0,0,0,0,0,0,0,0,0,0
480362,0,1,0,0,0,0,0,0,0,0,0,0
480362,1,1,14,7,7,17,14,12,15,0,8,6
480363,1,1,0,13,0,0,0,0,0,0,0,34
480364,0,1,0,0,0,0,0,0,0,0,0,0
480364,1,1,31,0,10,8,0,0,11,0,0,10
480365,1,1,0,0,0,19,0,30,0,0,0,22
480366,1,1,13,13,13,13,13,13,13,13,13,13
480367,1,1,0,0,0,0,0,0,0,0,0,0
480368,1,1,0,0,0,0,0,0,0,0,0,0
480368,2,1,0,0,0,0,0,0,0,0,0,2
480369,0,1,0,17,0,0,17,0,0,35,0,0
480369,1,1,18,18,29,15,7,16,4,0,7,7
480370,0,1,0,0,0,0,0,0,9,42,0,0
480370,1,1,0,0,0,0,0,0,0,0,0,0
480371,1,1,4,4,4,4,4,4,4,4,4,4
480372,1,1,0,0,0,0,0,0,0,0,0,0
480373,1,1,0,0,0,0,0,0,0,0,31,0
480374,0,1,0,27,0,24,34,0,29,22,0,0
480374,1,1,0,0,37,0,0,0,8,20,0,0
480376,1,1,0,0,0,0,0,0,13,0,0,0
480376,2,1,0,0,0,12,0,0,0,0,0,0
480377,1,1,0,0,0,0,0,0,0,0,0,0
480378,0,1,0,0,0,0,0,0,0,0,0,0
480378,1,1,16,16,5,2,11,5,13,0,19,17
480379,1,1,0,0,0,0,0,0,0,0,0,0
480379,2,1,23,0,0,0,18,9,0,0,0,6
480379,3,1,0,0,0,0,13,10,9,0,14,13
480379,4,1,0,33,0,0,0,0,0,0,0,5
480379,5,1,0,0,0,0,0,5,9,0,9,0
480380,0,1,0,0,0,0,0,0,0,0,0,0
480380,1,1,0,0,0,4,0,2,0,15,0,0
480381,1,1,0,6,0,22,5,25,13,10,31,0
480382,1,1,12,10,33,0,5,20,0,9,33,0
480383,1,1,0,0,0,28,0,46,8,0,0,0
480384,1,1,7,7,7,7,7,7,7,7,7,7
480385,1,1,0,0,21,0,0,0,0,0,0,0
480385,2,1,0,0,0,0,0,0,0,0,0,0
480386,1,1,8,8,8,8,8,8,8,8,8,8
480387,1,1,0,0,0,0,0,18,20,0,19,0
480387,2,1,0,9,0,0,0,0,0,3,0,0
480388,1,1,0,0,0,0,0,0,0,3,0,0
480389,1,1,0,0,32,26,18,0,0,23,15,19
480390,1,1,24,24,24,24,24,24,24,24,24,24
480391,1,1,0,0,19,0,0,0,0,0,0,0
480391,2,1,0,9,0,0,0,9,0,0,0,0
480392,0,1,0,0,0,0,0,0,0,0,0,0
480392,1,1,0,12,0,0,30,19,0,11,0,13
480393,0,1,0,0,0,0,0,0,0,0,0,0
480393,0,2,0,0,0,0,0,0,0,0,0,0
480393,1,1,0,0,0,0,0,0,0,0,0,0
480393,3,1,0,0,0,0,0,0,0,0,0,0
480394,1,1,0,0,0,0,0,0,0,0,0,0
480394,2,1,0,0,0,0,0,0,0,0,0,0
480395,1,1,29,29,29,29,29,29,29,29,29,29
480395,2,1,16,0,0,0,0,11,0,0,32,20
480395,3,1,13,0,28,0,0,17,16,0,0,0
480396,1,1,39,23,0,0,9,0,24,19,15,17
480397,1,1,12,27,0,28,19,0,11,0,20,0
480398,1,1,18,0,0,11,12,11,4,0,25,8
480398,2,1,0,0,8,30,0,0,0,0,0,0
480399,1,1,0,0,0,0,23,0,15,0,0,0
480400,1,1,0,17,0,0,24,0,11,0,4,22
480400,2,1,0,0,0,0,0,0,0,0,0,0
480401,1,1,0,10,0,16,21,0,0,0,0,0
480402,1,1,0,0,0,0,15,0,0,0,31,0
480402,2,1,0,0,0,0,0,0,0,0,10,0
480403,1,1,8,0,0,0,14,0,0,0,0,0
480403,2,1,0,0,0,0,16,0,0,0,0,0
480404,1,1,0,0,0,0,0,0,0,0,0,0
480404,2,1,0,0,0,0,0,11,0,0,0,0
480405,1,1,0,0,0,0,0,0,0,15,0,0
480405,2,1,0,11,4,0,0,0,0,0,0,0
480406,1,1,0,0,0,0,0,0,0,0,0,0
480407,1,1,0,4,21,24,0,0,0,0,0,0
480408,1,1,20,20,20,20,20,20,20,20,20,20
480409,0,1,11,25,20,0,21,0,24,0,6,0
480409,1,1,8,9,0,17,0,20,21,0,0,13
480410,0,1,0,0,13,15,0,0,0,0,0,0
480410,1,1,0,0,0,0,0,0,0,0,0,0
480410,2,1,0,0,0,0,0,0,0,0,0,0
480411,0,1,14,0,0,0,19,9,0,0,0,0
480411,1,1,15,18,0,7,17,9,7,13,0,17
480412,1,1,0,0,0,0,0,5,0,0,0,19
480412,2,1,0,0,0,0,0,0,0,0,0,0
480413,1,1,14,0,12,0,0,0,0,0,0,0
480413,2,1,0,0,0,0,0,0,0,0,0,8
480414,1,1,0,0,14,0,0,0,0,27,0,0
480414,2,1,0,0,0,0,0,0,0,31,0,0
480415,1,1,0,0,0,0,0,0,3,0,0,24
480416,1,1,0,0,3,21,0,0,14,14,7,29
480417,1,1,0,0,0,0,0,0,0,0,0,0
480417,2,1,0,0,0,0,0,9,0,6,0,0
480418,1,1,3,3,3,3,3,3,3,3,3,3
480419,1,1,31,21,0,18,12,0,0,0,17,25
480419,2,1,0,0,0,0,0,0,0,0,0,0
480421,1,1,0,0,6,0,13,0,18,18,21,0
480422,0,1,0,0,0,0,0,22,0,0,0,0
480422,1,1,0,0,0,0,0,0,0,9,0,0
480423,1,1,0,0,0,0,0,0,0,0,0,0
480424,0,1,0,0,0,0,0,0,0,0,0,0
480424,1,1,0,0,17,0,0,0,0,0,0,0
480425,1,1,15,15,15,15,15,15,15,15,15,15
480425,2,1,0,30,0,0,0,0,31,0,0,0
480425,3,1,0,11,0,0,6,0,0,0,15,0
480426,1,1,18,0,0,0,22,0,0,0,25,22
480427,1,1,0,0,0,16,0,14,0,15,0,0
480428,0,1,15,0,0,13,26,23,18,0,18,0
480428,1,1,13,30,20,16,0,7,0,6,22,15
480429,1,1,0,0,0,0,0,0,0,0,0,0
480429,2,1,0,0,0,0,0,0,0,0,0,0
480430,0,1,0,38,14,0,28,0,0,0,21,10
480430,1,1,0,0,0,0,0,0,0,0,0,15
480432,0,1,0,0,0,0,0,0,0,0,0,0
480432,1,1,13,13,13,13,13,13,13,13,13,13
480433,1,1,22,22,22,22,22,22,22,22,22,22
480434,1,1,0,0,0,0,0,0,0,0,0,0
480434,2,1,0,0,0,0,0,0,0,0,0,0
480435,1,1,22,11,3,0,24,36,0,0,0,0
480435,2,1,0,0,0,0,0,0,8,0,0,0
480435,3,1,0,0,0,0,18,0,0,0,0,0
480435,4,1,0,9,8,0,0,0,0,0,15,0
480436,1,1,0,0,12,0,6,17,0,0,0,0
480437,1,1,0,0,0,0,0,0,0,0,0,0
480437,2,1,0,0,21,0,0,0,0,0,0,0
480438,1,1,15,18,0,0,14,0,0,0,5,19
480439,1,1,0,0,0,0,0,0,0,0,0,0
480439,2,1,0,0,0,0,0,0,0,0,0,0
480440,0,1,0,0,0,0,0,0,0,0,0,0
480440,1,1,0,0,0,3,15,0,19,0,19,0
480441,1,1,19,19,19,19,19,19,19,19,19,19
480441,2,1,30,0,19,0,0,6,0,0,0,0
480442,1,1,0,0,0,0,24,0,0,0,0,0
480443,0,1,0,0,0,17,19,0,0,0,0,29
480443,1,1,0,0,31,0,0,0,0,0,0,0
480444,1,1,25,25,25,25,25,25,25,25,25,25
480445,0,1,20,22,8,5,18,16,26,21,24,13
480445,1,1,0,0,0,26,12,21,0,0,0,14
480446,1,1,19,19,19,19,19,19,19,19,19,19
480447,1,1,20,20,20,20,20,20,20,20,20,20
480448,1,1,0,0,0,0,0,0,0,0,0,0
480448,2,1,0,0,11,0,0,0,0,0,0,0
480448,3,1,0,0,0,0,0,0,21,0,0,0
480448,4,1,0,0,0,0,0,0,0,23,0,0
480448,5,1,0,0,0,0,0,0,0,0,0,0
480448,6,1,0,0,0,0,0,0,0,0,0,0
480449,1,1,0,0,0,0,0,0,0,0,0,0
480449,2,1,0,0,0,0,0,0,0,0,0,0
480450,1,1,0,13,0,11,24,12,10,15,19,27
480451,1,1,0,0,0,13,0,0,0,0,0,0
480451,2,1,0,0,0,0,0,0,0,0,0,0
480452,1,1,16,16,16,16,16,16,16,16,16,16
480452,2,1,0,0,0,0,0,0,0,0,0,0
480453,1,1,17,17,17,17,17,17,17,17,17,17
480453,2,1,0,6,0,0,0,0,0,0,0,0
480454,1,1,0,0,0,0,14,0,0,0,14,0
480455,1,1,9,0,27,0,0,0,0,10,0,0
480455,2,1,0,0,0,0,0,0,0,0,9,0
480456,0,1,0,17,0,0,7,39,0,0,0,0
480456,1,1,0,0,0,0,0,0,0,0,0,0
480457,1,1,24,24,24,24,24,24,24,24,24,24
480457,2,1,0,0,0,15,11,0,0,0,0,15
480458,1,1,0,0,0,0,0,0,0,0,0,0
480458,2,1,0,0,0,0,0,0,0,0,0,0
480459,1,1,15,15,15,15,15,15,15,15,15,15
480460,1,1,10,10,10,10,10,10,10,10,10,10
480461,1,1,20,0,0,0,0,21,0,27,0,0
480461,2,1,0,16,0,0,0,0,0,0,0,0
480461,3,1,0,0,0,0,0,0,0,0,0,0
480461,4,1,32,0,0,0,12,0,0,0,0,0
480462,1,1,0,0,0,0,16,0,0,0,0,24
480462,2,1,0,38,0,9,0,11,0,0,0,0
480462,3,1,4,0,0,31,0,0,9,0,0,0
480463,1,1,0,0,0,0,0,0,0,0,0,11
480463,2,1,0,0,0,0,0,0,0,0,0,0
480464,1,1,0,0,0,0,0,0,12,35,0,0
480464,2,1,0,0,0,0,0,0,11,0,0,0
480465,1,1,0,0,0,0,0,0,0,0,0,0
480466,0,1,0,0,0,0,0,0,0,0,0,0
480466,1,1,15,22,15,0,0,0,12,0,10,17
480466,4,1,0,0,0,14,0,23,0,12,20,12
480466,5,1,14,0,0,0,0,17,17,0,0,7
480466,6,1,0,0,4,0,0,0,0,0,0,0
480466,7,1,19,9,0,0,6,0,27,0,27,0
480466,8,1,0,21,0,0,15,40,0,27,0,0
480466,9,1,6,0,0,0,0,0,0,0,32,25
480466,10,1,0,0,0,0,0,15,0,0,0,0
480467,1,1,10,10,10,10,10,10,10,10,10,10
480468,0,1,0,0,0,0,0,0,0,0,0,0
480468,1,1,13,13,13,13,13,13,13,13,13,13
480469,1,1,34,34,34,34,34,34,34,34,34,34
480470,0,1,25,25,25,25,25,25,25,25,25,25
480470,1,1,0,13,0,0,0,13,8,0,8,20
480471,0,1,0,26,0,0,10,0,36,15,0,0
480471,1,1,11,0,0,0,15,27,32,14,0,0
480472,0,1,0,0,0,0,0,0,0,0,0,0
480472,0,2,0,0,0,0,0,0,0,0,0,0
480472,0,3,0,0,0,0,0,0,0,0,0,0
480472,1,1,0,30,0,21,16,9,19,12,31,19
480472,2,1,0,0,0,0,0,0,0,0,0,0
480474,0,1,4,4,4,4,4,4,4,4,4,4
480474,1,1,0,0,0,13,0,0,0,0,0,11
480475,1,1,1,1,1,1,1,1,1,1,1,1
480475,2,1,13,13,13,13,13,13,13,13,13,13
480476,1,1,0,0,0,23,0,0,0,0,12,0
480476,2,1,16,15,0,21,0,0,4,0,0,0
480477,0,1,0,0,0,0,0,0,0,0,0,0
480477,1,1,9,0,11,0,13,0,0,0,0,0
480477,3,1,17,0,0,6,0,0,0,0,11,0
480477,4,1,19,22,0,0,11,0,0,0,14,0
480478,0,1,21,22,3,42,42,11,15,43,12,15
480478,1,1,7,0,20,0,0,0,8,0,0,6
480479,1,1,7,29,10,11,21,5,10,9,20,26
480480,1,1,17,0,0,20,0,0,14,22,0,0
480480,2,1,8,17,28,0,0,0,0,24,0,13
480481,1,1,0,0,0,0,0,0,0,0,0,0
480482,1,1,31,31,31,31,31,31,31,31,31,31
480483,1,1,0,27,13,13,24,0,9,0,9,20
480484,0,1,0,37,0,0,7,0,0,0,0,0
480485,0,1,0,0,0,0,27,17,22,23,0,0
480485,1,1,15,17,10,2,26,11,14,0,0,12
480486,1,1,10,0,0,0,16,16,0,0,22,0
480487,1,1,0,0,0,0,0,0,0,0,0,0
480488,1,1,19,19,19,19,19,19,19,19,19,19
480489,0,1,0,0,21,0,0,0,0,0,0,0
480489,1,1,7,0,0,0,0,16,0,0,21,0
480490,1,1,0,35,0,0,0,0,0,17,0,0
480491,1,1,0,20,0,0,27,0,23,0,0,0
480492,1,1,0,0,0,0,0,0,0,0,0,0
480492,2,1,0,0,0,0,0,24,0,0,0,0
480493,1,1,0,0,0,0,0,0,0,0,0,0
480493,2,1,0,0,0,0,0,0,0,0,0,0
480494,1,1,11,34,26,0,11,0,0,0,0,0
480496,1,1,3,0,25,15,26,9,9,19,0,0
480497,1,1,0,0,0,0,0,0,0,0,0,0
480497,2,1,0,0,0,24,0,0,0,0,0,0
480498,1,1,16,10,30,7,0,21,13,29,0,4
480498,2,1,15,21,17,0,7,18,24,24,9,27
480499,1,1,0,20,16,7,0,16,23,11,0,19
480500,1,1,0,0,3,0,0,0,0,0,0,0
480501,1,1,0,0,0,0,0,0,0,26,7,4
480501,2,1,0,0,0,0,0,0,0,0,0,0
480502,0,1,0,0,0,0,0,0,0,0,0,0
480502,1,1,0,0,0,0,0,0,0,0,0,0
480503,0,1,0,0,0,0,0,0,0,0,0,0
480503,1,1,0,0,0,29,0,0,9,0,0,0
480504,1,1,6,6,6,6,6,6,6,6,6,6
480505,1,1,0,0,0,0,0,0,0,0,0,0
480505,2,1,0,0,0,0,0,0,0,0,0,0
480505,3,1,0,17,6,0,0,0,0,0,14,13
480505,4,1,0,0,0,32,0,18,0,0,0,15
480505,5,1,0,0,0,0,31,0,0,9,14,19
480506,0,1,18,18,18,18,18,18,18,18,18,18
480506,1,1,8,0,16,0,6,20,17,8,0,12
480507,1,1,0,0,0,0,10,23,0,0,12,0
480507,2,1,0,0,0,20,0,34,0,0,0,14
480508,0,1,0,0,0,0,0,0,0,10,0,0
480508,1,1,18,0,0,13,0,0,0,0,19,5
480509,1,1,16,16,16,16,16,16,16,16,16,16
480510,1,1,14,18,0,7,0,0,0,0,19,0
480511,0,1,0,0,0,0,0,0,0,0,0,0
480511,1,1,0,0,0,0,0,0,0,0,0,0
480512,0,1,49,21,0,0,15,2,0,28,0,0
480512,1,1,0,11,8,0,0,0,28,0,0,0
480512,2,1,23,10,0,0,0,0,0,0,9,0
480513,1,1,0,0,0,0,0,0,0,0,0,0
480514,1,1,0,0,0,0,0,0,0,0,5,0
480514,2,1,0,0,0,12,11,0,0,0,0,0
480514,3,1,3,15,4,0,0,0,0,14,20,0
480515,1,1,0,0,0,0,0,0,20,0,18,0
480516,1,1,29,29,29,29,29,29,29,29,29,29
480517,1,1,0,0,0,0,0,0,7,0,10,0
480518,1,1,12,12,12,12,12,12,12,12,12,12
480518,2,1,0,0,5,17,18,16,29,0,0,0
480519,1,1,0,0,0,0,0,0,0,0,0,0
480520,1,1,0,0,0,0,0,0,0,0,0,0
480521,1,1,30,30,30,30,30,30,30,30,30,30
480522,1,1,37,0,0,24,16,0,0,0,0,0
480523,1,1,0,0,0,0,0,18,0,0,0,24
480524,1,1,0,0,0,20,18,15,0,0,5,7
480524,2,1,0,0,0,0,0,0,0,0,0,0
480524,3,1,0,0,0,14,0,10,0,0,20,21
480525,1,1,0,0,0,0,0,0,0,10,0,0
480526,1,1,16,16,16,16,16,16,16,16,16,16
480527,1,1,16,18,0,0,13,0,0,23,0,16
480527,2,1,27,0,0,0,6,0,0,8,12,11
480528,0,1,16,16,16,16,16,16,16,16,16,16
480528,1,1,13,6,25,13,0,18,0,0,0,8
480529,1,1,13,0,17,0,22,0,0,0,0,15
480530,1,1,14,14,14,14,14,14,14,14,14,14
480531,1,1,0,0,8,0,0,0,12,0,0,0
480531,2,1,0,0,0,0,0,0,0,0,0,0
480532,1,1,25,25,25,25,25,25,25,25,25,25
480533,1,1,0,0,0,0,0,0,0,0,0,0
480533,2,1,0,21,0,9,0,0,3,18,0,0
480534,1,1,0,0,0,0,0,0,0,0,0,0
480534,2,1,0,9,0,0,0,62,0,0,0,0
480535,1,1,0,0,0,0,0,0,0,0,0,0
480536,1,1,0,0,0,0,0,9,6,16,18,0
480537,1,1,0,19,0,0,0,0,0,0,0,0
480537,2,1,0,0,0,0,0,0,0,0,0,0
480538,0,1,13,13,13,13,13,13,13,13,13,13
480538,1,1,0,13,0,0,0,0,0,0,22,8
480539,0,1,24,24,24,24,24,24,24,24,24,24
480539,1,1,17,12,12,12,12,0,10,0,4,17
480540,1,1,0,0,0,0,0,0,0,0,0,0
480540,2,1,0,0,0,0,0,0,0,0,0,0
480540,3,1,0,0,0,15,0,0,0,0,20,29
480541,0,1,0,0,0,0,0,0,0,0,0,0
480541,1,1,19,11,15,0,0,0,21,15,12,0
480542,0,1,23,0,0,0,38,0,29,0,0,0
480542,0,2,18,12,16,0,15,0,0,0,0,0
480542,0,3,0,0,38,18,16,0,0,0,0,0
480542,1,1,0,0,0,0,0,0,0,0,0,0
480543,1,1,7,7,7,7,7,7,7,7,7,7
480544,1,1,29,29,29,29,29,29,29,29,29,29
480544,2,1,0,0,0,0,0,0,0,0,0,0
480544,3,1,0,0,4,2,0,0,0,0,0,0
480545,1,1,3,3,3,3,3,3,3,3,3,3
480546,1,1,0,0,30,0,0,0,0,19,0,0
480546,2,1,0,0,0,0,12,0,17,0,0,0
480547,1,1,5,5,5,5,5,5,5,5,5,5
480548,1,1,0,0,0,0,0,0,0,0,0,0
480549,0,1,0,0,0,0,0,0,0,0,0,0
480549,0,2,0,0,0,0,0,0,0,0,0,0
480549,1,1,0,0,4,0,0,20,0,0,0,15
480549,2,1,0,0,0,0,0,0,0,0,0,0
480549,3,1,0,0,22,0,0,0,0,0,0,0
480549,4,1,0,0,0,0,0,28,0,0,0,0
480549,5,1,0,0,0,0,17,0,0,0,0,0
480549,6,1,0,0,0,0,0,0,0,0,0,0
480549,7,1,23,26,11,0,0,18,16,0,0,16
480549,8,1,0,0,0,0,0,0,0,0,0,0
480549,9,1,0,0,0,0,0,0,0,0,0,0
480549,10,1,0,0,14,0,0,0,0,0,0,0
480549,11,1,0,0,0,0,0,0,12,24,0,0
480549,13,1,0,0,0,0,10,9,0,0,0,20
480549,14,1,0,0,0,0,0,0,0,0,0,0
480549,15,1,0,0,0,0,0,0,0,0,0,4
480549,16,1,0,0,0,0,0,0,0,0,0,0
480549,17,1,0,0,0,0,0,0,0,0,0,9
480549,18,1,0,0,0,0,0,0,0,0,0,0
480549,19,1,0,0,0,0,0,0,0,0,0,0
480549,20,1,0,0,0,0,0,0,0,0,0,0
480549,21,1,0,25,0,0,0,0,0,0,9,0
480549,22,1,0,0,0,0,0,0,0,0,0,0
480549,23,1,0,3,0,0,0,0,0,5,0,9
480549,24,1,0,0,0,0,0,21,0,25,23,0
480549,25,1,0,0,0,0,0,0,0,0,0,0
480549,26,1,22,0,0,0,0,0,0,9,0,0
480549,27,1,0,0,0,0,0,0,0,0,0,0
480549,28,1,0,0,14,0,0,0,0,0,0,23
480549,29,1,0,0,0,13,0,0,0,0,0,0
480549,30,1,0,23,0,0,0,0,0,0,11,0
480549,31,1,0,0,0,0,0,0,0,0,0,0
480549,32,1,21,15,0,0,0,0,0,11,0,0
480549,33,1,0,0,0,10,0,0,0,0,0,0
480549,34,1,0,0,0,0,0,0,0,0,0,0
480549,35,1,0,0,0,0,0,0,0,0,0,0
480549,36,1,0,19,0,0,0,0,0,0,0,9
480549,37,1,0,0,0,0,0,0,0,0,0,0
480549,38,1,17,0,0,0,0,0,0,0,0,0
480549,39,1,10,0,0,0,0,0,0,31,0,11
480549,40,1,0,0,0,0,0,12,0,0,0,0
480549,41,1,0,0,0,0,0,0,0,0,0,0
480549,42,1,0,0,0,0,0,0,0,0,0,0
480549,43,1,0,0,0,0,0,0,0,0,0,0
480549,44,1,0,0,0,0,0,0,0,0,0,0
480549,45,1,7,0,0,0,0,14,0,0,0,0
480549,46,1,10,0,0,0,0,10,0,0,11,0
480549,47,1,0,0,0,0,0,0,0,0,0,0
480549,48,1,0,0,0,0,0,0,0,0,0,4
480549,49,1,0,0,0,0,0,0,0,16,10,0
480549,50,1,0,0,0,26,14,0,0,0,0,0
480549,51,1,0,0,7,0,17,0,0,0,0,0
480549,52,1,0,0,27,0,0,0,0,0,0,16
480549,53,1,0,0,0,0,0,0,0,0,0,0
480549,54,1,0,0,0,0,0,0,0,0,0,0
480549,55,1,0,0,0,0,11,0,0,0,0,0
480549,56,1,0,0,0,0,0,0,0,0,0,0
480549,57,1,0,0,0,0,0,36,0,0,0,0
480549,58,1,0,0,0,0,0,0,0,0,0,0
480549,59,1,0,0,8,0,19,0,0,0,0,0
480549,60,1,0,0,0,0,0,0,0,0,0,0
480549,61,1,3,0,0,19,0,0,0,0,0,0
480549,62,1,20,0,0,0,15,0,0,0,0,0
480549,63,1,0,0,0,0,0,0,0,0,0,0
480549,64,1,0,0,0,0,0,0,0,0,0,0
480549,65,1,0,0,0,0,0,0,0,0,0,0
480549,66,1,0,0,0,0,0,0,0,0,0,0
480549,67,1,0,0,17,0,0,27,0,0,0,7
480549,68,1,0,0,0,16,0,0,0,0,0,0
480549,69,1,20,0,0,0,32,0,0,0,0,0
480549,70,1,0,0,0,0,0,0,0,0,0,0
480549,71,1,0,12,4,0,0,0,2,0,0,0
480549,72,1,0,0,0,0,0,27,0,0,0,0
480549,73,1,0,0,0,0,0,0,0,0,0,0
480549,74,1,0,0,0,0,0,0,0,0,0,0
480549,75,1,0,0,0,20,0,0,0,0,0,0
480549,76,1,0,0,0,0,0,0,0,0,11,0
480549,77,1,0,0,18,0,0,0,0,0,0,0
480549,78,1,0,0,0,0,0,0,0,0,15,0
480549,79,1,0,0,0,7,0,13,0,0,13,0
480549,80,1,0,0,0,0,0,0,0,12,0,0
480549,81,1,0,0,0,0,0,0,0,0,0,0
480549,82,1,0,0,0,0,0,0,0,0,0,0
480549,83,1,16,0,0,0,0,0,0,0,0,0