ST_CASE,VEH_NO,PER_NO,P1,P2,P3,P4,P5,P6,P7,P8,P9,P10
481402,0,2,0,19,13,0,26,0,10,0,0,0
481402,1,1,0,0,0,11,0,0,9,18,0,9
481403,1,1,0,0,0,0,0,0,0,0,0,0
481403,2,1,20,0,0,13,26,0,0,0,0,0
481404,1,1,0,0,0,0,0,11,0,0,0,27
481405,1,1,9,0,0,0,0,18,32,10,0,0
481406,0,1,8,8,8,8,8,8,8,8,8,8
481406,1,1,0,0,0,26,0,0,0,0,0,24
481407,0,1,0,0,0,0,0,0,0,0,0,0
481407,1,1,13,14,0,17,0,5,18,6,5,18
481408,1,1,0,0,0,0,0,0,0,0,0,0
481409,0,1,0,0,0,27,0,0,0,0,0,4
481409,1,1,11,0,0,21,24,10,9,7,16,0
481410,1,1,0,0,0,0,0,0,0,0,10,8
481411,1,1,18,38,8,18,13,0,0,0,0,20
481412,1,1,33,33,33,33,33,33,33,33,33,33
481413,0,1,2,2,2,2,2,2,2,2,2,2
481413,1,1,0,0,0,7,0,14,0,0,14,0
481414,1,1,21,21,21,21,21,21,21,21,21,21
481415,0,1,25,25,25,25,25,25,25,25,25,25
481415,1,1,0,0,0,0,23,5,37,0,15,0
481416,1,1,9,0,0,0,0,0,0,0,4,0
481416,2,1,0,0,0,0,0,0,0,0,0,0
481417,1,1,19,19,19,19,19,19,19,19,19,19
481418,1,1,15,15,15,15,15,15,15,15,15,15
481419,1,1,25,0,0,8,0,0,0,0,19,0
481419,2,1,0,25,0,0,0,29,0,0,0,0
481420,0,1,15,15,15,15,15,15,15,15,15,15
481420,1,1,0,0,20,8,0,0,0,16,0,0
481422,0,1,16,16,16,16,16,16,16,16,16,16
481422,1,1,11,0,15,11,8,0,0,12,8,21
481423,1,1,0,0,0,0,0,0,0,0,0,0
481423,2,1,0,0,0,0,0,0,0,0,0,0
481423,3,1,0,0,0,0,0,0,0,0,0,0
481424,0,1,4,4,4,4,4,4,4,4,4,4
481424,1,1,23,16,21,21,0,11,16,0,21,19
481425,1,1,0,0,14,9,13,0,6,5,0,0
481425,2,1,0,17,0,7,61,0,27,25,0,11
481426,1,1,0,0,12,0,0,25,0,13,0,0
481426,2,1,1,0,28,0,0,0,0,0,0,0
481427,1,1,29,0,0,0,0,0,0,0,0,9
481428,1,1,8,8,19,4,18,12,16,5,20,5
481429,1,1,0,0,0,0,0,0,0,0,0,0
481429,2,1,0,11,22,0,0,0,0,0,0,0
481430,1,1,0,0,13,25,0,0,0,24,0,8
481430,2,1,0,0,0,16,0,0,0,0,14,8
481431,1,1,12,0,25,0,0,0,0,0,0,0
481432,1,1,12,12,12,12,12,12,12,12,12,12
481432,2,1,0,0,0,0,0,0,15,0,0,0
481433,1,1,8,0,0,21,10,0,0,0,0,0
481433,2,1,0,15,0,0,6,5,0,0,17,0
481434,1,1,0,13,15,2,3,23,6,9,17,11
481434,2,1,14,0,0,0,0,0,0,0,0,9
481434,3,1,0,12,7,0,0,0,4,0,20,0
481434,4,1,0,0,0,0,0,0,19,2,0,0
481434,5,1,15,0,0,22,0,0,24,10,0,15
481435,1,1,0,0,0,0,0,0,0,0,0,0
481435,2,1,0,0,0,10,0,30,0,0,0,0
481437,1,1,20,10,0,32,25,11,0,20,0,0
481437,2,1,8,0,27,0,0,22,14,0,0,19
481438,1,1,0,0,0,0,0,0,0,0,0,0
481438,2,1,0,0,0,0,0,0,0,11,0,0
481439,1,1,0,0,0,32,26,36,31,16,0,0
481440,1,1,0,0,0,0,0,0,0,11,0,0
481441,0,1,36,36,36,36,36,36,36,36,36,36
481441,1,1,20,0,18,0,8,0,15,0,36,0
481442,2,1,0,0,9,0,13,0,0,18,20,0
481442,3,1,0,0,0,0,0,0,0,0,0,0
481443,1,1,14,0,20,21,0,0,0,0,0,0
481443,2,1,0,0,0,0,0,16,0,0,0,0
481444,1,1,15,0,0,0,0,0,0,0,0,0
481444,2,1,0,0,36,0,0,0,0,0,0,32
481445,1,1,11,6,8,13,21,16,17,19,19,15
481445,2,1,7,10,0,21,0,18,0,0,14,11
481447,1,1,0,0,0,0,0,0,0,0,0,0
481448,1,1,22,22,22,22,22,22,22,22,22,22
481450,1,1,0,0,0,14,0,23,16,10,0,0
481450,2,1,0,0,0,0,0,0,0,12,0,0
481450,3,1,30,0,23,0,11,25,33,0,14,25
481451,1,1,0,0,0,0,0,0,0,0,0,0
481451,2,1,0,0,19,0,0,0,18,0,0,0
481451,3,1,0,0,0,0,0,2,0,0,0,0
481452,1,1,19,0,27,0,8,18,0,0,0,31
481453,1,1,14,8,0,0,0,31,0,0,19,23
481454,1,1,8,0,0,0,5,13,16,0,17,6
481455,1,1,8,8,8,8,8,8,8,8,8,8
481456,1,1,12,0,0,0,0,0,29,9,0,0
481457,1,1,27,11,33,17,33,12,13,0,26,31
481458,1,1,0,0,0,0,0,0,0,0,0,0
481458,2,1,0,0,0,0,0,0,0,0,0,0
481459,1,1,0,0,0,0,0,0,0,0,0,0
481459,2,1,0,0,0,0,0,0,0,0,13,0
481460,1,1,0,0,0,0,0,0,13,0,17,0
481460,2,1,0,0,0,0,0,0,8,0,0,0
481461,1,1,8,8,8,8,8,8,8,8,8,8
481462,1,1,13,9,0,0,0,0,0,0,0,0
481462,2,1,0,0,13,0,0,0,15,0,0,0
481463,1,1,11,14,6,13,23,23,9,18,30,31
481464,1,1,0,0,0,0,0,0,0,14,16,0
481464,2,1,0,0,0,0,0,0,0,0,0,0
481465,1,1,0,12,0,24,0,0,0,0,0,0
481465,2,1,0,9,18,0,0,0,14,0,0,0
481466,0,1,0,0,0,0,0,0,0,0,0,0
481466,1,1,0,0,6,0,7,19,0,16,7,0
481467,1,1,15,15,15,15,15,15,15,15,15,15
481468,1,1,15,25,5,24,14,9,17,8,29,22
481469,1,1,0,22,0,0,0,0,15,0,19,0
481470,1,1,0,0,0,0,0,0,0,0,0,0
481471,0,1,13,0,0,10,0,0,12,22,0,0
481471,1,1,0,13,14,21,15,0,8,10,0,14
481472,1,1,0,0,0,0,0,0,30,0,0,0
481472,2,1,0,0,0,0,0,0,0,0,0,0
481473,0,1,0,0,0,0,0,0,0,0,0,0
481473,1,1,3,0,0,0,0,0,0,22,0,35
481473,2,1,0,0,0,0,0,0,10,0,0,0
481474,0,1,0,0,33,0,19,0,0,31,17,0
481474,1,1,0,17,18,0,0,0,0,0,0,0
481475,0,1,12,12,12,12,12,12,12,12,12,12
481475,1,1,8,0,0,0,0,0,0,0,25,7
481476,0,1,13,13,13,13,13,13,13,13,13,13
481476,1,1,0,0,0,15,12,0,21,0,25,10
481477,0,1,0,0,43,0,0,0,0,16,0,0
481477,1,1,0,0,0,0,0,0,0,0,0,0
481478,1,1,15,11,10,16,22,15,0,0,0,20
481479,1,1,0,0,0,0,30,0,0,0,0,0
481479,2,1,3,3,3,3,3,3,3,3,3,3
481480,1,1,8,0,18,0,10,0,0,0,23,19
481480,2,1,0,0,0,0,0,0,0,0,0,0
481481,1,1,6,0,0,0,20,0,0,0,0,0
481481,2,1,0,0,0,0,7,0,0,0,0,0
481482,2,1,0,0,14,0,0,0,13,0,0,23
481483,1,1,0,0,0,0,0,0,0,0,0,0
481483,2,1,0,7,0,0,0,0,0,0,11,37
481484,0,1,11,14,22,39,0,34,0,30,0,21
481484,1,1,24,0,24,0,8,0,32,18,8,0
481485,1,1,0,0,51,0,0,0,0,0,0,0
481486,0,1,0,0,0,0,0,0,0,0,0,0
481486,1,1,0,0,0,0,0,0,0,0,0,0
481487,1,1,10,0,0,0,0,0,0,0,0,0
481487,2,1,0,0,39,0,18,19,0,0,0,0
481488,0,1,0,0,0,0,0,0,0,0,0,0
481488,1,1,0,0,0,6,0,0,0,32,27,25
481489,1,1,0,0,0,0,0,0,0,0,0,0
481489,2,1,0,0,0,0,0,9,0,0,0,0
481490,1,1,0,0,0,0,41,0,0,0,8,0
481490,2,1,0,0,0,0,0,0,0,0,0,0
481491,1,1,3,3,3,3,3,3,3,3,3,3
481491,2,1,0,0,0,0,0,0,0,0,0,0
481492,0,1,0,0,0,0,0,0,0,0,0,0
481492,1,1,12,0,0,0,0,20,18,0,0,0
481493,1,1,0,0,16,0,0,8,0,0,16,0
481493,2,1,33,0,0,4,0,0,0,15,0,0
481494,1,1,0,0,0,0,0,0,0,0,0,0
481494,2,1,0,0,0,0,14,0,0,0,0,0
481494,3,1,0,0,0,0,0,0,0,0,0,0
481495,1,1,0,4,0,22,16,0,0,11,0,12
481495,2,1,0,0,0,0,0,0,0,0,0,16
481496,1,1,0,0,0,0,0,0,0,0,0,0
481496,2,1,0,0,0,0,0,0,0,0,0,0
481497,1,1,11,0,8,0,28,0,0,0,0,0
481497,2,1,24,24,24,24,24,24,24,24,24,24
481498,1,1,0,0,0,0,0,0,0,0,0,0
481498,2,1,0,0,0,0,21,0,0,0,0,0
481499,1,1,0,0,0,22,11,0,0,0,0,10
481499,2,1,0,0,0,0,0,13,0,16,8,0
481500,1,1,0,22,0,0,26,0,0,0,0,13
481500,2,1,0,0,0,0,0,12,0,4,0,0
481501,1,1,0,0,0,0,0,0,0,0,0,14
481501,2,1,11,0,0,0,0,0,0,0,0,0
481502,1,1,0,0,0,0,0,0,0,0,0,0
481503,1,1,0,0,0,0,0,0,0,30,0,0
481503,2,1,0,0,0,0,0,0,0,0,0,0
481504,1,1,25,25,25,25,25,25,25,25,25,25
481505,1,1,0,0,0,0,0,0,0,0,0,0
481505,2,1,0,0,0,0,0,0,0,0,0,0
481506,1,1,0,0,0,22,0,0,0,0,0,4
481506,2,1,0,0,23,0,6,0,0,0,0,0
481507,1,1,25,25,25,25,25,25,25,25,25,25
481508,1,1,0,26,19,7,0,0,0,0,14,7
481508,2,1,10,0,0,0,0,20,12,0,0,0
481509,1,1,0,0,23,0,23,0,0,9,0,0
481509,2,1,0,0,0,0,0,0,14,10,9,12
481510,0,1,0,0,0,0,0,0,0,0,0,0
481510,1,1,0,6,0,0,0,0,0,0,0,0
481511,1,1,11,11,11,11,11,11,11,11,11,11
481511,2,1,0,12,0,9,0,0,0,6,12,0
481512,1,1,0,4,0,13,0,0,12,21,0,0
481513,0,1,34,34,34,34,34,34,34,34,34,34
481513,1,1,12,0,0,0,0,10,0,0,0,22
481514,1,1,18,16,27,13,26,16,0,0,19,0
481515,1,1,10,10,10,10,10,10,10,10,10,10
481515,2,1,0,0,0,0,0,0,0,0,0,0
481516,1,1,0,25,0,0,0,0,0,0,0,0
481516,2,1,12,3,5,0,0,0,0,0,0,0
481517,1,1,15,15,15,15,15,15,15,15,15,15
481517,2,1,0,36,19,0,7,0,10,0,4,0
481518,1,1,13,15,0,23,0,17,0,15,16,40
481519,0,1,0,0,0,0,0,5,0,0,0,0
481519,1,1,0,0,0,0,0,0,23,14,0,0
481520,1,1,0,0,8,0,22,0,0,0,0,15
481520,2,1,0,0,16,0,25,7,0,9,0,11
481521,1,1,0,0,0,0,0,0,0,0,0,0
481521,2,1,7,7,7,7,7,7,7,7,7,7
481521,3,1,20,0,0,0,0,21,0,0,0,0
481522,1,1,0,0,0,0,0,18,0,11,0,14
481523,1,1,18,18,18,18,18,18,18,18,18,18
481524,1,1,0,0,0,24,2,14,0,13,0,0
481524,2,1,0,0,0,0,0,0,13,0,0,0
481524,3,1,10,0,0,0,0,0,0,0,0,0
481526,1,1,0,0,0,0,0,0,0,0,0,0
481526,2,1,0,0,0,0,0,0,0,0,0,0
481527,1,1,26,26,26,26,26,26,26,26,26,26
481527,2,1,0,0,19,7,0,0,0,0,0,0
481528,1,1,23,0,13,0,23,0,14,6,0,21
481528,2,1,0,0,16,0,0,0,16,0,0,0
481528,3,1,23,2,0,9,0,0,3,0,0,0
481529,1,1,0,0,0,0,0,0,0,0,0,0
481530,1,1,0,0,0,0,0,0,4,0,0,0
481530,2,1,0,0,0,0,0,0,0,0,0,0
481531,1,1,22,22,22,22,22,22,22,22,22,22
481531,2,1,0,0,0,0,0,0,0,0,0,0
481532,1,1,0,0,0,0,0,0,0,0,0,0
481533,1,1,0,0,0,0,10,0,0,0,0,0
481533,2,1,0,12,0,0,0,0,0,0,19,0
481534,0,1,0,0,0,14,19,0,0,15,0,6
481534,1,1,0,0,0,0,0,0,0,0,0,0
481534,2,1,0,0,14,30,12,0,8,0,14,0
481535,0,1,19,19,19,19,19,19,19,19,19,19
481535,1,1,0,0,0,0,0,0,0,0,26,10
481536,1,1,7,7,7,7,7,7,7,7,7,7
481536,2,1,5,0,0,13,0,0,16,0,21,0
481537,0,1,13,0,10,19,0,0,28,0,0,0
481537,1,1,12,0,11,0,0,0,0,0,16,0
481538,1,1,18,18,18,18,18,18,18,18,18,18
481539,1,1,0,0,0,23,0,0,29,0,0,0
481540,1,1,0,25,10,24,9,16,18,10,11,0
481541,1,1,0,5,0,20,0,0,16,0,13,0
481542,1,1,0,0,0,0,0,0,0,0,0,0
481542,2,1,0,0,0,0,0,0,0,0,0,0
481543,0,1,0,0,26,0,0,0,22,0,14,0
481543,1,1,12,12,0,0,0,18,0,0,11,13
481544,1,1,20,12,0,14,0,0,0,0,0,7
481544,2,1,0,0,0,0,0,0,0,0,0,0
481544,3,1,0,0,0,0,0,6,0,0,0,0
481545,0,1,0,0,0,0,0,0,0,0,0,0
481545,1,1,17,30,0,0,0,0,2,0,0,0
481545,2,1,25,0,0,17,0,10,0,0,0,0
481546,1,1,21,0,21,4,0,0,0,17,0,0
481546,2,1,0,0,0,0,0,0,0,0,0,0
481547,1,1,21,28,20,0,23,10,0,0,0,0
481548,1,1,0,0,0,0,0,0,0,0,0,0
481548,2,1,0,0,0,0,0,0,0,0,0,0
481549,0,1,22,22,22,22,22,22,22,22,22,22
481549,1,1,1,11,13,10,7,7,15,0,21,13
481550,0,1,0,0,0,0,0,0,0,0,0,0
481550,1,1,0,0,0,0,0,0,0,0,0,0
481551,1,1,16,16,16,16,16,16,16,16,16,16
481551,2,1,0,0,0,0,0,0,0,13,11,0
481552,1,1,0,0,0,29,0,0,0,0,11,0
481553,1,1,0,0,0,0,0,0,0,0,0,0
481554,0,1,0,0,0,0,0,0,0,0,0,0
481554,1,1,0,0,0,27,0,19,28,0,0,0
481555,1,1,17,13,0,0,15,0,0,33,0,0
481556,1,1,23,23,23,23,23,23,23,23,23,23
481557,1,1,0,0,0,0,0,0,0,0,0,0
481558,1,1,0,0,0,0,0,0,0,0,0,0
481558,2,1,0,0,0,0,0,27,0,0,0,0
481558,3,1,12,0,0,0,0,0,0,0,0,0
481558,4,1,0,0,0,0,0,8,0,11,21,0
481559,1,1,0,14,0,0,0,0,0,0,16,0
481559,2,1,0,0,0,0,0,0,0,0,22,0
481560,0,1,15,0,13,3,12,0,30,0,0,0
481560,1,1,0,0,0,0,0,0,8,0,9,14
481561,1,1,15,26,0,9,16,0,11,0,6,13
481561,2,1,0,0,11,0,12,0,0,11,15,10
481561,3,1,0,0,0,0,6,27,13,0,0,21
481562,0,1,0,0,0,26,0,0,0,0,0,0
481562,1,1,0,0,0,0,0,0,0,0,0,0
481564,0,1,0,0,0,0,0,0,0,0,0,0
481564,1,1,7,3,20,0,0,35,6,0,15,4
481565,1,1,0,0,0,0,22,0,11,0,0,0
481566,1,1,15,15,15,15,15,15,15,15,15,15
481567,1,1,0,0,0,0,0,0,0,0,0,0
481567,2,1,0,0,0,0,0,0,0,0,0,0
481568,1,1,0,0,0,0,20,0,16,0,36,0
481568,2,1,0,0,22,15,9,25,17,0,0,8
481570,0,1,0,0,0,0,0,0,0,0,0,0
481570,1,1,0,0,0,0,0,0,0,0,0,0
481571,1,1,0,0,0,0,0,0,0,0,0,22
481571,2,1,0,0,0,0,0,0,0,0,17,0
481571,3,1,0,0,0,0,0,0,0,0,0,0
481572,1,1,0,0,0,0,0,0,0,10,0,0
481572,2,1,3,0,0,0,0,0,0,0,0,0
481573,1,1,0,0,0,17,0,0,0,0,0,0
481573,2,1,0,0,0,11,0,0,0,10,0,0
481574,0,1,0,11,0,0,32,0,0,0,0,0
481574,1,1,4,6,0,23,11,5,19,0,15,11
481575,0,1,19,19,19,19,19,19,19,19,19,19
481575,1,1,0,0,0,0,16,0,16,0,0,0
481575,2,1,17,0,0,4,0,0,14,0,13,0
481576,1,1,8,14,0,13,18,0,26,10,13,21
481577,1,1,0,0,0,0,0,0,0,0,0,0
481577,2,1,0,14,11,0,0,0,0,16,0,0
481578,1,1,22,22,22,22,22,22,22,22,22,22
481578,2,1,22,24,0,0,0,16,0,21,7,8
481578,3,1,0,0,27,0,0,0,0,19,7,8
481578,4,1,0,0,0,0,0,0,0,0,0,0
481578,5,1,0,0,0,0,0,0,0,0,2,7
481578,6,1,0,0,0,0,10,14,9,0,0,0
481579,1,1,0,11,0,0,0,26,0,0,0,0
481579,2,1,0,0,0,0,0,0,0,30,0,0
481580,1,1,0,0,0,0,0,0,0,0,0,0
481580,2,1,0,10,0,0,0,0,0,0,0,0
481580,3,1,0,0,0,0,0,0,0,0,0,0
481581,1,1,0,0,0,0,0,0,0,0,0,0
481582,0,1,23,23,23,23,23,23,23,23,23,23
481582,1,1,17,7,0,0,0,0,23,0,0,0
481583,0,1,28,0,27,0,14,15,14,0,17,12
481583,1,1,0,0,0,0,17,0,15,0,8,8
481584,1,1,13,13,13,13,13,13,13,13,13,13
481584,2,1,24,0,0,0,0,0,16,0,0,23
481585,1,1,9,2,10,13,0,8,15,0,0,10
481586,1,1,0,0,0,0,23,4,0,0,0,0
481586,2,1,0,0,0,0,0,0,0,0,0,0
481588,1,1,0,0,24,0,0,18,19,0,0,0
481588,2,1,0,0,0,14,19,8,0,28,0,0
481588,3,1,0,0,0,0,20,6,0,0,0,0
481588,4,1,0,0,0,5,0,0,0,0,0,0
481589,1,1,5,5,5,5,5,5,5,5,5,5
481589,2,1,0,0,0,0,0,0,0,0,0,0
481590,1,1,17,0,21,0,19,0,0,0,9,0
481590,2,1,0,0,0,8,0,0,0,0,0,0
481591,1,1,0,8,23,0,22,0,16,0,0,18
481591,2,1,0,0,0,0,0,0,27,30,24,0
481592,1,1,17,17,17,17,17,17,17,17,17,17
481593,0,1,14,0,0,0,11,0,21,0,0,0
481593,1,1,15,32,0,0,14,19,21,17,0,12
481594,1,1,19,5,0,0,0,15,0,0,0,0
481595,1,1,23,0,17,0,20,18,0,0,24,0
481596,1,1,0,34,0,19,0,0,0,0,35,13
481596,2,1,0,0,0,0,0,0,0,0,0,0
481597,1,1,18,0,0,20,0,0,0,6,0,21
481597,2,1,0,0,0,0,0,0,0,0,0,0
481597,3,1,0,0,0,0,0,0,0,0,0,7
481598,0,1,0,28,0,0,7,8,15,25,0,35
481598,1,1,0,0,0,23,5,3,13,0,13,0
481599,1,1,0,0,0,0,0,0,0,0,0,0
481600,1,1,0,0,0,0,0,0,0,0,0,0
481601,1,1,0,21,0,20,19,24,20,10,31,7
481602,0,1,11,11,11,11,11,11,11,11,11,11
481602,1,1,11,4,20,13,0,22,0,0,30,24
481603,1,1,18,18,18,18,18,18,18,18,18,18
481603,2,1,11,0,0,24,0,0,30,9,31,0
481604,0,1,19,19,19,19,19,19,19,19,19,19
481604,1,1,0,0,0,0,0,0,49,0,8,0
481605,1,1,22,22,22,22,22,22,22,22,22,22
481606,1,1,0,0,0,0,0,0,0,0,0,0
481607,1,1,0,0,0,0,0,0,0,15,0,0
481608,1,1,0,0,0,0,0,0,0,0,0,0
481609,0,1,0,0,0,0,0,0,0,0,0,0
481609,1,1,10,8,16,8,5,0,14,0,16,0
481610,1,1,8,8,8,8,8,8,8,8,8,8
481610,2,1,0,0,0,0,0,0,0,0,0,0
481610,3,1,0,0,0,0,0,0,0,0,0,0
481611,0,1,0,0,0,0,0,0,0,0,0,0
481611,1,1,0,12,0,12,19,0,0,0,0,0
481612,1,1,6,6,6,6,6,6,6,6,6,6
481612,2,1,15,7,0,7,24,5,0,0,32,8
481612,3,1,0,0,0,8,0,0,16,0,0,26
481612,4,1,0,0,0,0,0,0,0,0,0,0
481613,0,1,3,3,3,3,3,3,3,3,3,3
481613,1,1,0,0,0,0,0,0,0,0,0,0
481614,1,1,0,0,0,0,0,0,0,0,10,0
481614,2,1,0,0,0,0,0,0,0,0,0,0
481615,0,1,13,18,31,10,14,40,18,7,40,41
481615,1,1,0,0,0,0,0,0,0,0,0,0
481616,1,1,0,0,0,0,14,22,22,0,0,0
481617,0,1,0,6,15,0,0,0,0,0,0,17
481617,1,1,7,13,0,9,6,5,14,16,13,8
481618,1,1,0,0,22,0,0,0,11,19,0,35
481619,1,1,18,18,18,18,18,18,18,18,18,18
481620,0,1,0,0,0,0,0,0,0,0,0,0
481620,1,1,16,16,0,0,10,8,0,10,0,8
481621,1,1,16,13,0,0,0,0,26,10,0,14
481622,1,1,4,0,14,45,0,0,0,0,14,0
481623,1,1,22,22,22,22,22,22,22,22,22,22
481624,1,1,0,0,0,0,0,0,0,0,0,0
481624,2,1,0,0,0,0,0,0,0,0,0,0
481625,1,1,0,0,0,0,0,0,0,0,0,0
481625,2,1,0,0,0,0,0,0,0,0,0,0
481626,1,1,15,15,15,15,15,15,15,15,15,15
481626,2,1,0,0,0,0,0,0,0,0,25,0
481627,0,1,0,0,0,0,0,0,0,0,0,0
481627,1,1,0,0,0,0,0,0,0,0,0,0
481628,1,1,0,0,0,0,0,0,0,0,0,0
481628,2,1,0,15,0,0,0,0,0,0,0,0
481628,3,1,0,0,0,0,0,0,0,0,0,0
481628,4,1,0,0,0,0,0,0,0,0,0,0
481628,5,1,0,0,0,0,0,0,0,0,0,0
481629,1,1,0,2,0,27,0,0,0,8,13,0
481629,2,1,0,0,0,0,0,0,0,0,0,0
481630,1,1,22,22,22,22,22,22,22,22,22,22
481632,1,1,0,0,0,0,0,0,0,0,7,0
481632,2,1,0,0,0,0,0,0,0,0,0,0
481633,1,1,20,20,20,20,20,20,20,20,20,20
481634,1,1,27,27,27,27,27,27,27,27,27,27
481635,0,1,0,0,0,0,0,0,0,0,0,0
481635,1,1,0,19,6,0,23,0,0,0,13,4
481636,0,1,0,0,0,0,0,0,0,0,0,0
481636,2,1,0,0,0,0,6,0,0,0,0,0
481636,3,1,30,0,14,0,0,4,0,0,22,13
481637,1,1,26,26,26,26,26,26,26,26,26,26
481638,1,1,9,14,13,12,10,13,16,21,9,0
481639,1,1,0,14,11,0,19,0,0,0,0,0
481639,2,1,0,0,0,0,0,0,0,0,0,0
481640,1,1,14,14,14,14,14,14,14,14,14,14
481640,2,1,0,0,0,0,0,0,0,0,0,0
481641,1,1,6,0,5,26,14,0,10,15,15,0
481642,0,1,0,0,0,0,0,0,0,0,0,0
481642,1,1,9,8,9,21,0,0,16,0,0,4
481643,1,1,11,0,0,0,0,0,0,0,0,0
481643,2,1,0,0,0,0,0,0,0,0,0,0
481644,1,1,0,0,4,0,0,0,0,0,0,0
481645,0,1,0,17,0,38,41,0,13,5,0,0
481645,1,1,12,15,0,9,7,18,19,0,0,6
481646,1,1,16,0,0,0,0,36,0,0,0,20
481646,2,1,0,0,9,0,0,0,23,0,0,0
481646,3,1,0,11,12,0,0,0,0,11,13,0
481647,1,1,0,0,0,23,0,0,0,16,0,23
481648,1,1,14,16,0,19,0,0,0,0,0,18
481648,2,1,9,0,15,0,8,15,0,0,0,0
481648,3,1,0,14,0,12,14,0,0,0,0,11
481649,1,1,30,30,24,0,0,16,0,0,0,23
481650,1,1,0,0,0,0,0,0,0,0,0,0
481650,2,1,0,0,0,0,0,0,0,0,0,0
481651,1,1,25,14,0,21,22,16,4,17,16,0
481652,1,1,27,27,27,27,27,27,27,27,27,27
481652,2,1,0,0,0,0,0,0,0,0,0,0
481653,1,1,0,0,13,0,0,0,8,0,0,0
481654,1,1,0,0,0,0,0,0,0,0,0,0
481654,2,1,0,11,27,0,0,0,0,25,0,20
481655,1,1,14,28,0,0,0,21,0,25,0,0
481656,1,1,14,14,14,14,14,14,14,14,14,14
481657,1,1,15,15,15,15,15,15,15,15,15,15
481657,2,1,6,0,0,0,15,0,0,21,16,0
481658,1,1,19,0,0,0,0,0,0,0,0,0
481658,2,1,32,0,0,0,0,0,0,0,0,0
481658,3,1,0,0,0,0,0,0,0,0,0,0
481660,1,1,0,0,0,0,0,0,0,0,0,0
481661,1,1,0,0,0,0,0,0,0,0,0,0
481662,1,1,0,0,0,0,0,0,0,0,0,0
481663,1,1,0,0,23,0,16,0,15,0,0,0
481664,1,1,0,18,16,0,0,0,0,0,0,0
481665,1,1,21,21,21,21,21,21,21,21,21,21
481665,2,1,0,0,0,0,0,0,0,0,0,0
481666,1,1,0,0,0,0,0,0,0,0,0,0
481667,1,1,13,13,13,13,13,13,13,13,13,13
481667,2,1,0,0,0,0,0,0,0,0,0,0
481668,1,1,7,7,7,7,7,7,7,7,7,7
481669,1,1,24,24,24,24,24,24,24,24,24,24
481670,0,1,0,0,0,0,0,0,0,0,0,0
481670,1,1,0,0,0,0,0,0,0,7,0,0
481671,1,1,0,10,18,11,0,15,32,0,6,14
481671,2,1,10,0,14,20,0,15,16,9,18,5
481671,3,1,15,0,0,0,0,6,12,22,0,0
481672,1,1,0,0,0,0,0,0,0,0,0,0
481672,2,1,0,0,0,0,0,0,0,0,0,0
481673,1,1,0,0,10,12,0,0,0,17,0,0
481673,2,1,14,0,0,0,18,0,11,0,0,0
481673,3,1,14,0,0,17,0,8,0,0,0,0
481674,1,1,9,17,0,17,0,7,0,0,9,7
481675,1,1,0,0,0,0,10,0,0,0,0,0
481676,1,1,22,0,7,0,14,0,0,0,21,0
481677,1,1,0,0,0,0,0,0,0,0,0,0
481677,2,1,0,5,8,0,26,7,0,20,0,19
481678,1,1,21,2,27,13,0,5,27,17,0,0
481679,1,1,9,0,0,0,0,0,10,0,0,0
481679,2,1,0,0,0,0,0,0,0,0,0,0
481680,1,1,0,11,22,43,10,11,0,9,0,9
481681,1,1,0,0,26,0,0,0,0,0,26,0
481682,0,1,0,0,0,0,0,0,0,0,0,0
481682,1,1,0,0,0,0,0,26,0,0,0,0
481682,2,1,0,0,0,0,9,0,11,0,0,0
481683,0,1,4,4,4,4,4,4,4,4,4,4
481683,1,1,0,7,0,10,5,17,14,30,18,15
481684,0,1,0,0,0,0,0,0,0,0,0,0
481684,1,1,1,13,14,7,24,29,26,7,4,19
481684,2,1,0,0,0,0,0,0,0,0,0,0
481685,1,1,0,14,13,0,0,0,12,0,0,3
481685,2,1,7,0,0,0,0,0,0,0,0,0
481686,1,1,0,0,0,0,0,0,0,0,0,0
481687,1,1,0,3,16,12,29,0,16,20,16,0
481688,0,1,0,0,0,0,0,0,0,0,0,0
481688,1,1,0,0,0,20,0,0,0,0,0,0
481689,1,1,0,0,0,17,0,0,0,0,17,0
481689,2,1,0,0,0,19,0,0,22,0,0,0
481690,1,1,0,0,0,0,0,0,0,0,0,0
481690,2,1,0,0,0,0,6,0,0,0,0,8
481692,1,1,0,0,0,0,0,0,0,0,0,0
481692,2,1,0,0,0,0,17,0,0,12,0,2
481693,1,1,0,0,0,0,0,0,0,0,0,0
481694,1,1,1,0,0,0,0,0,0,3,5,0
481694,2,1,0,0,20,10,0,22,0,0,23,24