ST_CASE,VEH_NO,PER_NO,P1,P2,P3,P4,P5,P6,P7,P8,P9,P10
481695,1,1,19,19,19,19,19,19,19,19,19,19
481696,1,1,14,14,14,14,14,14,14,14,14,14
481696,2,1,29,0,13,0,0,0,0,6,24,9
481697,1,1,0,0,0,0,0,29,0,0,0,0
481698,1,1,21,21,21,21,21,21,21,21,21,21
481698,2,1,0,0,0,14,32,0,0,0,0,0
481699,0,1,0,0,0,0,0,0,0,0,0,0
481699,1,1,0,0,0,0,0,0,0,15,0,0
481699,2,1,0,0,0,19,0,0,0,0,0,0
481700,1,1,0,0,0,0,15,0,0,8,0,0
481700,2,1,0,0,0,0,0,0,0,0,0,0
481700,3,1,0,0,0,0,0,0,0,0,0,0
481701,1,1,0,0,0,9,0,22,0,0,0,10
481701,2,1,0,0,18,0,0,0,0,0,0,0
481702,1,1,18,0,24,15,0,0,0,0,0,0
481702,2,1,0,0,0,0,0,0,0,0,0,0
481703,1,1,0,0,0,0,0,0,0,0,0,0
481703,2,1,0,0,0,0,0,0,0,0,5,22
481704,1,1,0,18,0,0,15,0,0,18,0,0
481705,0,1,12,51,15,12,28,7,0,0,0,0
481705,1,1,0,0,0,0,0,0,0,0,0,0
481706,1,1,0,0,0,0,0,0,0,31,0,0
481707,1,1,0,7,15,0,0,12,10,0,0,0
481708,1,1,0,0,0,0,0,0,0,0,0,0
481709,1,1,0,0,0,5,20,0,0,14,0,29
481709,2,1,18,18,18,18,18,18,18,18,18,18
481710,1,1,17,17,17,17,17,17,17,17,17,17
481711,1,1,11,0,0,10,0,0,0,18,11,0
481711,2,1,0,0,0,21,0,0,10,0,0,0
481713,1,1,23,0,0,0,13,0,17,0,20,0
481714,0,1,0,0,0,0,0,0,0,0,0,0
481714,1,1,0,0,0,0,0,0,0,0,0,0
481715,1,1,14,14,14,14,14,14,14,14,14,14
481716,1,1,0,0,0,0,0,0,0,0,0,0
481717,0,1,2,2,2,2,2,2,2,2,2,2
481717,1,1,0,0,0,0,0,0,0,0,0,0
481718,0,1,0,0,0,0,0,0,0,0,0,0
481718,1,1,0,6,0,9,14,13,0,0,22,0
481718,2,1,0,0,5,0,15,0,0,9,13,0
481718,3,1,0,0,0,2,0,0,12,0,0,0
481719,1,1,34,19,18,15,10,15,28,37,3,19
481720,1,1,23,0,0,0,12,0,0,27,0,29
481720,2,1,20,9,0,21,0,23,0,15,0,0
481721,0,1,41,3,0,0,0,0,18,13,0,0
481721,1,1,0,0,0,0,0,0,0,0,0,0
481723,1,1,0,0,0,0,0,0,0,0,0,0
481724,1,1,17,17,17,17,17,17,17,17,17,17
481726,0,1,0,0,18,35,0,13,0,0,0,0
481726,1,1,14,14,14,14,14,14,14,14,14,14
481727,1,1,0,0,0,0,0,0,0,0,0,0
481727,2,1,0,0,0,0,0,0,0,0,0,0
481728,1,1,0,0,17,0,0,0,0,0,0,0
481728,2,1,0,0,0,0,0,0,0,20,0,0
481729,0,1,38,31,0,41,0,0,28,9,0,17
481729,1,1,0,30,0,0,0,15,0,0,0,0
481730,0,1,0,12,23,0,0,18,0,0,25,0
481730,1,1,10,18,0,15,0,23,29,0,21,5
481731,1,1,0,0,0,0,0,0,0,0,0,0
481731,2,1,0,0,0,0,0,0,0,0,0,0
481732,1,1,25,25,25,25,25,25,25,25,25,25
481733,1,1,0,0,0,0,0,0,0,0,0,0
481734,1,1,0,0,0,21,0,0,0,8,0,0
481734,2,1,0,0,0,0,0,0,0,0,0,0
481736,1,1,0,0,0,0,0,0,0,0,0,6
481736,2,1,0,6,0,0,0,0,0,0,24,0
481737,1,1,15,0,19,0,0,0,0,0,10,11
481738,0,1,0,0,0,0,0,0,0,0,0,0
481738,1,1,0,0,0,0,11,0,0,19,0,0
481739,1,1,13,13,13,13,13,13,13,13,13,13
481740,1,1,27,27,27,27,27,27,27,27,27,27
481741,1,1,0,0,0,0,0,0,0,0,0,0
481741,2,1,0,0,0,0,0,5,0,0,0,0
481742,1,1,0,0,0,0,0,0,0,0,0,0
481742,2,1,0,14,16,0,0,5,0,0,1,0
481743,1,1,0,0,0,0,0,0,0,0,26,0
481743,2,1,0,0,0,0,0,0,0,0,0,0
481744,1,1,13,13,13,13,13,13,13,13,13,13
481745,1,1,0,33,0,0,0,20,14,10,0,0
481746,1,1,19,19,19,19,19,19,19,19,19,19
481747,1,1,14,14,14,14,14,14,14,14,14,14
481747,2,1,0,0,0,0,11,0,13,0,0,0
481748,1,1,0,0,0,0,0,0,0,0,0,0
481748,2,1,0,0,0,0,0,0,0,0,0,0
481748,3,1,0,9,0,0,10,0,0,0,0,0
481748,4,1,0,7,0,15,7,0,0,0,0,0
481749,0,1,0,0,0,0,0,0,0,0,0,0
481749,1,1,0,0,0,0,0,0,0,0,0,0
481750,0,1,0,0,0,0,0,0,0,0,0,0
481750,1,1,0,0,0,0,17,0,19,0,2,0
481751,1,1,14,0,9,4,0,18,33,22,2,13
481751,2,1,0,0,0,24,0,0,0,0,0,0
481751,3,1,0,0,0,7,9,13,31,0,0,0
481752,1,1,6,14,15,9,26,29,15,9,9,22
481752,2,1,0,0,0,0,0,0,0,0,0,19
481753,1,1,0,19,0,27,0,0,13,0,0,0
481754,0,1,0,12,23,0,0,0,0,0,0,24
481754,2,1,0,0,0,0,0,0,0,0,0,0
481754,3,1,0,0,0,0,0,0,0,0,0,12
481754,4,1,0,0,0,0,0,0,0,0,0,0
481755,1,1,0,22,18,0,0,0,0,8,18,33
481755,2,1,0,0,0,0,0,0,2,0,0,0
481756,1,1,17,0,12,0,0,0,4,0,0,0
481756,2,1,0,0,19,0,6,0,0,0,0,27
481756,3,1,0,24,0,0,23,17,35,17,7,0
481757,1,1,5,26,0,16,0,8,0,0,0,0
481757,2,1,0,0,0,0,12,0,0,0,0,0
481757,3,1,0,0,15,0,13,0,0,0,0,0
481758,1,1,0,27,11,0,21,17,0,0,0,13
481758,2,1,11,29,16,6,0,0,17,21,0,0
481759,1,1,0,0,0,0,0,0,0,0,0,0
481759,2,1,0,0,0,0,0,0,0,0,0,0
481760,1,1,0,14,8,12,0,0,0,23,0,0
481760,2,1,0,0,0,0,0,0,0,0,0,0
481761,1,1,29,29,29,29,29,29,29,29,29,29
481762,1,1,0,0,10,0,0,0,17,0,15,0
481763,1,1,0,13,31,23,15,0,0,16,24,0
481763,2,1,0,0,0,4,0,9,0,0,0,0
481764,1,1,17,11,18,3,0,16,6,30,0,0
481765,1,1,0,0,0,0,0,0,18,0,11,0
481765,2,1,20,13,0,0,0,4,0,0,0,0
481766,1,1,0,0,0,0,10,0,0,0,0,0
481766,2,1,0,0,0,0,0,0,0,0,0,0
481766,3,1,11,29,0,23,0,0,11,0,0,21
481767,1,1,0,0,0,0,0,0,0,0,0,0
481769,0,1,0,0,0,0,24,0,26,14,0,0
481769,1,1,33,4,17,0,12,5,14,29,4,3
481770,0,1,15,15,15,15,15,15,15,15,15,15
481770,1,1,0,0,0,0,0,0,0,0,0,0
481770,2,1,3,3,3,3,3,3,3,3,3,3
481771,1,1,0,0,0,0,0,0,0,0,0,0
481772,1,1,0,0,0,0,0,0,0,0,0,0
481772,2,1,0,0,0,0,0,9,0,0,0,0
481773,1,1,0,0,22,0,0,0,0,0,10,14
481773,2,1,12,12,12,12,12,12,12,12,12,12
481774,1,1,0,0,0,43,0,28,0,0,0,14
481775,1,1,0,0,0,0,0,0,0,0,0,0
481775,2,1,10,24,28,3,19,0,0,0,26,0
481776,1,1,36,12,0,0,15,22,6,0,8,0
481777,1,1,0,22,0,15,0,0,0,0,3,28
481778,1,1,6,0,0,0,0,0,0,0,0,0
481778,2,1,0,0,0,0,0,0,0,0,0,0
481779,1,1,0,0,26,0,20,0,20,19,40,0
481780,1,1,0,0,0,0,0,0,0,0,0,0
481780,2,1,0,0,5,15,0,0,18,16,16,0
481781,0,1,0,0,0,0,0,0,0,0,0,0
481781,1,1,14,0,0,0,16,0,0,0,13,0
481781,2,1,25,17,0,0,0,0,0,0,0,0
481782,1,1,0,0,0,19,23,0,0,0,0,0
481783,1,1,17,26,17,18,0,0,0,7,0,25
481784,1,1,0,0,0,0,0,0,0,0,0,0
481785,1,1,27,27,27,27,27,27,27,27,27,27
481786,1,1,23,23,23,23,23,23,23,23,23,23
481787,1,1,0,0,20,0,0,0,0,0,0,0
481787,2,1,0,9,0,0,0,0,0,0,0,0
481788,1,1,0,0,0,0,0,0,0,0,0,0
481789,1,1,0,19,0,0,0,0,16,0,15,0
481790,1,1,0,0,18,0,29,0,0,0,0,0
481790,2,1,20,0,0,0,0,0,0,0,5,0
481791,1,1,0,0,0,0,0,0,0,0,16,0
481791,2,1,9,13,0,0,0,27,0,17,0,0
481792,1,1,24,15,0,10,13,11,35,36,22,11
481792,2,1,15,0,0,0,0,0,0,0,0,0
481793,1,1,7,0,0,0,0,0,0,0,0,0
481793,2,1,0,0,0,0,0,0,0,0,0,0
481794,1,1,0,0,0,5,0,0,0,0,0,5
481794,2,1,0,0,0,0,0,0,0,0,0,0
481794,3,1,0,0,0,0,0,0,0,0,0,0
481795,1,1,0,0,0,0,0,0,22,0,0,29
481795,2,1,0,0,0,0,0,0,0,0,0,0
481796,0,1,0,0,0,0,0,0,0,0,0,0
481796,1,1,8,11,6,10,18,6,7,14,5,20
481797,1,1,6,6,6,6,6,6,6,6,6,6
481798,1,1,0,0,0,0,0,0,0,0,0,0
481798,2,1,0,0,0,0,0,0,0,0,0,0
481799,0,1,0,0,0,0,0,0,0,0,0,0
481799,1,1,19,0,0,0,19,13,0,0,0,6
481800,0,1,1,1,1,1,1,1,1,1,1,1
481800,1,1,8,19,0,20,14,0,15,0,20,37
481801,1,1,0,27,0,0,35,15,0,0,16,3
481802,1,1,4,0,0,0,0,0,19,0,0,7
481803,1,1,0,0,0,0,0,0,0,0,0,0
481803,2,1,0,0,0,17,0,0,0,0,0,0
481804,1,1,8,36,0,0,0,0,0,0,0,0
481804,2,1,0,0,12,0,0,0,0,0,0,0
481805,1,1,0,0,20,0,23,0,29,32,12,0
481805,2,1,0,0,0,0,0,0,0,0,0,0
481806,1,1,23,5,0,22,6,3,14,0,0,11
481807,0,1,0,26,0,25,7,38,0,29,0,0
481807,1,1,14,21,19,43,38,22,0,0,10,12
481808,1,1,3,3,3,3,3,3,3,3,3,3
481808,2,1,21,10,16,0,14,11,0,8,5,13
481809,1,1,10,10,10,10,10,10,10,10,10,10
481809,2,1,0,21,8,23,7,2,9,10,0,17
481810,1,1,20,20,20,20,20,20,20,20,20,20
481811,1,1,0,0,13,0,0,0,0,21,19,7
481811,2,1,17,9,31,0,0,0,23,0,30,0
481812,1,1,0,0,0,0,0,0,0,19,0,0
481813,1,1,13,0,19,28,0,0,0,0,0,0
481814,1,1,0,0,8,26,21,13,0,15,0,0
481816,1,1,0,0,0,0,7,0,0,0,0,6
481816,2,1,0,0,20,32,0,11,0,0,0,0
481817,1,1,0,0,0,0,0,0,0,0,0,0
481817,2,1,0,0,0,0,0,0,0,0,23,0
481817,3,1,21,22,0,12,0,0,23,7,0,0
481818,1,1,0,0,0,0,0,0,28,0,0,0
481818,2,1,0,0,0,0,0,0,0,0,0,0
481819,1,1,0,0,0,0,16,0,0,0,0,0
481819,2,1,0,0,0,0,0,0,0,0,0,0
481821,1,1,4,0,10,15,18,0,0,0,0,0
481821,2,1,0,0,0,10,9,0,12,0,0,0
481822,1,1,0,20,26,0,2,0,16,0,47,31
481823,0,1,15,0,0,31,0,0,0,0,18,0
481823,1,1,0,0,0,0,0,0,0,0,0,0
481824,0,1,0,0,0,0,0,0,0,0,0,0
481824,1,1,0,0,0,0,0,0,0,0,0,0
481825,1,1,0,0,30,7,0,0,0,35,0,15
481825,2,1,0,16,0,0,0,0,5,0,0,13
481826,1,1,12,0,0,0,0,20,0,0,0,13
481827,1,1,0,0,0,0,0,0,0,0,0,0
481828,1,1,3,3,3,3,3,3,3,3,3,3
481828,2,1,22,22,22,22,22,22,22,22,22,22
481829,1,1,0,9,0,0,0,17,24,9,13,20
481829,2,1,17,0,0,0,0,0,26,0,32,0
481830,1,1,0,0,0,0,0,0,0,0,0,0
481831,1,1,20,20,20,20,20,20,20,20,20,20
481832,1,1,18,0,0,25,0,0,0,0,0,0
481832,2,1,0,0,0,5,0,0,0,19,0,0
481833,1,1,0,0,0,0,0,0,0,0,0,0
481834,1,1,0,10,0,0,0,0,0,0,28,0
481834,2,1,13,0,5,0,0,0,0,0,6,0
481835,0,1,0,0,0,11,0,0,0,0,0,16
481835,1,1,0,0,0,0,0,0,0,0,24,0
481836,1,1,5,5,5,5,5,5,5,5,5,5
481837,0,1,0,0,0,15,10,11,0,5,0,0
481837,1,1,0,0,13,15,0,0,0,0,0,0
481838,1,1,0,0,0,9,0,15,0,0,0,0
481838,2,1,0,0,0,0,0,16,22,0,0,0
481839,1,1,0,0,0,0,0,0,0,8,0,0
481840,0,1,25,25,25,25,25,25,25,25,25,25
481840,1,1,33,21,0,6,0,8,37,0,6,0
481841,1,1,0,0,0,0,0,0,0,0,0,0
481841,2,1,22,0,0,14,13,0,0,0,0,0
481842,1,1,2,2,2,2,2,2,2,2,2,2
481842,2,1,0,0,0,0,0,0,19,11,29,12
481843,1,1,0,0,0,0,0,0,0,0,0,0
481844,1,1,0,0,0,0,0,0,0,0,0,0
481844,2,1,0,0,0,0,0,0,0,0,0,0
481845,0,1,26,26,26,26,26,26,26,26,26,26
481845,1,1,22,0,15,0,0,6,0,10,0,0
481846,1,1,0,14,0,11,0,30,7,0,3,34
481847,1,1,0,0,0,0,0,0,14,13,0,0
481848,1,1,0,0,0,0,0,0,0,0,0,0
481848,2,1,0,17,0,9,0,0,0,0,0,5
481849,0,1,0,0,0,0,0,0,0,0,25,0
481849,0,2,0,0,0,0,0,0,0,0,0,0
481849,1,1,0,35,0,0,0,0,0,0,0,0
481850,1,1,0,0,0,0,0,0,0,0,0,0
481851,1,1,0,10,0,0,0,0,0,0,0,0
481851,2,1,0,0,0,0,0,0,0,0,0,21
481851,3,1,0,0,0,0,0,0,0,8,0,0
481852,1,1,21,25,26,7,16,13,0,0,9,27
481853,1,1,0,0,0,0,0,0,0,0,0,0
481853,2,1,0,0,0,0,0,0,0,0,0,0
481854,1,1,0,0,0,0,0,0,0,0,0,0
481855,0,1,0,0,0,0,0,0,0,0,0,0
481855,1,1,15,19,0,0,23,21,16,7,11,20
481856,1,1,19,19,19,19,19,19,19,19,19,19
481857,1,1,0,14,11,0,0,18,0,0,6,9
481858,1,1,22,0,0,0,0,0,0,0,0,0
481859,1,1,21,21,21,21,21,21,21,21,21,21
481860,1,1,21,21,21,21,21,21,21,21,21,21
481861,1,1,0,0,0,0,0,0,0,0,0,0
481861,2,1,0,0,0,0,0,18,0,0,0,0
481862,1,1,14,14,14,14,14,14,14,14,14,14
481863,1,1,16,16,16,16,16,16,16,16,16,16
481864,1,1,0,0,0,0,0,11,0,0,25,0
481864,2,1,0,0,0,0,0,0,0,0,0,27
481865,1,1,14,14,14,14,14,14,14,14,14,14
481865,2,1,0,0,0,0,0,0,0,0,0,0
481866,0,1,0,0,0,0,0,0,0,0,0,0
481866,1,1,5,0,20,9,0,11,23,0,17,22
481867,1,1,0,0,0,0,0,0,0,0,0,0
481867,2,1,25,0,0,0,0,0,12,0,0,0
481868,0,1,0,0,0,0,0,0,0,0,0,0
481868,0,2,0,0,0,0,0,0,0,0,0,0
481868,1,1,8,0,8,6,18,8,12,0,19,0
481869,1,1,21,21,21,21,21,21,21,21,21,21
481869,2,1,37,0,0,19,0,0,0,17,21,15
481870,1,1,11,11,11,11,11,11,11,11,11,11
481871,1,1,0,0,0,0,0,0,0,0,0,0
481871,2,1,0,0,0,0,0,0,0,0,0,0
481872,1,1,39,39,39,39,39,39,39,39,39,39
481873,1,1,3,0,0,10,0,20,0,21,0,11
481874,1,1,15,6,0,0,0,26,0,0,0,0
481874,2,1,7,7,7,7,7,7,7,7,7,7
481875,1,1,25,0,0,0,0,0,0,3,0,0
481875,2,1,0,0,0,0,0,0,0,0,0,0
481876,0,1,0,0,11,14,0,6,0,0,19,24
481876,1,1,4,0,0,0,0,7,0,0,0,18
481877,1,1,0,0,0,0,0,0,0,0,0,0
481878,1,1,14,17,0,25,39,0,18,0,0,0
481879,1,1,0,0,0,0,0,0,0,0,0,0
481880,0,1,0,0,0,18,0,35,0,0,13,0
481880,1,1,0,0,8,28,0,19,8,0,0,0
481881,1,1,26,26,26,26,26,26,26,26,26,26
481882,0,1,28,28,28,28,28,28,28,28,28,28
481882,1,1,0,25,17,0,0,0,16,0,8,15
481883,1,1,0,0,0,0,0,0,0,0,0,0
481883,2,1,9,0,0,0,13,9,0,0,0,0
481884,1,1,0,0,0,0,0,0,0,0,0,0
481884,2,1,14,0,20,0,0,0,0,0,0,0
481884,3,1,0,0,0,28,0,0,0,0,0,0
481885,1,1,0,0,0,0,0,0,0,0,0,0
481885,2,1,0,0,17,0,0,0,0,0,4,0
481886,1,1,24,24,24,24,24,24,24,24,24,24
481887,1,1,0,0,0,0,0,0,0,0,0,0
481888,1,1,25,18,0,21,0,0,0,9,16,0
481889,0,1,0,0,0,0,0,0,0,0,0,0
481889,1,1,0,23,0,4,9,14,0,0,0,0
481890,1,1,0,0,0,0,0,0,0,0,0,0
481891,1,1,0,0,0,0,0,0,0,0,0,0
481892,1,1,7,13,0,0,0,36,0,10,0,21
481892,2,1,27,16,17,17,22,0,0,0,0,0
481893,1,1,21,21,21,21,21,21,21,21,21,21
481894,1,1,3,3,3,3,3,3,3,3,3,3
481894,2,1,3,3,3,3,3,3,3,3,3,3
481895,1,1,0,0,0,0,0,0,0,0,0,0
481895,2,1,0,8,0,0,0,21,0,0,0,0
481896,1,1,0,0,0,0,0,0,0,0,0,0
481896,2,1,18,0,0,0,0,0,0,0,0,0
481897,0,1,39,36,0,44,0,0,15,0,9,0
481897,2,1,21,0,0,11,0,0,0,11,0,0
481897,3,1,0,0,0,0,18,13,0,7,0,25
481898,1,1,32,20,17,14,0,20,10,17,26,0
481899,1,1,0,0,0,0,0,0,0,0,0,0
481899,2,1,0,0,18,22,0,34,0,0,0,3
481899,3,1,17,12,9,0,0,0,25,0,0,11
481900,1,1,17,17,17,17,17,17,17,17,17,17
481901,0,1,0,24,19,0,17,0,0,0,0,3
481901,1,1,0,12,27,20,21,12,16,0,0,0
481902,0,1,21,0,0,0,0,0,0,0,0,0
481902,1,1,0,0,0,0,0,0,20,0,0,0
481903,0,1,37,37,37,37,37,37,37,37,37,37
481903,1,1,0,23,0,0,18,14,0,10,11,0
481904,1,1,17,0,11,22,0,17,19,16,14,16
481905,1,1,0,2,0,0,0,0,0,0,0,0
481905,2,1,18,6,9,0,3,28,9,8,22,9
481906,1,1,0,8,0,0,0,0,0,0,0,0
481906,2,1,0,0,10,0,0,0,0,0,18,0
481906,3,1,13,0,12,0,0,0,0,0,0,19
481906,4,1,0,0,6,0,0,15,0,0,0,0
481907,0,1,0,0,0,0,0,0,0,0,0,0
481907,1,1,0,0,7,9,6,6,0,8,0,0
481908,0,1,8,0,0,0,27,30,0,0,0,33
481908,1,1,17,15,0,0,15,0,0,0,0,0
481908,2,1,10,0,0,0,0,0,17,0,0,0
481909,1,1,0,0,0,0,0,0,0,0,0,0
481910,0,1,25,25,25,25,25,25,25,25,25,25
481910,1,1,0,11,0,21,24,17,11,0,13,20
481912,1,1,20,0,0,16,16,11,0,0,10,0
481913,0,1,0,0,0,0,0,0,0,0,0,0
481913,1,1,0,0,0,0,0,0,0,0,0,0
481914,0,1,0,0,0,0,0,0,0,0,0,0
481914,1,1,13,17,5,0,21,0,21,0,0,0
481915,0,1,8,8,8,8,8,8,8,8,8,8
481915,1,1,27,0,0,0,10,0,12,0,13,18
481916,1,1,0,0,8,0,6,7,0,18,0,0
481916,2,1,0,0,0,3,0,0,0,0,0,0
481917,0,1,19,19,19,19,19,19,19,19,19,19
481917,1,1,0,0,0,0,23,0,12,0,0,0
481918,1,1,8,8,8,8,8,8,8,8,8,8
481918,2,1,0,0,0,0,0,0,0,0,0,0
481918,3,1,0,0,0,0,0,0,0,0,0,0
481919,0,1,31,31,31,31,31,31,31,31,31,31
481919,1,1,0,6,4,13,10,0,0,4,24,0
481919,2,1,0,13,0,0,21,0,0,0,26,6
481920,1,1,7,0,0,0,0,0,0,0,0,0
481920,2,1,52,0,0,0,0,0,12,0,0,0
481921,1,1,0,16,0,0,0,15,25,0,0,0
481922,1,1,8,14,29,0,0,15,18,23,0,0
481922,2,1,16,8,14,0,12,0,0,30,18,8
481922,3,1,0,12,0,0,0,0,0,0,0,12
481923,1,1,11,11,11,11,11,11,11,11,11,11
481924,1,1,0,0,0,0,0,0,0,0,0,0
481924,2,1,0,0,0,0,0,0,0,0,0,2
481925,1,1,0,0,36,12,0,11,0,19,9,0
481926,1,1,0,0,0,18,0,0,0,0,0,0
481927,1,1,0,0,0,0,0,0,0,0,0,0
481928,1,1,0,0,0,0,0,12,0,0,0,0
481928,2,1,0,0,0,8,0,4,10,0,0,0
481928,3,1,0,0,0,0,0,0,0,0,0,0
481928,4,1,0,0,11,0,0,7,0,0,0,0
481929,1,1,0,0,0,0,0,0,0,0,0,16
481930,1,1,12,12,12,12,12,12,12,12,12,12
481931,1,1,18,18,18,18,18,18,18,18,18,18
481932,0,1,0,0,12,0,25,0,0,0,0,0
481932,1,1,4,8,0,6,0,13,16,17,17,0
481933,1,1,0,0,17,0,0,0,0,22,0,0
481933,2,1,0,17,0,9,9,0,0,0,22,6
481934,1,1,21,0,0,0,0,0,0,0,0,0
481934,2,1,14,0,0,30,23,0,0,0,0,0
481935,1,1,3,0,15,27,14,0,27,6,9,2
481936,1,1,0,0,0,0,0,13,0,0,0,0
481936,2,1,0,0,0,0,0,0,0,0,0,0
481937,0,1,20,20,20,20,20,20,20,20,20,20
481937,1,1,12,0,0,0,0,0,13,0,0,0
481938,1,1,22,22,22,22,22,22,22,22,22,22
481939,1,1,32,32,32,32,32,32,32,32,32,32
481940,1,1,16,0,0,0,0,8,0,0,15,0
481940,2,1,0,0,0,0,0,10,0,0,0,14
481941,1,1,0,0,0,0,0,0,0,0,0,0
481941,2,1,0,0,0,0,11,0,0,0,0,0
481942,0,1,0,0,0,0,0,0,0,0,0,0
481942,1,1,14,14,14,14,14,14,14,14,14,14
481943,1,1,0,0,0,0,0,0,0,0,0,0
481944,0,1,0,0,14,0,0,0,0,0,0,0
481944,1,1,0,0,0,0,0,0,0,0,0,0
481944,2,1,0,0,0,0,0,5,0,0,0,0
481945,1,1,0,0,18,16,0,0,0,0,0,0
481946,1,1,19,19,19,19,19,19,19,19,19,19
481946,2,1,16,9,0,21,0,12,8,0,0,20
481947,1,1,0,0,0,0,6,0,0,18,0,0
481947,2,1,0,0,0,0,13,9,0,0,0,0
481948,1,1,0,0,29,20,0,0,0,0,0,0
481949,1,1,0,0,0,5,0,0,0,0,3,11
481949,2,1,0,0,0,0,0,0,0,0,0,0
481949,3,1,24,18,0,0,0,0,0,0,0,0
481949,4,1,0,10,0,0,0,0,0,0,29,13
481950,1,1,0,11,0,24,25,0,14,0,0,0
481950,2,1,0,23,6,0,0,19,0,0,52,0
481951,1,1,0,0,10,0,0,0,0,0,0,0
481951,2,1,0,15,0,0,11,0,0,15,0,0
481952,1,1,9,0,0,0,0,15,0,0,0,15
481952,2,1,0,2,0,0,0,33,0,26,17,0
481953,0,1,0,0,0,0,0,0,0,0,0,0
481953,1,1,0,30,20,24,12,17,0,0,22,20
481954,1,1,15,10,16,0,0,11,0,9,0,0
481954,2,1,0,0,0,5,0,0,0,34,0,13
481955,1,1,16,16,16,16,16,16,16,16,16,16
481956,1,1,4,0,0,0,0,0,6,0,0,11
481956,2,1,0,0,0,0,0,0,0,0,0,0
481956,3,1,0,0,0,0,0,14,0,0,0,0
481957,1,1,18,18,18,18,18,18,18,18,18,18
481958,0,1,0,0,0,0,0,9,0,0,0,0
481958,1,1,0,5,0,8,0,22,6,21,24,0
481959,1,1,6,6,6,6,6,6,6,6,6,6
481960,1,1,0,0,0,0,0,0,0,0,0,0
481960,2,1,0,0,21,18,0,0,0,0,0,0
481960,3,1,0,0,0,0,0,0,0,0,0,0
481961,1,1,0,0,0,0,0,0,0,0,0,0
481961,2,1,0,0,0,0,0,2,4,0,0,0
481962,1,1,0,0,0,0,0,0,0,0,0,0
481962,2,1,0,0,0,0,0,0,0,0,15,0
481963,1,1,15,15,7,0,0,0,0,9,18,0
481964,1,1,28,28,28,28,28,28,28,28,28,28
481964,2,1,0,0,0,0,0,0,0,0,0,0
481964,3,1,0,0,0,0,0,0,0,0,0,0
481964,4,1,0,0,0,0,0,11,9,0,0,0
481965,1,1,15,15,15,15,15,15,15,15,15,15
481966,1,1,0,0,12,0,35,0,0,29,18,0
481967,1,1,14,0,0,27,12,17,12,15,6,0
481968,1,1,0,0,0,0,0,0,0,0,0,0
481968,2,1,0,0,0,0,0,0,0,0,0,0
481969,0,1,0,0,0,0,0,33,0,0,0,0
481969,1,1,0,17,0,4,0,0,0,0,0,0
481969,2,1,0,0,11,0,0,0,0,0,0,0
481970,0,1,0,0,0,0,15,14,0,13,0,14
481970,1,1,0,0,0,0,11,0,0,0,0,0
481971,1,1,11,0,0,0,0,25,0,21,0,17
481971,2,1,0,0,0,0,0,0,0,0,0,0
481972,1,1,0,0,0,0,0,0,0,0,0,0
481973,1,1,26,0,18,0,0,0,0,0,17,21
481973,2,1,5,5,5,5,5,5,5,5,5,5
481974,1,1,0,0,0,0,0,0,0,0,0,0
481974,2,1,0,0,0,0,0,0,0,0,0,0
481975,1,1,0,0,0,0,0,23,0,11,17,0
481975,2,1,0,13,0,0,0,0,0,0,0,0
481976,1,1,0,0,18,0,0,0,0,15,0,0
481976,2,1,6,0,0,0,0,0,8,0,0,15
481976,3,1,0,0,0,0,0,0,0,0,0,0
481977,1,1,0,0,0,0,0,0,0,0,0,0
481978,1,1,0,0,0,0,2,0,0,0,0,0
481978,2,1,0,0,0,0,0,0,0,0,0,0
481979,1,1,26,26,26,26,26,26,26,26,26,26
481980,0,1,0,13,0,0,22,0,0,0,0,25
481980,1,1,0,0,0,0,0,0,0,9,0,13
481981,1,1,0,0,0,0,0,24,0,10,0,17
481981,2,1,0,0,0,0,0,9,4,6,0,0
481982,1,1,0,0,0,0,0,0,0,0,0,0
481982,2,1,0,0,0,18,0,0,0,13,0,0
481983,0,1,0,0,0,0,0,0,0,0,0,0
481983,1,1,17,0,0,0,6,20,0,10,12,20
481984,0,1,0,0,0,0,0,0,0,0,0,0
481984,1,1,0,4,10,0,0,9,2,0,16,0
481985,1,1,0,13,21,0,13,0,0,7,22,0
481985,2,1,0,0,0,0,0,0,0,0,0,0
481986,0,1,0,0,0,0,0,0,0,0,0,0
481986,1,1,0,0,31,0,0,0,0,0,0,24
481987,1,1,51,0,0,0,0,0,0,0,0,0
481987,2,1,0,0,0,0,0,0,0,0,0,0
481988,1,1,0,0,0,0,0,0,0,0,0,0
481989,0,1,0,0,0,0,0,0,0,0,0,0
481989,1,1,17,9,0,0,0,14,26,0,11,29