ST_CASE,VEH_NO,PER_NO,P1,P2,P3,P4,P5,P6,P7,P8,P9,P10
481990,1,1,5,0,12,0,14,0,0,8,26,24
481990,2,1,0,0,0,0,0,24,5,0,0,0
481991,1,1,9,7,9,23,14,17,15,27,13,23
481991,3,1,0,0,0,17,0,23,0,0,16,0
481992,1,1,0,0,0,16,0,0,0,0,0,0
481992,2,1,0,0,0,0,0,0,0,0,0,0
481992,3,1,11,0,0,0,8,7,0,0,30,0
481993,1,1,18,10,0,0,15,17,0,34,25,20
481994,0,1,20,0,0,0,0,0,0,0,0,0
481994,1,1,7,0,0,4,8,0,0,2,21,0
481995,0,1,0,0,0,0,0,0,0,0,0,0
481995,1,1,0,0,0,0,0,0,7,0,0,0
481995,2,1,0,0,0,0,23,0,13,14,0,0
481996,1,1,23,23,23,23,23,23,23,23,23,23
481996,2,1,0,0,0,0,0,0,0,0,0,0
481997,1,1,23,23,23,23,23,23,23,23,23,23
481997,2,1,12,18,6,6,4,4,14,9,18,4
481998,0,1,0,16,0,0,26,4,0,0,17,33
481998,1,1,11,33,12,11,0,18,13,0,0,14
481999,1,1,0,0,28,4,0,0,14,23,0,0
481999,2,1,11,23,40,0,0,0,0,0,0,0
482000,1,1,46,17,0,0,0,0,29,32,0,0
482000,2,1,0,24,0,0,0,0,0,0,0,16
482001,1,1,0,0,0,0,0,0,23,0,0,0
482001,2,1,0,0,0,0,0,0,0,0,0,0
482002,0,1,0,17,0,0,26,0,0,0,0,23
482002,1,1,15,0,24,0,0,12,14,0,0,8
482003,0,1,21,21,21,21,21,21,21,21,21,21
482003,1,1,0,14,0,0,0,0,20,0,11,0
482004,1,1,14,14,14,14,14,14,14,14,14,14
482005,1,1,34,0,0,0,0,0,0,0,0,28
482006,1,1,7,0,0,0,27,0,22,3,0,0
482006,2,1,0,10,0,27,0,0,0,9,0,0
482007,1,1,18,18,18,18,18,18,18,18,18,18
482008,1,1,3,9,18,17,27,0,0,0,0,0
482009,0,1,0,0,0,35,0,0,0,0,0,20
482009,1,1,0,0,6,18,0,12,24,0,7,0
482010,1,1,20,20,20,20,20,20,20,20,20,20
482011,1,1,14,14,14,14,14,14,14,14,14,14
482012,1,1,22,22,22,22,22,22,22,22,22,22
482012,2,1,6,17,22,0,0,15,21,0,14,0
482012,3,1,15,15,15,15,15,15,15,15,15,15
482013,1,1,21,21,21,21,21,21,21,21,21,21
482014,0,1,39,0,0,0,0,0,0,0,0,0
482014,1,1,0,0,15,0,0,0,0,0,12,0
482014,2,1,0,0,0,0,0,7,0,0,0,0
482015,0,1,31,31,31,31,31,31,31,31,31,31
482015,1,1,0,10,0,0,0,6,14,16,2,0
482016,1,1,0,0,0,0,0,0,0,0,0,0
482016,2,1,0,0,0,4,10,0,0,0,0,0
482017,1,1,11,0,13,11,7,0,0,0,0,14
482018,1,1,16,0,0,20,0,15,42,23,0,21
482018,2,1,15,15,15,15,15,15,15,15,15,15
482019,1,1,0,0,0,11,0,16,0,0,0,0
482019,2,1,0,0,0,0,0,23,21,0,0,0
482020,1,1,24,24,24,24,24,24,24,24,24,24
482021,0,1,19,19,19,19,19,19,19,19,19,19
482021,1,1,0,0,0,0,0,20,0,8,0,6
482022,1,1,0,0,0,0,0,0,0,0,0,0
482023,1,1,0,24,0,0,14,0,0,16,11,0
482023,2,1,0,0,0,3,0,0,0,20,0,0
482024,1,1,0,12,0,0,0,0,0,0,0,0
482024,2,1,0,0,0,0,0,0,0,0,0,0
482025,1,1,3,0,15,20,14,34,0,17,12,4
482025,2,1,0,0,0,0,0,0,0,0,0,16
482025,3,1,0,0,0,0,0,0,0,0,0,0
482026,1,1,6,0,15,0,0,0,0,0,0,0
482026,2,1,0,0,0,0,0,0,0,0,0,0
482027,1,1,0,0,0,0,0,0,23,0,0,0
482027,2,1,0,0,0,0,0,0,0,0,0,0
482027,3,1,0,6,23,0,0,0,0,0,0,0
482027,4,1,0,10,0,0,0,0,0,0,0,0
482027,5,1,0,0,0,0,0,0,0,0,11,0
482027,6,1,0,0,0,0,0,0,0,0,0,0
482028,1,1,0,11,8,0,0,0,31,0,0,25
482029,0,1,0,0,9,23,0,0,10,0,0,0
482029,1,1,0,0,0,0,16,0,0,14,8,0
482029,2,1,5,0,17,0,15,26,9,0,0,0
482029,3,1,0,0,0,0,0,23,0,26,0,0
482030,1,1,0,0,5,0,13,0,0,0,0,0
482030,2,1,0,0,0,10,0,0,0,3,0,21
482031,0,1,0,0,0,0,0,0,15,0,17,0
482031,1,1,0,0,0,2,0,0,0,0,0,0
482032,1,1,0,0,0,0,0,0,0,0,0,0
482033,1,1,0,0,0,0,0,0,0,0,0,0
482034,1,1,22,8,14,8,15,28,5,22,13,18
482035,1,1,7,0,0,0,0,0,20,0,0,0
482035,2,1,0,0,0,0,0,21,0,0,0,0
482036,1,1,0,0,0,0,31,0,0,0,11,0
482037,1,1,0,0,0,0,0,0,0,0,0,0
482037,2,1,0,0,0,0,0,0,0,7,16,0
482038,1,1,26,18,0,18,10,22,16,0,0,0
482039,1,1,21,21,21,21,21,21,21,21,21,21
482040,1,1,33,33,33,33,33,33,33,33,33,33
482040,2,1,0,0,0,0,0,26,0,0,16,15
482041,1,1,1,0,0,0,12,0,0,0,0,12
482041,2,1,0,0,0,40,20,0,0,2,0,16
482042,1,1,11,11,11,11,11,11,11,11,11,11
482042,2,1,0,0,0,0,0,0,0,0,0,0
482043,1,1,9,12,13,3,27,0,10,0,10,8
482043,2,1,0,0,8,15,0,0,30,24,22,0
482044,0,1,0,13,14,58,12,20,0,0,18,0
482044,1,1,0,0,0,0,0,0,0,0,0,0
482045,1,1,0,0,0,0,0,0,0,0,0,0
482045,2,1,0,24,22,9,11,19,0,0,0,16
482046,0,1,0,0,0,0,0,0,0,0,0,0
482046,1,1,0,0,0,0,0,0,0,0,0,0
482047,0,1,0,0,0,0,16,0,13,0,0,0
482047,1,1,0,21,11,0,8,18,0,20,0,0
482048,1,1,13,13,13,13,13,13,13,13,13,13
482048,2,1,12,12,12,12,12,12,12,12,12,12
482049,0,1,20,0,0,30,38,31,18,0,16,0
482049,1,1,22,0,0,0,0,0,0,7,0,0
482050,1,1,9,9,9,9,9,9,9,9,9,9
482051,1,1,9,9,9,9,9,9,9,9,9,9
482051,2,1,0,0,0,0,0,0,0,0,0,0
482052,0,1,19,19,19,19,19,19,19,19,19,19
482052,1,1,0,0,0,0,15,0,10,0,23,0
482053,1,1,0,0,0,0,0,0,0,0,0,0
482053,2,1,21,21,21,21,21,21,21,21,21,21
482054,1,1,0,0,0,0,14,0,12,10,0,10
482054,2,1,11,11,11,11,11,11,11,11,11,11
482055,0,1,0,0,0,0,0,0,0,22,0,14
482055,0,2,0,13,0,0,0,0,18,19,0,0
482055,1,1,0,17,0,0,2,0,18,0,0,0
482056,1,1,0,0,0,0,6,0,16,14,0,10
482056,2,1,0,0,26,0,0,13,26,14,0,33
482057,1,1,0,0,8,8,5,0,0,0,0,0
482058,1,1,0,0,0,0,0,0,0,0,0,0
482058,2,1,0,0,0,9,0,14,0,0,0,0
482059,1,1,20,20,20,20,20,20,20,20,20,20
482059,2,1,0,18,0,0,0,0,17,0,0,21
482060,0,1,21,21,21,21,21,21,21,21,21,21
482060,1,1,0,0,0,0,0,10,0,0,10,0
482061,1,1,0,0,0,0,0,0,0,0,0,0
482061,2,1,0,0,0,0,0,0,7,23,0,7
482062,0,1,28,0,15,5,0,0,0,0,0,0
482062,1,1,15,0,14,0,0,0,6,0,20,20
482063,1,1,0,0,0,0,0,9,0,0,0,0
482063,2,1,22,22,22,22,22,22,22,22,22,22
482064,1,1,0,7,0,0,0,0,0,0,10,0
482064,2,1,0,13,0,0,25,0,27,0,0,0
482065,1,1,0,0,0,0,0,0,0,0,0,0
482066,1,1,0,0,0,0,0,0,0,0,0,5
482067,1,1,0,0,0,0,0,0,0,0,0,0
482068,1,1,22,22,22,22,22,22,22,22,22,22
482068,2,1,0,39,16,13,0,0,0,0,0,0
482069,1,1,24,24,24,24,24,24,24,24,24,24
482069,2,1,0,0,0,0,17,0,0,0,0,27
482070,1,1,15,10,0,12,0,0,29,0,0,44
482070,2,1,21,0,0,0,0,0,0,0,0,12
482071,1,1,32,32,32,32,32,32,32,32,32,32
482071,2,1,6,6,6,6,6,6,6,6,6,6
482072,1,1,0,13,0,0,0,0,6,0,0,0
482073,1,1,20,20,20,20,20,20,20,20,20,20
482073,2,1,0,0,0,0,0,0,4,0,7,0
482074,1,1,0,0,0,0,0,0,0,0,0,0
482075,1,1,37,37,37,37,37,37,37,37,37,37
482075,2,1,0,0,0,0,0,18,0,0,0,24
482076,1,1,0,0,0,0,0,0,0,0,0,0
482076,2,1,16,9,7,14,8,21,11,10,9,31
482077,0,1,0,0,0,0,0,0,0,0,0,0
482077,1,1,0,21,0,18,0,0,7,11,13,0
482078,1,1,12,0,0,16,0,0,25,0,16,22
482078,2,1,17,17,17,17,17,17,17,17,17,17
482079,1,1,24,24,24,24,24,24,24,24,24,24
482080,1,1,0,0,0,0,0,0,0,0,0,0
482081,1,1,2,2,2,2,2,2,2,2,2,2
482081,2,1,0,0,0,0,0,0,0,0,0,0
482082,1,1,19,0,0,0,20,19,14,13,0,0
482083,1,1,0,0,0,0,0,0,0,0,0,0
482083,2,1,0,14,0,25,0,0,0,0,14,11
482084,0,1,13,13,13,13,13,13,13,13,13,13
482084,1,1,0,0,0,0,0,0,0,0,0,0
482085,1,1,0,0,0,0,0,0,0,0,0,0
482085,2,1,0,0,0,0,0,0,0,13,0,0
482086,1,1,0,0,0,0,0,0,0,0,0,33
482086,2,1,0,0,0,0,0,0,0,0,0,0
482087,1,1,0,0,0,0,0,0,0,0,0,0
482087,2,1,25,0,0,0,0,0,0,0,0,0
482088,1,1,0,0,0,9,13,19,9,30,0,15
482089,0,1,16,16,16,16,16,16,16,16,16,16
482089,1,1,9,6,0,0,20,0,0,0,0,5
482090,1,1,0,0,0,23,0,18,0,0,0,0
482091,1,1,0,0,0,0,3,0,0,0,0,0
482091,2,1,0,0,0,0,0,0,0,0,11,0
482092,0,1,0,0,0,23,22,26,19,0,0,0
482092,1,1,0,0,0,0,0,0,0,0,0,0
482093,1,1,0,0,0,0,0,0,0,0,0,0
482094,1,1,20,20,20,20,20,20,20,20,20,20
482095,0,1,4,4,4,4,4,4,4,4,4,4
482095,1,1,10,7,0,25,28,0,1,1,17,0
482095,2,1,33,17,15,10,0,0,17,0,14,0
482096,1,1,18,18,18,18,18,18,18,18,18,18
482096,2,1,0,0,0,0,0,0,0,8,0,0
482097,0,1,17,17,17,17,17,17,17,17,17,17
482097,1,1,15,0,0,0,0,13,0,20,0,0
482098,0,1,0,0,0,0,0,0,0,0,0,6
482098,1,1,0,0,19,0,0,17,14,0,0,0
482099,1,1,0,0,0,0,0,0,0,37,0,0
482099,2,1,0,0,0,0,0,0,0,26,0,0
482100,1,1,0,0,0,0,2,0,0,0,0,0
482100,2,1,0,0,0,0,0,0,0,0,0,0
482100,3,1,0,0,0,0,0,0,19,0,0,0
482100,4,1,0,0,0,0,0,0,0,0,0,0
482100,5,1,0,0,0,0,0,0,0,0,0,0
482101,0,1,8,0,14,0,26,0,11,0,0,0
482101,1,1,9,27,2,0,11,0,31,18,12,0
482102,1,1,13,13,13,13,13,13,13,13,13,13
482102,2,1,0,0,0,10,0,0,0,0,24,0
482103,1,1,0,0,0,0,0,0,0,0,0,0
482104,1,1,14,20,0,0,39,0,13,44,0,30
482105,1,1,0,0,0,0,0,0,13,10,0,6
482105,2,1,25,0,0,0,0,0,0,0,0,0
482106,1,1,0,0,0,0,0,0,0,0,0,0
482106,2,1,0,0,0,0,0,0,0,0,0,0
482107,1,1,25,25,25,25,25,25,25,25,25,25
482108,1,1,20,20,20,20,20,20,20,20,20,20
482108,2,1,0,0,0,0,0,0,0,0,0,0
482108,3,1,0,0,0,0,0,0,0,0,0,0
482109,1,1,26,26,26,26,26,26,26,26,26,26
482109,2,1,0,0,16,0,10,0,8,0,0,0
482110,1,1,18,18,18,18,18,18,18,18,18,18
482111,1,1,0,0,20,0,0,0,16,0,0,0
482111,2,1,0,0,0,0,0,0,0,0,0,0
482112,0,1,51,25,0,35,0,0,22,8,14,12
482112,1,1,0,0,0,6,8,0,0,0,0,15
482113,1,1,0,20,28,40,25,30,32,21,0,23
482115,1,1,20,20,20,20,20,20,20,20,20,20
482116,1,1,0,0,0,0,0,0,23,0,28,0
482116,2,1,0,0,0,6,14,25,0,18,0,0
482117,1,1,0,0,0,0,0,0,0,0,0,0
482117,2,1,0,0,0,0,0,0,0,0,0,0
482118,1,1,0,0,0,0,0,0,0,0,0,0
482118,2,1,0,0,0,0,0,0,0,0,0,0
482119,1,1,20,20,20,20,20,20,20,20,20,20
482120,0,1,0,18,27,0,27,14,0,0,14,12
482120,1,1,14,0,0,0,0,0,28,6,0,10
482121,1,1,0,0,0,0,0,0,0,0,0,0
482121,2,1,0,0,0,0,0,0,0,0,0,0
482122,0,1,0,0,0,0,0,0,0,0,0,0
482122,0,2,0,0,6,0,0,0,0,22,0,29
482122,1,1,0,0,0,0,0,0,0,0,0,0
482123,1,1,0,0,0,0,0,0,0,0,0,0
482123,2,1,0,0,0,0,0,0,0,0,0,0
482123,3,1,0,0,0,0,0,0,0,8,22,0
482123,4,1,13,14,28,5,0,0,0,14,25,0
482124,1,1,28,28,28,28,28,28,28,28,28,28
482124,2,1,0,0,0,13,0,0,0,0,0,0
482124,3,1,20,11,20,0,0,19,46,0,4,22
482124,4,1,0,0,0,0,0,0,0,0,0,0
482125,1,1,26,26,26,26,26,26,26,26,26,26
482125,2,1,15,15,15,15,15,15,15,15,15,15
482126,1,1,24,24,24,24,24,24,24,24,24,24
482126,2,1,0,0,21,0,0,0,5,11,29,14
482126,3,1,0,8,0,0,0,0,6,0,11,40
482127,0,1,19,19,19,19,19,19,19,19,19,19
482127,1,1,0,0,0,0,0,0,0,0,0,0
482128,1,1,0,16,0,0,0,0,0,0,0,0
482128,2,1,0,0,0,0,0,0,0,0,0,0
482129,1,1,0,0,0,0,0,0,0,0,0,0
482129,2,1,0,0,0,0,0,0,0,0,0,0
482129,3,1,0,0,0,8,15,0,0,22,0,0
482130,1,1,0,0,0,0,7,11,0,7,11,0
482131,1,1,0,0,0,0,0,0,0,8,27,0
482131,2,1,0,0,0,0,15,38,9,0,0,5
482132,1,1,28,28,28,28,28,28,28,28,28,28
482132,2,1,36,6,0,20,0,0,9,8,9,8
482133,1,1,0,0,0,0,0,0,0,0,0,0
482134,1,1,33,0,17,2,13,26,0,14,15,4
482135,1,1,0,0,0,0,0,18,0,0,13,0
482135,2,1,0,0,0,0,0,0,0,0,16,0
482135,3,1,13,0,0,0,28,0,0,0,14,0
482135,4,1,11,0,0,19,0,11,0,0,0,0
482135,5,1,0,0,4,0,0,0,0,0,0,0
482135,6,1,0,14,0,0,0,0,0,0,0,0
482136,1,1,0,0,0,0,8,0,0,0,0,0
482137,1,1,0,16,8,0,14,0,0,0,0,0
482137,2,1,0,0,0,0,0,15,0,0,0,0
482138,1,1,5,9,18,25,7,21,15,23,37,11
482139,1,1,0,19,23,0,30,18,21,9,13,35
482139,2,1,34,19,12,20,8,0,0,0,0,0
482140,1,1,0,0,0,13,0,0,2,0,11,0
482140,2,1,0,0,0,0,0,7,7,28,0,0
482141,0,1,2,2,2,2,2,2,2,2,2,2
482141,1,1,0,6,0,0,0,0,5,0,0,0
482142,1,1,0,0,0,0,0,0,0,0,0,0
482142,2,1,0,0,0,0,0,0,0,0,0,0
482143,1,1,0,0,0,0,0,0,0,0,0,0
482143,2,1,0,0,0,0,15,0,0,0,0,0
482144,1,1,0,0,0,0,0,0,0,0,0,0
482145,1,1,26,26,26,26,26,26,26,26,26,26
482145,2,1,0,0,0,24,0,0,20,0,0,0
482146,1,1,0,0,11,0,16,0,8,0,0,0
482146,2,1,23,0,0,22,37,0,29,17,21,9
482147,0,1,19,0,0,11,0,0,0,0,37,18
482147,1,1,8,0,0,16,0,0,0,0,0,6
482148,1,1,36,36,36,36,36,36,36,36,36,36
482149,1,1,18,18,18,18,18,18,18,18,18,18
482150,1,1,19,9,0,0,0,0,22,0,0,5
482151,1,1,0,4,0,10,0,24,17,11,13,0
482151,2,1,0,23,0,12,0,10,0,0,0,0
482152,1,1,13,13,13,13,13,13,13,13,13,13
482152,2,1,0,28,0,0,13,0,0,0,0,0
482153,2,1,8,0,0,3,0,0,0,21,0,0
482154,1,1,0,21,18,0,19,0,0,19,0,12
482154,2,1,0,0,0,0,0,0,0,0,0,0
482155,1,1,16,16,16,16,16,16,16,16,16,16
482156,1,1,12,12,12,12,12,12,12,12,12,12
482157,1,1,0,0,19,0,0,5,0,0,13,0
482158,1,1,0,0,0,0,0,0,11,0,0,0
482159,1,1,5,5,5,5,5,5,5,5,5,5
482159,2,1,21,18,17,0,14,10,0,20,0,13
482159,3,1,23,0,0,0,0,0,0,0,40,0
482160,1,1,16,16,16,16,16,16,16,16,16,16
482160,2,1,13,0,0,0,0,19,15,0,0,0
482161,1,1,0,0,0,25,0,0,0,0,0,0
482161,2,1,0,0,0,0,0,0,0,0,0,0
482162,1,1,0,0,0,0,0,0,0,0,0,0
482162,2,1,0,26,26,0,20,0,0,11,40,18
482163,0,1,0,0,0,0,0,0,0,0,0,0
482163,1,1,0,0,0,0,0,10,0,0,0,14
482164,1,1,0,0,0,0,7,0,0,0,0,0
482164,2,1,0,0,0,20,0,0,0,0,9,4
482165,1,1,0,0,0,0,22,0,0,0,0,0
482165,2,1,0,0,0,0,0,22,0,0,0,0
482166,1,1,0,0,0,0,0,0,0,0,0,0
482167,1,1,0,0,15,0,0,0,0,8,18,0
482167,2,1,0,0,0,0,0,0,0,0,0,0
482168,0,1,32,0,13,0,8,0,35,0,0,0
482168,1,1,23,0,0,0,0,0,9,0,0,0
482169,1,1,19,19,19,19,19,19,19,19,19,19
482169,2,1,0,0,4,0,21,0,0,12,0,0
482170,1,1,0,0,0,0,0,0,0,0,0,0
482171,1,1,0,12,12,0,0,0,0,0,0,0
482171,2,1,0,0,0,0,0,0,0,0,0,0
482172,1,5,18,0,12,0,0,0,15,0,0,0
482173,1,1,22,22,22,22,22,22,22,22,22,22
482173,2,1,12,11,2,23,22,13,33,18,11,17
482174,1,1,4,0,0,0,0,0,0,0,0,0
482175,1,1,16,0,29,0,0,0,0,0,0,0
482176,1,1,27,0,0,11,0,0,0,9,0,0
482176,2,1,0,15,0,0,0,0,0,0,0,0
482177,1,1,0,0,0,0,0,0,0,0,3,14
482177,2,1,0,0,0,0,9,0,12,5,0,0
482178,0,1,26,0,24,0,51,0,0,0,0,15
482178,1,1,0,0,0,7,0,0,0,0,0,0
482179,1,1,5,5,5,5,5,5,5,5,5,5
482179,2,1,11,0,10,0,0,23,0,10,31,0
482180,1,1,0,0,0,0,24,0,0,0,0,0
482180,2,1,0,0,0,0,0,0,0,0,0,0
482181,1,1,0,0,0,0,0,0,20,0,9,0
482181,2,1,0,22,24,29,0,0,0,0,0,0
482182,1,1,25,25,25,25,25,25,25,25,25,25
482183,1,1,0,0,0,0,0,0,0,19,0,24
482184,1,1,35,16,36,6,6,7,12,12,22,0
482184,2,1,0,22,0,0,0,0,8,0,0,0
482185,1,1,37,0,0,0,0,0,0,0,8,0
482185,2,1,0,0,0,0,0,0,0,0,0,0
482186,1,1,0,0,0,0,0,0,0,0,0,0
482186,2,1,0,0,0,0,0,0,0,0,0,0
482187,1,1,0,0,0,0,0,0,0,0,0,0
482187,2,1,0,0,0,0,0,0,0,0,0,0
482187,3,1,0,0,0,0,29,6,0,31,0,0
482188,1,1,13,13,13,13,13,13,13,13,13,13
482188,2,1,22,17,24,0,0,30,17,10,0,0
482190,1,1,19,27,0,20,0,0,18,25,15,0
482191,1,1,0,0,0,0,0,0,0,0,0,0
482191,2,1,0,16,15,0,0,9,0,5,0,0
482192,1,1,0,27,0,0,0,0,0,0,24,0
482193,0,1,0,14,0,21,0,0,0,0,11,31
482193,1,1,0,0,0,0,13,0,0,17,6,0
482194,1,1,0,0,0,0,0,0,0,21,0,33
482194,2,1,0,0,0,0,0,0,0,0,0,0
482195,1,1,0,0,0,0,0,0,0,0,0,0
482195,2,1,0,0,9,0,0,0,0,0,0,0
482196,1,1,18,18,18,18,18,18,18,18,18,18
482196,2,1,0,0,0,0,0,19,0,0,0,16
482197,1,1,11,11,11,11,11,11,11,11,11,11
482197,2,1,21,0,16,23,0,14,0,8,0,0
482198,1,1,0,0,0,0,15,0,0,0,0,0
482198,2,1,0,14,0,0,0,0,0,0,0,0
482199,1,1,10,10,10,10,10,10,10,10,10,10
482200,1,1,0,0,0,0,0,0,0,0,0,0
482200,2,1,0,0,0,0,0,0,0,16,0,0
482201,1,1,0,0,0,0,0,0,0,0,0,0
482201,2,1,0,0,0,0,0,0,0,0,0,0
482202,1,1,0,22,0,0,0,0,0,0,0,0
482202,2,1,0,0,0,0,0,10,0,0,0,0
482203,1,1,0,0,0,0,0,0,0,0,4,0
482203,2,1,0,0,0,31,0,10,9,20,0,0
482203,3,1,0,0,20,0,0,18,0,0,25,0
482203,4,1,0,27,0,0,0,0,19,0,0,0
482204,1,1,3,3,3,3,3,3,3,3,3,3
482205,1,1,0,0,0,0,0,0,0,0,0,0
482205,2,1,0,0,0,0,0,0,0,0,0,0
482206,0,1,14,14,14,14,14,14,14,14,14,14
482206,1,1,12,5,12,16,26,25,13,0,4,6
482207,1,1,7,0,0,0,32,0,0,18,18,0
482208,1,1,0,0,32,8,13,38,0,0,0,20
482208,2,1,0,0,0,0,0,0,0,0,0,0
482209,1,1,0,0,0,13,0,0,0,20,0,0
482209,2,1,0,0,8,0,0,0,0,0,0,0
482210,0,1,0,0,0,0,0,0,0,0,0,0
482210,1,1,0,11,28,4,0,14,0,24,0,0
482210,2,1,0,0,0,0,0,0,0,0,9,0
482211,1,1,1,1,1,1,1,1,1,1,1,1
482211,2,1,0,0,0,0,0,0,0,0,0,0
482212,0,1,0,0,0,0,0,0,0,0,0,0
482212,1,1,16,0,9,20,8,12,13,0,0,17
482213,1,1,18,18,18,18,18,18,18,18,18,18
482214,1,1,0,0,0,0,0,0,0,0,0,0
482214,2,1,0,0,0,0,0,0,0,0,0,0
482215,0,1,33,33,33,33,33,33,33,33,33,33
482215,1,1,8,17,31,17,28,5,9,0,10,0
482216,0,1,0,35,0,27,0,0,0,14,18,0
482216,1,1,0,17,6,0,0,0,0,28,0,0
482217,1,1,0,0,0,11,0,25,0,0,0,0
482218,1,1,0,3,0,0,0,0,0,0,0,0
482219,1,1,0,0,0,0,0,0,0,0,0,0
482219,2,1,0,0,0,0,0,0,0,0,0,0
482220,1,1,34,34,34,34,34,34,34,34,34,34
482220,2,1,0,0,11,5,0,0,0,0,0,0
482221,1,1,25,25,25,25,25,25,25,25,25,25
482222,1,1,0,0,0,0,8,0,0,0,0,0
482222,2,1,8,29,13,29,0,10,25,17,7,13
482223,1,1,0,0,0,0,0,0,0,0,0,0
482223,2,1,0,0,0,0,0,0,0,0,22,0
482224,1,1,26,0,0,0,0,0,13,21,16,23
482225,1,1,0,0,0,0,0,0,0,0,19,0
482225,2,1,7,0,0,0,0,0,0,0,0,0
482225,3,1,0,0,0,0,0,0,0,0,8,0
482226,0,1,20,20,20,20,20,20,20,20,20,20
482226,1,1,0,0,18,0,0,0,0,0,0,0
482227,1,1,17,0,0,25,0,16,17,29,23,29
482227,2,1,0,0,0,13,0,0,0,25,0,4
482228,1,1,18,18,18,18,18,18,18,18,18,18
482228,2,1,7,6,0,6,0,10,0,12,0,0
482229,1,1,0,17,0,12,0,0,0,0,11,0
482230,1,1,0,0,0,0,0,0,0,0,0,0
482230,2,1,0,0,0,0,0,0,0,0,0,0
482231,1,1,0,0,0,0,0,0,0,0,0,0
482232,1,1,14,14,14,14,14,14,14,14,14,14
482232,2,1,0,0,0,0,0,0,0,0,0,0
482233,0,1,17,0,11,0,24,0,0,40,0,18
482233,1,1,9,10,0,14,0,0,0,24,0,33
482234,1,1,0,0,0,0,0,0,0,0,0,0
482234,2,1,9,12,0,0,3,17,0,11,0,0
482235,1,1,0,0,0,0,0,0,0,0,0,0
482235,2,1,0,23,0,0,0,0,0,12,0,6
482236,1,1,34,0,4,0,0,0,0,20,0,0
482237,1,1,0,0,0,0,0,0,0,0,0,0
482238,1,1,0,0,0,0,0,0,0,0,0,0
482238,2,1,0,0,0,0,0,22,22,6,0,0
482239,1,1,0,0,0,0,0,0,0,0,0,0
482239,2,1,0,0,0,0,0,0,0,0,0,0
482240,1,1,0,0,0,14,7,27,9,0,0,0
482240,2,1,0,12,0,0,0,16,0,0,0,0
482240,3,1,0,0,0,0,0,8,0,3,0,0
482241,0,1,0,0,0,0,0,0,0,0,0,0
482241,1,1,0,0,4,6,0,0,8,3,0,0
482242,1,1,15,15,15,15,15,15,15,15,15,15
482243,0,1,0,24,0,0,0,0,0,0,27,0
482243,1,1,0,0,12,0,6,29,0,0,2,0
482244,1,1,9,0,0,0,26,0,8,0,11,0
482244,2,1,11,11,11,11,11,11,11,11,11,11
482245,1,1,0,0,0,0,0,0,0,0,0,0
482246,1,1,42,24,10,0,10,0,29,0,0,0
482247,1,1,19,19,19,19,19,19,19,19,19,19
482248,1,1,0,0,0,0,0,0,0,0,0,0
482248,2,1,0,0,0,0,0,0,0,0,0,0
482249,1,1,15,15,15,15,15,15,15,15,15,15
482249,2,1,2,2,2,2,2,2,2,2,2,2
482250,1,1,15,25,0,0,20,19,0,0,0,7
482251,0,1,11,11,11,11,11,11,11,11,11,11
482251,1,1,0,8,0,5,0,8,0,0,23,0
482252,1,1,21,21,21,21,21,21,21,21,21,21
482253,1,1,5,5,5,5,5,5,5,5,5,5
482254,1,1,0,0,0,12,0,18,0,9,29,0
482255,1,1,0,0,20,0,0,0,0,0,0,8
482255,2,1,0,0,0,0,0,0,0,0,13,0
482256,1,1,0,0,0,0,0,0,0,0,0,0
482257,1,1,0,0,0,0,0,0,0,0,0,0
482258,0,1,7,7,7,7,7,7,7,7,7,7
482258,1,1,0,0,33,0,0,5,15,0,0,0
482259,0,1,0,0,0,5,0,0,0,9,9,0
482259,1,1,20,0,0,0,10,0,0,5,10,0
482259,2,1,12,0,5,0,0,16,0,0,24,11
482260,1,1,0,0,0,0,0,0,0,0,0,0
482260,2,1,3,3,3,3,3,3,3,3,3,3
482261,0,1,0,0,0,0,7,15,16,24,27,0
482261,1,1,0,0,0,0,27,8,0,18,21,15
482262,1,1,0,0,0,4,0,0,0,0,19,13
482263,1,1,0,0,9,10,34,0,0,0,0,0
482264,1,1,4,4,4,4,4,4,4,4,4,4
482265,1,1,0,0,0,0,0,0,0,0,0,0
482266,1,1,0,0,0,0,0,0,0,0,0,0
482266,2,1,0,0,0,0,0,3,0,0,0,0