ST_CASE,VEH_NO,PER_NO,P1,P2,P3,P4,P5,P6,P7,P8,P9,P10
482835,1,1,35,13,6,23,21,26,30,11,14,7
482836,1,1,0,0,0,12,12,0,23,0,0,20
482836,2,1,0,0,0,11,3,0,6,0,0,11
482837,1,1,20,0,18,26,20,14,25,18,16,28
482838,1,1,0,0,0,29,0,0,0,22,0,22
482839,1,1,0,0,0,0,0,0,0,0,0,0
482839,2,1,0,0,0,0,0,0,0,0,0,0
482839,3,1,0,0,0,0,3,0,0,0,0,0
482840,1,1,8,0,0,0,30,0,27,12,0,28
482841,1,1,0,0,0,14,10,0,8,0,0,2
482842,1,1,0,0,0,0,0,0,0,0,0,0
482843,1,1,0,0,0,0,8,5,0,0,0,0
482843,2,1,0,0,0,0,0,0,0,0,0,0
482843,3,1,0,0,0,0,0,0,0,0,0,0
482844,1,1,0,0,0,0,0,0,0,0,22,0
482844,2,1,0,0,0,0,0,0,0,0,0,0
482844,3,1,0,0,0,0,0,0,0,0,0,0
482844,4,1,0,0,0,0,0,0,0,0,0,0
482845,0,1,0,0,0,0,0,0,0,0,0,0
482845,1,1,0,0,0,0,0,0,0,0,0,0
482846,0,1,0,0,0,17,29,0,0,0,0,10
482846,1,1,0,0,11,4,14,0,12,0,0,13
482847,1,1,22,15,7,0,23,0,33,0,33,0
482848,1,1,0,0,0,13,0,0,0,0,0,0
482848,2,1,0,0,0,0,0,0,22,0,0,0
482849,1,1,27,27,27,27,27,27,27,27,27,27
482850,1,1,0,0,0,0,0,0,0,0,0,0
482850,2,1,0,0,0,0,0,2,0,0,0,0
482851,1,1,20,20,20,20,20,20,20,20,20,20
482852,1,1,0,0,0,25,4,31,0,0,0,20
482852,2,1,12,18,0,0,0,0,5,0,0,0
482853,1,1,0,0,25,0,0,0,0,0,5,0
482853,2,1,0,0,0,21,0,0,0,0,17,0
482854,0,1,22,0,0,0,0,0,0,0,0,23
482854,1,1,0,0,20,0,0,0,0,5,10,0
482855,1,1,0,0,18,48,0,0,0,0,15,20
482856,1,1,0,15,0,0,0,0,47,29,0,12
482856,2,1,0,0,0,0,0,0,0,0,0,0
482857,0,1,0,25,0,0,0,0,17,0,9,0
482857,1,1,11,29,11,10,7,14,7,30,6,10
482857,2,1,12,11,25,18,7,5,18,13,11,18
482857,3,1,0,0,11,14,0,0,18,13,0,0
482857,4,1,10,10,10,10,10,10,10,10,10,10
482857,5,1,23,28,12,8,26,17,11,8,0,14
482858,1,1,0,0,0,0,0,0,0,0,0,0
482858,2,1,0,0,0,0,0,0,0,0,0,4
482859,1,1,0,0,0,0,0,0,0,13,0,5
482859,2,1,13,13,13,13,13,13,13,13,13,13
482860,1,1,0,0,0,0,17,0,0,0,0,0
482861,1,1,11,0,0,0,0,0,0,0,14,0
482861,2,1,23,0,6,20,12,16,26,0,17,8
482862,1,1,0,10,0,13,18,0,0,0,18,0
482863,1,1,0,0,0,0,0,0,0,0,0,0
482863,2,1,0,5,0,0,0,22,0,0,0,0
482863,3,1,0,14,0,0,0,0,0,0,13,22
482864,1,1,0,0,0,0,0,0,0,0,0,0
482865,0,1,27,27,27,27,27,27,27,27,27,27
482865,1,1,0,0,5,0,0,0,0,0,0,0
482866,1,1,14,14,14,14,14,14,14,14,14,14
482867,1,1,0,0,0,0,0,0,0,0,16,0
482867,2,1,0,0,0,0,0,0,0,0,0,0
482868,1,1,0,0,0,28,0,12,0,31,0,0
482868,2,1,0,0,0,0,34,0,0,0,0,0
482869,1,1,0,0,0,0,0,0,0,0,0,0
482870,1,1,7,0,15,37,17,12,14,5,10,16
482871,0,1,0,22,0,0,22,0,0,9,0,0
482871,1,1,0,0,0,0,0,15,0,0,17,0
482872,1,1,15,15,15,15,15,15,15,15,15,15
482873,1,1,0,0,0,18,0,0,0,0,0,0
482873,2,1,0,0,0,0,0,0,0,3,0,0
482874,1,1,11,0,0,10,0,0,0,0,0,0
482874,2,1,0,0,0,0,0,0,0,0,0,0
482874,3,1,0,0,0,0,0,29,0,0,11,0
482874,4,1,0,0,8,5,0,6,0,0,0,0
482874,5,1,0,0,0,0,0,11,0,0,0,0
482874,6,1,0,0,0,0,0,0,11,0,0,0
482875,1,1,0,0,0,0,0,0,0,0,0,0
482875,2,1,0,0,0,0,0,0,10,0,0,0
482875,3,1,0,0,0,0,26,0,0,0,15,0
482875,4,1,0,0,18,0,0,0,0,0,0,0
482876,1,1,0,0,0,0,0,0,0,0,0,0
482876,2,1,0,18,0,0,11,0,6,0,0,0
482877,1,1,0,0,0,0,0,0,0,0,0,0
482878,1,1,26,17,15,0,0,25,14,22,18,0
482879,1,1,0,0,0,0,0,13,0,0,0,0
482879,2,1,0,0,0,0,0,0,0,0,0,0
482880,1,1,23,14,0,0,0,0,0,0,0,0
482881,1,1,19,19,19,19,19,19,19,19,19,19
482882,1,1,0,0,0,0,0,0,0,0,0,0
482882,2,1,0,0,0,0,0,0,0,0,0,0
482883,1,1,0,0,13,0,13,29,7,6,0,0
482883,2,1,13,13,13,13,13,13,13,13,13,13
482884,1,1,0,0,23,0,0,0,16,0,23,0
482885,1,1,0,0,0,11,0,30,0,0,0,8
482885,2,1,0,33,0,0,0,0,0,0,0,0
482885,3,1,0,11,0,23,0,0,0,0,16,0
482885,4,1,0,0,0,0,0,10,13,0,9,0
482885,5,1,0,16,0,0,0,0,0,0,0,19
482885,6,1,0,0,11,0,17,17,22,0,0,0
482886,1,1,7,11,0,0,0,0,0,0,34,0
482886,2,1,5,20,0,0,0,0,0,0,22,0
482887,0,1,16,16,16,16,16,16,16,16,16,16
482887,1,1,0,12,15,15,0,0,11,14,0,6
482888,0,1,27,27,27,27,27,27,27,27,27,27
482888,1,1,27,16,0,0,4,0,0,0,36,13
482888,2,1,0,0,0,7,0,0,9,4,13,6
482889,0,1,22,22,22,22,22,22,22,22,22,22
482889,1,1,7,2,9,11,12,9,12,24,16,0
482891,1,1,19,19,19,19,19,19,19,19,19,19
482892,1,1,0,0,0,6,9,0,0,0,11,0
482892,2,1,22,31,10,0,0,0,0,12,0,0
482893,1,1,0,0,10,0,0,0,0,0,0,0
482893,2,1,20,0,0,3,0,0,14,0,0,29
482894,0,1,0,32,0,0,0,0,14,0,34,0
482894,1,1,30,0,0,42,15,19,20,0,0,0
482895,0,1,0,14,14,0,0,9,7,23,11,12
482895,0,2,16,9,0,37,27,21,0,0,5,0
482895,0,3,4,0,0,0,0,26,0,22,4,37
482895,1,1,0,0,0,22,0,0,7,0,10,0
482896,1,1,0,20,15,0,13,0,0,7,0,0
482897,1,1,0,0,0,0,0,0,0,0,0,0
482898,1,1,13,13,13,13,13,13,13,13,13,13
482899,1,1,10,0,0,34,0,0,19,0,0,31
482899,2,1,7,0,0,0,6,0,0,0,12,10
482899,3,1,7,17,0,0,30,0,20,7,12,19
482900,1,1,0,32,12,20,0,0,15,18,0,0
482901,1,1,0,0,0,0,0,0,0,0,0,0
482901,2,1,0,0,12,0,0,0,0,0,0,0
482902,1,1,9,0,0,0,0,0,0,0,0,5
482903,1,1,43,0,0,0,0,0,0,0,20,0
482903,2,1,12,12,12,12,12,12,12,12,12,12
482904,1,1,22,22,22,22,22,22,22,22,22,22
482905,0,1,0,0,0,0,0,0,0,0,0,0
482905,1,1,0,0,0,0,0,8,0,0,13,16
482906,1,1,0,0,0,0,0,40,0,0,0,0
482906,2,1,0,0,15,0,0,25,27,27,0,0
482907,0,1,34,12,0,17,0,13,0,0,0,0
482907,1,1,0,0,0,0,0,0,0,0,0,0
482908,1,1,0,0,0,0,0,0,0,0,0,0
482908,2,1,0,0,0,0,0,0,0,0,0,0
482909,1,1,0,0,0,0,0,16,0,0,0,45
482909,2,1,0,0,0,0,0,0,0,0,0,0
482910,0,1,27,28,9,0,0,0,6,0,0,0
482910,1,1,0,0,0,20,0,29,13,3,0,0
482911,1,1,0,0,0,0,0,8,0,0,15,0
482911,2,1,0,0,0,0,0,0,0,6,0,0
482912,1,1,13,13,13,13,13,13,13,13,13,13
482913,1,1,16,16,16,16,16,16,16,16,16,16
482914,1,1,0,0,0,0,0,0,18,0,0,0
482915,1,1,0,0,0,0,0,20,0,0,0,28
482916,1,1,30,15,0,37,15,21,21,39,25,13
482916,2,1,9,0,0,0,38,0,0,0,0,0
482917,1,1,12,0,0,6,0,0,0,0,3,0
482917,2,1,0,10,25,9,0,0,0,0,28,0
482918,0,1,15,15,15,15,15,15,15,15,15,15
482918,1,1,0,0,19,0,0,0,9,14,0,0
482919,1,1,0,0,0,0,0,0,0,0,0,0
482919,2,1,0,0,0,0,0,0,0,0,0,0
482920,0,1,22,22,22,22,22,22,22,22,22,22
482920,1,1,18,0,5,0,7,5,0,16,22,8
482921,1,1,0,0,0,17,0,0,0,0,0,0
482921,2,1,0,0,0,0,0,0,0,0,0,0
482922,0,1,21,0,0,0,9,0,0,0,9,22
482922,1,1,0,0,0,0,18,5,0,0,10,10
482923,1,1,19,17,35,0,31,8,22,0,0,19
482923,2,1,0,0,0,9,0,0,0,0,0,24
482923,3,1,0,0,12,0,0,0,11,0,0,0
482924,1,1,5,19,0,0,0,0,0,13,5,16
482924,2,1,6,6,6,6,6,6,6,6,6,6
482925,1,1,22,22,22,22,22,22,22,22,22,22
482926,1,1,0,0,0,0,0,0,0,0,0,0
482926,2,1,0,0,0,0,0,0,0,0,0,0
482928,1,1,0,0,0,0,0,0,0,0,0,25
482928,2,1,0,0,0,0,0,0,0,0,0,13
482929,0,1,1,1,1,1,1,1,1,1,1,1
482929,1,1,15,0,3,0,9,0,17,0,9,0
482930,0,1,8,8,8,8,8,8,8,8,8,8
482930,1,1,29,6,25,12,4,18,37,0,0,3
482931,1,1,11,13,20,8,0,8,20,7,12,18
482931,2,1,0,0,0,0,0,0,0,0,0,0
482932,0,1,0,0,0,0,0,32,19,17,16,35
482932,1,1,8,19,0,0,0,8,16,0,9,6
482933,1,1,5,18,8,27,0,0,0,0,0,23
482934,0,1,0,0,0,14,0,26,0,0,0,0
482934,1,1,0,0,0,0,0,0,0,0,0,0
482935,1,1,19,19,19,19,19,19,19,19,19,19
482936,0,1,10,0,0,0,0,0,15,44,0,0
482936,1,1,0,0,0,0,0,9,19,0,24,31
482937,1,1,23,11,7,0,14,13,26,0,0,0
482938,1,1,0,0,0,0,0,0,15,0,0,0
482938,2,1,0,0,0,0,0,0,0,0,0,0
482939,0,1,31,31,31,31,31,31,31,31,31,31
482939,1,1,0,0,3,8,0,0,0,9,0,6
482940,1,1,0,0,0,0,0,0,0,0,0,0
482941,1,1,18,18,18,18,18,18,18,18,18,18
482942,0,1,0,0,0,0,0,0,0,0,0,0
482942,1,1,14,7,14,0,5,17,0,18,0,16
482943,0,1,16,0,0,12,0,0,0,20,0,0
482943,1,1,0,0,0,0,0,0,0,14,0,18
482944,1,1,0,0,0,0,10,11,0,0,0,10
482945,1,1,0,0,9,16,4,0,0,0,0,0
482945,2,1,0,0,18,0,0,12,0,0,0,0
482946,1,1,21,21,21,21,21,21,21,21,21,21
482946,2,1,0,0,0,0,0,0,0,0,0,18
482946,3,1,8,0,0,17,0,0,0,0,0,0
482946,4,1,7,0,10,0,0,0,0,0,0,34
482947,1,1,0,0,0,0,0,0,0,0,0,0
482947,2,1,8,16,13,7,11,18,10,11,26,9
482948,1,1,22,22,22,22,22,22,22,22,22,22
482949,1,1,0,0,0,0,0,0,0,0,0,0
482950,1,1,0,0,0,0,19,0,0,0,0,0
482951,1,1,0,0,0,0,0,0,0,0,0,0
482951,2,1,0,0,0,0,0,0,0,0,0,0
482952,0,1,0,0,0,0,0,0,0,0,0,0
482952,1,1,17,7,15,18,18,8,14,19,14,21
482953,0,1,0,8,27,23,27,0,21,13,0,0
482953,1,1,14,0,0,0,11,0,0,0,22,5
482954,1,1,19,19,19,19,19,19,19,19,19,19
482954,2,1,0,14,11,0,0,0,0,0,0,0
482955,0,1,0,0,0,0,0,0,0,0,0,0
482955,1,1,0,0,0,0,0,0,13,0,8,14
482956,0,1,5,5,5,5,5,5,5,5,5,5
482956,1,1,0,0,0,0,0,5,8,0,0,20
482957,1,1,0,0,0,0,0,0,0,0,0,0
482957,2,1,0,0,0,13,0,28,0,15,0,0
482958,1,1,0,0,0,0,0,0,0,0,0,0
482958,2,1,0,0,0,0,0,0,0,0,0,0
482959,1,1,28,24,0,0,0,0,0,0,0,11
482960,0,1,20,20,20,20,20,20,20,20,20,20
482960,1,1,0,19,10,0,0,0,19,0,0,0
482961,1,1,22,22,22,22,22,22,22,22,22,22
482962,1,1,18,18,18,18,18,18,18,18,18,18
482963,1,1,21,23,0,0,0,0,19,0,21,17
482964,1,1,5,5,5,5,5,5,5,5,5,5
482965,0,1,0,0,0,0,0,0,0,0,0,10
482965,1,1,0,0,0,0,0,0,0,0,0,0
482966,0,1,6,6,6,6,6,6,6,6,6,6
482966,1,1,0,25,5,26,0,7,9,19,22,28
482967,1,1,13,52,4,0,23,11,21,13,15,21
482968,1,1,0,0,0,0,10,0,0,0,9,0
482969,1,1,23,23,23,23,23,23,23,23,23,23
482970,0,1,0,0,0,0,0,0,0,0,0,0
482970,1,1,0,15,0,0,18,0,0,0,0,0
482970,2,1,0,0,0,0,0,0,0,0,0,0
482971,1,1,25,25,25,25,25,25,25,25,25,25
482972,1,1,0,0,0,0,0,0,0,0,0,0
482972,2,1,0,8,0,0,0,0,8,0,0,0
482972,3,1,0,0,0,0,0,0,0,0,0,11
482973,1,1,9,0,0,0,0,22,29,28,0,15
482973,2,1,14,0,0,28,19,33,0,0,0,9
482974,1,1,9,9,9,9,9,9,9,9,9,9
482975,1,1,0,0,0,0,0,0,0,15,0,0
482976,1,1,0,0,0,0,7,0,0,0,0,0
482976,2,1,0,0,0,0,0,0,0,0,0,0
482977,1,1,0,0,7,0,0,31,0,12,5,20
482977,2,1,0,11,0,0,0,19,0,12,14,0
482978,1,1,0,0,0,12,0,0,0,0,0,0
482979,1,1,13,13,13,13,13,13,13,13,13,13
482979,2,1,0,12,0,23,27,13,23,0,19,18
482980,1,1,11,13,0,0,5,0,18,0,7,0
482981,1,1,22,22,22,22,22,22,22,22,22,22
482982,1,1,0,0,0,0,0,0,0,0,0,0
482982,2,1,0,0,0,0,0,0,0,0,0,0
482983,0,1,27,0,10,25,0,0,0,0,24,0
482983,1,1,13,13,13,13,13,13,13,13,13,13
482984,0,1,9,0,0,28,13,0,0,0,0,0
482984,1,1,11,11,11,11,11,11,11,11,11,11
482985,1,1,6,6,6,6,6,6,6,6,6,6
482986,1,1,0,4,17,29,13,8,11,19,25,20
482987,0,1,0,0,0,0,0,0,0,0,0,18
482987,1,1,4,0,15,0,0,8,0,0,0,19
482988,1,1,9,0,0,0,0,23,0,0,0,0
482988,2,1,0,0,0,0,12,0,0,0,0,0
482989,0,1,30,0,0,0,24,0,0,0,31,0
482989,1,1,0,0,0,0,0,0,0,0,0,13
482990,0,1,0,22,0,0,0,0,9,0,0,0
482990,1,1,0,0,11,0,34,21,0,26,0,7
482991,1,1,2,2,2,2,2,2,2,2,2,2
482991,2,1,0,22,18,0,0,0,0,13,0,0
482992,0,1,0,0,0,25,0,0,0,0,0,23
482992,1,1,17,0,0,0,0,0,0,0,0,0
482992,2,1,0,0,0,0,0,0,0,4,0,0
482993,1,1,0,0,0,16,0,11,14,0,0,0
482993,2,1,0,4,22,16,35,12,0,11,36,7
482994,1,1,0,0,0,0,0,15,30,41,13,0
482995,1,1,19,19,19,19,19,19,19,19,19,19
482996,0,1,31,19,0,0,0,0,26,0,17,24
482996,1,1,16,9,12,10,0,10,8,10,28,22
482997,1,1,26,26,26,26,26,26,26,26,26,26
482998,0,1,35,35,35,35,35,35,35,35,35,35
482998,1,1,10,4,21,8,18,0,8,14,26,8
482999,0,1,0,0,0,0,0,0,0,0,0,0
482999,1,1,0,0,0,0,16,21,0,0,0,7
483000,1,1,0,0,0,0,0,0,0,0,0,0
483000,2,1,0,15,0,0,18,0,0,13,0,0
483001,0,1,16,17,0,21,0,0,17,0,0,0
483001,1,1,22,0,0,0,0,0,0,0,0,19
483001,2,1,18,0,0,14,0,0,8,0,13,12
483002,1,1,0,0,0,0,0,0,0,0,0,0
483002,2,1,0,0,0,7,0,7,0,0,0,0
483003,0,1,0,0,0,0,0,0,0,0,0,0
483003,1,1,0,0,22,0,0,13,0,19,0,16
483004,1,1,20,20,20,20,20,20,20,20,20,20
483004,2,1,37,0,0,0,0,0,21,0,0,0
483005,0,1,37,37,37,37,37,37,37,37,37,37
483005,1,1,15,12,0,0,20,0,0,8,0,0
483005,2,1,0,6,0,28,0,20,0,18,0,0
483006,1,1,0,0,0,0,0,0,0,0,0,0
483006,2,1,31,31,31,31,31,31,31,31,31,31
483007,0,1,0,0,0,0,0,0,0,0,0,0
483007,1,1,18,0,5,20,5,7,0,0,0,10
483008,1,1,40,0,5,0,0,0,0,18,0,0
483008,2,1,0,0,0,0,0,0,0,0,0,0
483009,1,1,2,2,2,2,2,2,2,2,2,2
483009,2,1,15,3,0,5,0,0,19,9,0,0
483010,1,1,8,20,0,0,11,0,0,10,0,0
483010,2,1,0,16,0,0,0,0,0,0,0,13
483010,3,1,0,0,0,0,20,7,0,34,0,0
483011,1,1,0,14,0,27,0,0,18,0,0,0
483011,2,1,0,0,0,0,0,0,0,0,0,0
483012,1,1,19,19,35,0,15,0,0,5,0,27
483013,1,1,21,15,0,0,0,0,20,7,0,0
483013,2,1,0,0,0,0,0,0,0,0,0,0
483014,1,1,0,0,0,0,0,0,0,0,0,0
483014,2,1,0,0,0,7,0,0,0,0,0,4
483015,1,1,0,0,0,0,0,0,0,0,0,0
483015,2,1,0,0,0,0,0,0,0,0,23,9
483016,1,1,20,20,20,20,20,20,20,20,20,20
483017,1,1,13,0,0,0,0,0,14,0,0,0
483018,1,1,11,0,0,0,0,0,20,10,9,0
483019,1,1,0,0,0,0,0,0,0,0,0,0
483020,1,1,20,0,13,16,15,18,0,0,0,5
483020,2,1,10,10,10,10,10,10,10,10,10,10
483021,1,1,3,3,3,3,3,3,3,3,3,3
483021,2,1,0,0,0,0,0,0,0,0,0,0
483022,1,1,19,19,19,19,19,19,19,19,19,19
483022,2,1,0,0,0,0,16,0,0,0,0,0
483023,1,1,4,11,0,0,0,0,0,0,15,0
483023,2,1,0,0,0,0,26,0,0,22,15,0
483024,1,1,11,11,11,11,11,11,11,11,11,11
483024,2,1,0,0,0,0,0,0,0,0,0,0
483025,0,1,0,0,0,0,0,0,0,0,0,0
483025,0,2,0,0,0,0,0,36,0,0,0,0
483025,1,1,4,10,17,0,0,11,0,0,0,0
483026,0,1,0,0,0,0,0,0,0,0,0,0
483026,1,1,0,0,14,0,0,0,13,10,0,0
483027,1,1,27,0,0,0,0,0,0,0,0,0
483027,2,1,0,0,0,0,0,0,0,0,0,0
483028,1,1,0,0,16,0,0,0,0,14,11,13
483029,1,1,0,0,0,30,0,0,0,0,0,28
483029,2,1,0,0,0,0,0,0,10,0,0,0
483030,1,1,0,0,0,22,0,0,0,0,0,0
483030,2,1,0,4,0,0,0,0,0,0,0,0
483031,1,1,0,28,0,0,0,13,0,0,50,24
483032,1,1,0,0,0,0,0,0,0,0,0,0
483033,1,1,0,0,0,0,0,7,0,0,0,0
483033,2,1,0,0,0,0,0,0,0,0,0,0
483034,1,1,10,0,0,0,14,36,0,0,0,18
483034,2,1,4,4,4,4,4,4,4,4,4,4
483034,3,1,0,0,0,0,0,0,0,0,22,0
483034,4,1,3,25,0,0,0,0,18,32,0,0
483034,5,1,0,0,0,22,0,5,0,0,0,0
483035,0,1,31,31,31,31,31,31,31,31,31,31
483035,1,1,0,0,0,16,16,0,0,10,0,0
483035,2,1,0,43,10,0,0,10,0,6,0,0
483035,3,1,0,15,0,0,0,0,0,0,0,0
483036,0,1,19,24,0,0,0,0,0,20,0,0
483036,1,1,0,0,0,0,13,8,0,5,0,0
483037,1,1,0,0,0,0,0,0,0,0,0,0
483038,0,1,0,0,24,17,5,12,0,0,15,0
483038,1,1,15,8,21,15,15,25,9,14,8,0
483039,0,1,0,0,0,0,0,0,0,0,0,0
483039,1,1,0,0,12,0,14,16,4,0,40,0
483040,1,1,16,16,16,16,16,16,16,16,16,16
483041,0,1,0,0,0,0,0,0,0,0,0,0
483041,1,1,0,0,0,0,0,0,0,0,0,0
483042,0,1,0,0,0,0,0,0,0,0,0,0
483042,1,1,0,0,0,35,0,0,0,16,0,0
483042,2,1,0,0,23,13,10,0,0,11,10,0
483043,0,1,0,10,0,23,0,30,0,0,12,13
483043,1,1,0,0,0,0,0,7,0,0,35,0
483044,1,1,0,0,0,0,0,0,0,0,0,0
483044,2,1,0,0,0,0,0,0,0,0,0,0
483045,1,1,0,0,11,26,15,0,0,15,14,0
483045,2,1,0,0,27,3,0,0,10,0,33,0
483046,1,1,0,0,0,0,0,0,0,0,0,0
483047,1,1,16,16,16,16,16,16,16,16,16,16
483048,1,1,17,30,15,25,10,0,0,4,0,10
483049,1,1,14,14,14,14,14,14,14,14,14,14
483050,0,1,0,0,0,0,0,0,0,0,22,0
483050,1,1,0,0,0,0,0,0,0,0,0,0
483051,1,1,0,5,13,18,0,14,0,7,30,0
483052,1,1,0,0,19,10,21,0,0,0,0,17
483053,0,1,7,32,27,7,14,23,29,0,0,0
483053,1,1,0,0,9,14,0,0,4,0,3,11
483054,0,1,10,0,0,0,38,10,0,0,6,18
483054,1,1,0,0,0,0,0,0,0,0,0,0
483055,1,1,0,0,0,0,23,23,0,0,0,0
483055,2,1,6,0,0,0,0,0,0,0,0,0
483056,0,1,36,36,36,36,36,36,36,36,36,36
483056,1,1,18,0,0,0,0,0,14,0,7,22
483057,1,1,14,14,14,14,14,14,14,14,14,14
483058,1,1,0,0,0,0,10,0,0,0,0,0
483058,2,1,0,0,0,0,0,0,0,14,0,7
483059,1,1,0,0,0,0,0,0,0,0,0,0
483059,2,1,4,4,4,4,4,4,4,4,4,4
483059,3,1,0,17,0,0,0,14,0,0,0,0
483059,4,1,0,24,0,16,0,0,0,0,0,0
483060,1,1,0,0,0,0,0,0,0,0,0,0
483061,1,1,37,0,16,0,27,21,0,0,19,0
483061,2,1,0,0,11,0,0,0,0,0,0,0
483062,1,1,0,29,28,8,0,0,14,0,35,13
483062,2,1,0,0,0,0,24,0,16,0,14,0
483062,3,1,0,0,0,0,0,0,0,0,0,0
483063,1,1,1,1,1,1,1,1,1,1,1,1
483063,2,1,0,0,0,0,0,0,0,0,0,0
483064,1,1,0,0,7,0,0,0,0,0,0,16
483065,1,1,19,0,0,0,0,0,0,16,11,0
483066,0,1,0,0,0,0,0,0,0,0,0,0
483066,1,1,17,0,0,17,0,0,0,11,13,0
483067,1,1,0,0,0,0,0,0,0,0,0,0
483067,2,1,0,25,0,0,0,0,0,0,0,0
483068,1,1,0,0,0,11,6,0,12,0,0,19
483068,2,1,0,0,0,0,0,13,0,11,0,17
483070,1,1,14,15,0,0,13,0,11,0,14,0
483070,2,1,14,14,14,14,14,14,14,14,14,14
483070,3,1,0,0,0,3,11,1,7,17,10,6
483071,1,1,22,0,22,0,18,23,11,0,0,0
483072,1,1,0,0,0,17,14,0,0,13,0,0
483073,0,1,0,0,32,0,6,0,11,17,0,17
483073,1,1,0,0,0,0,0,0,0,0,0,0
483074,0,1,0,0,0,0,18,0,17,30,46,0
483074,1,1,0,0,0,13,0,0,0,13,0,0
483075,1,1,12,0,0,0,0,0,0,0,8,13
483075,2,1,10,0,0,0,0,23,0,0,0,0
483075,3,1,0,0,0,0,0,0,0,0,0,0
483076,0,1,0,0,25,0,0,22,0,0,18,0
483076,1,1,0,0,0,0,0,0,0,0,0,17
483077,1,1,0,0,8,0,4,0,16,15,15,0
483077,2,1,0,0,11,0,12,0,0,15,0,0
483078,0,1,0,0,0,0,0,0,0,0,0,0
483078,1,1,0,0,0,13,35,0,0,0,9,0
483079,1,1,16,16,16,16,16,16,16,16,16,16
483079,2,1,16,7,0,0,0,0,23,0,14,0
483079,3,1,17,0,0,0,16,0,0,0,0,0
483079,4,1,0,0,4,0,0,10,5,0,0,12
483080,1,1,34,15,16,29,27,45,8,9,11,11
483081,1,1,34,34,34,34,34,34,34,34,34,34
483081,2,1,0,0,0,14,19,0,15,10,16,14
483082,1,1,10,24,10,10,6,6,14,6,22,21
483083,1,1,16,16,16,16,16,16,16,16,16,16
483084,1,1,15,15,15,15,15,15,15,15,15,15
483085,1,1,0,0,0,0,0,0,0,0,0,0
483085,2,1,0,0,0,0,0,0,0,0,0,0
483086,1,1,0,0,0,22,0,10,0,11,0,0
483086,2,1,0,0,17,0,0,0,18,26,17,14
483087,1,1,15,15,15,15,15,15,15,15,15,15
483088,1,1,0,17,0,0,0,0,0,0,19,0
483088,2,1,0,0,0,0,0,0,0,0,0,0
483089,0,1,0,0,0,19,0,0,0,0,0,22
483089,1,1,0,24,0,0,13,0,5,10,22,0
483090,1,1,0,0,0,15,2,3,0,0,0,29
483090,2,1,6,0,13,10,0,0,8,0,0,0
483091,0,1,28,24,0,21,22,0,0,15,24,0
483091,1,1,15,0,0,16,0,0,0,0,0,0
483092,1,1,15,9,22,0,0,10,0,8,24,10
483093,1,1,0,0,0,0,10,0,0,0,0,0
483093,2,1,0,0,0,0,0,0,0,0,0,0
483094,1,1,0,0,24,7,0,0,9,0,0,0
483095,1,1,14,14,14,14,14,14,14,14,14,14
483096,0,1,0,0,0,0,0,0,0,0,0,0
483096,1,1,0,0,0,0,0,0,0,0,0,0
483097,1,1,22,22,22,22,22,22,22,22,22,22
483098,1,1,21,21,21,21,21,21,21,21,21,21
483099,1,1,25,15,0,23,0,0,25,17,17,12
483100,1,1,14,14,14,14,14,14,14,14,14,14
483101,1,1,0,25,0,0,28,0,0,0,0,0
483101,2,1,10,0,0,5,0,0,0,23,0,0
483102,1,1,20,20,20,20,20,20,20,20,20,20
483103,0,1,0,0,0,0,0,17,7,13,0,38
483103,1,1,0,14,0,9,35,6,24,19,17,0
483104,1,1,20,20,20,20,20,20,20,20,20,20
483105,1,1,0,0,0,0,0,0,9,0,0,0
483105,2,1,0,0,0,0,0,0,0,0,0,0
483106,0,1,0,15,0,0,0,0,17,0,0,0
483106,1,1,0,0,0,19,0,0,0,0,0,10
483107,0,1,20,20,20,20,20,20,20,20,20,20
483107,1,1,0,0,0,0,14,0,0,0,15,0
483108,1,1,0,0,0,0,12,0,12,0,0,0
483109,1,1,0,0,0,0,0,0,0,0,0,0
483109,2,1,0,0,0,8,0,0,0,0,0,17
483110,1,1,0,0,0,0,0,0,10,0,0,0
483110,2,1,25,0,0,0,0,16,0,0,0,0
483111,1,1,0,0,0,0,0,0,0,0,0,0
483111,2,1,0,0,0,1,0,0,0,0,0,0
483112,1,1,0,0,0,0,0,0,0,0,0,0
483113,1,1,18,18,18,18,18,18,18,18,18,18
483114,0,1,27,15,10,0,0,0,25,0,0,19