ST_CASE,VEH_NO,PER_NO,P1,P2,P3,P4,P5,P6,P7,P8,P9,P10
483114,0,2,0,0,0,0,0,0,0,0,0,0
483114,1,1,0,0,0,0,5,0,0,0,0,0
483114,3,1,0,0,0,0,0,0,0,0,0,2
483115,1,1,4,8,0,0,0,0,25,0,16,0
483115,2,1,0,0,0,0,30,12,0,0,17,0
483116,1,1,20,0,0,0,0,0,0,27,20,0
483117,1,1,0,0,0,0,16,0,5,0,0,0
483118,1,1,0,19,0,0,20,28,2,24,12,14
483119,0,1,0,0,8,0,0,18,0,0,0,0
483119,1,1,0,0,0,0,8,0,0,17,0,0
483120,1,1,0,0,0,0,0,0,0,0,0,0
483121,0,1,0,0,0,0,0,0,0,0,0,0
483121,1,1,0,0,0,0,0,0,0,0,0,0
483121,2,1,12,0,9,6,7,0,24,12,11,33
483122,1,1,11,26,25,30,18,22,17,17,0,17
483123,1,1,0,0,0,0,0,0,13,0,0,0
483123,2,1,15,15,15,15,15,15,15,15,15,15
483123,3,1,0,0,22,0,11,0,0,0,0,12
483124,1,1,0,0,0,37,30,19,0,0,0,0
483125,0,1,0,0,20,0,0,20,0,0,0,0
483125,1,1,0,0,0,0,34,0,0,0,0,0
483126,1,1,0,0,0,13,0,0,0,0,0,0
483127,1,1,0,0,0,0,0,0,0,0,0,0
483128,1,1,0,0,26,0,7,14,0,20,14,0
483128,2,1,19,8,11,0,0,0,0,15,0,14
483129,1,1,15,15,15,15,15,15,15,15,15,15
483129,2,1,3,3,3,3,3,3,3,3,3,3
483130,1,1,16,16,16,16,16,16,16,16,16,16
483131,1,1,0,0,0,0,0,0,11,0,0,0
483131,2,1,0,0,0,0,0,0,0,0,0,0
483132,1,1,17,30,0,14,10,12,0,0,0,9
483133,0,1,0,42,0,0,0,0,0,19,0,0
483133,1,1,12,0,0,0,13,14,7,21,0,0
483134,0,1,0,0,31,0,0,0,0,0,0,0
483134,1,1,0,16,0,0,16,0,0,17,0,13
483135,1,1,5,23,8,10,0,0,0,0,0,5
483135,2,1,0,7,0,0,16,0,18,0,0,0
483135,3,1,24,0,0,0,0,0,0,5,25,12
483135,4,1,5,0,0,0,10,0,0,0,0,11
483136,0,1,25,18,0,0,0,15,0,0,20,0
483136,1,1,13,0,0,11,0,0,0,0,0,6
483136,2,1,17,7,0,2,16,0,0,20,13,10
483137,1,1,0,0,0,18,0,0,0,17,27,25
483138,0,1,0,0,0,0,0,0,0,0,0,0
483138,1,1,9,22,7,5,16,8,12,10,13,15
483139,1,1,16,16,16,16,16,16,16,16,16,16
483139,2,1,11,5,0,2,0,0,0,0,0,13
483140,0,1,14,14,14,14,14,14,14,14,14,14
483140,1,1,13,0,8,27,10,0,0,20,0,0
483141,1,1,18,26,0,15,24,0,0,13,0,0
483142,1,1,0,0,0,17,0,10,0,0,6,0
483142,2,1,0,0,0,0,0,0,0,16,0,0
483143,1,1,28,34,14,28,0,65,7,0,26,0
483144,0,1,21,21,21,21,21,21,21,21,21,21
483144,1,1,0,8,7,0,0,0,0,0,0,0
483145,1,1,0,13,20,13,0,0,0,30,0,26
483146,1,1,13,0,0,9,0,0,0,0,0,0
483146,2,1,13,0,0,0,30,0,22,0,9,0
483146,3,1,14,0,0,0,21,9,22,0,0,0
483147,1,1,0,0,0,10,0,0,7,0,0,0
483148,1,1,0,0,0,0,0,0,0,0,0,0
483148,2,1,0,0,0,0,0,0,0,0,0,0
483149,1,1,0,0,0,0,0,0,0,0,0,0
483150,1,1,0,13,16,0,0,0,0,0,0,0
483150,2,1,0,21,25,14,0,13,0,0,13,0
483151,0,1,0,0,0,0,0,0,0,0,0,0
483151,1,1,0,0,0,9,0,0,0,0,0,12
483152,1,1,0,0,0,0,0,0,11,7,0,0
483152,2,1,0,0,24,0,22,0,0,0,13,0
483153,0,1,0,0,0,0,0,0,0,0,0,0
483153,1,1,20,23,18,0,33,0,0,0,11,25
483154,1,1,0,0,0,0,0,0,0,0,0,0
483154,2,1,0,0,0,0,0,0,0,0,0,0
483155,1,1,43,0,14,0,0,14,0,20,0,0
483156,1,1,10,0,0,5,0,11,0,0,0,6
483156,2,1,26,0,0,17,0,0,0,0,0,0
483157,1,1,19,19,19,19,19,19,19,19,19,19
483158,1,1,0,0,0,0,0,0,0,0,0,0
483158,2,1,0,0,0,0,17,0,0,5,0,0
483159,0,1,0,0,0,15,0,2,0,0,13,0
483159,1,1,0,0,0,0,0,0,0,0,0,0
483160,1,1,0,0,0,0,0,0,26,0,0,27
483161,1,1,0,0,0,0,0,0,0,0,0,0
483161,2,1,0,0,0,0,5,23,0,0,0,0
483162,0,1,14,0,0,0,6,0,0,0,0,0
483162,1,1,0,0,0,14,0,0,0,0,0,0
483163,0,1,1,1,1,1,1,1,1,1,1,1
483163,1,1,0,0,0,0,5,0,0,0,0,0
483164,0,1,0,0,0,0,0,0,0,0,0,0
483164,1,1,0,0,0,17,0,9,18,0,26,0
483165,1,1,24,24,24,24,24,24,24,24,24,24
483166,1,4,0,0,0,0,0,0,0,0,15,11
483167,1,1,0,0,0,0,0,0,0,28,6,0
483168,1,1,0,0,0,0,0,0,0,0,0,0
483168,2,1,0,0,0,0,0,0,0,0,0,0
483169,1,1,17,17,17,17,17,17,17,17,17,17
483170,1,1,0,0,0,0,0,0,4,0,0,30
483170,2,1,0,0,8,0,2,0,0,0,19,0
483171,1,1,0,0,0,0,0,0,0,0,0,0
483172,1,1,21,21,16,12,10,21,11,25,31,39
483173,1,1,0,0,0,0,0,0,0,0,0,17
483174,1,1,0,24,19,0,0,0,0,0,0,14
483175,0,1,0,0,0,0,0,0,0,0,0,0
483175,1,1,0,0,0,0,11,0,0,0,0,0
483176,1,1,22,22,22,22,22,22,22,22,22,22
483177,1,1,0,17,27,30,0,0,27,20,19,18
483178,1,1,13,13,13,13,13,13,13,13,13,13
483178,2,1,0,0,0,0,0,0,0,0,0,0
483179,1,1,0,0,16,11,0,0,6,21,0,0
483180,1,1,28,8,0,0,21,0,0,0,11,10
483180,2,1,0,0,0,0,0,0,0,0,0,0
483181,1,1,11,19,0,0,0,0,0,0,18,0
483182,1,1,25,25,25,25,25,25,25,25,25,25
483183,1,1,0,0,0,0,0,0,0,0,0,0
483183,2,1,0,2,39,0,15,0,0,0,0,0
483184,1,1,31,31,31,31,31,31,31,31,31,31
483185,1,1,0,0,0,0,0,0,0,0,0,0
483185,2,1,0,0,0,0,0,0,0,0,0,0
483185,3,1,4,19,7,0,0,12,8,0,15,19
483186,1,1,15,15,15,15,15,15,15,15,15,15
483186,2,1,0,0,0,0,0,6,8,0,16,0
483186,3,1,0,0,0,18,0,0,0,0,0,0
483187,1,1,17,0,0,0,0,0,31,0,0,0
483188,1,1,0,0,0,0,0,0,0,0,0,16
483188,2,1,0,0,0,0,0,0,0,0,0,0
483189,1,1,8,0,0,0,0,21,0,0,0,15
483190,1,1,13,13,13,13,13,13,13,13,13,13
483190,2,1,0,12,7,0,8,0,14,0,18,0
483191,0,1,0,0,0,0,0,0,0,0,0,0
483191,1,1,0,0,0,0,0,0,0,0,0,0
483192,1,1,0,0,0,0,0,0,0,0,14,0
483192,2,1,0,0,0,0,0,0,0,0,0,0
483193,1,1,13,13,13,13,13,13,13,13,13,13
483193,2,1,15,13,0,9,0,0,0,0,0,0
483195,1,1,0,0,15,0,0,16,21,0,0,0
483195,2,1,0,14,0,0,0,0,0,0,0,0
483195,3,1,0,0,12,0,0,0,0,0,0,0
483196,1,1,0,0,0,0,0,0,0,0,9,0
483196,2,1,0,16,0,0,0,0,0,0,0,18
483197,1,1,0,14,15,12,0,0,0,8,0,0
483198,1,1,0,0,0,0,0,0,0,0,0,0
483198,2,1,0,0,0,0,0,0,0,0,0,0
483199,1,1,11,11,11,11,11,11,11,11,11,11
483200,1,1,0,0,0,0,0,0,0,0,0,0
483200,2,1,0,24,0,0,0,0,0,0,0,0
483201,1,1,12,6,0,9,35,17,0,0,0,0
483202,1,1,0,27,17,23,18,20,11,39,20,15
483203,0,1,0,0,0,0,0,0,0,0,0,0
483203,1,1,6,7,13,0,0,25,17,0,16,10
483204,1,1,0,0,0,0,0,0,0,0,0,0
483204,2,1,0,0,0,0,0,0,0,0,0,0
483205,0,1,0,18,0,0,0,0,10,0,0,16
483205,1,1,0,0,0,0,0,0,0,0,13,0
483206,0,1,0,0,0,0,0,0,0,0,11,0
483206,1,1,0,4,0,0,24,4,0,29,0,0
483207,1,1,0,0,0,0,9,0,0,0,0,0
483207,2,1,0,0,0,0,0,0,0,0,0,0
483208,1,1,0,0,0,0,0,0,0,0,0,0
483208,2,1,7,0,0,0,0,0,0,0,0,0
483208,3,1,0,0,16,0,0,0,3,0,0,14
483209,0,1,0,0,0,0,0,0,0,0,0,0
483209,1,1,0,0,0,0,0,0,0,0,11,0
483210,0,1,0,0,0,0,0,0,0,0,0,0
483210,1,1,0,19,0,0,0,0,0,0,0,0
483211,0,1,0,0,16,0,8,0,0,12,19,0
483211,1,1,0,28,12,15,12,10,10,0,14,10
483212,1,1,18,0,0,0,0,0,0,0,0,0
483213,1,1,0,0,0,10,0,0,0,0,0,0
483213,2,1,0,0,0,0,0,0,0,0,0,0
483214,0,1,8,0,0,27,0,0,0,43,0,0
483214,1,1,0,16,0,0,0,0,0,0,0,26
483214,2,1,0,0,0,21,10,0,30,0,18,38
483215,1,1,30,30,30,30,30,30,30,30,30,30
483216,1,1,9,9,9,9,9,9,9,9,9,9
483217,1,1,0,0,0,0,0,0,0,0,0,0
483217,2,1,0,0,0,0,0,0,0,0,0,0
483218,1,1,0,18,0,0,0,0,0,0,0,0
483218,2,1,0,0,7,0,0,0,0,0,0,0
483219,1,1,26,26,26,26,26,26,26,26,26,26
483219,2,1,12,0,0,0,0,0,0,0,0,0
483220,1,1,16,0,17,0,0,0,12,0,0,0
483221,1,1,22,19,10,5,20,0,17,24,17,11
483222,0,1,0,0,0,27,0,37,0,0,0,0
483222,1,1,0,0,0,0,0,0,0,0,0,0
483223,1,1,0,0,0,0,0,0,0,0,20,0
483223,2,1,0,0,0,0,0,0,10,0,0,0
483223,3,1,0,3,0,0,0,0,0,0,0,0
483224,1,1,0,0,5,0,25,13,16,0,0,0
483225,1,1,0,0,0,0,0,0,0,0,0,0
483225,2,1,0,0,0,0,0,0,0,0,0,0
483226,0,1,46,0,0,22,0,0,0,0,0,0
483226,0,2,0,0,0,0,0,0,0,0,0,0
483226,1,1,2,0,0,0,0,0,0,11,0,0
483227,1,1,14,14,14,14,14,14,14,14,14,14
483227,2,1,0,28,13,12,20,11,0,19,0,15
483228,0,1,0,0,0,0,0,30,9,0,0,19
483228,1,1,18,0,0,13,16,0,0,0,0,10
483229,0,1,0,0,0,7,0,17,0,0,0,0
483229,1,1,0,0,0,0,0,7,0,0,0,19
483230,1,1,20,13,13,3,25,7,10,21,10,24
483231,0,1,0,0,0,0,19,24,20,20,0,0
483231,1,1,12,17,11,0,0,0,0,10,0,26
483232,1,1,0,0,0,0,0,0,0,0,0,0
483232,2,1,0,0,0,0,0,0,0,0,0,0
483233,1,1,0,0,10,0,0,0,0,0,0,0
483233,2,1,0,0,0,0,0,0,0,15,18,9
483234,1,1,14,0,15,24,0,0,0,20,0,16
483235,1,1,18,0,0,0,27,0,20,0,0,0
483236,1,1,3,3,3,3,3,3,3,3,3,3
483237,1,1,0,0,0,0,0,0,0,0,0,0
483237,2,1,0,0,0,0,0,0,0,0,0,0
483238,1,1,0,0,0,0,0,0,0,0,0,0
483238,2,1,0,0,0,0,0,0,0,0,0,0
483238,3,1,0,0,2,18,0,0,0,0,0,0
483239,1,1,0,0,0,0,0,0,0,0,0,0
483239,2,1,10,0,0,0,0,0,0,0,0,0
483239,3,1,0,0,0,0,0,0,0,0,0,0
483241,1,1,0,0,0,0,0,0,0,0,0,0
483241,2,1,0,0,4,0,0,12,26,0,0,0
483242,1,1,0,0,0,0,0,0,0,0,0,17
483242,2,1,8,0,0,0,0,6,6,0,0,0
483243,1,1,0,0,0,0,14,12,0,0,0,0
483243,2,1,0,0,0,6,0,0,0,0,0,0
483244,1,1,0,0,0,0,0,0,0,0,0,10
483244,2,1,0,0,0,0,0,0,0,0,0,4
483245,1,1,0,12,13,19,0,5,0,12,0,0
483246,0,1,14,0,0,18,11,0,0,0,0,0
483246,1,1,0,0,0,0,0,0,0,0,0,0
483247,1,1,0,0,0,0,0,0,5,0,0,0
483247,2,1,0,0,0,0,0,0,0,0,0,0
483247,3,1,0,12,0,0,0,0,0,0,0,0
483248,1,1,22,22,22,22,22,22,22,22,22,22
483249,1,1,0,0,0,0,0,0,0,0,0,0
483251,1,1,24,0,0,0,0,0,21,0,0,0
483251,2,1,0,0,0,0,0,0,0,0,0,0
483252,1,1,0,0,0,0,0,0,0,0,0,0
483252,2,1,0,0,0,0,0,0,0,2,0,0
483253,0,1,11,11,11,11,11,11,11,11,11,11
483253,1,1,0,0,0,0,0,13,0,0,16,15
483254,1,1,26,26,26,26,26,26,26,26,26,26
483254,2,1,0,21,21,0,0,0,30,0,0,0
483255,1,1,0,0,0,3,0,0,0,0,2,0
483256,1,1,0,0,0,0,0,0,0,0,0,0
483257,1,1,0,0,0,0,0,9,0,0,0,0
483257,2,1,0,0,0,0,0,0,0,21,0,0
483258,1,1,9,9,9,9,9,9,9,9,9,9
483259,1,1,20,10,8,5,0,15,14,31,28,30
483260,1,1,0,24,0,0,0,0,18,0,0,0
483260,2,1,0,0,17,0,0,0,0,0,0,0
483261,1,1,26,26,26,26,26,26,26,26,26,26
483262,1,1,0,0,0,0,0,0,0,0,0,0
483262,2,1,14,0,18,6,0,0,32,15,12,0
483262,3,1,16,16,5,25,0,0,0,0,8,15
483262,4,1,6,0,0,0,8,0,0,0,20,0
483263,1,1,2,2,2,2,2,2,2,2,2,2
483263,2,1,0,0,0,0,0,0,0,20,24,0
483264,1,1,22,22,22,22,22,22,22,22,22,22
483265,0,1,0,0,0,0,2,0,26,0,0,0
483265,1,1,0,13,8,7,0,0,0,7,0,10
483266,1,1,0,0,0,0,0,0,0,0,0,0
483266,2,1,18,21,0,0,0,0,0,0,0,13
483267,1,1,21,21,21,21,21,21,21,21,21,21
483268,0,1,0,0,0,0,0,0,0,0,0,0
483268,1,1,29,0,0,6,12,0,25,3,11,18
483269,1,1,16,16,16,16,16,16,16,16,16,16
483270,1,1,0,0,0,0,0,0,0,0,0,0
483270,2,1,0,0,0,0,0,16,0,0,0,0
483270,3,1,0,0,0,0,0,0,0,0,0,15
483271,1,1,0,23,18,0,0,0,0,12,0,0
483271,2,1,7,7,7,7,7,7,7,7,7,7
483272,1,1,0,0,0,0,0,0,0,0,0,0
483272,2,1,0,0,0,13,0,0,0,0,0,0
483273,0,1,13,31,24,25,8,37,15,7,16,8
483273,1,1,17,0,0,0,0,0,0,21,0,0
483274,1,1,36,17,25,45,19,11,23,0,24,26
483274,2,1,0,0,6,21,36,46,21,0,11,23
483275,1,1,0,0,0,0,0,0,0,4,0,0
483275,2,1,5,14,0,0,0,25,0,6,0,18
483276,0,1,12,17,34,17,14,0,0,15,0,0
483276,1,1,10,10,10,10,10,10,10,10,10,10
483277,1,1,0,0,0,0,0,0,22,0,0,0
483278,1,1,7,0,0,5,15,17,16,14,0,10
483279,1,1,0,0,0,0,0,0,0,0,0,0
483280,1,1,10,0,0,0,0,0,0,0,0,0
483280,2,1,0,0,0,0,0,0,0,0,0,0
483281,1,1,0,0,0,0,0,0,0,0,0,0
483282,1,1,0,0,0,0,0,0,0,0,0,0
483282,2,1,0,20,0,0,0,0,0,0,0,0
483283,1,1,14,21,0,0,0,0,0,7,0,0
483284,1,1,0,5,0,0,0,0,0,0,0,0
483284,2,1,0,0,0,0,0,0,0,0,8,0
483284,3,1,0,0,0,0,0,0,28,0,0,0
483285,1,1,0,0,0,0,0,0,0,0,0,0
483285,2,1,0,0,0,0,0,0,0,0,23,0
483286,1,1,0,0,0,0,0,0,0,0,0,0
483286,2,1,0,0,0,0,0,0,0,0,0,0
483287,0,1,0,0,0,0,0,0,0,0,0,0
483287,1,1,9,0,17,0,0,28,9,15,0,0
483288,1,1,17,17,17,17,17,17,17,17,17,17
483288,2,1,0,0,0,0,0,0,18,23,0,15
483289,1,1,9,11,17,14,6,17,17,14,24,7
483290,1,1,0,0,0,0,0,0,0,0,0,0
483290,2,1,0,0,0,0,0,0,0,0,0,0
483291,0,1,25,25,25,25,25,25,25,25,25,25
483291,1,1,0,2,21,0,0,25,18,0,0,4
483292,1,1,29,29,29,29,29,29,29,29,29,29
483294,1,1,35,35,35,35,35,35,35,35,35,35
483294,2,1,0,0,0,0,0,0,0,0,0,0
483295,1,1,36,17,10,23,22,4,16,14,33,5
483296,1,1,0,0,0,0,0,0,0,0,0,0
483296,2,1,0,3,0,0,0,0,0,0,0,0
483296,3,1,0,8,0,0,0,0,0,0,0,0
483297,1,1,13,13,13,13,13,13,13,13,13,13
483298,0,1,0,24,0,0,23,7,0,7,0,25
483298,1,1,19,0,10,0,0,0,0,20,0,0
483299,0,1,0,0,0,0,0,0,0,0,0,0
483299,1,1,5,27,0,0,0,2,18,0,16,5
483300,1,1,0,0,0,0,0,0,0,0,19,11
483300,2,1,0,0,20,0,18,0,0,9,26,0
483301,0,1,0,0,0,0,0,0,0,0,0,0
483301,1,1,0,0,0,0,0,0,0,0,0,0
483302,1,1,0,0,0,0,0,0,0,0,0,0
483302,2,1,0,0,0,0,0,0,6,0,6,0
483302,3,1,0,19,0,0,0,17,18,0,0,21
483303,1,1,0,11,10,7,0,0,22,28,30,0
483303,2,1,2,0,0,0,0,0,0,0,0,0
483304,0,1,0,0,0,0,0,0,0,0,0,0
483304,1,1,0,0,0,0,0,0,0,13,0,13
483305,0,1,28,28,28,28,28,28,28,28,28,28
483305,1,1,0,7,16,2,0,0,19,20,18,19
483306,1,1,0,0,0,0,0,0,0,0,0,0
483306,2,1,48,0,0,16,0,9,0,0,0,0
483306,3,1,19,0,0,0,15,16,15,22,0,0
483307,0,1,0,0,12,12,0,5,0,9,12,0
483307,1,1,0,0,3,0,5,0,0,0,14,0
483308,1,1,26,26,26,26,26,26,26,26,26,26
483309,0,1,0,0,0,0,0,0,0,0,0,0
483309,1,1,7,17,13,0,0,0,0,0,0,0
483310,1,1,0,0,0,0,0,0,0,0,0,0
483310,2,1,0,0,0,0,0,0,0,0,0,0
483311,1,1,25,25,25,25,25,25,25,25,25,25
483312,0,1,0,0,0,0,0,4,0,0,0,0
483312,0,2,0,22,10,0,0,0,0,0,0,10
483312,0,3,0,25,0,9,0,0,0,0,0,0
483312,1,1,0,0,0,0,0,0,0,0,0,0
483313,0,1,51,0,0,30,0,0,0,0,34,0
483313,0,2,0,0,0,0,0,0,45,0,0,0
483313,0,3,30,35,32,0,0,17,0,0,0,28
483313,1,1,0,24,0,11,10,6,26,0,0,9
483314,1,1,17,0,0,23,0,0,0,0,0,0
483314,2,1,0,0,9,0,0,0,0,0,10,21
483314,3,1,0,0,0,0,0,0,0,0,0,0
483314,4,1,0,0,0,0,0,0,15,0,0,0
483315,1,1,9,9,9,9,9,9,9,9,9,9
483316,1,1,0,20,0,30,25,14,13,0,0,0
483317,1,1,19,19,19,19,19,19,19,19,19,19
483318,1,1,14,0,14,0,12,0,10,0,0,0
483319,0,1,0,0,0,0,0,0,0,0,0,0
483319,1,1,14,0,22,0,16,8,3,12,11,12
483319,2,1,0,0,0,0,0,0,0,0,0,0
483320,1,1,0,0,0,0,0,0,0,0,0,0
483320,2,1,0,0,0,0,0,0,0,0,0,0
483321,1,1,0,0,0,0,0,0,0,11,0,0
483321,2,1,0,0,0,0,0,0,0,0,0,8
483322,1,1,15,15,15,15,15,15,15,15,15,15
483323,0,1,0,0,0,0,0,0,0,0,0,0
483323,1,1,0,0,0,0,0,0,0,0,0,0
483324,1,1,32,13,18,13,14,26,10,5,20,7
483325,1,1,0,0,0,0,0,0,0,0,0,0
483325,2,1,0,0,0,0,0,0,36,0,0,0
483326,1,1,0,0,0,0,2,6,0,23,0,0
483327,1,1,0,0,0,11,0,0,0,0,0,0
483327,2,1,0,0,0,0,0,0,0,0,0,0
483328,1,1,0,0,0,0,0,0,0,0,0,0
483328,2,1,0,0,0,0,0,0,0,0,0,0
483329,1,1,0,0,0,0,0,0,10,0,0,0
483330,0,1,0,0,0,0,0,0,0,0,0,0
483330,1,1,0,0,0,3,0,0,0,11,0,0
483331,1,1,0,0,0,0,0,0,0,0,0,0
483331,2,1,0,0,0,0,0,0,0,0,0,0
483332,0,1,0,0,0,0,0,0,0,0,37,0
483332,1,1,0,0,0,3,0,14,16,0,0,10
483333,1,1,26,26,26,26,26,26,26,26,26,26
483333,2,1,0,0,0,0,0,0,0,0,0,0
483334,1,1,0,0,0,0,0,0,0,0,0,0
483334,2,1,0,0,12,0,0,0,0,0,0,0
483335,1,1,18,18,18,18,18,18,18,18,18,18
483335,2,1,0,0,0,0,0,0,0,0,0,0
483336,0,1,0,0,0,0,0,0,0,0,0,0
483336,1,1,0,17,0,0,23,9,0,18,0,0
483336,2,1,16,0,0,0,0,0,0,0,0,9
483336,3,1,13,0,12,26,21,0,0,7,0,0
483337,0,1,8,8,8,8,8,8,8,8,8,8
483337,1,1,0,0,0,0,0,0,0,0,0,0
483338,1,1,3,23,0,15,22,15,10,10,28,6
483339,1,1,0,0,0,0,0,0,0,0,0,22
483340,1,1,0,0,20,0,0,0,0,0,0,0
483340,2,1,10,0,0,0,0,0,0,0,0,0
483341,0,1,30,0,0,0,0,0,20,12,14,21
483341,1,1,16,0,0,0,0,0,0,0,0,0
483342,0,1,0,11,0,0,0,0,0,14,0,0
483342,1,1,0,11,0,13,0,16,3,0,0,0
483343,1,1,0,0,0,0,0,0,0,0,0,0
483343,2,1,0,0,0,0,0,0,0,0,0,0
483344,0,1,38,38,38,38,38,38,38,38,38,38
483344,1,1,0,0,0,0,0,14,0,26,37,0
483345,1,1,0,0,0,0,0,0,0,0,0,0
483345,2,1,0,0,0,0,0,0,0,0,0,0
483346,0,1,24,24,24,24,24,24,24,24,24,24
483346,1,1,0,0,0,0,13,0,0,0,21,0
483347,1,1,22,22,22,22,22,22,22,22,22,22
483348,1,1,0,0,0,0,0,0,0,0,0,0
483348,2,1,0,0,0,0,0,0,14,0,0,0
483348,3,1,0,5,0,0,0,0,0,0,0,0
483349,1,1,16,16,0,0,0,0,33,11,18,16
483350,1,3,0,26,8,0,7,0,0,3,16,0
483351,0,1,0,0,0,0,0,0,0,0,0,16
483351,1,1,0,0,0,0,0,22,0,0,0,0
483352,0,1,20,20,20,20,20,20,20,20,20,20
483352,1,1,0,0,0,0,4,38,0,0,3,20
483353,1,1,0,0,0,0,0,0,0,0,0,0
483354,0,1,0,28,0,0,0,0,0,0,0,15
483354,1,1,0,0,7,0,0,0,25,0,0,20
483354,2,1,10,0,13,0,0,9,0,0,0,0
483355,1,1,46,0,18,0,0,0,0,9,7,5
483356,1,1,0,0,0,0,0,0,0,0,0,0
483356,2,1,0,0,0,0,0,0,0,0,0,0
483357,1,1,0,0,0,0,0,0,0,0,0,0
483357,2,1,0,0,0,0,0,26,0,15,0,0
483358,1,1,0,0,0,0,2,0,0,0,0,0
483359,1,1,0,0,0,19,0,0,0,0,0,0
483360,1,1,21,21,21,21,21,21,21,21,21,21
483360,2,1,0,0,0,21,0,14,0,18,34,0
483361,1,1,0,0,0,0,0,0,0,0,0,0
483361,2,1,0,0,0,0,0,0,0,0,0,12
483362,1,1,18,18,18,18,18,18,18,18,18,18
483363,0,1,0,22,0,0,10,16,0,28,15,38
483363,1,1,0,0,0,0,0,0,21,0,0,0
483364,1,1,0,0,0,0,0,0,0,0,0,18
483364,2,1,10,0,0,0,27,0,0,0,0,17
483365,1,1,0,0,0,0,0,13,0,0,0,0
483365,2,1,0,0,0,0,0,0,0,0,4,0
483366,0,1,25,0,0,23,0,13,24,0,0,33
483366,1,1,8,8,8,8,8,8,8,8,8,8
483367,1,1,0,0,0,0,0,0,0,0,0,0
483367,2,1,0,0,0,0,0,0,0,0,0,0
483368,1,1,0,0,0,0,0,0,0,0,0,0
483368,2,1,0,0,0,0,16,13,0,6,0,0
483368,3,1,0,0,11,10,0,0,0,21,0,0
483369,1,1,0,0,0,0,0,0,0,0,0,25
483370,0,1,24,24,24,24,24,24,24,24,24,24
483370,1,1,7,0,0,0,10,0,0,0,0,0
483371,1,1,0,0,0,0,0,0,0,0,0,0
483371,2,1,0,0,0,19,0,0,0,0,0,0
483372,1,1,0,41,0,16,0,0,0,14,0,7
483373,1,1,21,21,21,21,21,21,21,21,21,21
483374,1,1,0,0,0,0,0,0,0,0,0,0
483375,1,1,19,19,19,19,19,19,19,19,19,19
483376,1,1,15,15,15,15,15,15,15,15,15,15
483376,2,1,0,0,0,21,0,9,23,28,0,0
483377,0,1,20,20,20,20,20,20,20,20,20,20
483377,1,1,0,12,0,14,0,0,0,16,5,0
483378,1,1,21,0,0,0,13,0,37,0,25,0
483378,2,1,0,21,0,25,0,0,0,0,0,0
483379,0,1,7,7,7,7,7,7,7,7,7,7
483379,1,1,18,0,0,29,0,13,0,3,29,10
483380,1,1,0,0,0,0,0,17,0,0,0,0
483380,2,1,0,0,0,4,0,0,0,0,0,0
483381,1,1,0,0,0,0,0,0,0,0,0,0
483382,1,1,0,0,0,0,0,0,0,0,25,0
483382,2,1,0,5,0,0,0,0,0,0,0,0
483383,1,1,0,0,0,0,0,0,0,0,0,0
483383,2,1,0,0,0,0,0,0,0,0,0,0
483384,1,1,0,0,0,0,0,0,0,0,0,0
483385,1,1,15,15,15,15,15,15,15,15,15,15
483385,2,1,0,0,0,0,10,0,0,0,0,21
483386,1,1,19,0,0,0,0,0,23,0,0,14
483387,1,1,0,0,0,0,0,0,0,0,0,0
483387,2,1,0,0,0,0,0,0,0,0,0,0
483387,3,1,10,10,10,10,10,10,10,10,10,10
483388,1,1,0,0,0,0,0,12,0,0,0,0
483388,2,1,0,0,0,0,0,0,0,0,0,0
483389,0,1,0,0,0,0,0,0,0,0,0,0
483389,1,1,0,9,15,14,23,13,17,22,0,28
483390,1,1,0,0,0,0,0,0,0,0,0,0
483390,2,1,0,0,0,0,0,0,0,0,0,0
483391,1,1,0,0,0,0,0,0,0,0,0,0
483391,2,1,0,0,0,0,0,0,0,0,0,0
483391,3,1,0,0,0,0,0,0,0,0,0,0
483392,1,1,1,1,1,1,1,1,1,1,1,1
483392,2,1,0,0,22,8,0,0,0,0,7,31
483393,1,1,0,0,0,0,0,0,17,0,0,0
483393,2,1,0,0,0,0,0,0,0,0,0,0
483394,1,1,0,0,0,0,0,0,0,0,0,0
483394,2,1,0,0,0,0,0,0,0,0,0,0
483395,1,1,8,8,8,8,8,8,8,8,8,8
483395,2,1,0,0,0,0,0,0,0,0,0,0
483395,3,1,0,0,0,6,15,0,24,25,0,11
483396,1,1,0,0,0,0,0,0,0,0,0,0
483396,2,1,0,7,0,0,0,0,0,0,0,0
483397,1,1,14,14,14,14,14,14,14,14,14,14
483398,1,1,35,0,15,0,0,13,0,0,0,0
483399,1,1,0,0,0,0,15,0,0,0,0,26
483399,2,1,0,0,0,0,0,0,0,18,0,0
483400,1,1,0,0,0,0,0,0,0,0,0,0