ST_CASE,VEH_NO,PER_NO,P1,P2,P3,P4,P5,P6,P7,P8,P9,P10
483401,1,1,0,0,0,0,0,0,0,0,0,0
483401,2,1,0,0,0,0,0,0,0,0,0,0
483402,1,1,0,32,0,19,8,0,0,31,0,0
483403,0,1,0,0,0,0,0,0,0,0,0,0
483403,1,1,21,0,0,19,11,18,14,0,22,20
483404,1,1,0,0,0,0,0,0,0,0,0,0
483404,2,1,0,0,0,0,0,0,0,0,0,0
483406,1,1,0,14,0,0,0,0,0,0,0,0
483406,2,1,0,0,19,0,0,0,0,0,0,0
483408,1,1,0,0,0,0,0,0,0,0,0,0
483408,2,1,0,0,8,0,19,0,0,0,23,0
483409,0,1,7,7,7,7,7,7,7,7,7,7
483409,0,2,0,0,0,0,0,0,0,0,0,0
483409,1,1,0,0,0,6,0,19,0,0,0,0
483410,0,1,0,0,0,0,42,0,0,0,0,18
483410,1,1,0,0,0,4,0,0,5,0,0,0
483411,1,1,0,26,0,0,0,0,0,0,0,0
483412,1,1,0,0,0,0,0,0,0,0,0,0
483412,2,1,0,0,21,38,0,0,0,0,0,0
483413,1,1,0,0,0,0,11,0,0,5,27,6
483413,2,1,0,0,0,0,0,0,0,0,0,0
483414,0,1,12,0,26,10,17,0,0,0,0,0
483414,1,1,0,0,14,0,0,0,21,0,0,0
483415,1,1,0,0,0,0,0,0,0,0,0,0
483415,2,1,0,11,8,7,0,0,0,0,0,18
483416,0,1,0,29,36,0,0,10,0,0,18,0
483416,1,1,9,37,32,14,4,8,13,10,11,16
483417,1,1,4,4,4,4,4,4,4,4,4,4
483418,0,1,22,22,22,22,22,22,22,22,22,22
483418,1,1,0,0,0,0,2,0,22,0,0,0
483419,1,1,0,0,0,0,0,0,0,0,0,0
483419,2,1,0,0,0,0,0,11,0,0,0,0
483419,3,1,0,0,0,0,14,0,0,24,0,0
483419,4,1,0,0,0,0,0,0,0,0,0,0
483419,5,1,0,0,0,0,0,0,0,0,0,0
483419,6,1,0,0,0,0,0,0,0,0,0,0
483420,0,1,0,0,0,0,0,0,0,0,0,0
483420,1,1,6,7,0,0,0,5,0,0,3,0
483421,1,1,17,17,17,17,17,17,17,17,17,17
483421,2,1,0,0,0,0,0,0,0,0,0,0
483422,1,1,0,18,0,0,28,0,0,16,0,0
483423,0,1,0,0,0,0,0,0,0,0,0,0
483423,1,1,0,10,0,26,0,0,8,0,0,10
483424,1,1,0,0,0,0,0,0,0,10,0,0
483424,2,1,0,0,0,0,0,0,0,0,0,0
483425,0,1,0,0,0,0,17,0,11,12,0,0
483425,1,1,16,0,6,0,24,36,15,25,0,12
483426,1,1,0,10,0,14,0,0,0,0,0,0
483426,2,1,9,0,17,4,0,0,0,0,0,8
483427,1,1,0,0,0,15,0,0,11,0,0,0
483427,2,1,0,0,0,0,0,0,24,0,5,0
483428,1,1,15,15,15,15,15,15,15,15,15,15
483428,2,1,0,10,23,0,0,14,22,26,4,0
483429,1,1,14,14,14,14,14,14,14,14,14,14
483429,2,1,0,0,26,0,0,0,10,24,0,0
483430,1,1,27,28,0,0,11,0,21,24,0,0
483431,0,1,0,11,39,0,0,24,0,0,0,0
483431,1,1,16,0,12,15,0,15,10,0,0,0
483432,0,1,31,31,31,31,31,31,31,31,31,31
483432,1,1,11,0,10,4,12,12,17,32,19,10
483434,1,1,0,0,0,0,0,15,0,0,0,0
483434,2,1,0,0,0,0,0,0,0,0,0,0
483435,1,1,0,0,0,0,0,0,0,0,0,0
483435,2,1,0,0,0,0,0,0,0,0,0,0
483436,1,1,0,29,26,13,0,0,13,0,0,0
483437,1,1,0,0,0,0,0,0,0,6,0,0
483437,2,1,0,0,0,17,0,0,0,0,0,0
483438,1,1,15,41,0,27,3,10,9,29,13,18
483439,1,1,0,0,0,0,10,0,0,25,7,0
483440,0,1,0,0,0,0,0,0,0,0,0,0
483440,1,1,0,0,0,13,0,0,0,0,0,8
483441,0,1,0,0,35,32,22,0,11,20,13,7
483441,1,1,0,10,0,0,6,0,0,0,16,0
483442,1,1,0,15,17,0,15,9,0,11,15,27
483443,0,1,3,3,3,3,3,3,3,3,3,3
483443,1,1,0,0,0,9,0,0,0,0,25,0
483443,2,1,20,15,9,12,0,0,0,34,2,0
483444,0,1,0,0,0,0,0,0,0,0,0,0
483444,1,1,20,0,24,30,0,0,0,12,20,0
483444,2,1,0,0,0,0,6,0,0,0,0,0
483445,0,1,9,0,0,39,19,16,23,15,0,0
483445,1,1,23,0,0,0,0,0,0,0,0,0
483446,1,1,0,13,0,0,0,0,0,0,0,0
483446,2,1,0,0,19,0,0,0,0,0,0,0
483447,1,1,0,0,0,0,0,0,9,0,23,12
483448,0,1,18,18,18,18,18,18,18,18,18,18
483448,1,1,21,0,4,0,0,5,0,18,0,0
483449,0,1,13,0,0,0,0,0,14,0,0,13
483449,1,1,0,0,0,0,0,0,0,0,0,0
483450,1,1,0,24,0,0,0,0,6,0,29,0
483451,1,1,0,0,6,0,11,14,15,0,15,0
483451,2,1,12,12,12,12,12,12,12,12,12,12
483451,3,1,7,0,0,0,19,8,16,23,0,14
483451,4,1,20,26,19,2,8,3,16,20,18,11
483452,1,1,0,0,0,0,0,0,0,0,0,0
483452,2,1,4,0,0,0,0,0,0,0,0,0
483452,3,1,0,0,0,0,0,0,0,0,0,0
483453,1,1,10,10,10,10,10,10,10,10,10,10
483453,2,1,0,0,0,0,0,28,16,0,0,0
483454,0,1,16,16,16,16,16,16,16,16,16,16
483454,1,1,13,17,35,19,0,4,30,5,24,0
483455,1,1,16,16,16,16,16,16,16,16,16,16
483456,1,1,0,13,0,9,0,0,10,24,0,0
483457,1,1,11,11,11,11,11,11,11,11,11,11
483457,2,1,0,0,0,0,18,0,0,0,20,0
483458,0,1,19,19,19,19,19,19,19,19,19,19
483458,1,1,0,0,0,0,0,0,0,0,0,0
483459,1,1,0,38,0,0,0,18,0,0,30,0
483460,1,1,0,0,0,0,0,0,0,0,0,0
483460,2,1,0,0,0,0,0,0,0,0,0,0
483461,1,1,0,0,0,0,25,28,14,0,0,0
483461,2,1,16,0,0,0,0,0,4,0,0,10
483462,1,1,0,0,0,0,0,0,0,0,0,0
483462,2,1,0,0,0,8,0,0,0,0,0,0
483463,1,1,0,0,0,0,0,0,0,0,0,0
483463,2,1,0,0,2,0,0,0,0,0,28,22
483464,1,1,29,29,29,29,29,29,29,29,29,29
483464,2,1,16,0,0,15,14,0,21,0,0,0
483465,0,1,14,13,0,0,0,0,0,21,0,7
483465,1,1,17,8,0,12,15,17,12,15,0,0
483466,1,1,0,0,0,0,0,0,0,0,0,0
483466,2,1,0,0,0,0,0,0,0,0,0,0
483466,3,1,0,0,0,0,0,0,0,0,0,0
483467,1,1,0,9,18,28,0,0,0,24,15,0
483468,1,1,29,29,29,29,29,29,29,29,29,29
483469,1,1,0,0,0,0,0,0,20,0,9,0
483470,0,1,6,0,0,19,14,0,13,0,19,6
483470,1,1,0,0,15,19,0,24,21,14,19,10
483471,0,1,0,0,0,0,0,0,0,0,0,0
483471,1,1,0,16,0,22,7,15,0,30,10,18
483472,1,1,0,0,0,0,0,0,0,0,0,9
483472,2,1,0,0,0,0,0,0,0,0,0,0
483473,1,1,18,18,18,18,18,18,18,18,18,18
483473,2,1,0,0,0,0,0,0,0,0,0,0
483474,0,1,29,29,29,29,29,29,29,29,29,29
483474,1,1,0,0,23,0,0,0,0,0,0,0
483474,2,1,9,6,0,0,8,21,0,4,21,0
483475,0,1,0,0,0,0,0,0,0,0,0,0
483475,1,1,0,0,21,13,0,0,0,21,17,0
483476,1,1,0,15,0,0,0,0,20,0,0,21
483477,1,1,19,7,0,32,17,25,5,0,0,0
483479,1,1,0,0,0,0,0,0,0,12,0,0
483479,2,1,0,0,0,0,21,0,0,0,0,0
483480,0,1,24,24,24,24,24,24,24,24,24,24
483480,1,1,0,0,0,0,0,0,14,0,0,0
483481,1,1,0,0,21,0,0,0,0,0,23,0
483481,2,1,0,0,0,9,9,0,0,0,13,0
483482,0,1,0,0,0,14,0,0,0,0,0,24
483482,1,1,0,0,0,0,0,0,0,0,0,0
483483,1,1,22,22,22,22,22,22,22,22,22,22
483484,1,1,4,4,4,4,4,4,4,4,4,4
483484,2,1,0,0,0,0,0,0,0,0,0,0
483485,1,1,0,0,19,18,0,0,13,0,0,0
483485,2,1,19,19,19,19,19,19,19,19,19,19
483486,1,1,0,0,0,0,0,0,0,0,0,18
483487,1,1,0,0,0,20,0,32,0,10,29,0
483488,1,1,25,25,25,25,25,25,25,25,25,25
483488,2,1,0,0,0,0,0,0,0,0,0,10
483489,1,1,18,18,18,18,18,18,18,18,18,18
483490,1,1,0,0,0,0,19,0,0,0,18,0
483490,2,1,0,0,0,0,0,0,11,0,0,0
483491,1,1,0,0,0,13,0,0,0,19,0,0
483491,2,1,0,0,0,11,0,0,16,0,0,0
483493,1,1,15,13,0,21,11,14,0,14,0,13
483494,1,1,0,0,0,0,0,0,0,0,0,0
483495,1,1,0,6,0,13,0,0,0,0,0,0
483495,2,1,0,0,0,0,22,0,0,0,0,0
483496,1,1,0,0,0,0,0,0,0,0,0,0
483496,2,1,0,0,0,0,0,0,0,0,0,0
483496,3,1,0,0,0,0,0,0,0,0,0,0
483497,0,1,24,0,3,0,0,0,0,0,0,0
483497,1,1,0,0,5,10,31,0,0,11,0,0
483497,2,1,0,0,0,0,0,4,20,0,0,0
483497,3,1,15,0,0,18,0,0,11,0,0,0
483498,1,1,14,13,0,28,26,0,16,0,17,19
483499,0,1,0,0,0,0,0,18,0,0,0,0
483499,1,1,0,0,0,0,0,0,0,0,0,0
483500,1,1,13,6,12,7,11,25,28,51,19,8
483500,2,1,0,0,0,0,0,0,0,0,0,0
483501,1,1,0,0,0,0,0,0,0,0,0,0
483502,1,1,11,31,13,13,22,12,0,13,21,27
483503,1,1,0,0,0,0,0,0,0,0,0,0
483503,2,1,0,0,0,0,0,0,0,0,0,0
483504,1,1,0,0,0,0,0,0,0,0,0,0
483505,1,1,10,19,4,30,19,23,25,11,9,9
483505,2,1,0,0,0,4,12,0,0,0,0,0
483506,1,1,11,31,6,14,27,19,24,22,23,24
483507,1,1,2,2,2,2,2,2,2,2,2,2
483508,1,1,0,0,0,0,0,15,0,5,0,0
483508,2,1,0,19,0,0,0,18,0,0,0,0
483509,1,1,20,20,20,20,20,20,20,20,20,20
483509,2,1,12,11,0,0,0,0,25,0,0,0
483510,0,1,0,0,0,0,0,0,0,0,0,0
483510,1,1,8,11,7,0,16,0,13,26,32,0
483511,0,1,0,0,0,0,0,0,0,0,0,0
483511,1,1,0,0,0,0,0,0,0,0,21,0
483512,1,1,0,0,0,1,0,0,0,0,9,0
483512,2,1,0,0,0,0,0,0,16,0,0,0
483512,3,1,0,0,20,0,0,0,22,0,0,20
483512,4,1,14,0,0,0,0,0,11,0,0,0
483512,5,1,0,0,0,0,0,0,0,0,0,0
483512,6,1,0,22,0,4,0,0,0,0,0,0
483513,1,1,14,14,14,14,14,14,14,14,14,14
483513,2,1,0,15,0,7,20,0,10,16,0,11
483513,3,1,45,0,0,0,0,10,14,24,12,0
483513,4,1,0,0,0,19,14,13,0,0,32,9
483513,5,1,20,0,0,0,0,0,0,0,0,0
483514,1,1,0,0,0,0,0,0,0,0,0,0
483514,2,1,0,15,0,0,0,0,0,0,0,0
483515,1,1,9,0,13,5,12,0,18,0,0,12
483515,2,1,11,17,0,17,0,0,0,17,0,0
483516,0,1,0,0,0,0,0,0,0,0,0,0
483516,1,1,0,10,0,0,0,20,14,0,16,0
483517,1,1,0,0,0,0,0,0,0,0,0,0
483517,2,1,0,0,0,0,0,0,0,0,0,0
483518,1,1,13,13,13,13,13,13,13,13,13,13
483519,0,1,0,0,0,9,10,0,0,0,0,37
483519,1,1,0,17,12,10,0,8,7,0,18,11
483520,1,1,0,0,0,0,0,0,0,0,0,0
483520,2,1,0,0,0,0,0,0,0,0,0,0
483521,1,1,0,0,0,0,0,0,0,0,0,0
483521,2,1,0,0,0,0,0,0,0,0,0,0
483522,1,1,19,0,0,0,0,0,0,0,0,0
483522,2,1,0,0,0,0,0,0,0,0,0,0
483522,3,1,0,0,0,0,0,0,0,0,0,0
483523,0,1,0,0,0,0,0,0,0,0,0,0
483523,1,1,0,17,0,0,0,0,0,16,0,0
483524,1,1,0,0,23,0,0,17,0,0,0,0
483524,2,1,0,0,0,0,12,0,14,0,0,0
483524,3,1,0,0,0,0,10,0,0,0,0,0
483525,0,1,23,32,42,0,0,18,0,18,0,0
483525,1,1,0,0,0,9,0,12,9,0,28,5
483526,1,1,0,0,9,0,0,0,0,0,0,0
483526,2,1,0,0,0,0,0,0,0,0,0,0
483527,1,1,0,11,0,0,0,0,0,11,12,17
483527,2,1,0,0,0,0,0,0,0,0,10,0
483528,0,1,12,35,42,13,19,11,0,0,43,13
483528,1,1,0,0,5,0,0,0,13,0,0,0
483529,1,1,0,13,0,12,0,0,0,9,15,4
483530,0,1,0,0,0,0,0,0,0,0,0,0
483530,0,2,0,0,0,0,0,0,0,0,0,0
483530,0,3,0,0,0,0,0,0,0,0,0,0
483530,1,1,0,0,0,0,0,22,0,12,11,10
483531,1,1,0,0,16,0,0,0,12,0,0,28
483531,2,1,0,0,0,0,0,0,0,0,0,0
483532,0,1,24,24,24,24,24,24,24,24,24,24
483532,1,1,0,0,0,24,0,0,0,0,0,0
483533,1,1,30,16,19,0,4,0,11,0,0,15
483534,1,1,16,9,15,24,17,5,16,4,8,15
483535,0,1,13,0,22,0,0,24,0,0,30,0
483535,1,1,0,0,0,0,0,0,0,0,0,6
483536,1,1,17,17,17,17,17,17,17,17,17,17
483537,1,1,0,0,0,0,0,0,0,0,0,0
483537,2,1,0,0,0,0,0,0,0,0,0,0
483538,1,1,18,18,18,18,18,18,18,18,18,18
483538,2,1,0,0,0,0,0,0,0,0,0,0
483539,1,1,0,0,0,0,0,0,0,0,0,0
483540,1,1,0,26,0,0,16,0,0,18,0,32
483540,2,1,0,0,0,0,0,0,3,0,0,0
483540,3,1,0,0,0,0,0,0,0,0,0,0
483540,4,1,0,0,9,0,0,0,0,0,0,0
483541,1,1,0,0,0,0,0,0,0,0,0,0
483541,2,1,0,0,0,0,0,0,0,0,0,0
483542,1,1,0,0,0,0,0,0,0,0,0,0
483542,2,1,0,0,0,0,0,0,0,0,0,0
483542,3,1,0,0,0,0,19,0,0,0,0,3
483543,1,1,0,0,0,10,0,0,0,0,0,0
483543,2,1,20,0,0,0,29,7,13,16,18,0
483544,1,1,15,15,15,15,15,15,15,15,15,15
483544,2,1,0,0,0,0,0,0,0,0,12,0
483545,1,1,9,14,0,9,22,0,0,11,20,7
483545,2,1,0,0,0,0,0,0,0,0,0,0
483546,1,1,1,1,1,1,1,1,1,1,1,1
483547,1,1,18,0,0,0,0,0,0,0,0,0
483547,2,1,0,0,0,0,0,0,0,0,0,0
483548,1,1,0,0,0,0,0,0,0,0,0,0
483549,1,1,22,22,22,22,22,22,22,22,22,22
483549,2,1,0,0,0,0,0,0,0,0,0,0
483550,1,1,0,0,0,0,0,0,0,0,0,0
483551,1,1,13,13,13,13,13,13,13,13,13,13
483551,2,1,0,0,0,0,0,0,0,0,10,0
483552,1,1,0,0,0,0,0,0,0,0,0,0
483552,2,1,0,0,0,0,18,0,0,0,0,0
483553,1,1,0,15,0,0,0,0,0,0,0,0
483553,2,1,25,19,0,15,0,0,19,0,0,0
483554,1,1,0,10,0,17,0,0,0,8,0,0
483554,2,1,26,16,14,26,33,0,0,0,0,0
483555,0,1,16,16,16,16,16,16,16,16,16,16
483555,1,1,0,0,0,0,0,0,0,0,0,0
483555,2,1,0,6,24,0,20,0,0,0,0,0
483556,1,1,0,0,0,0,0,0,0,0,0,0
483556,2,1,0,0,0,0,0,0,0,0,0,0
483557,1,1,11,11,11,11,11,11,11,11,11,11
483558,1,1,0,0,0,0,14,7,8,0,0,0
483558,2,1,0,16,0,8,22,45,0,0,9,26
483559,0,1,1,1,1,1,1,1,1,1,1,1
483559,1,1,24,14,13,0,0,27,0,19,0,14
483559,2,1,10,0,0,13,17,4,16,0,19,15
483560,0,1,0,0,0,0,0,0,0,0,0,0
483560,1,1,0,10,18,10,8,21,19,23,7,14
483561,1,1,31,31,31,31,31,31,31,31,31,31
483561,2,1,0,0,0,0,0,0,0,0,0,0
483562,1,1,0,0,0,0,0,0,0,0,0,0
483563,1,1,21,21,30,0,12,32,0,0,10,12
483563,2,1,0,0,14,3,0,0,0,22,14,20
483564,1,1,9,9,9,9,9,9,9,9,9,9
483564,2,1,0,0,14,0,0,0,0,0,0,0
483565,1,1,0,0,0,0,0,0,0,0,0,0
483566,1,1,0,0,0,0,0,0,0,0,0,0
483566,2,1,17,0,0,3,0,15,19,0,26,22
483567,1,1,0,0,0,0,0,0,0,0,0,0
483567,2,1,17,17,17,17,17,17,17,17,17,17
483568,0,1,0,0,0,0,0,0,0,0,0,0
483568,1,1,0,0,0,0,0,12,21,0,0,0
483569,1,1,0,0,0,0,0,0,0,0,0,0
483569,2,1,0,0,0,0,0,0,0,0,0,0
483570,1,1,0,0,0,0,0,0,0,0,0,0
483570,2,1,14,0,0,0,9,6,0,0,0,0
483571,1,1,12,12,12,12,12,12,12,12,12,12
483572,1,1,12,12,12,12,12,12,12,12,12,12
483573,1,1,0,0,0,0,0,0,0,0,0,0
483574,1,1,28,28,28,28,28,28,28,28,28,28
483575,1,1,0,0,0,0,0,0,0,0,0,0
483576,1,1,32,0,8,0,13,0,0,0,0,6
483577,0,1,0,0,0,0,0,0,0,0,0,0
483577,1,1,16,0,7,0,0,21,0,0,31,0
483578,1,1,19,28,32,26,11,18,15,30,16,20
483579,1,1,0,11,0,0,0,0,0,0,0,23
483580,0,1,4,0,0,0,23,17,22,0,0,0
483580,1,1,0,16,14,0,0,29,0,14,11,0
483581,1,1,16,16,16,16,16,16,16,16,16,16
483582,1,1,0,0,0,0,0,0,0,0,0,0
483583,1,1,0,0,0,0,0,0,0,0,0,0
483584,1,1,0,0,0,0,0,0,0,0,0,0
483584,2,1,0,0,0,0,0,0,0,0,0,0
483585,1,1,0,0,0,0,24,0,15,0,0,15
483586,1,1,0,0,0,0,0,0,0,0,0,0
483586,2,1,0,0,0,0,0,0,0,0,0,0
483587,1,1,26,10,0,18,0,0,22,5,0,11
483588,0,1,0,21,0,0,16,0,38,20,13,16
483588,1,1,29,13,0,0,0,0,13,14,13,14
483589,0,1,36,36,36,36,36,36,36,36,36,36
483589,1,1,0,20,0,0,0,3,0,0,27,0
483590,1,1,0,0,9,0,0,0,11,0,0,0
483591,0,1,0,0,19,0,16,0,0,27,0,0
483591,1,1,0,0,19,17,0,0,0,0,0,8
483592,0,1,0,0,0,0,0,0,0,0,0,0
483592,1,1,16,16,16,16,16,16,16,16,16,16
483593,1,1,0,0,0,16,0,0,0,0,0,16
483593,2,1,0,0,0,0,13,0,0,0,0,0
483594,1,1,20,20,20,20,20,20,20,20,20,20
483594,2,1,16,15,13,11,28,0,0,17,0,0
483595,0,1,0,19,0,21,0,9,0,7,0,0
483595,1,1,0,0,0,8,18,5,16,4,0,0
483596,0,1,25,25,25,25,25,25,25,25,25,25
483596,1,1,0,2,5,0,0,0,0,0,6,10
483597,1,1,14,0,0,0,0,0,0,0,0,22
483598,0,1,0,0,0,0,0,0,0,0,0,0
483598,0,2,29,0,15,10,0,0,0,0,0,40
483598,0,3,0,0,0,0,0,0,33,10,0,0
483598,0,4,0,31,0,0,0,0,0,0,13,23
483598,1,1,0,27,29,0,27,0,0,0,0,0
483599,1,1,0,25,17,0,23,16,25,24,0,0
483600,0,1,0,22,0,0,22,6,8,0,0,0
483600,1,1,0,0,0,13,13,0,12,6,15,10
483601,1,1,26,26,26,26,26,26,26,26,26,26
483602,0,1,33,0,9,0,0,0,0,37,25,0
483602,1,1,0,0,0,0,0,0,0,0,0,0
483603,1,1,0,0,0,0,33,0,0,0,0,0
483603,2,1,0,0,0,0,0,0,0,0,0,0
483603,3,1,11,0,0,0,0,0,0,0,0,12
483604,1,1,0,0,9,0,11,18,0,0,0,25
483604,2,1,0,0,4,16,0,0,0,0,0,14
483605,0,1,0,0,26,0,27,15,21,0,0,0
483605,1,1,0,0,4,0,0,0,0,0,0,0
483606,1,1,10,0,21,0,18,0,0,0,10,0
483606,2,1,0,0,0,0,0,0,0,0,7,0
483606,3,1,0,0,9,0,13,0,0,0,11,18
483607,1,1,0,18,0,0,0,0,0,0,0,0
483608,1,1,12,13,13,18,17,4,12,33,29,25
483609,1,1,26,26,26,26,26,26,26,26,26,26
483610,1,1,9,9,9,9,9,9,9,9,9,9
483610,2,1,0,0,0,0,0,0,0,0,0,0
483611,1,1,24,24,24,24,24,24,24,24,24,24
483611,2,1,0,0,11,17,0,20,0,20,16,0
483611,3,1,11,8,5,4,0,0,5,15,20,5
483612,1,1,0,0,11,0,15,0,14,0,0,16
483613,1,1,0,0,24,0,0,0,18,0,22,0
483613,2,1,0,0,0,0,0,0,0,0,0,0
483614,0,1,0,0,0,0,0,15,0,0,0,0
483614,0,2,17,9,23,36,0,0,0,24,0,25
483614,1,1,0,0,0,0,0,28,5,0,0,0
483615,1,1,0,0,0,0,0,0,0,0,0,0
483617,1,1,16,16,16,16,16,16,16,16,16,16
483617,2,1,0,0,0,0,0,0,0,0,0,0
483618,1,1,0,0,0,29,0,17,0,0,0,0
483618,2,1,0,0,0,0,0,0,0,0,0,0
483619,0,1,0,0,0,0,0,0,0,0,0,0
483619,1,1,0,0,5,0,0,0,0,0,12,13
483619,2,1,9,9,14,0,0,0,0,17,8,0
483620,1,1,0,0,0,0,0,0,0,0,0,0
483620,2,1,0,0,24,0,0,0,0,0,0,0
483621,1,1,13,11,19,10,18,19,5,24,14,19
483622,1,1,0,10,0,0,0,0,0,0,0,0
483622,2,1,0,20,12,11,0,0,0,12,16,0
483623,1,1,23,21,14,0,14,9,23,31,9,30
483624,1,1,0,0,0,0,0,0,0,0,0,0
483624,2,1,0,0,0,0,0,0,0,0,0,0
483624,3,1,0,0,16,0,0,0,0,0,0,0
483625,1,1,0,0,0,0,0,0,0,0,0,0
483626,0,1,0,0,0,0,0,0,0,0,0,0
483626,1,1,0,0,0,0,0,20,12,0,0,0
483627,1,1,22,0,0,0,0,0,0,0,0,0
483627,2,1,0,0,0,0,0,0,0,0,0,0
483628,0,1,0,17,0,0,0,0,0,0,0,0
483628,1,1,17,13,15,12,0,0,3,19,10,0
483629,0,1,11,29,0,0,0,18,0,21,0,19
483629,1,1,0,0,0,0,0,0,11,0,0,0
483630,1,1,7,0,0,11,0,0,0,0,0,6
483631,0,1,13,13,13,13,13,13,13,13,13,13
483631,1,1,0,21,18,16,15,0,30,11,0,16
483632,1,1,18,18,18,18,18,18,18,18,18,18
483632,2,1,0,0,0,0,11,0,0,0,0,0
483633,1,1,25,25,25,25,25,25,25,25,25,25
483634,1,1,0,0,10,0,0,17,0,2,0,0
483635,1,1,14,14,14,14,14,14,14,14,14,14
483635,2,1,5,0,0,0,0,0,0,0,0,0
483636,0,1,41,18,15,28,35,10,33,25,16,12
483636,1,1,0,0,0,21,0,0,0,0,0,0
483637,1,1,13,13,13,13,13,13,13,13,13,13
483638,1,1,0,0,12,0,0,0,0,0,8,11
483639,1,1,14,14,14,14,14,14,14,14,14,14
483639,2,1,0,18,0,0,0,0,10,0,0,0
483640,1,1,0,0,20,30,0,0,0,0,0,32
483641,1,1,12,3,9,20,12,13,25,15,5,19
483641,2,1,0,0,0,0,11,0,13,26,0,0
483642,1,1,0,0,0,0,0,0,0,0,0,0
483642,2,1,0,0,0,0,0,0,0,0,14,0
483642,3,1,0,7,0,0,0,0,0,0,16,0
483642,4,1,0,0,0,0,0,0,0,0,0,0
483642,5,1,0,0,0,0,0,0,0,0,19,0
483643,1,1,13,13,13,13,13,13,13,13,13,13
483643,2,1,8,0,0,8,5,0,2,15,6,0
483644,1,1,0,0,0,0,0,0,0,0,0,0
483645,0,1,0,0,0,0,0,0,0,0,0,0
483645,1,1,0,0,0,0,15,0,6,0,0,16
483646,1,1,21,21,21,21,21,21,21,21,21,21
483647,1,1,0,0,0,0,0,0,0,5,16,0
483647,2,1,0,0,0,0,0,0,0,0,0,0
483648,1,1,0,0,0,5,22,0,0,30,0,16
483649,1,1,0,0,0,0,0,0,0,0,0,0
483649,2,1,0,0,0,0,0,0,19,0,9,0
483650,1,1,0,0,0,0,16,0,0,0,0,0
483650,2,1,0,0,13,0,0,5,0,0,0,22
483651,1,1,7,7,7,7,7,7,7,7,7,7
483652,1,1,0,5,0,4,0,0,7,0,26,0
483652,2,1,14,0,10,0,0,41,0,0,0,0
483653,0,1,13,28,8,18,16,32,12,12,15,21
483653,1,1,9,0,0,0,19,0,0,0,5,0
483654,1,1,13,13,13,13,13,13,13,13,13,13
483655,0,1,26,0,0,0,0,6,39,0,0,17
483655,1,1,0,0,0,12,11,0,0,0,0,0
483656,1,1,21,21,21,21,21,21,21,21,21,21
483656,2,1,0,0,0,0,0,27,25,8,0,13
483657,1,1,0,0,0,0,0,0,0,0,0,0
483657,2,1,0,0,0,13,0,0,0,0,0,0
483658,1,1,6,6,6,6,6,6,6,6,6,6
483658,2,1,13,13,13,13,13,13,13,13,13,13
483659,1,1,15,52,0,0,0,19,0,0,2,0
483659,2,1,2,2,2,2,2,2,2,2,2,2
483660,1,1,0,20,0,0,0,0,0,0,0,0
483660,2,1,0,0,0,0,0,0,0,0,0,0
483660,3,1,0,0,0,0,10,0,0,0,0,0
483661,1,1,29,0,0,0,0,38,0,0,9,0
483661,2,1,0,0,0,25,0,0,0,0,0,0
483661,3,1,0,0,0,0,0,0,0,0,0,0
483662,1,1,0,0,0,0,0,0,4,0,0,0
483662,2,1,0,0,0,0,0,0,0,0,0,0
483663,1,1,15,23,0,7,20,15,32,13,13,7
483664,1,1,0,0,19,0,0,0,19,0,16,0
483665,1,1,0,0,0,8,0,0,0,0,0,0
483665,2,1,0,0,0,0,0,0,0,0,0,0
483666,1,1,26,26,26,26,26,26,26,26,26,26
483667,1,1,0,0,0,0,11,0,5,0,0,23
483667,2,1,0,0,0,0,0,0,0,0,0,0
483667,3,1,0,0,0,0,0,0,0,0,11,0
483668,1,1,22,22,22,22,22,22,22,22,22,22
483668,2,1,2,18,20,20,16,32,15,10,10,28
483669,1,1,0,0,0,0,0,0,0,0,0,0
483669,2,1,6,0,0,0,0,0,0,0,0,0
483670,0,1,9,9,9,9,9,9,9,9,9,9
483670,1,1,0,10,37,7,0,0,4,18,18,0
483671,1,1,9,9,9,9,9,9,9,9,9,9
483671,2,1,0,0,0,0,0,0,0,0,0,0
483671,3,1,6,24,0,0,0,11,11,0,0,0
483672,1,1,30,30,30,30,30,30,30,30,30,30
483672,2,1,0,0,0,0,0,0,0,0,0,0
483673,1,1,9,0,0,17,0,0,0,0,0,0
483673,2,1,0,12,0,0,0,0,0,0,0,0
483674,1,1,20,12,0,29,0,17,0,33,47,0
483675,1,1,0,7,0,0,0,0,8,0,49,0