ST_CASE,VEH_NO,PER_NO,P1,P2,P3,P4,P5,P6,P7,P8,P9,P10
483953,1,1,34,0,16,0,21,0,0,0,0,0
483954,1,1,23,23,23,23,23,23,23,23,23,23
483955,0,1,12,19,0,0,0,17,26,0,14,0
483955,0,2,15,7,12,0,26,0,0,0,26,0
483955,1,1,20,20,20,20,20,20,20,20,20,20
483956,0,1,0,15,33,3,0,0,0,0,0,8
483956,0,2,27,0,0,0,0,28,0,0,0,0
483956,1,1,0,16,0,8,0,12,0,0,0,0
483957,1,1,0,0,0,0,0,0,0,0,0,0
483957,2,1,0,0,0,0,0,0,0,0,0,0
483958,0,1,11,0,25,16,0,0,0,0,36,26
483958,1,1,0,0,0,0,13,0,0,0,0,38
483959,1,1,13,13,13,13,13,13,13,13,13,13
483959,3,1,18,0,0,0,0,0,2,0,8,2
483960,1,1,0,0,0,0,0,0,0,0,18,0
483960,2,1,0,0,0,0,0,0,0,0,0,0
483961,0,1,22,31,0,0,0,26,0,0,0,0
483961,1,1,0,0,0,0,18,9,9,0,0,17
483962,1,1,0,0,0,0,0,0,0,0,0,0
483962,2,1,0,0,0,0,0,0,23,0,0,0
483963,1,1,11,11,11,11,11,11,11,11,11,11
483963,2,1,15,15,15,15,15,15,15,15,15,15
483964,1,1,13,13,13,13,13,13,13,13,13,13
483964,2,1,11,29,0,0,0,0,0,0,12,0
483964,3,1,20,20,20,20,20,20,20,20,20,20
483964,4,1,11,11,11,11,11,11,11,11,11,11
483964,5,1,12,12,12,12,12,12,12,12,12,12
483965,0,1,0,0,0,0,0,0,0,0,0,0
483965,1,1,0,23,22,7,0,0,15,0,12,8
483966,1,1,0,0,0,0,0,0,0,0,0,0
483966,2,1,0,0,0,0,21,0,0,0,5,0
483967,0,1,0,26,0,0,0,0,13,0,16,33
483967,1,1,0,0,0,0,0,7,0,0,3,0
483968,1,1,13,0,0,0,0,0,5,0,0,0
483968,2,1,0,0,0,0,0,19,0,0,0,0
483969,1,1,0,0,16,39,23,0,0,0,12,13
483970,1,1,0,0,16,0,3,0,0,2,0,0
483971,1,1,0,0,0,0,0,0,0,0,0,0
483971,2,1,0,0,0,0,0,0,0,0,0,0
483973,1,1,16,16,16,16,16,16,16,16,16,16
483973,2,1,0,0,0,0,0,0,10,0,0,0
483974,1,1,0,0,0,0,0,0,0,0,0,0
483974,2,1,10,18,20,4,21,0,14,0,0,0
483975,0,1,10,10,10,10,10,10,10,10,10,10
483975,1,1,0,0,0,0,17,0,4,0,0,0
483976,1,1,4,4,4,4,4,4,4,4,4,4
483977,1,1,0,0,0,0,0,0,12,0,0,13
483978,1,1,0,4,0,12,0,0,6,0,18,17
483978,2,1,0,0,0,0,0,0,0,0,0,0
483979,1,1,12,25,24,9,15,0,0,10,0,0
483980,0,1,35,16,0,6,0,7,0,5,15,24
483980,1,1,13,16,12,0,11,0,15,23,21,13
483981,1,1,13,0,0,0,0,0,0,17,0,6
483981,2,1,0,0,0,14,4,0,0,0,0,24
483982,1,1,19,19,19,19,19,19,19,19,19,19
483983,1,1,0,0,0,0,0,0,0,0,0,0
483983,2,1,0,0,20,0,0,27,0,0,14,0
483984,1,1,0,0,0,0,15,0,0,0,0,0
483984,2,1,0,0,21,0,9,0,22,7,0,9
483985,1,1,0,0,0,0,0,0,0,0,0,0
483985,2,1,0,0,0,0,0,0,0,0,0,0
483986,1,1,9,24,9,7,14,8,4,0,10,7
483986,2,1,6,0,0,31,0,0,0,0,0,17
483987,1,1,15,16,32,0,9,5,14,9,13,8
483987,2,1,4,0,14,22,0,5,0,0,24,0
483988,0,1,8,23,0,29,12,2,0,0,31,28
483988,1,1,0,18,20,0,0,0,4,23,0,0
483988,2,1,0,0,12,14,0,0,0,0,0,0
483988,3,1,0,15,38,0,0,0,0,0,7,0
483989,1,1,22,22,22,22,22,22,22,22,22,22
483990,1,1,0,0,0,0,0,0,0,0,0,18
483991,1,1,31,31,31,31,31,31,31,31,31,31
483992,0,1,0,0,13,0,0,0,0,0,0,0
483992,1,1,0,0,22,4,9,0,12,7,20,0
483993,1,1,0,17,0,0,0,0,0,0,0,0
483993,2,1,23,23,23,23,23,23,23,23,23,23
483994,1,1,18,18,18,18,18,18,18,18,18,18
483995,1,1,0,0,0,0,0,0,24,0,0,0
483995,2,1,0,0,0,0,0,0,0,0,0,0
483996,1,1,13,0,0,0,0,0,0,0,0,11
483996,2,1,0,0,0,0,0,0,0,0,0,0
483997,1,1,0,0,0,0,0,0,0,18,0,0
483998,0,1,0,0,0,0,0,0,0,0,0,0
483998,1,1,0,18,0,0,0,0,0,0,0,0
483999,1,1,29,29,29,29,29,29,29,29,29,29
484000,1,1,0,0,0,0,0,7,0,0,0,5
484000,2,1,0,0,0,0,0,0,0,19,0,0
484001,1,1,16,16,16,16,16,16,16,16,16,16
484002,1,1,0,0,0,0,19,0,0,0,0,0
484003,1,1,23,23,23,23,23,23,23,23,23,23
484004,1,1,0,0,0,0,0,0,5,0,0,0
484004,2,1,0,0,0,0,0,0,0,0,0,0
484005,1,1,0,0,0,0,0,0,0,0,0,0
484006,1,1,18,18,18,18,18,18,18,18,18,18
484007,1,1,0,0,26,20,0,20,0,19,20,6
484009,1,1,7,8,0,33,0,0,15,9,28,17
484009,2,1,0,0,0,0,0,0,0,0,0,0
484010,1,1,13,13,13,13,13,13,13,13,13,13
484010,2,1,0,0,0,0,0,0,0,0,0,0
484011,1,1,19,0,14,0,0,0,0,0,0,0
484012,1,1,0,0,0,0,0,0,0,0,0,0
484012,2,1,0,0,0,0,8,0,0,0,0,0
484012,3,1,0,0,0,11,0,0,0,0,23,17
484013,1,1,0,0,0,0,0,0,0,0,0,0
484013,2,1,30,10,25,0,0,0,5,0,11,0
484014,1,1,13,0,0,0,0,6,14,14,0,21
484015,1,1,27,27,27,27,27,27,27,27,27,27
484016,1,1,13,0,0,0,0,0,0,0,0,0
484016,2,1,0,0,0,0,0,0,0,0,0,0
484017,1,1,18,17,13,13,4,19,6,21,8,27
484017,2,1,0,0,0,0,0,0,0,0,0,0
484018,0,1,16,16,16,16,16,16,16,16,16,16
484018,1,1,0,0,9,14,8,0,12,20,22,5
484020,1,1,0,0,0,27,25,0,11,0,31,0
484020,2,1,0,0,0,0,0,0,0,0,0,0
484021,1,1,0,0,0,0,0,0,0,0,0,0
484021,2,1,19,19,19,19,19,19,19,19,19,19
484022,1,1,0,0,0,0,0,0,0,0,0,0
484022,2,1,0,0,0,0,0,0,0,6,0,0
484023,0,1,0,0,0,0,0,0,0,0,0,0
484023,1,1,18,12,0,20,16,0,10,22,25,0
484024,1,1,31,31,31,31,31,31,31,31,31,31
484025,1,1,0,0,0,0,0,0,0,0,0,0
484025,2,1,0,0,0,0,0,0,0,11,0,0
484026,1,1,27,27,27,27,27,27,27,27,27,27
484026,2,1,0,0,0,0,0,0,0,0,0,0
484027,0,1,0,0,0,25,23,0,25,0,0,0
484027,1,1,0,15,0,0,0,0,0,19,0,0
484028,1,1,0,0,0,2,0,0,0,0,0,0
484028,2,1,0,0,0,0,0,0,0,0,0,0
484029,1,1,0,0,0,0,0,0,0,9,0,0
484030,1,1,18,18,18,18,18,18,18,18,18,18
484031,0,1,27,0,0,29,14,11,0,36,0,23
484031,1,1,16,7,0,20,20,0,4,14,6,3
484032,1,1,0,0,0,0,0,0,0,0,0,0
484032,2,1,0,0,0,0,0,0,0,0,0,0
484033,1,1,0,0,0,0,13,13,0,0,0,0
484033,2,1,0,0,0,0,0,0,0,0,0,0
484033,3,1,0,0,0,0,0,0,0,17,0,29
484033,4,1,0,22,9,0,0,0,0,0,18,21
484034,1,1,0,0,0,0,0,0,0,0,0,14
484034,2,1,0,0,0,0,0,0,0,0,0,8
484035,0,1,0,29,27,0,25,0,0,0,15,17
484035,1,1,0,0,0,0,0,0,0,24,13,0
484036,1,1,0,5,0,0,0,0,0,0,0,0
484036,2,1,13,13,13,13,13,13,13,13,13,13
484037,1,1,15,0,45,0,0,4,8,25,16,0
484038,0,1,28,0,4,20,0,0,0,19,0,0
484038,1,1,0,19,0,12,16,11,17,0,0,0
484039,1,1,0,52,15,0,0,7,0,12,0,0
484040,1,1,21,17,24,23,0,16,9,0,0,11
484041,1,1,0,0,0,0,0,0,0,0,0,0
484042,1,1,0,0,0,0,0,0,0,0,0,0
484042,2,1,0,18,0,0,0,0,0,0,0,0
484043,1,1,0,0,0,0,0,0,0,0,0,0
484043,2,1,21,13,0,0,0,3,0,0,0,0
484044,0,1,0,0,0,0,0,0,0,0,0,0
484044,1,1,0,0,0,0,0,0,0,0,0,0
484045,1,1,8,8,8,8,8,8,8,8,8,8
484045,2,1,0,0,0,0,0,23,34,0,37,0
484045,3,1,0,0,9,0,0,0,18,0,0,27
484046,1,1,0,0,0,0,0,0,0,0,0,0
484047,1,1,0,29,33,0,11,42,0,16,18,24
484048,1,1,0,0,0,0,0,0,7,0,0,0
484048,2,1,0,0,4,0,0,31,0,0,0,7
484049,1,1,0,0,0,0,0,20,0,0,0,9
484049,2,1,0,0,2,0,0,30,0,0,0,0
484050,1,1,0,0,0,0,0,0,0,0,0,0
484050,2,1,0,0,0,0,0,0,0,0,0,0
484051,1,1,0,0,26,20,0,0,13,0,0,0
484051,2,1,0,0,0,0,0,0,0,0,0,0
484052,1,1,0,0,0,0,0,12,0,0,0,0
484053,1,1,0,0,11,6,0,7,0,0,22,22
484053,2,1,33,3,18,14,0,0,0,0,0,0
484055,1,1,0,0,6,0,15,0,0,0,0,0
484055,2,1,28,0,0,0,0,6,0,0,15,0
484055,3,1,0,0,0,0,0,0,0,0,0,0
484056,1,1,27,19,0,0,13,0,0,0,0,26
484056,2,1,26,0,11,21,0,0,16,13,0,8
484057,1,1,0,0,0,0,0,0,0,24,0,12
484057,2,1,0,0,0,0,0,0,0,0,0,0
484058,1,1,0,0,0,0,0,0,0,0,0,0
484059,1,1,0,0,3,0,0,13,8,0,0,0
484059,2,1,0,0,0,0,0,0,0,0,0,0
484060,1,1,0,22,0,0,0,0,0,0,0,0
484061,1,1,0,6,0,0,2,0,0,10,0,0
484062,1,1,0,16,0,0,0,20,0,0,0,0
484062,2,1,15,0,0,11,0,7,15,0,7,0
484063,1,1,29,29,29,29,29,29,29,29,29,29
484063,2,1,0,0,0,0,0,0,14,0,0,0
484064,1,1,0,0,18,23,0,21,0,0,0,0
484065,1,1,0,0,0,0,0,0,0,0,0,9
484065,2,1,0,0,0,0,0,0,0,0,0,0
484065,3,1,19,0,0,0,0,0,0,0,0,0
484066,1,1,0,0,0,0,0,0,0,0,0,0
484067,0,1,11,3,0,0,18,0,0,22,0,0
484067,1,1,0,0,15,0,0,0,0,0,0,0
484068,1,1,0,0,5,27,0,0,17,19,13,25
484069,1,1,27,27,27,27,27,27,27,27,27,27
484070,1,1,0,0,0,0,0,0,0,0,14,0
484070,2,1,0,0,0,0,0,0,0,0,2,0
484071,0,1,0,0,0,0,0,0,0,0,0,0
484071,0,2,0,0,0,0,0,0,0,0,0,0
484071,1,1,0,0,0,10,0,0,0,0,0,0
484072,1,1,0,0,0,0,0,0,24,0,0,0
484073,1,1,23,23,23,23,23,23,23,23,23,23
484074,0,1,0,0,0,0,0,0,30,0,0,0
484074,1,1,15,0,0,0,0,0,6,10,0,23
484075,1,1,21,7,21,0,0,0,0,0,0,14
484075,2,1,0,0,27,0,3,0,8,0,8,0
484076,0,1,0,0,0,0,0,0,0,0,0,0
484076,1,1,0,0,18,13,9,0,7,0,0,0
484077,1,1,27,27,27,27,27,27,27,27,27,27
484077,2,1,17,14,0,0,0,28,0,0,0,0
484078,1,1,19,5,0,22,13,17,0,0,16,0
484079,1,1,0,0,0,0,0,0,0,0,0,0
484079,2,1,0,0,0,0,0,0,2,0,14,0
484080,1,1,9,40,4,20,12,13,24,17,21,16
484080,2,1,23,10,0,0,14,22,0,0,23,0
484081,1,1,0,0,0,0,0,0,0,0,0,0
484081,2,1,0,0,0,0,0,0,30,30,14,15
484082,1,1,0,26,0,0,0,0,16,20,0,0
484082,2,1,0,0,0,0,0,0,0,6,0,0
484083,1,1,22,22,22,22,22,22,22,22,22,22
484084,1,1,0,0,0,0,0,20,0,0,35,0
484085,1,1,7,20,0,0,25,23,14,0,16,11
484086,0,1,0,0,0,0,0,0,0,0,0,0
484086,1,1,0,0,0,0,0,0,0,12,0,13
484086,2,1,0,0,0,0,0,15,0,11,0,0
484087,0,1,26,26,26,26,26,26,26,26,26,26
484087,1,1,14,0,0,0,0,0,11,0,0,0
484088,1,1,14,14,14,14,14,14,14,14,14,14
484089,1,1,0,0,0,0,0,0,0,0,0,0
484090,0,1,0,0,0,0,24,21,31,0,4,26
484090,1,1,7,34,0,0,0,16,0,0,9,0
484091,0,1,26,26,26,26,26,26,26,26,26,26
484091,1,1,5,7,0,19,0,13,0,0,0,15
484092,1,1,23,23,23,23,23,23,23,23,23,23
484093,1,1,0,0,0,0,0,0,8,0,0,0
484093,2,1,0,10,0,0,0,0,0,0,0,0
484094,0,1,0,0,0,0,0,0,0,0,0,0
484094,1,1,0,0,0,22,0,0,25,0,0,0
484095,1,1,5,5,5,5,5,5,5,5,5,5
484096,1,1,0,0,0,0,0,0,0,0,0,0
484096,2,1,0,0,0,0,0,0,0,0,0,0
484097,1,1,0,8,0,0,7,0,0,0,0,0
484098,1,1,8,0,15,0,22,0,0,15,0,9
484098,2,1,13,3,13,14,12,12,12,4,7,13
484099,1,1,0,17,0,12,11,12,0,21,35,0
484100,1,1,3,3,3,3,3,3,3,3,3,3
484100,2,1,0,0,0,0,13,0,0,0,8,0
484101,1,1,0,0,12,0,0,0,8,0,0,0
484102,1,1,31,31,31,31,31,31,31,31,31,31
484102,2,1,0,0,0,17,0,0,0,0,0,0
484103,1,1,0,0,0,34,8,0,0,0,11,0
484104,0,1,0,0,0,0,0,18,16,0,24,6
484104,1,1,28,12,0,0,17,0,5,17,0,7
484105,1,1,28,15,18,9,10,23,2,0,0,13
484106,1,1,0,0,0,0,0,0,0,0,16,0
484106,2,1,0,0,0,0,0,0,0,0,0,0
484106,3,1,0,24,0,0,0,0,0,0,0,0
484106,4,1,0,0,0,0,0,0,0,0,0,0
484106,5,1,0,0,0,0,0,0,0,0,0,0
484107,1,1,21,21,21,21,21,21,21,21,21,21
484108,0,1,0,37,0,11,0,0,0,0,0,0
484108,1,1,7,0,0,0,0,0,0,0,0,0
484108,2,1,0,0,0,0,14,0,0,0,0,0
484109,1,1,15,33,0,23,0,0,0,23,0,0
484109,2,1,9,0,0,0,0,0,0,0,14,8
484110,1,1,0,0,14,0,0,14,0,0,0,0
484110,2,1,0,0,0,0,0,0,0,16,0,0
484111,0,1,0,0,0,0,0,0,0,0,0,0
484111,1,1,0,0,0,0,0,0,0,0,0,0
484112,1,1,16,16,16,16,16,16,16,16,16,16
484113,1,1,22,22,22,22,22,22,22,22,22,22
484114,1,1,0,0,12,13,13,19,7,0,9,16
484115,1,1,0,0,12,10,16,0,0,18,0,34
484115,2,1,28,0,0,0,0,15,13,0,13,0
484116,0,1,33,33,33,33,33,33,33,33,33,33
484116,1,1,0,0,0,0,0,0,0,0,0,0
484117,1,1,0,0,0,0,21,0,0,0,0,0
484117,2,1,0,16,0,0,0,0,0,0,0,0
484118,0,1,0,0,0,0,0,0,0,0,0,0
484118,1,1,0,0,0,7,0,0,0,0,0,0
484119,0,1,10,0,9,5,0,22,0,21,0,0
484119,1,1,0,0,0,0,0,0,0,10,13,22
484120,1,1,0,24,0,0,0,0,0,13,25,0
484120,2,1,0,0,0,14,12,0,8,0,0,21
484121,0,1,0,0,0,0,0,0,0,0,0,0
484121,1,1,38,11,0,0,0,0,0,0,7,0
484122,0,1,0,30,8,23,0,0,31,21,12,19
484122,1,1,20,25,21,0,4,0,0,16,0,0
484123,1,1,0,0,0,0,0,0,0,0,0,0
484124,0,1,12,0,0,17,30,0,0,0,22,35
484124,1,1,7,6,16,23,0,7,34,7,3,0
484125,0,1,36,36,36,36,36,36,36,36,36,36
484125,1,1,0,0,0,0,0,0,0,0,0,0
484126,1,1,0,17,0,0,9,0,0,19,17,0
484126,2,1,5,0,17,13,12,0,0,0,0,8
484127,1,1,0,0,0,0,0,0,33,0,0,0
484128,0,1,13,13,13,13,13,13,13,13,13,13
484128,1,1,6,6,6,6,6,6,6,6,6,6
484129,1,1,27,0,0,19,15,0,0,0,7,0
484130,1,1,0,0,0,0,0,0,0,10,7,0
484130,2,1,0,11,0,17,0,0,0,34,0,0
484130,3,1,0,33,15,0,0,0,0,0,0,0
484131,1,1,22,22,22,22,22,22,22,22,22,22
484132,1,1,28,28,28,28,28,28,28,28,28,28
484133,1,1,0,0,0,0,0,0,0,0,0,0
484133,2,1,0,31,0,0,0,0,0,0,0,0
484134,1,1,0,6,0,0,0,0,5,0,0,8
484134,2,1,26,26,26,26,26,26,26,26,26,26
484135,1,1,19,19,19,19,19,19,19,19,19,19
484135,2,1,17,13,0,6,0,0,3,0,0,0
484136,1,1,0,0,16,0,0,0,7,0,0,12
484136,2,1,14,14,14,14,14,14,14,14,14,14
484138,1,1,0,19,0,0,0,0,20,0,6,0
484139,1,1,17,17,17,17,17,17,17,17,17,17
484140,1,1,9,9,9,9,9,9,9,9,9,9
484141,1,1,17,17,17,17,17,17,17,17,17,17
484142,1,1,0,5,0,6,0,0,26,12,0,13
484143,1,1,0,0,0,0,0,0,0,27,44,0
484144,0,1,0,0,0,0,0,0,0,0,0,0
484144,1,1,7,0,0,0,0,0,18,23,0,0
484145,1,1,14,25,0,0,15,0,0,0,50,0
484145,2,1,18,0,0,0,0,0,0,31,0,0
484146,1,1,0,0,0,0,0,0,0,0,0,0
484147,0,1,0,0,0,0,0,0,0,0,0,0
484147,1,1,0,0,5,0,0,16,0,0,0,0
484148,1,1,0,0,21,0,0,0,0,0,24,0
484148,2,1,0,0,0,0,0,0,0,12,0,0
484149,1,1,0,22,12,21,0,0,0,13,0,0
484150,0,1,11,5,22,0,20,39,45,0,0,21
484150,1,1,2,0,0,0,11,0,0,0,0,0
484151,0,1,4,4,4,4,4,4,4,4,4,4
484151,1,1,0,0,35,9,25,16,0,0,0,17
484152,1,1,25,25,25,25,25,25,25,25,25,25
484152,2,1,15,0,29,15,0,0,8,0,5,10
484153,1,1,34,0,0,0,14,0,0,0,0,0
484153,2,1,0,0,12,14,0,0,0,20,0,0
484154,1,1,0,0,0,0,0,0,0,0,0,0
484154,2,1,0,0,19,0,0,0,0,0,0,0
484155,0,1,0,0,19,0,8,0,15,0,20,0
484155,1,1,0,8,0,0,0,0,0,0,0,0
484156,0,1,0,0,0,0,0,0,0,0,16,16
484156,1,1,0,0,0,0,0,0,0,0,0,0
484157,1,1,0,0,0,0,28,0,0,24,0,0
484157,2,1,0,0,0,0,14,0,0,0,0,0
484158,1,1,0,0,0,0,0,0,0,0,0,0
484159,1,1,0,0,0,0,12,0,0,0,0,0
484159,2,1,0,0,0,0,0,0,0,0,0,0
484160,1,1,0,0,0,0,0,0,0,0,0,0
490001,0,1,0,0,0,0,0,0,0,0,0,0
490001,1,1,0,0,0,0,0,0,0,0,0,0
490002,0,1,16,16,16,16,16,16,16,16,16,16
490002,1,1,6,0,7,13,19,16,10,0,0,15
490004,1,1,16,16,16,16,16,16,16,16,16,16
490004,2,1,0,0,0,0,0,0,32,0,0,0
490004,3,1,0,0,0,0,0,0,0,0,0,0
490005,0,1,0,0,0,0,0,0,0,0,0,0
490005,1,1,0,0,0,19,0,0,0,0,0,0
490006,0,1,0,0,0,0,0,0,0,0,0,0
490006,1,1,0,0,0,0,0,0,0,0,0,0
490007,1,1,0,0,0,0,0,0,0,0,0,0
490007,2,1,0,0,0,0,0,0,0,0,0,0
490008,1,1,24,24,24,24,24,24,24,24,24,24
490008,2,1,0,0,0,0,0,0,0,0,15,0
490009,1,1,0,0,0,0,0,0,0,0,0,0
490010,1,1,12,7,15,25,0,16,5,18,8,21
490010,2,1,0,0,0,0,0,0,0,0,0,0
490011,0,1,0,0,0,0,0,0,0,0,0,0
490011,1,1,0,0,0,0,0,0,0,0,0,0
490012,1,1,19,19,19,19,19,19,19,19,19,19
490012,2,1,0,0,0,0,0,0,0,0,0,0
490013,1,1,35,35,35,35,35,35,35,35,35,35
490014,1,1,0,0,0,0,0,0,0,0,0,0
490014,2,1,0,0,0,32,0,0,0,0,0,0
490014,3,1,0,0,0,0,7,0,0,0,0,0
490015,0,1,0,0,0,0,0,0,0,0,0,0
490015,1,1,18,7,9,20,0,0,26,12,15,19
490016,1,1,32,32,32,32,32,32,32,32,32,32
490016,2,1,0,0,0,0,0,0,0,0,0,0
490017,1,1,0,0,0,0,0,0,0,0,0,0
490017,2,1,0,0,0,0,0,0,0,0,0,0
490017,3,1,0,0,0,0,0,0,0,0,0,0
490018,1,1,20,20,20,20,20,20,20,20,20,20
490019,1,1,0,0,0,0,0,0,0,0,0,0
490022,1,1,0,0,0,0,0,0,0,0,0,0
490022,2,1,0,0,0,0,0,0,0,0,0,0
490023,1,1,0,0,0,0,0,0,0,0,0,0
490023,2,1,0,0,0,0,0,0,0,0,0,0
490024,1,1,0,0,0,0,0,0,0,0,0,0
490024,2,1,0,0,0,0,13,0,31,0,0,0
490025,1,1,0,0,0,0,0,0,0,0,0,0
490025,2,1,0,0,0,0,0,0,0,0,0,0
490026,1,1,0,0,0,0,0,0,0,0,0,0
490026,2,1,0,0,0,0,0,0,0,0,0,0
490027,1,1,0,0,0,0,0,0,0,0,0,0
490027,2,1,0,0,0,0,0,0,0,23,0,0
490028,0,1,12,0,0,24,15,0,0,0,0,0
490028,1,1,0,0,0,0,0,0,0,23,0,0
490029,1,1,0,0,0,0,0,0,0,0,0,0
490030,0,1,0,0,0,0,0,0,0,0,0,0
490030,1,1,15,6,32,0,30,0,0,10,6,0
490030,2,1,0,9,0,0,2,0,22,8,0,14
490031,1,1,13,13,13,13,13,13,13,13,13,13
490032,0,1,0,0,0,0,0,0,0,0,0,0
490032,1,1,0,0,0,0,0,0,0,0,0,0
490034,1,1,0,0,0,0,0,0,0,22,0,0
490035,1,1,0,0,0,0,0,0,0,0,0,0
490036,0,1,21,21,21,21,21,21,21,21,21,21
490036,1,1,0,0,0,0,22,0,0,25,9,0
490037,1,1,22,22,22,22,22,22,22,22,22,22
490038,1,1,0,0,0,0,0,0,0,0,0,0
490038,2,1,0,0,0,0,0,0,0,0,0,0
490039,1,1,0,0,0,0,0,0,0,0,0,0
490039,2,1,0,0,0,0,0,0,0,0,0,0
490039,3,1,0,0,0,0,0,0,0,0,0,0
490039,4,1,0,0,0,0,0,0,0,0,0,0
490040,1,1,0,0,0,14,0,21,0,0,0,15
490040,2,1,0,0,0,0,0,0,0,0,0,0
490041,0,1,0,0,0,0,0,0,0,0,0,0
490041,1,1,15,0,0,0,0,0,0,0,7,14
490042,1,1,0,0,0,0,0,0,0,0,0,0
490042,2,1,0,0,0,0,0,0,0,0,0,0
490043,1,1,20,20,20,20,20,20,20,20,20,20
490044,1,1,20,20,20,20,20,20,20,20,20,20
490045,1,1,0,0,0,0,0,0,0,0,0,0
490045,2,1,10,10,10,10,10,10,10,10,10,10
490046,1,1,0,0,0,0,0,0,0,0,0,0
490046,2,1,15,0,0,0,0,0,0,0,0,0
490047,1,1,0,0,0,0,0,0,0,0,0,0
490047,2,1,0,0,0,0,0,0,0,0,0,0
490048,1,1,0,0,0,0,0,0,0,0,0,0
490048,2,1,0,0,0,0,0,0,0,0,0,0
490049,1,1,0,0,0,11,0,0,0,0,0,14
490050,1,1,22,22,22,22,22,22,22,22,22,22
490050,2,1,0,0,0,0,0,0,0,0,0,0
490051,1,1,0,0,0,0,0,0,0,0,0,21
490051,2,1,0,0,0,0,0,14,0,0,0,0
490051,3,1,0,0,0,0,0,0,0,0,0,0
490052,1,1,0,0,0,0,0,0,0,0,0,0
490052,2,1,0,0,0,0,0,0,0,0,0,0
490052,3,1,0,0,0,0,0,0,0,0,0,0
490054,1,1,20,20,20,20,20,20,20,20,20,20
490054,2,1,0,0,0,0,0,0,0,0,0,0
490055,0,1,0,0,0,0,0,0,0,0,0,0
490055,1,1,0,0,0,0,0,0,0,0,0,0
490056,1,1,0,0,0,0,0,0,0,0,0,0
490056,2,1,0,0,9,0,0,0,0,0,0,0
490057,1,1,0,0,0,0,0,0,0,0,0,0
490058,1,1,0,0,0,0,0,0,0,0,0,0
490058,2,1,0,0,0,0,0,0,0,0,0,0
490058,3,1,0,0,0,0,0,0,0,0,0,0
490058,4,1,0,0,0,0,0,0,0,0,0,0
490059,0,1,0,0,0,0,0,0,0,0,0,0
490060,1,1,0,0,0,0,0,0,0,0,0,0
490060,2,1,0,0,0,0,0,0,0,0,0,0
490061,1,1,0,0,0,0,0,0,0,0,0,0
490062,0,1,0,0,0,0,0,0,0,0,0,0
490062,1,1,0,0,0,0,0,0,0,0,0,0
490063,0,1,0,0,0,0,0,24,3,0,0,0
490063,1,1,0,0,0,11,18,0,15,0,0,0
490064,1,1,19,19,19,19,19,19,19,19,19,19
490065,1,1,0,0,0,0,0,0,0,0,0,0
490065,2,1,0,12,15,13,0,0,0,0,0,0
490066,1,1,25,25,25,25,25,25,25,25,25,25
490067,1,1,0,0,0,0,0,0,0,5,0,0
490068,1,1,28,28,28,28,28,28,28,28,28,28
490069,1,1,0,0,0,0,0,0,0,0,0,0
490069,2,1,0,0,0,0,0,0,0,0,0,0
490070,1,1,0,0,0,0,0,0,0,0,0,0
490071,1,1,0,0,0,0,0,0,0,0,0,0
490072,1,1,0,0,0,0,0,0,0,0,0,0
490073,1,1,0,0,0,6,24,0,0,0,0,0
490073,2,1,0,0,0,0,0,0,0,0,0,0
490074,1,1,18,18,18,18,18,18,18,18,18,18
490074,2,1,27,27,27,27,27,27,27,27,27,27
490075,1,1,22,22,22,22,22,22,22,22,22,22
490076,1,1,18,18,18,18,18,18,18,18,18,18
490077,1,1,0,0,0,0,0,0,0,0,0,0
490079,1,1,0,0,0,0,0,0,0,0,0,0
490080,1,1,21,21,21,21,21,21,21,21,21,21
490081,1,1,0,0,0,0,0,0,0,0,0,0
490082,1,1,0,0,0,0,0,0,0,0,0,0
490083,1,1,0,0,0,0,0,0,0,0,0,0
490084,1,1,22,22,22,22,22,22,22,22,22,22
490086,1,1,0,0,0,0,0,0,0,0,0,0
490088,1,1,0,0,0,0,0,0,0,0,0,0
490088,2,1,0,0,0,0,0,0,0,0,0,0
490089,1,1,13,18,0,6,15,0,0,0,0,10
490090,1,1,1,1,1,1,1,1,1,1,1,1
490090,2,1,0,0,0,0,0,0,0,0,0,0
490091,1,1,0,0,0,0,0,0,0,0,0,0
490092,1,1,0,0,0,0,0,0,0,0,0,0
490093,1,1,0,0,0,0,0,0,0,0,0,0
490094,1,1,11,11,11,11,11,11,11,11,11,11
490095,1,1,0,0,0,0,0,0,0,0,0,0
490095,2,1,0,0,0,0,0,0,0,0,0,0
490096,1,1,0,0,0,0,0,0,0,0,0,0
490096,2,1,12,0,0,0,0,0,0,0,0,0
490096,3,1,0,0,0,0,0,0,0,0,0,0