ST_CASE,VEH_NO,PER_NO,P1,P2,P3,P4,P5,P6,P7,P8,P9,P10
530631,4,1,0,0,0,0,0,0,0,0,0,0
530631,5,1,0,0,0,0,0,0,0,0,0,0
530631,6,1,0,0,0,0,0,0,0,0,0,0
530631,7,1,0,0,0,13,0,0,0,0,0,0
530631,8,1,0,0,0,0,0,0,0,0,0,0
530631,9,1,0,0,0,0,0,0,0,0,0,0
530631,10,1,0,0,0,0,0,0,0,0,0,0
530632,0,1,0,0,0,16,0,0,0,28,0,6
530632,1,1,0,0,0,0,25,0,0,0,0,4
530633,1,1,13,13,13,13,13,13,13,13,13,13
530634,1,1,13,13,13,13,13,13,13,13,13,13
530635,0,1,24,24,24,24,24,24,24,24,24,24
530635,1,1,0,0,10,0,0,0,0,19,0,0
530636,1,1,17,17,17,17,17,17,17,17,17,17
530636,2,1,0,0,17,0,0,0,0,0,0,0
530637,1,1,0,0,0,0,0,0,0,0,0,0
530638,1,1,19,19,19,19,19,19,19,19,19,19
530639,1,1,23,26,0,0,0,10,0,29,0,6
530639,2,1,0,0,0,0,0,0,0,0,0,0
530640,1,1,0,0,0,0,0,0,0,0,0,0
530641,0,1,0,0,21,0,0,0,0,0,13,18
530641,1,1,0,0,0,0,0,0,0,0,0,0
530642,0,1,15,28,0,0,11,0,28,14,0,15
530642,1,1,0,0,0,0,0,0,0,0,0,0
530642,2,1,0,0,0,0,0,0,0,0,0,0
530643,0,1,0,0,0,0,0,0,0,0,0,0
530643,1,1,22,0,0,0,7,25,0,0,6,5
530644,1,1,0,0,0,0,0,0,0,0,0,0
530645,1,1,0,0,0,0,0,0,0,0,0,0
540001,1,1,0,0,0,0,0,0,0,0,0,0
540002,1,1,21,21,21,21,21,21,21,21,21,21
540002,2,1,0,0,0,0,0,0,0,0,0,0
540003,0,1,0,0,0,0,0,0,0,0,0,0
540003,1,1,0,12,0,0,0,0,0,0,0,0
540004,0,1,0,0,0,0,0,0,0,0,0,0
540004,1,1,17,0,21,9,0,15,40,15,23,6
540005,1,1,0,0,0,0,0,0,0,0,0,0
540006,1,1,0,0,0,0,0,0,0,0,0,0
540006,2,1,0,0,0,0,0,0,0,0,0,0
540007,0,1,0,0,0,0,0,0,0,0,0,0
540007,1,1,0,0,0,0,0,0,0,0,0,0
540008,1,1,0,0,0,0,0,0,0,0,0,0
540008,2,1,0,0,0,0,0,0,0,0,0,0
540009,0,1,21,21,21,21,21,21,21,21,21,21
540009,1,1,0,0,0,0,0,0,0,0,0,0
540009,2,1,0,0,0,0,0,0,0,0,0,0
540009,3,1,0,0,11,0,0,0,0,0,0,0
540009,4,1,0,0,0,0,0,0,0,0,0,0
540010,1,1,0,0,0,0,0,0,0,0,0,0
540011,1,1,8,24,9,0,27,8,20,14,5,25
540011,2,1,0,0,0,0,15,0,0,0,0,0
540012,1,1,0,0,0,0,0,0,0,0,0,0
540013,0,1,19,0,25,11,19,19,0,34,0,13
540013,1,1,0,0,0,0,0,0,0,0,0,0
540014,0,1,0,0,0,0,0,0,0,0,0,0
540014,1,1,0,0,0,0,0,0,0,0,0,0
540015,1,1,0,0,0,0,0,0,0,0,0,0
540015,2,1,0,0,0,0,0,0,0,0,0,0
540016,1,1,0,0,0,0,0,0,0,0,0,0
540016,2,1,0,0,0,0,0,0,0,0,0,0
540016,3,1,0,0,0,0,0,0,0,0,0,0
540017,1,1,0,0,0,0,0,0,0,0,0,0
540017,2,1,0,0,0,0,0,0,0,0,0,20
540018,1,1,12,12,12,12,12,12,12,12,12,12
540018,2,1,0,0,0,0,0,0,0,0,0,0
540019,1,1,20,20,20,20,20,20,20,20,20,20
540020,1,1,0,0,0,0,0,0,0,0,0,0
540020,2,1,21,0,0,0,0,0,0,0,0,0
540021,1,1,0,0,0,0,0,0,0,0,0,0
540022,1,1,0,0,0,0,0,0,0,0,0,0
540022,2,1,0,0,0,0,0,0,0,0,0,0
540023,1,1,0,0,0,0,0,0,0,0,0,0
540023,2,1,0,0,0,0,0,0,0,0,0,0
540024,1,1,2,2,2,2,2,2,2,2,2,2
540025,1,1,3,3,3,3,3,3,3,3,3,3
540026,1,1,21,21,21,21,21,21,21,21,21,21
540027,0,1,3,3,3,3,3,3,3,3,3,3
540027,1,1,0,0,0,0,0,0,0,0,0,0
540028,1,1,0,0,0,0,0,0,0,0,0,0
540028,2,1,0,0,0,0,0,0,0,0,0,0
540028,3,1,0,0,0,0,0,0,0,0,0,0
540029,1,1,0,0,0,0,0,0,0,0,0,0
540030,1,1,0,0,0,0,0,0,0,0,0,0
540031,1,1,0,0,0,0,0,0,0,0,0,0
540032,1,1,0,0,0,0,0,0,0,0,0,0
540033,1,1,0,0,0,0,0,0,0,0,0,0
540033,2,1,0,0,0,0,0,0,9,0,0,0
540034,1,1,0,0,0,0,0,0,0,0,0,0
540036,1,1,0,0,0,0,0,0,0,0,0,0
540036,2,1,0,0,0,0,0,0,0,0,0,0
540037,1,1,0,0,0,0,0,0,0,0,0,0
540038,1,1,0,6,0,0,0,0,0,0,0,0
540038,2,1,0,0,0,0,0,0,0,0,0,0
540039,1,1,20,20,20,20,20,20,20,20,20,20
540040,1,1,16,33,10,8,17,17,10,0,21,19
540041,1,1,2,24,22,9,6,19,20,10,12,11
540041,2,1,0,0,0,0,0,0,0,0,0,0
540042,1,1,0,0,0,0,0,0,0,0,0,0
540043,1,1,21,21,21,21,21,21,21,21,21,21
540044,1,1,0,0,0,0,0,0,0,0,0,0
540045,1,1,0,0,0,0,0,0,0,0,0,0
540046,1,1,0,0,2,0,0,0,0,0,0,0
540046,2,1,0,0,0,0,0,0,0,0,0,0
540046,3,1,0,0,0,0,0,0,0,0,0,0
540047,1,1,0,0,0,0,0,0,0,0,0,0
540047,2,1,0,0,0,0,0,0,0,0,0,0
540048,1,1,0,0,0,0,0,0,0,0,0,0
540048,2,1,0,0,0,0,0,0,0,0,0,0
540049,1,1,0,0,0,0,0,0,0,0,0,0
540049,2,1,0,0,0,0,0,0,0,0,0,0
540050,1,1,0,0,0,0,0,0,0,0,0,0
540051,1,1,0,0,0,0,0,0,0,0,0,0
540051,2,1,0,0,0,0,0,0,0,0,0,0
540052,1,1,23,23,23,23,23,23,23,23,23,23
540052,2,1,0,0,0,0,0,0,0,0,0,0
540054,1,1,10,10,10,10,10,10,10,10,10,10
540055,1,1,0,0,0,0,0,0,0,0,0,0
540056,1,1,0,0,0,0,0,0,0,0,0,0
540057,0,1,0,0,0,0,0,0,0,0,0,0
540057,1,1,0,0,0,0,0,0,0,0,0,0
540058,1,1,0,0,17,0,0,0,0,0,0,0
540058,2,1,0,0,0,0,0,0,0,0,0,0
540059,1,1,0,0,0,0,31,19,11,32,12,0
540059,2,1,27,0,0,0,0,0,0,0,0,0
540059,3,1,0,0,0,0,0,0,0,0,0,0
540060,1,1,0,0,0,0,0,0,0,0,0,0
540061,1,1,0,0,0,0,0,0,0,0,0,0
540062,1,1,0,0,0,0,0,0,0,0,0,0
540063,1,1,0,17,18,19,0,19,28,0,11,20
540064,1,1,0,0,0,0,0,0,0,0,0,2
540064,2,1,0,0,0,0,0,0,0,0,0,0
540066,1,1,18,16,0,0,0,18,18,11,0,0
540066,2,1,0,0,0,0,0,0,0,0,0,0
540067,1,1,22,22,22,22,22,22,22,22,22,22
540068,1,1,0,0,0,0,38,0,0,0,0,0
540069,1,1,15,15,8,11,13,13,0,13,12,9
540070,1,1,0,0,0,0,0,0,0,0,0,0
540071,1,1,0,0,0,0,0,0,0,0,0,0
540072,1,1,0,0,0,0,0,0,0,0,0,0
540072,2,1,0,0,0,0,0,0,0,0,0,0
540073,1,1,0,0,0,16,0,0,0,0,0,0
540074,1,1,0,0,0,0,0,0,0,0,0,0
540074,2,1,0,0,0,0,0,0,0,0,0,0
540075,0,1,0,0,0,0,0,0,0,0,0,0
540075,1,1,0,0,0,0,0,0,0,0,0,0
540076,1,1,21,21,21,21,21,21,21,21,21,21
540077,1,1,21,21,21,21,21,21,21,21,21,21
540078,1,1,0,0,0,0,0,0,0,0,0,0
540078,2,1,0,0,0,0,0,22,0,0,0,0
540078,3,1,0,0,0,0,0,0,0,0,0,0
540078,4,1,0,0,0,0,0,0,0,0,0,0
540079,0,1,0,0,0,0,0,0,0,0,0,0
540079,1,1,0,0,0,0,20,25,0,0,0,0
540080,1,1,0,0,0,0,0,0,0,0,0,0
540080,2,1,0,0,0,0,0,0,0,0,0,0
540081,1,1,0,0,0,0,0,0,0,0,0,0
540081,2,1,0,0,0,0,0,0,0,0,0,0
540082,1,1,5,5,5,5,5,5,5,5,5,5
540083,1,1,0,0,0,0,0,0,0,0,0,0
540085,1,1,18,18,18,18,18,18,18,18,18,18
540086,1,1,0,15,0,0,0,0,0,21,0,15
540087,1,1,0,0,0,0,0,0,0,0,0,0
540088,1,1,0,0,0,0,0,0,0,0,0,0
540088,2,1,0,0,0,0,8,0,0,0,0,0
540089,0,1,14,14,14,14,14,14,14,14,14,14
540089,1,1,0,22,0,0,0,0,0,0,0,0
540090,1,1,0,0,0,0,0,0,0,0,0,0
540091,1,1,0,0,0,0,0,0,0,0,0,0
540091,2,1,0,0,0,0,0,0,0,0,0,0
540091,3,1,0,0,0,0,0,0,7,0,0,0
540092,0,1,0,0,0,0,0,0,0,0,0,0
540092,1,1,0,0,0,0,0,0,0,0,0,0
540093,1,1,0,0,23,0,0,0,0,0,17,0
540093,2,1,0,0,0,0,0,0,0,0,0,0
540093,3,1,0,0,0,0,0,0,0,0,0,0
540093,4,1,0,0,0,0,0,0,0,0,0,0
540093,5,1,0,0,0,0,0,0,0,0,0,0
540094,1,1,0,0,0,0,0,0,0,0,0,0
540094,2,1,0,0,0,0,0,0,0,0,0,0
540095,1,1,0,0,0,0,0,0,0,0,0,0
540096,1,1,0,24,21,28,12,0,16,0,40,0
540097,1,1,0,0,0,0,0,0,0,0,0,0
540098,1,1,0,0,0,0,0,0,0,0,0,0
540098,2,1,0,0,0,0,0,5,0,0,0,2
540099,1,1,0,0,0,0,0,0,0,0,0,0
540100,1,1,32,6,0,0,0,0,0,0,16,0
540101,0,1,0,0,0,0,0,0,0,0,0,0
540101,1,1,0,0,0,0,0,0,0,0,0,0
540102,1,1,25,25,25,25,25,25,25,25,25,25
540103,1,1,0,0,0,0,0,0,0,0,0,0
540104,1,1,0,0,0,0,0,0,0,0,0,0
540104,2,1,0,0,0,0,0,0,0,0,0,23
540105,1,1,0,0,0,0,0,0,0,0,0,0
540106,1,1,6,6,6,6,6,6,6,6,6,6
540107,1,1,0,9,0,0,0,0,0,0,0,0
540107,2,1,14,14,14,14,14,14,14,14,14,14
540108,1,1,14,14,14,14,14,14,14,14,14,14
540109,1,1,1,1,1,1,1,1,1,1,1,1
540110,1,1,0,0,0,0,0,0,0,0,0,0
540110,2,1,0,0,0,0,0,0,0,0,0,0
540111,1,1,0,0,0,0,0,0,0,0,0,0
540111,2,1,0,0,0,0,0,0,0,0,0,0
540112,0,1,0,0,0,0,0,0,0,0,0,0
540112,1,1,0,0,0,0,0,0,0,0,0,0
540113,1,1,0,0,0,2,0,0,0,0,0,0
540114,1,1,0,0,0,0,0,0,0,0,0,0
540115,1,1,0,0,0,0,0,0,0,0,0,0
540115,2,1,0,0,0,0,0,0,0,0,0,0
540115,3,1,0,0,0,0,0,0,0,0,0,0
540116,0,1,0,0,0,0,0,0,0,0,0,0
540116,0,2,0,0,0,0,0,0,0,0,0,0
540116,1,1,0,0,0,0,0,0,0,0,0,0
540117,1,1,0,0,0,0,0,0,0,0,0,0
540117,2,1,0,0,0,0,0,0,0,0,0,0
540118,1,1,0,0,0,0,0,0,0,0,0,0
540118,2,1,0,0,0,0,0,0,0,0,0,19
540118,3,1,0,0,0,0,0,12,0,0,0,0
540118,4,1,0,0,0,0,0,0,5,0,0,0
540119,1,1,0,0,0,0,0,0,0,0,0,0
540119,2,1,0,0,0,0,0,0,0,0,0,0
540120,1,1,1,1,1,1,1,1,1,1,1,1
540121,1,1,17,17,17,17,17,17,17,17,17,17
540122,1,1,0,0,0,0,0,0,0,0,0,0
540123,1,1,0,0,0,0,0,0,0,0,0,0
540124,0,1,5,5,5,5,5,5,5,5,5,5
540124,1,1,0,16,0,0,0,0,0,0,0,0
540124,2,1,0,0,0,0,0,0,0,0,0,20
540125,1,1,0,0,0,0,0,0,0,0,0,0
540126,1,1,8,8,8,8,8,8,8,8,8,8
540127,1,1,0,0,0,0,0,0,0,0,0,0
540128,1,1,38,38,38,38,38,38,38,38,38,38
540129,1,1,0,0,0,0,0,0,0,0,0,0
540129,2,1,0,0,0,0,0,0,0,0,0,0
540130,1,1,20,20,20,20,20,20,20,20,20,20
540131,1,1,0,0,0,0,0,0,0,0,0,0
540132,1,1,0,0,0,0,0,0,0,0,0,0
540133,1,1,0,26,0,0,0,0,0,0,0,0
540134,1,1,24,24,24,24,24,24,24,24,24,24
540134,2,1,0,0,0,8,0,0,0,0,0,0
540134,3,1,0,0,0,0,0,0,0,0,0,0
540135,1,1,24,24,24,24,24,24,24,24,24,24
540136,1,1,0,0,0,0,0,0,0,0,13,0
540136,2,1,0,0,0,0,0,0,0,0,0,0
540137,0,1,0,0,0,0,0,0,0,0,0,0
540137,1,1,0,0,0,0,0,0,0,0,0,0
540138,1,1,0,0,19,0,0,0,17,18,0,6
540138,2,1,0,0,0,0,0,0,0,0,0,0
540139,1,1,15,15,15,15,15,15,15,15,15,15
540140,1,1,0,0,0,0,0,0,0,0,0,0
540141,1,1,9,5,19,15,11,22,20,21,16,23
540142,1,1,0,0,0,0,0,0,0,0,0,0
540142,2,1,0,0,0,0,0,0,0,0,0,0
540144,1,1,0,0,0,0,0,0,0,0,0,0
540144,2,1,0,0,0,0,0,0,0,0,0,0
540145,1,1,13,13,13,13,13,13,13,13,13,13
540146,1,1,25,25,25,25,25,25,25,25,25,25
540147,1,1,0,0,0,0,0,0,0,0,0,0
540148,1,1,0,0,0,0,0,0,0,0,0,0
540149,1,1,0,0,0,0,0,0,0,0,0,0
540149,2,1,0,0,0,0,12,0,0,36,0,0
540149,3,1,0,8,0,0,0,0,0,0,0,0
540150,1,1,0,0,0,0,0,0,0,0,0,0
540150,2,1,0,0,0,0,0,0,0,0,0,0
540151,1,1,0,0,0,0,0,0,0,0,0,0
540151,2,1,0,0,0,0,0,0,0,0,0,0
540152,0,1,0,0,0,0,0,0,0,0,0,0
540152,1,1,0,0,0,0,0,0,0,0,0,33
540153,1,1,0,0,0,0,0,0,0,0,0,0
540153,2,1,0,0,0,0,0,0,0,0,0,0
540154,1,1,0,0,5,0,0,0,0,10,0,0
540155,0,1,0,0,0,0,0,0,0,0,0,0
540155,1,1,0,0,0,0,0,0,0,0,0,0
540156,1,1,0,0,0,0,0,0,0,0,0,0
540156,2,1,0,0,0,0,0,0,0,0,0,0
540157,1,1,0,0,0,0,0,0,0,0,0,0
540158,1,1,0,0,0,0,0,0,0,0,0,0
540158,2,1,0,0,0,0,0,0,0,0,0,0
540159,1,1,27,27,27,27,27,27,27,27,27,27
540160,1,1,22,22,22,22,22,22,22,22,22,22
540161,1,1,0,0,0,0,0,0,17,0,19,16
540162,1,1,0,0,0,0,0,0,0,0,0,0
540162,2,1,0,0,0,0,0,0,0,0,0,0
540163,1,1,0,0,0,0,0,0,0,0,0,0
540163,2,1,0,0,0,0,0,0,0,0,7,0
540164,0,1,0,0,0,0,0,0,0,0,0,0
540164,1,1,0,4,17,23,15,0,26,21,0,5
540165,0,1,0,0,0,0,0,0,0,0,0,0
540165,1,1,0,0,0,0,0,0,0,0,0,0
540166,1,1,0,0,0,0,0,0,0,0,0,10
540167,0,1,0,0,0,0,0,0,0,0,0,0
540167,1,1,0,0,0,0,0,0,0,0,0,0
540168,1,1,0,0,0,0,0,0,0,0,0,0
540169,1,1,0,0,0,0,0,0,0,0,0,0
540169,2,1,0,0,0,0,0,0,0,0,0,0
540170,1,1,0,0,0,0,0,0,0,0,0,0
540170,2,1,0,0,0,0,0,0,0,0,0,12
540170,3,1,0,0,0,0,0,0,0,0,0,0
540170,4,1,0,0,0,6,0,0,14,0,0,0
540171,1,1,16,16,16,16,16,16,16,16,16,16
540172,1,1,13,5,12,38,10,12,7,32,31,16
540174,1,1,17,17,17,17,17,17,17,17,17,17
540175,1,1,11,11,11,11,11,11,11,11,11,11
540176,1,1,0,0,0,0,0,0,0,0,0,0
540177,1,1,0,0,0,0,0,0,0,0,0,0
540178,1,1,10,9,19,0,17,18,8,16,16,4
540179,1,1,0,0,0,0,0,0,0,0,0,0
540179,2,1,0,0,0,0,0,0,0,0,0,0
540180,1,1,0,0,0,0,0,0,0,0,0,0
540181,1,1,12,21,13,22,9,8,48,14,12,14
540182,1,1,10,10,10,10,10,10,10,10,10,10
540183,1,1,0,0,0,0,0,0,0,0,0,0
540184,1,1,0,0,0,0,0,0,0,0,0,0
540185,1,1,6,6,6,6,6,6,6,6,6,6
540186,1,1,0,0,0,0,0,0,0,0,0,0
540186,2,1,16,16,16,16,16,16,16,16,16,16
540187,1,1,0,0,0,0,0,0,0,0,0,0
540189,1,1,0,0,0,0,0,0,0,0,0,0
540190,1,1,17,17,17,17,17,17,17,17,17,17
540191,1,1,0,0,0,0,0,0,0,0,0,0
540191,2,1,0,0,0,0,0,0,0,0,0,0
540192,1,1,23,23,23,23,23,23,23,23,23,23
540192,2,1,0,0,0,0,0,0,0,0,0,0
540193,1,1,17,17,17,17,17,17,17,17,17,17
540193,2,1,0,0,0,0,0,0,0,0,0,0
540194,1,1,0,0,0,0,0,0,0,0,0,0
540194,2,1,0,0,0,0,0,0,0,0,0,0
540195,0,1,0,0,0,0,0,0,0,0,0,0
540195,1,1,0,0,7,0,0,0,0,0,0,0
540197,0,1,0,0,0,0,0,0,0,0,0,0
540197,1,1,0,0,0,0,0,0,0,0,0,0
540199,1,1,0,0,0,0,0,0,0,0,0,0
540199,2,1,0,0,0,0,0,0,0,0,0,0
540200,1,1,2,2,2,2,2,2,2,2,2,2
540201,1,1,9,6,14,9,21,18,0,0,26,0
540201,2,1,0,0,0,0,0,0,0,0,0,0
540201,3,1,0,0,0,0,0,0,0,0,0,0
540202,1,1,4,4,4,4,4,4,4,4,4,4
540203,1,1,0,0,0,0,0,0,0,0,0,0
540203,2,1,0,0,0,0,0,0,0,0,0,0
540204,0,1,0,0,0,0,0,0,0,0,0,0
540204,1,1,0,0,0,0,0,0,0,0,0,0
540204,2,1,0,0,0,0,0,0,0,10,0,0
540205,1,1,0,0,0,0,0,0,0,0,0,0
540205,2,1,0,0,0,0,0,0,0,0,0,0
540206,1,1,0,0,0,0,0,0,0,0,0,0
540207,1,1,22,22,22,22,22,22,22,22,22,22
540207,2,1,0,0,21,0,0,0,0,0,0,0
540208,1,1,0,0,32,0,12,0,4,0,0,0
540208,2,1,0,0,0,0,0,0,0,0,0,9
540209,1,1,0,0,0,0,0,0,0,0,0,0
540209,2,1,0,0,0,0,0,0,0,0,0,0
540210,1,1,22,22,22,22,22,22,22,22,22,22
540210,2,1,0,0,0,0,0,0,0,0,0,0
540211,1,1,0,0,0,0,0,0,0,0,0,0
540211,2,1,2,2,2,2,2,2,2,2,2,2
540212,1,1,0,0,0,0,0,0,0,0,0,0
540213,1,1,0,0,0,0,0,0,0,0,0,0
540213,2,1,0,0,0,0,0,0,0,0,0,0
540214,1,1,0,0,0,0,0,0,0,0,0,0
540214,2,1,0,0,0,0,0,0,0,0,0,0
540215,0,1,22,22,22,22,22,22,22,22,22,22
540215,1,1,0,0,0,0,0,5,0,0,0,0
540216,1,1,7,7,7,7,7,7,7,7,7,7
540217,0,1,0,0,0,0,0,0,0,0,0,0
540217,1,1,0,0,0,6,0,0,0,0,0,0
540218,1,1,0,0,0,0,0,0,0,0,10,0
540219,1,1,0,0,0,0,0,0,0,0,0,0
540220,1,1,0,0,0,0,0,0,0,0,0,0
540220,2,1,0,0,0,0,0,0,0,0,0,0
540221,1,1,0,0,0,0,0,0,0,0,0,0
540221,2,1,0,0,0,0,0,0,0,0,0,0
540221,3,1,20,0,0,0,0,0,0,0,0,0
540222,1,1,0,0,0,0,0,0,0,0,0,0
540223,1,1,0,0,0,0,0,0,0,0,0,0
540223,2,1,0,0,0,0,0,3,0,0,0,0
540223,3,1,0,0,0,0,0,0,0,0,0,0
540224,1,1,4,9,6,0,8,0,0,0,0,2
540225,1,1,0,0,0,0,0,0,0,0,0,0
540225,2,1,0,0,0,0,0,0,0,0,0,0
540225,3,1,0,0,0,0,0,0,0,0,0,0
540226,1,1,0,0,0,0,0,0,0,0,0,0
540227,1,1,0,0,0,0,0,0,0,0,0,0
540227,2,1,0,5,0,0,0,4,0,0,0,0
540228,1,1,0,0,0,0,0,0,0,0,0,0
540229,0,1,0,0,0,0,0,0,0,0,0,0
540229,1,1,0,0,0,0,0,15,0,0,0,0
540230,1,1,0,0,0,0,0,0,0,0,0,0
540231,1,1,0,0,0,0,0,0,0,2,0,0
540231,2,1,0,0,0,0,0,0,0,0,0,0
540232,1,1,0,0,0,0,0,0,0,0,0,0
540233,1,1,15,15,15,15,15,15,15,15,15,15
540234,1,1,0,0,0,0,0,0,0,0,0,0
540234,2,1,0,0,0,0,0,0,0,0,0,0
540235,1,1,2,2,2,2,2,2,2,2,2,2
540236,1,1,0,0,0,0,0,0,0,0,0,0
540237,1,1,27,27,27,27,27,27,27,27,27,27
540238,1,1,0,0,0,0,0,0,0,0,0,0
540238,2,1,0,0,0,0,0,0,0,0,0,0
540239,1,1,16,16,16,16,16,16,16,16,16,16
540239,2,1,0,0,0,0,0,0,0,0,0,0
540240,1,1,0,0,0,0,0,0,0,0,0,0
540240,2,1,0,0,0,0,0,0,0,0,0,0
540241,1,1,0,0,0,0,0,0,0,0,0,0
540241,2,1,0,0,0,0,0,0,0,0,0,0
540242,1,1,0,0,0,0,0,0,0,0,0,0
540243,1,1,0,0,0,0,0,0,0,0,0,0
540243,2,1,0,0,0,0,0,0,0,0,0,0
540244,0,1,0,0,0,0,0,0,0,0,0,0
540244,1,1,0,0,0,0,0,0,0,0,0,0
540244,2,1,0,0,0,0,0,0,0,0,0,10
540245,1,1,8,8,8,8,8,8,8,8,8,8
540246,1,1,0,0,0,0,0,0,0,0,0,0
540246,2,1,0,0,0,0,0,0,0,0,0,0
540247,0,1,31,31,31,31,31,31,31,31,31,31
540247,1,1,0,0,0,16,0,0,0,0,0,0
540248,1,1,10,10,10,10,10,10,10,10,10,10
540249,1,1,1,1,1,1,1,1,1,1,1,1
540249,2,1,0,0,0,0,0,0,8,0,0,0
540249,3,1,0,12,0,0,0,0,0,0,0,0
540249,4,1,0,0,0,0,0,0,0,0,0,0
540250,1,1,0,0,0,0,0,0,0,0,0,0
540251,1,1,0,0,0,0,0,0,0,0,0,0
540251,2,1,0,0,0,0,0,0,0,0,0,0
540252,1,1,0,0,0,0,0,0,0,0,0,0
540253,1,1,4,4,4,4,4,4,4,4,4,4
540254,1,1,0,0,0,0,0,0,0,0,0,0
540254,2,1,0,0,0,0,0,0,0,0,0,0
540255,0,1,21,21,21,21,21,21,21,21,21,21
540255,1,1,15,14,6,24,37,0,15,5,12,8
540256,0,1,0,0,0,0,0,0,0,0,0,0
540256,1,1,0,0,0,0,0,0,0,0,0,0
540257,1,1,0,0,0,0,0,0,0,0,0,0
540258,1,1,0,0,0,0,0,0,0,0,0,0
540258,2,1,0,0,0,0,0,0,0,0,0,0
540259,0,1,20,20,20,20,20,20,20,20,20,20
540259,1,1,0,0,0,0,0,0,0,0,0,0
540260,0,1,0,0,0,0,0,0,0,0,0,0
540260,1,1,17,16,0,18,30,19,0,0,0,8
540261,1,1,15,15,15,15,15,15,15,15,15,15
540261,2,1,0,0,0,0,0,0,0,11,0,0
540262,1,1,0,0,0,0,0,0,0,0,0,0
540262,2,1,0,0,0,4,0,0,0,0,0,0
540263,0,1,0,0,0,0,0,0,0,0,0,0
540264,0,1,0,0,0,0,0,0,0,0,0,0
540264,1,1,17,17,23,0,0,21,6,0,0,24
540265,1,1,16,16,16,16,16,16,16,16,16,16
540266,0,1,0,0,0,0,0,0,0,0,0,0
540266,1,1,15,15,15,15,15,15,15,15,15,15
540267,1,1,0,0,0,0,0,0,0,0,0,0
540267,2,1,0,0,0,0,0,0,0,0,0,0
540268,1,1,24,24,24,24,24,24,24,24,24,24
550001,1,1,0,8,0,0,0,0,0,0,0,0
550001,2,1,0,12,0,0,0,0,0,0,0,14
550002,1,1,0,0,19,0,0,0,0,0,0,20
550002,2,1,0,0,0,0,0,0,14,0,19,0
550002,3,1,14,0,0,0,0,0,0,0,0,0
550004,0,1,0,20,0,0,13,0,0,0,0,0
550004,0,2,0,0,0,17,0,0,0,0,0,2
550004,1,1,16,5,16,20,16,14,20,31,4,26
550005,1,1,0,0,0,0,0,0,0,0,0,0
550005,2,1,0,0,0,0,11,0,0,0,0,0
550005,3,1,0,0,0,0,0,0,0,0,0,0
550006,1,1,14,22,11,20,14,6,7,19,12,6
550007,1,1,0,30,0,0,0,0,0,0,0,0
550007,2,1,0,0,0,0,0,0,0,0,0,0
550008,1,1,16,16,16,16,16,16,16,16,16,16
550009,1,1,0,0,0,0,0,0,0,0,0,0
550009,2,1,0,0,0,0,0,0,0,0,0,0
550010,1,1,0,0,0,0,0,0,0,0,0,0
550010,2,1,0,0,0,0,0,0,0,0,0,0
550011,1,1,0,0,0,0,0,0,0,0,0,0
550011,2,1,0,0,0,0,0,0,0,0,0,0
550012,1,1,20,31,1,18,29,0,16,29,22,26
550012,2,1,0,17,0,0,0,0,0,0,0,0
550013,1,1,21,21,21,21,21,21,21,21,21,21
550014,0,1,0,0,0,0,0,29,0,0,0,0
550014,1,1,0,0,0,0,0,0,0,0,0,0
550016,0,1,0,9,0,0,0,0,0,0,0,0
550016,1,1,12,10,22,27,34,20,8,0,31,15
550017,1,1,0,0,0,0,0,0,0,0,0,0
550017,2,1,0,0,0,0,0,0,0,0,0,0
550017,3,1,0,0,0,0,0,0,0,0,0,0
550018,1,1,0,0,0,0,0,0,0,0,0,0
550018,2,1,0,0,0,0,0,0,0,0,0,0
550020,0,1,0,0,0,0,0,0,0,0,0,0
550020,1,1,0,0,0,0,0,0,0,0,0,0
550021,1,1,0,0,0,0,0,0,0,0,0,0
550022,1,1,8,14,30,14,17,0,16,8,8,19
550022,2,1,0,0,0,0,0,0,0,0,0,0
550023,1,1,18,23,0,0,5,16,0,12,0,0
550024,0,1,0,0,0,0,0,0,0,0,0,0
550024,1,1,0,0,0,0,0,0,0,0,0,0
550025,0,1,19,43,15,12,9,19,18,4,17,18
550025,1,1,0,0,0,0,0,0,0,0,0,0
550026,1,1,8,0,0,0,0,0,0,0,0,0
550027,1,1,0,0,0,0,0,0,0,0,0,0
550027,2,1,0,0,0,0,0,0,0,0,0,0
550028,1,1,0,0,0,0,0,28,0,0,0,0
550028,2,1,0,0,0,0,0,0,0,0,0,0
550028,3,1,0,0,0,0,0,0,0,0,0,0
550028,4,1,0,0,0,0,0,0,0,0,0,0
550029,1,1,0,0,0,0,0,0,0,0,0,0
550029,2,1,0,0,0,0,0,0,0,0,0,0
550030,1,1,24,11,29,8,30,27,16,9,6,17
550030,2,1,0,4,0,0,0,0,0,0,0,0
550031,1,1,35,23,25,13,14,25,17,64,24,23
550032,1,1,25,34,18,20,24,13,4,14,19,21
550033,1,1,0,0,0,0,16,0,0,0,0,0
550033,2,1,0,0,0,0,0,0,0,0,0,15
550034,1,1,0,0,0,0,0,0,0,0,0,0
550034,2,1,0,0,0,0,0,0,0,0,0,0
550036,1,1,0,0,0,0,0,0,0,0,0,0
550037,1,1,0,0,0,13,0,0,0,15,6,18
550037,2,1,0,0,0,0,33,0,0,13,0,0
550038,1,1,0,0,0,0,0,0,0,0,0,0
550038,2,1,0,0,0,0,0,0,0,0,0,0
550039,1,1,10,16,30,17,12,9,18,10,0,7
550040,1,1,7,7,7,7,7,7,7,7,7,7
550041,1,1,18,17,21,15,24,11,17,24,16,29