ST_CASE,VEH_NO,PER_NO,P1,P2,P3,P4,P5,P6,P7,P8,P9,P10
550366,2,1,0,0,0,0,0,0,0,0,0,0
550367,1,1,0,0,0,0,0,0,0,0,0,0
550368,1,1,18,18,18,18,18,18,18,18,18,18
550370,1,1,19,19,19,19,19,19,19,19,19,19
550371,1,1,9,13,0,21,0,0,0,0,0,0
550371,2,1,0,0,0,0,0,0,0,0,0,0
550372,0,1,0,0,0,0,0,0,0,0,0,0
550372,1,1,0,0,0,0,0,0,0,0,0,0
550373,1,1,7,14,14,35,32,28,26,28,29,28
550374,1,1,11,9,35,13,20,24,16,28,17,9
550375,1,1,0,0,0,0,0,0,0,0,0,0
550375,2,1,0,0,0,0,0,0,0,0,0,0
550376,1,1,0,0,0,0,0,0,4,0,0,0
550377,1,1,0,0,0,0,0,0,0,0,0,0
550379,1,1,11,11,11,11,11,11,11,11,11,11
550380,1,1,0,0,0,0,0,0,0,0,0,0
550380,2,1,0,19,0,0,0,0,10,0,0,0
550381,1,1,0,0,0,0,0,0,0,0,0,0
550381,2,1,0,0,0,0,0,0,0,0,0,0
550382,0,1,0,0,0,0,0,14,0,6,0,33
550382,1,1,0,15,13,0,0,0,0,0,0,0
550382,2,1,0,0,0,0,0,0,0,0,0,0
550383,1,1,0,0,0,0,0,0,0,0,0,0
550384,1,1,0,0,0,0,0,0,0,0,0,0
550385,1,1,0,0,0,0,0,0,0,0,0,0
550385,2,1,0,0,0,0,0,0,0,0,0,0
550386,1,1,6,26,17,2,17,22,14,24,23,14
550387,0,1,13,17,11,23,27,22,9,21,31,44
550387,1,1,0,0,0,0,0,0,0,0,0,0
550388,1,1,15,15,15,15,15,15,15,15,15,15
550389,1,1,0,12,0,7,11,12,0,9,0,0
550390,1,1,0,0,0,0,0,0,0,0,0,0
550390,2,1,0,0,0,0,0,0,0,0,0,0
550391,1,1,0,0,0,0,0,0,0,0,0,0
550392,1,1,0,0,0,12,0,0,0,0,0,0
550393,1,1,0,0,0,0,0,0,0,0,0,0
550394,1,1,0,0,0,0,0,0,0,0,0,0
550394,2,1,0,0,0,0,0,0,0,0,0,0
550395,1,1,8,8,8,8,8,8,8,8,8,8
550395,2,1,0,0,0,0,0,0,0,0,0,0
550396,1,1,11,28,6,22,28,16,5,0,10,7
550396,2,1,0,0,0,0,0,0,29,0,0,0
550397,1,1,14,0,0,0,0,0,0,0,0,0
550397,2,1,0,0,0,0,0,0,0,0,0,0
550398,1,1,0,0,0,0,0,0,19,0,0,6
550398,2,1,0,0,0,0,0,0,0,0,0,0
550399,1,1,11,20,22,13,11,4,8,5,19,17
550400,1,1,0,0,0,0,0,0,0,0,0,0
550401,1,1,0,0,0,0,0,0,0,0,0,0
550401,2,1,0,0,0,0,0,0,7,0,0,0
550401,3,1,0,0,0,11,0,0,0,0,0,0
550401,5,1,0,0,0,0,0,0,0,0,8,6
550402,1,1,0,0,0,0,0,0,0,0,0,0
550402,2,1,0,0,0,0,0,0,0,0,0,0
550402,3,1,0,0,0,0,0,0,0,0,0,0
550403,0,1,0,0,0,5,0,0,0,0,0,0
550403,1,1,19,11,7,5,12,7,10,26,6,6
550404,1,1,0,0,25,0,0,0,0,0,0,0
550404,2,1,0,0,0,0,0,14,0,0,0,0
550405,1,1,20,20,20,20,20,20,20,20,20,20
550406,1,1,0,0,0,0,0,0,0,0,0,0
550406,2,1,0,0,0,0,0,0,0,0,0,0
550407,1,1,15,15,15,15,15,15,15,15,15,15
550408,1,1,15,12,16,17,14,34,13,9,32,6
550409,1,1,0,0,5,0,9,0,0,0,0,0
550409,2,1,0,0,0,0,0,0,0,0,26,0
550410,1,1,0,0,0,0,0,0,0,0,0,0
550410,2,1,0,0,0,0,0,0,0,0,0,0
550411,1,1,0,0,0,0,0,10,0,0,0,0
550411,2,1,0,0,0,0,0,0,0,0,0,0
550412,1,1,20,14,22,28,9,10,30,19,10,10
550412,2,1,0,0,0,0,0,0,16,0,19,0
550413,1,1,0,0,0,0,0,0,0,0,0,0
550413,2,1,0,0,0,0,0,0,0,0,0,0
550414,1,1,9,16,13,10,12,5,9,13,15,8
550414,2,1,0,0,0,0,0,0,0,0,0,0
550415,1,1,0,0,0,0,0,0,0,0,0,0
550415,2,1,0,0,0,0,0,0,0,0,0,0
550416,0,1,19,19,19,19,19,19,19,19,19,19
550416,1,1,0,0,0,0,0,0,0,0,0,0
550417,1,1,19,9,31,17,25,28,5,9,31,25
550418,1,1,13,13,13,13,13,13,13,13,13,13
550419,1,1,0,0,0,0,0,0,0,0,0,17
550420,1,1,0,0,0,0,0,0,0,0,20,0
550420,2,1,0,0,0,0,0,0,0,0,0,0
550421,1,1,0,32,0,0,0,0,0,0,0,0
550421,2,1,0,0,0,0,0,0,0,0,0,0
550423,1,1,0,0,0,0,0,0,0,0,0,0
550423,2,1,0,0,0,0,0,0,0,0,0,0
550424,1,1,0,0,0,0,0,0,0,0,0,0
550424,2,1,0,0,0,0,0,0,0,0,0,0
550424,3,1,0,0,0,0,0,22,0,0,0,24
550424,4,1,0,0,0,0,0,0,0,0,0,0
550425,1,1,0,0,0,0,0,0,0,0,0,0
550426,0,1,1,1,1,1,1,1,1,1,1,1
550426,1,1,0,0,0,0,0,0,0,0,0,0
550427,1,1,0,0,0,0,0,0,0,0,0,0
550427,2,1,0,0,0,0,0,0,0,0,0,0
550427,3,1,0,0,0,0,0,0,0,0,0,0
550428,1,1,0,2,0,0,0,0,0,15,0,7
550428,2,1,0,0,0,0,0,0,0,0,0,0
550430,1,1,20,16,15,34,33,8,14,9,11,11
550430,2,1,0,0,0,0,0,0,0,0,0,0
550431,1,1,0,0,0,0,0,0,0,0,0,0
550432,0,1,0,0,0,0,0,0,0,0,0,0
550432,1,1,0,0,0,0,0,0,0,0,0,0
550433,1,1,0,0,0,0,0,0,0,0,0,0
550434,1,1,6,6,6,6,6,6,6,6,6,6
550435,1,1,17,0,27,11,0,29,9,12,8,4
550436,1,1,5,0,0,0,0,0,0,0,0,0
550437,1,1,28,28,28,28,28,28,28,28,28,28
550438,1,1,0,0,0,0,0,0,0,0,0,0
550439,0,1,0,0,0,0,0,0,0,0,0,0
550439,1,1,0,0,0,0,0,0,0,0,0,0
550440,1,1,21,35,19,13,16,3,13,10,14,3
550441,0,1,0,0,43,0,0,0,0,0,0,0
550441,1,1,0,0,12,0,0,0,0,0,0,0
550442,1,1,0,0,0,0,0,0,0,0,0,0
550442,2,1,0,0,0,0,0,0,0,0,0,0
550443,1,1,0,0,0,0,0,0,0,0,0,0
550443,2,1,0,0,0,0,0,0,0,0,0,0
550444,1,1,0,0,0,0,0,0,0,0,0,0
550444,2,1,0,0,0,0,0,0,0,0,0,0
550445,1,1,0,12,0,0,10,0,0,0,0,0
550446,1,1,0,0,0,0,0,0,0,0,0,0
550446,2,1,0,0,0,0,0,0,0,0,0,0
550447,1,1,0,0,0,0,0,0,0,0,0,0
550447,2,1,0,0,0,0,0,0,0,0,0,0
550447,3,1,0,0,0,0,0,0,0,0,0,0
550448,1,1,14,26,20,21,11,23,19,12,25,20
550448,2,1,0,0,0,0,0,0,0,0,0,18
550449,1,1,13,6,0,0,2,0,0,0,0,29
550450,1,1,0,0,0,0,0,0,0,0,0,0
550450,2,1,0,0,0,0,0,0,0,0,0,0
550451,0,1,17,9,17,23,19,9,25,0,31,22
550451,1,1,0,10,0,0,0,19,0,0,0,3
550452,1,1,0,0,0,0,0,0,0,0,0,0
550452,2,1,0,0,0,0,0,0,0,0,0,0
550453,1,1,23,23,23,23,23,23,23,23,23,23
550454,1,1,0,0,0,0,0,0,0,0,0,0
550454,2,1,0,0,0,0,0,0,0,0,0,0
550455,1,1,20,13,20,26,11,10,9,9,15,25
550455,2,1,5,18,17,18,4,11,5,35,12,10
550456,0,1,0,0,0,0,22,0,0,0,0,11
550456,1,1,0,0,0,0,0,0,0,0,0,0
550456,2,1,0,0,0,0,0,0,0,0,0,0
550457,1,1,17,17,17,17,17,17,17,17,17,17
550458,1,1,0,0,0,0,0,0,0,0,0,0
550458,2,1,0,0,0,0,0,0,0,0,0,0
550459,1,1,0,0,19,0,0,0,0,0,0,0
550459,2,1,0,0,0,0,0,0,0,0,0,0
550460,1,1,0,0,0,12,14,0,0,0,0,0
550461,1,1,0,19,0,0,0,0,0,14,0,0
550462,0,1,29,9,9,27,39,24,20,27,4,5
550462,1,1,9,0,0,0,0,0,2,0,0,0
550463,1,1,0,0,0,0,0,0,0,0,0,0
550463,2,1,0,0,0,0,0,0,0,0,0,0
550464,1,1,0,0,0,0,0,0,0,0,0,0
550464,2,1,0,0,0,0,0,0,0,0,0,0
550465,1,1,17,17,17,17,17,17,17,17,17,17
550466,1,1,12,12,12,12,12,12,12,12,12,12
550467,1,1,0,0,0,0,0,0,0,0,0,0
550468,1,1,15,15,15,15,15,15,15,15,15,15
550469,1,1,0,0,0,0,0,0,0,0,0,0
550469,2,1,0,0,0,0,0,0,0,0,0,0
550470,1,1,0,0,0,0,0,0,0,0,0,0
550470,2,1,0,0,0,0,0,0,0,0,0,0
550470,3,1,0,0,0,0,0,0,0,0,0,0
550471,1,1,0,0,0,0,0,0,0,0,0,0
550472,1,1,0,0,0,0,0,0,0,0,0,0
550472,2,1,0,0,0,0,0,0,0,0,0,0
550472,3,1,0,0,0,0,0,0,0,0,0,0
550472,4,1,0,0,0,0,0,0,0,0,0,0
550472,5,1,0,0,0,0,0,0,0,0,0,0
550472,6,1,0,0,0,0,0,0,0,0,0,0
550473,1,1,0,0,0,0,0,0,0,0,0,0
550474,1,1,0,0,0,0,0,0,0,7,0,0
550475,1,1,0,18,0,0,0,29,0,0,0,0
550476,1,1,0,0,0,0,0,0,0,0,0,0
550476,2,1,0,0,0,0,0,0,0,0,0,0
550477,1,1,19,19,19,19,19,19,19,19,19,19
550478,1,1,0,0,21,24,0,20,13,18,7,0
550478,2,1,0,0,0,0,0,0,0,0,0,0
550478,3,1,0,0,0,0,0,0,0,0,0,0
550478,4,1,0,0,0,0,0,0,0,0,0,0
550479,1,1,0,0,0,0,0,0,0,0,0,0
550479,2,1,0,0,0,0,0,0,0,0,15,0
550480,1,1,0,0,0,0,0,0,0,0,0,0
550480,2,1,0,0,0,0,0,0,0,0,0,0
550481,1,1,0,0,0,12,18,0,21,0,9,2
550481,2,1,0,0,0,0,0,0,0,0,0,0
550482,1,1,0,0,0,0,0,0,0,0,0,0
550483,1,1,12,12,12,12,12,12,12,12,12,12
550484,1,1,0,0,0,0,0,0,0,0,0,0
550484,2,1,0,0,0,0,0,0,0,0,0,0
550485,1,1,0,0,0,0,0,0,0,0,0,0
550485,2,1,0,0,0,0,0,0,0,0,0,0
550486,1,1,0,0,0,0,0,0,18,0,15,25
550486,2,1,0,0,0,0,0,0,0,0,0,0
550487,1,1,25,22,19,17,14,13,24,26,12,20
550488,1,1,0,0,0,0,0,0,0,0,0,0
550488,2,1,24,24,24,24,24,24,24,24,24,24
550489,0,1,0,0,0,0,0,0,0,0,0,0
550489,1,1,0,0,0,0,0,0,17,0,0,0
550490,1,1,0,0,0,0,0,0,0,0,0,0
550491,1,1,17,17,21,15,26,32,19,5,15,5
550492,1,1,0,0,0,0,0,0,0,0,0,0
550492,2,1,0,0,0,0,0,0,0,0,0,0
550493,0,1,0,0,0,0,26,0,4,0,0,0
550493,1,1,0,0,0,0,0,0,0,0,0,0
550494,1,1,0,0,0,0,0,0,0,0,0,0
550494,2,1,0,0,0,0,0,0,0,0,0,0
550495,1,1,43,21,21,8,49,23,14,7,18,15
550496,1,1,20,8,19,0,11,16,0,18,9,4
550496,2,1,0,0,0,0,0,0,0,0,0,13
550497,0,1,23,0,0,0,0,0,0,0,0,11
550497,1,1,0,0,0,0,0,0,0,0,0,0
550497,2,1,0,0,0,0,0,0,15,18,0,0
550497,3,1,0,0,0,21,17,0,21,0,9,21
550498,1,1,0,0,0,0,0,0,0,0,0,0
550498,2,1,0,0,0,0,0,0,0,0,0,0
550499,0,1,0,0,0,0,12,0,0,0,0,0
550499,1,1,9,18,20,33,8,30,20,2,0,0
550500,0,1,0,0,0,0,0,0,17,0,12,0
550500,1,1,0,0,0,0,0,0,0,0,0,0
550500,2,1,17,4,0,16,40,15,23,0,0,0
550501,1,1,0,0,0,0,0,0,0,0,0,0
550502,1,1,0,0,0,0,0,0,0,0,0,10
550502,2,1,0,0,0,0,0,0,0,0,0,0
550503,1,1,0,0,0,0,0,27,0,30,0,20
550504,1,1,0,0,0,0,0,0,20,0,0,0
550505,0,1,0,0,0,0,27,0,0,0,0,0
550505,1,1,0,0,11,3,0,0,9,4,35,0
550506,1,1,0,0,25,0,0,0,0,0,0,0
550507,0,1,11,12,31,17,0,0,9,24,0,39
550507,1,1,0,0,0,0,0,0,19,0,8,11
550508,1,1,0,0,0,0,0,0,0,38,0,0
550508,3,1,2,0,0,0,10,0,0,8,0,0
550509,1,1,28,28,28,28,28,28,28,28,28,28
550509,2,1,0,0,0,0,0,0,0,0,0,0
550510,1,1,0,0,0,0,0,0,0,0,0,0
550511,1,1,0,21,0,0,0,0,0,0,0,0
550512,1,1,0,0,0,0,0,0,0,0,0,0
550513,1,1,8,8,8,8,8,8,8,8,8,8
550514,1,1,0,0,0,0,0,0,0,0,0,0
550514,2,1,0,0,0,0,0,0,0,0,0,0
550515,1,1,0,0,0,0,0,0,0,0,0,0
550515,2,1,0,0,0,0,0,0,0,0,5,0
550516,1,1,0,0,0,0,0,0,0,0,0,0
550516,2,1,0,0,0,0,0,0,0,0,0,0
550516,3,1,0,0,0,0,0,0,0,0,0,0
550517,1,1,0,0,0,0,0,0,0,0,0,0
550518,1,1,0,0,0,0,0,0,0,0,0,0
550518,2,1,0,0,0,0,0,0,0,0,0,0
550519,1,1,0,0,0,0,0,0,0,0,0,0
550519,2,1,0,0,0,0,0,0,0,0,0,0
550520,1,1,0,0,0,0,0,0,0,0,0,0
550520,2,1,0,0,0,0,0,0,0,0,0,0
550521,1,1,0,0,0,0,0,0,0,0,0,0
550521,2,1,0,0,0,0,0,0,0,0,0,0
550521,3,1,0,0,0,0,0,10,0,0,0,0
550522,0,1,23,0,3,0,0,0,0,0,0,0
550522,1,1,0,0,0,25,0,0,0,0,19,0
550523,1,1,0,0,0,0,0,0,0,0,0,0
550523,2,1,11,11,11,11,11,11,11,11,11,11
550524,1,1,0,0,0,0,0,0,0,0,0,0
550524,2,1,0,0,0,0,0,0,0,0,0,0
550525,1,1,0,0,0,0,0,0,0,0,0,0
550526,1,1,0,0,0,22,0,0,23,0,0,0
550527,1,1,0,0,0,0,0,0,0,0,0,0
550527,2,1,0,0,0,0,0,0,0,0,0,0
550527,3,1,0,0,0,0,7,0,0,0,0,0
550528,1,1,13,9,14,12,7,7,3,7,0,19
550529,1,1,0,0,0,0,0,0,0,0,0,0
550530,0,1,18,0,0,0,0,0,0,7,0,0
550530,1,1,0,21,9,0,22,27,0,22,21,0
550531,1,1,0,0,10,0,0,0,0,0,0,0
550532,1,1,26,26,26,26,26,26,26,26,26,26
550533,1,1,0,0,0,14,0,7,0,0,0,0
550534,1,1,16,16,16,16,16,16,16,16,16,16
550534,2,1,11,11,11,11,11,11,11,11,11,11
550535,1,1,0,0,0,0,0,0,0,0,0,0
550535,2,1,0,0,0,0,0,0,0,0,0,12
550535,3,1,0,0,0,0,0,0,0,0,0,0
550536,1,1,0,0,0,0,0,0,0,0,0,0
550536,2,1,0,0,0,0,0,0,0,0,0,0
550537,1,1,0,0,0,0,0,0,0,0,0,11
550538,1,1,0,0,0,0,0,0,0,0,0,0
550538,2,1,0,0,0,0,0,0,0,0,0,0
550538,3,1,0,0,0,0,0,0,0,0,0,0
550539,1,1,0,0,0,0,0,0,0,0,0,0
550540,1,1,0,0,0,0,0,0,0,0,0,0
550540,2,1,0,6,0,0,0,0,0,0,0,0
550541,1,1,0,0,0,0,0,0,0,0,0,0
550542,0,1,0,0,2,0,0,0,0,0,0,0
550542,1,1,15,22,0,0,0,5,10,5,0,0
550543,1,1,11,0,0,0,18,0,0,0,0,0
550544,1,1,0,0,0,22,11,0,0,0,0,0
550545,1,1,0,25,0,0,0,0,0,0,0,0
550546,1,1,0,0,0,0,0,0,0,0,0,0
550546,2,1,0,0,0,0,0,0,0,0,0,0
550547,1,1,0,0,0,0,0,0,0,0,0,0
550547,2,1,0,0,0,0,0,0,0,0,0,0
550548,1,1,0,0,0,0,0,0,0,0,0,0
550549,1,1,0,0,0,0,0,0,0,0,0,0
550549,2,1,9,9,9,9,9,9,9,9,9,9
550550,1,1,11,11,11,11,11,11,11,11,11,11
550551,1,1,31,0,10,16,21,18,20,10,11,22
550551,2,1,0,0,0,0,0,0,0,0,0,0
550552,1,1,0,0,0,0,0,0,0,0,0,0
550552,2,1,0,0,0,0,0,0,0,0,0,0
550553,1,1,0,0,0,9,0,0,0,0,0,0
550553,2,1,0,0,0,0,0,10,0,0,0,0
550554,0,1,18,18,18,18,18,18,18,18,18,18
550554,1,1,0,0,0,0,0,0,0,0,0,0
550555,1,1,0,0,0,0,0,0,0,0,0,0
550556,1,1,0,0,0,0,0,0,0,0,0,0
550557,1,1,0,0,0,0,0,0,0,0,0,0
550558,1,1,10,30,0,11,13,7,17,18,4,25
550559,1,1,0,0,0,0,0,0,0,0,0,0
550559,2,1,0,0,0,0,0,0,0,0,0,0
550560,1,1,0,0,0,0,0,0,0,0,0,0
550560,2,1,0,0,0,0,0,0,0,0,0,0
550561,1,1,0,3,0,0,0,0,0,0,0,0
550561,2,1,0,0,0,0,0,0,0,0,0,0
550562,2,1,0,0,0,0,0,0,0,0,0,0
550563,1,1,0,0,0,0,0,0,0,0,0,0
550564,1,1,0,0,0,25,0,0,0,0,26,0
550565,1,1,12,18,23,17,12,10,0,13,22,12
550566,1,1,0,0,0,0,0,0,0,0,0,0
550567,1,1,13,13,13,13,13,13,13,13,13,13
550568,1,1,15,0,0,0,21,12,0,13,21,13
550569,1,1,19,2,4,15,12,2,21,0,15,0
550570,1,1,11,11,11,11,11,11,11,11,11,11
550571,1,1,20,0,22,0,0,0,20,0,19,0
550572,1,1,24,24,24,24,24,24,24,24,24,24
550573,1,1,0,0,0,0,0,0,0,0,0,0
550574,1,1,4,3,9,17,23,6,9,14,12,20
550575,1,1,6,6,6,6,6,6,6,6,6,6
550576,1,1,23,23,23,23,23,23,23,23,23,23
550577,1,1,23,23,23,23,23,23,23,23,23,23
550578,1,1,25,25,25,25,25,25,25,25,25,25
550579,1,1,14,14,14,14,14,14,14,14,14,14
550580,1,1,0,0,0,2,0,14,15,0,0,0
550581,1,1,30,18,14,12,5,7,11,5,19,23
550582,1,1,10,10,10,10,10,10,10,10,10,10
550583,1,1,26,26,26,26,26,26,26,26,26,26
550584,1,1,11,11,11,11,11,11,11,11,11,11
550585,1,1,18,24,10,6,13,14,17,13,17,21
550586,1,1,12,13,0,0,16,34,10,19,0,11
550587,1,1,23,15,23,23,16,16,9,15,0,23
550588,1,1,16,18,25,15,14,19,0,6,0,0
550589,1,1,29,29,29,29,29,29,29,29,29,29
550590,1,1,32,32,32,32,32,32,32,32,32,32
550591,1,1,9,9,9,9,9,9,9,9,9,9
550592,1,1,19,19,19,19,19,19,19,19,19,19
550593,1,1,19,19,19,19,19,19,19,19,19,19
560001,1,1,19,19,19,19,19,19,19,19,19,19
560002,1,1,22,22,22,22,22,22,22,22,22,22
560002,2,1,0,0,0,0,0,0,0,0,0,0
560003,1,1,0,0,0,0,0,0,0,0,0,0
560004,1,1,0,0,0,0,0,13,0,0,0,10
560005,1,1,20,20,20,20,20,20,20,20,20,20
560006,0,1,0,0,7,0,0,0,0,0,0,0
560006,1,1,0,0,0,0,0,0,0,0,0,0
560007,0,1,0,0,0,0,0,0,0,0,0,0
560007,1,1,0,0,0,0,0,0,0,0,0,0
560008,1,1,0,0,0,0,0,0,0,0,0,0
560009,1,1,0,0,0,0,0,0,0,0,0,0
560010,1,1,0,0,0,0,0,0,0,0,0,0
560011,0,1,29,29,29,29,29,29,29,29,29,29
560011,1,1,0,0,0,0,0,0,0,0,0,0
560012,1,1,0,0,0,0,0,0,0,0,0,0
560012,2,1,0,0,0,0,0,0,0,0,0,0
560013,1,1,0,0,0,0,0,0,0,0,0,0
560013,2,1,0,0,0,0,0,0,0,0,0,0
560014,1,1,9,9,9,9,9,9,9,9,9,9
560015,1,1,0,0,0,0,0,11,0,0,0,0
560015,2,1,0,0,0,0,0,0,0,0,0,0
560016,1,1,0,0,0,0,0,0,0,0,0,0
560017,1,1,0,0,0,0,0,0,0,0,0,0
560018,0,1,0,24,0,57,0,0,29,0,0,0
560018,1,1,21,21,21,21,21,21,21,21,21,21
560019,1,1,0,0,0,0,0,0,0,0,0,0
560019,2,1,0,30,0,0,0,0,0,0,23,9
560020,1,1,0,0,0,0,0,0,0,0,0,0
560020,2,1,0,0,0,4,0,0,0,0,0,0
560021,1,1,0,0,0,0,0,0,0,0,0,0
560022,1,1,24,24,24,24,24,24,24,24,24,24
560023,1,1,0,0,0,0,0,0,0,0,0,0
560023,2,1,0,0,0,0,0,0,0,0,0,0
560024,1,1,0,0,0,0,0,0,0,0,0,0
560025,1,1,16,16,16,16,16,16,16,16,16,16
560026,1,1,0,0,0,0,0,0,0,0,0,0
560028,1,1,0,0,0,0,0,0,0,0,0,0
560029,1,1,13,13,13,13,13,13,13,13,13,13
560030,1,1,0,0,0,0,0,0,0,0,0,0
560030,2,1,0,0,0,0,0,0,0,0,0,0
560031,1,1,20,20,20,20,20,20,20,20,20,20
560032,1,1,16,16,16,16,16,16,16,16,16,16
560033,1,1,17,17,17,17,17,17,17,17,17,17
560034,1,1,0,0,0,0,0,0,0,0,0,0
560034,2,1,0,0,0,0,0,0,0,0,0,0
560035,1,1,25,25,25,25,25,25,25,25,25,25
560036,1,1,20,20,20,20,20,20,20,20,20,20
560036,2,1,0,0,0,0,0,18,0,0,0,0
560037,1,1,0,0,6,0,0,8,0,7,0,0
560037,2,1,0,0,0,0,0,0,0,6,0,0
560038,1,1,15,15,15,15,15,15,15,15,15,15
560039,1,1,0,0,0,0,0,0,0,0,0,0
560039,2,1,0,0,0,0,0,0,0,0,0,0
560040,1,1,0,0,0,0,0,0,0,0,0,0
560040,2,1,0,0,0,0,0,16,0,0,0,0
560041,1,1,0,0,0,0,0,0,0,0,0,0
560042,1,1,0,0,0,0,0,0,0,0,0,0
560042,2,1,0,0,0,0,0,0,0,0,0,0
560042,3,1,0,0,0,0,0,0,0,0,0,0
560043,1,1,0,0,0,0,0,0,0,0,0,0
560043,2,1,0,0,0,0,0,0,0,0,0,0
560044,1,1,0,0,0,0,0,0,0,0,0,0
560045,1,1,18,18,18,18,18,18,18,18,18,18
560046,1,1,0,0,0,0,0,0,0,0,0,0
560046,2,1,0,0,0,0,0,0,0,0,0,0
560047,1,1,0,0,0,0,0,0,0,0,0,0
560047,2,1,0,0,0,9,0,0,0,0,0,0
560048,1,1,0,0,0,0,0,0,0,0,0,0
560048,2,1,0,0,0,0,0,0,0,0,0,0
560048,3,1,0,0,0,0,0,0,0,0,0,0
560049,1,1,0,0,0,0,0,0,0,0,0,0
560049,2,1,0,0,0,0,0,0,0,0,0,0
560050,1,1,0,0,0,0,0,0,0,0,0,0
560051,1,1,0,0,0,0,0,0,0,0,0,0
560052,1,1,19,19,19,19,19,19,19,19,19,19
560053,0,1,21,21,21,21,21,21,21,21,21,21
560053,1,1,12,7,0,14,16,10,0,0,9,0
560053,2,1,0,0,0,0,0,0,0,0,0,0
560055,1,1,0,0,0,0,0,0,0,0,0,0
560056,1,1,0,0,0,0,0,0,0,0,0,0
560056,2,1,0,0,0,0,0,0,0,0,0,0
560056,3,1,0,0,0,0,0,0,0,0,0,0
560057,1,1,0,0,0,0,0,0,0,0,0,0
560058,0,1,0,0,0,0,0,0,0,0,0,0
560058,1,1,11,0,0,0,0,0,0,20,0,6
560059,1,1,18,18,18,18,18,18,18,18,18,18
560060,1,1,0,0,0,0,0,0,0,0,0,0
560061,1,1,0,0,0,0,0,0,0,0,0,0
560062,0,1,0,26,30,0,15,27,32,37,15,0
560062,1,1,0,0,0,0,0,0,0,0,0,0
560063,0,1,0,0,0,0,0,0,34,0,0,0
560063,1,1,0,0,0,0,0,0,0,0,0,0
560064,1,1,0,0,0,0,0,0,0,0,0,0
560064,2,1,0,0,33,0,0,0,14,0,14,0
560065,1,1,10,10,10,10,10,10,10,10,10,10
560066,1,1,32,32,32,32,32,32,32,32,32,32
560067,1,1,6,6,6,6,6,6,6,6,6,6
560068,1,1,0,0,13,0,0,0,0,0,0,0
560069,1,1,7,10,0,14,7,23,15,0,10,9
560070,1,1,0,0,0,0,0,0,0,0,0,0
560071,1,1,26,26,26,26,26,26,26,26,26,26
560072,1,1,3,3,3,3,3,3,3,3,3,3
560073,1,1,0,0,0,0,0,0,0,0,0,0
560073,2,1,0,0,0,0,0,0,0,0,0,0
560074,1,1,7,12,6,15,10,4,11,2,9,18
560075,1,1,0,0,0,0,0,0,0,0,0,0
560075,2,1,0,0,0,6,0,0,0,0,0,0
560076,1,1,0,0,0,0,0,0,0,9,0,0
560076,2,1,0,0,0,0,0,0,0,0,0,0
560077,1,1,0,0,0,0,0,0,0,0,0,0
560078,1,1,30,30,30,30,30,30,30,30,30,30
560079,1,1,0,0,0,0,0,17,0,6,15,0
560080,1,1,23,23,23,23,23,23,23,23,23,23
560081,1,1,0,15,0,0,0,0,0,0,0,0
560082,1,1,15,15,15,15,15,15,15,15,15,15
560082,2,1,0,0,0,0,0,0,0,0,0,0
560083,1,1,0,0,0,0,0,0,0,0,0,0
560083,2,1,0,0,0,0,0,0,0,0,0,0
560084,1,1,0,0,0,0,0,0,0,0,0,11
560084,2,1,0,0,0,0,0,0,0,0,0,0
560084,3,1,0,0,0,0,0,0,0,0,0,0
560085,1,1,6,6,6,6,6,6,6,6,6,6
560085,2,1,0,0,0,0,0,0,0,0,0,0
560086,1,1,11,11,11,11,11,11,11,11,11,11
560087,1,1,20,20,20,20,20,20,20,20,20,20
560088,1,1,26,26,26,26,26,26,26,26,26,26
560088,2,1,0,0,0,0,0,0,0,0,0,0
560089,1,1,0,0,0,0,0,0,0,0,0,0
560090,1,1,0,0,0,0,0,0,0,0,0,0
560090,2,1,0,0,0,0,0,0,0,0,0,0
560091,1,1,8,0,21,6,20,0,10,0,0,15
560091,2,1,17,17,17,17,17,17,17,17,17,17
560092,1,1,0,0,0,0,0,0,0,0,0,0
560093,0,1,0,0,0,0,0,0,0,0,0,0
560093,1,1,0,0,0,0,0,0,0,0,0,0
560093,2,1,13,0,0,0,0,8,0,0,0,0
560094,1,1,0,0,0,0,0,0,0,0,0,0
560094,2,1,0,0,0,0,0,0,0,0,0,0
560095,1,1,11,33,12,29,10,34,25,5,6,32
560096,1,1,0,0,0,0,0,31,0,0,0,0
560097,1,1,0,0,0,11,0,0,0,0,34,0
560098,1,1,0,7,0,0,13,0,18,9,7,0
560099,0,1,0,0,0,0,0,0,0,0,0,0
560099,1,1,0,0,0,0,0,0,0,0,0,0
560100,1,1,15,15,15,15,15,15,15,15,15,15
560101,1,1,0,0,0,0,0,0,0,0,0,0
560101,2,1,0,0,0,0,0,0,0,0,0,0
560102,1,1,0,0,0,0,0,0,0,0,0,0
560103,0,1,20,19,13,21,24,41,26,11,18,0
560103,1,1,0,0,0,0,0,0,0,0,0,0
560104,1,1,0,0,0,0,0,0,0,0,0,0
560104,2,1,0,0,0,0,0,0,0,0,0,0