ST_CASE,VEH_NO,PER_NO,P1,P2,P3,P4,P5,P6,P7,P8,P9,P10
62361,3,1,0,0,0,0,0,0,0,0,0,0
62362,1,1,15,15,15,15,15,15,15,15,15,15
62362,2,1,0,0,0,0,0,0,0,0,0,0
62362,3,1,0,0,0,0,0,0,0,0,0,0
62362,4,1,19,19,19,19,19,19,19,19,19,19
62363,1,1,18,18,18,18,18,18,18,18,18,18
62363,2,1,0,0,0,11,0,0,16,0,0,0
62364,0,1,0,7,26,9,0,0,0,32,0,22
62364,1,1,0,0,0,0,0,0,0,0,0,0
62365,1,1,28,28,28,28,28,28,28,28,28,28
62366,0,1,18,18,18,18,18,18,18,18,18,18
62366,1,1,0,0,0,0,0,0,0,0,0,0
62367,1,1,0,7,0,0,0,0,11,0,10,12
62368,1,1,0,0,0,0,0,13,0,0,0,0
62369,1,1,0,0,0,0,0,0,0,0,0,0
62369,2,1,0,0,16,0,0,0,0,0,0,4
62370,1,1,0,0,0,0,0,0,0,0,0,0
62370,2,1,0,0,0,0,0,0,0,0,0,0
62371,1,1,15,15,15,15,15,15,15,15,15,15
62371,2,1,0,0,0,0,0,0,0,0,0,0
62372,0,1,14,14,14,14,14,14,14,14,14,14
62372,1,1,0,0,0,0,0,9,0,0,0,0
62372,2,1,0,0,0,0,15,0,0,0,0,0
62373,0,1,10,0,0,30,0,38,0,5,0,0
62373,1,1,9,12,15,21,22,17,17,14,15,8
62374,0,1,35,35,35,35,35,35,35,35,35,35
62374,1,1,12,0,0,0,20,26,16,0,0,36
62375,1,1,14,14,14,14,14,14,14,14,14,14
62376,1,1,0,0,0,0,0,0,0,0,0,0
62376,2,1,0,0,0,0,0,0,0,0,0,5
62377,1,1,19,19,19,19,19,19,19,19,19,19
62377,2,1,0,0,0,0,0,0,0,0,0,0
62378,1,1,0,0,0,0,0,0,8,0,0,0
62378,2,1,0,0,0,0,0,0,0,0,0,0
62379,1,1,0,0,0,0,0,0,0,0,0,0
62380,1,1,4,11,4,4,14,7,10,4,31,3
62380,2,1,0,0,0,0,0,0,0,0,0,0
62381,0,1,0,0,15,27,0,0,0,30,0,0
62381,1,1,0,5,0,11,0,14,20,0,6,13
62382,1,1,17,17,17,17,17,17,17,17,17,17
62382,2,1,0,0,0,0,0,0,0,0,0,0
62383,0,1,0,37,13,0,0,0,0,0,0,10
62383,1,1,0,0,0,0,0,0,0,0,0,0
62384,1,1,0,0,0,0,0,0,0,0,0,0
62385,1,1,15,15,15,15,15,15,15,15,15,15
62386,1,1,0,0,0,0,0,0,0,23,0,0
62386,2,1,0,0,0,0,0,0,0,4,0,0
62387,1,1,12,12,12,12,12,12,12,12,12,12
62387,2,1,0,0,0,0,0,0,0,0,0,0
62388,1,1,0,0,0,0,0,0,0,0,0,0
62388,2,1,0,0,0,16,0,0,0,0,0,0
62389,1,1,0,0,0,0,0,0,0,16,0,0
62389,2,1,0,0,0,0,0,0,0,0,0,0
62390,1,1,0,0,0,0,0,0,0,0,0,0
62390,2,1,0,0,0,0,0,0,0,0,0,0
62391,1,1,0,0,0,0,0,0,0,0,8,0
62391,2,1,0,0,0,0,0,0,0,0,0,0
62392,0,1,2,2,2,2,2,2,2,2,2,2
62392,1,1,19,0,0,18,0,21,0,0,0,0
62393,1,1,0,0,0,0,0,0,0,0,0,0
62394,1,1,13,25,4,0,13,26,7,10,17,6
62394,2,1,0,0,0,0,0,0,0,0,0,0
62395,0,1,0,0,0,0,0,0,0,0,0,0
62395,0,2,0,0,0,0,0,0,0,33,0,0
62395,1,1,0,0,0,0,0,0,0,0,0,0
62396,1,1,0,0,0,0,0,0,0,0,0,0
62397,1,1,17,33,10,0,12,16,0,9,26,14
62397,2,1,0,0,0,0,0,0,0,0,0,0
62399,1,1,0,0,0,0,0,0,0,0,0,0
62399,2,1,0,0,0,0,0,0,0,0,0,0
62400,1,1,0,0,0,0,0,0,0,0,0,0
62401,0,1,0,0,0,0,0,0,0,0,0,0
62401,1,1,0,0,0,6,0,6,0,0,33,0
62402,1,1,0,0,0,0,0,0,0,0,0,0
62402,2,1,0,0,0,0,0,0,0,0,0,0
62403,1,1,0,0,0,0,0,14,0,0,0,0
62404,1,1,0,0,0,0,0,0,0,0,0,0
62404,2,1,0,0,0,0,0,0,0,0,0,0
62405,1,1,0,0,0,0,0,0,0,0,0,0
62406,1,1,0,0,0,0,0,0,0,0,0,0
62407,1,1,0,0,0,0,0,0,0,0,0,0
62408,1,1,5,5,5,5,5,5,5,5,5,5
62409,0,1,0,12,17,13,15,11,17,0,10,4
62409,1,1,0,0,0,0,0,0,0,0,0,0
62410,0,1,9,9,9,9,9,9,9,9,9,9
62410,1,1,28,19,11,0,21,33,16,0,0,10
62411,1,1,0,0,0,0,0,0,0,28,0,0
62411,2,1,0,0,0,0,0,0,0,0,0,0
62412,1,1,9,0,0,0,0,0,0,0,0,0
62412,2,1,0,0,0,0,0,0,0,0,0,0
62413,0,1,0,0,0,0,0,0,0,0,0,0
62413,1,1,0,0,0,0,0,0,0,14,0,0
62414,1,1,0,0,0,0,0,0,0,0,0,0
62414,2,1,0,0,0,0,0,0,0,0,0,0
62416,1,1,24,10,8,15,14,26,7,0,13,13
62416,2,1,0,0,0,0,0,0,0,0,0,0
62417,0,1,16,45,25,0,0,0,0,0,0,0
62417,1,1,25,22,11,16,11,0,15,27,6,8
62418,1,1,0,0,0,0,0,0,0,0,0,0
62419,0,1,0,35,28,25,0,11,23,0,0,0
62419,1,1,0,0,0,0,0,0,21,0,0,0
62420,1,1,0,0,0,0,0,0,0,0,0,0
62420,2,1,0,0,0,0,0,0,0,0,0,0
62421,0,1,0,0,0,0,0,0,0,0,0,0
62421,1,1,0,0,0,0,0,0,0,0,0,0
62422,1,1,0,15,17,31,0,12,15,4,0,0
62423,1,1,0,0,0,0,0,0,0,9,0,0
62423,2,1,0,18,15,13,26,0,0,0,0,0
62424,1,1,0,12,19,0,22,0,12,11,0,0
62425,0,1,0,0,0,48,0,38,0,0,0,0
62425,1,1,0,0,0,0,0,0,0,0,0,0
62426,0,1,0,42,0,0,13,1,0,0,0,0
62426,1,1,0,0,0,26,24,4,12,0,9,0
62427,1,1,0,0,0,0,0,0,0,0,0,0
62427,2,1,7,0,0,0,0,0,0,0,4,0
62428,1,1,0,0,0,0,0,0,0,8,0,0
62428,2,1,0,0,0,0,0,0,0,0,0,0
62429,0,1,6,0,15,0,0,0,0,0,10,0
62429,0,2,0,0,0,0,0,0,0,0,0,0
62429,1,1,6,6,0,24,0,24,2,0,9,5
62430,1,1,0,0,0,0,0,0,0,0,0,0
62430,2,1,0,0,0,0,0,0,0,0,0,0
62431,0,1,0,0,0,0,0,0,0,0,0,0
62431,1,1,0,0,0,0,0,0,0,0,0,0
62432,0,1,0,0,0,0,0,0,0,0,0,0
62432,1,1,0,0,0,0,0,0,0,0,0,0
62433,1,1,0,0,0,0,0,0,0,0,0,0
62433,2,1,0,0,0,0,0,0,0,0,0,0
62434,1,1,0,0,0,0,0,0,17,0,16,0
62434,2,1,0,0,0,0,0,0,0,0,0,0
62435,1,1,0,0,16,0,0,0,0,0,14,16
62436,0,1,0,0,0,0,28,0,0,0,0,12
62436,1,1,0,0,23,0,0,0,0,0,0,0
62436,2,1,6,0,0,0,0,0,0,0,0,0
62436,3,1,0,0,0,0,0,0,0,0,0,0
62437,1,1,20,20,20,20,20,20,20,20,20,20
62438,1,1,9,9,9,9,9,9,9,9,9,9
62439,0,1,0,0,0,0,0,0,0,0,0,0
62439,1,1,0,0,0,0,0,14,0,22,0,0
62440,1,1,0,0,0,0,0,0,0,0,0,0
62441,0,1,0,0,0,0,0,0,0,0,0,0
62441,1,1,0,0,0,0,0,0,0,0,0,0
62442,0,1,30,15,0,0,0,0,0,0,0,0
62442,1,1,0,0,0,0,0,0,0,0,0,0
62443,1,1,0,0,0,0,0,0,0,0,0,0
62443,2,1,0,0,0,0,0,0,0,0,0,0
62444,0,1,0,13,0,0,0,0,0,0,0,0
62444,1,1,15,12,15,0,0,0,0,2,6,7
62444,2,1,0,0,0,0,0,0,33,0,0,0
62445,0,1,14,14,14,14,14,14,14,14,14,14
62445,1,1,0,0,0,0,0,0,0,0,0,0
62446,1,1,0,0,0,13,0,0,0,0,0,0
62446,2,1,0,0,0,0,0,0,0,0,0,0
62447,1,1,0,0,0,0,0,0,0,0,0,0
62447,2,1,0,0,0,0,0,0,0,0,0,0
62448,1,1,0,0,0,0,0,0,0,0,0,0
62449,0,1,0,0,0,0,25,16,0,0,51,0
62449,1,1,0,0,0,0,0,0,0,18,0,17
62450,0,1,0,0,0,0,0,0,0,0,0,0
62450,1,1,0,0,0,11,0,0,0,0,0,0
62451,0,1,20,20,20,20,20,20,20,20,20,20
62451,1,1,2,0,0,0,16,0,9,16,0,14
62452,1,1,0,20,0,0,0,0,0,0,0,0
62452,2,1,0,0,14,0,10,1,0,13,14,14
62452,3,1,0,0,0,0,0,0,0,0,0,0
62453,1,1,0,0,0,0,0,0,0,0,0,0
62454,1,1,24,24,24,24,24,24,24,24,24,24
62454,2,1,0,3,0,0,0,0,0,0,0,0
62455,0,1,0,0,0,0,0,0,0,0,0,0
62455,1,1,0,0,0,0,0,0,0,0,0,0
62456,1,1,0,0,0,0,0,0,0,0,0,0
62456,2,1,0,0,0,0,0,0,0,0,0,0
62457,1,1,9,9,9,9,9,9,9,9,9,9
62457,2,1,0,0,0,0,0,23,0,0,0,0
62458,1,1,0,0,0,0,0,0,0,0,0,0
62458,2,1,0,0,0,0,0,0,0,0,0,0
62459,1,1,6,0,20,17,21,21,22,21,26,15
62460,1,1,0,0,0,0,0,0,0,0,0,0
62461,0,1,32,32,32,32,32,32,32,32,32,32
62461,1,1,0,0,0,0,0,0,0,0,0,0
62462,1,1,26,26,26,26,26,26,26,26,26,26
62462,2,1,0,0,0,0,0,0,0,0,0,0
62462,3,1,0,0,0,0,0,0,0,0,0,0
62463,0,1,0,0,0,0,0,0,0,0,0,0
62463,1,1,0,0,0,0,14,0,0,0,0,0
62464,1,1,0,0,0,0,0,0,0,0,0,0
62464,2,1,0,0,0,0,0,0,0,0,0,6
62464,3,1,0,0,0,0,0,0,0,0,6,0
62465,1,1,0,0,0,0,16,0,13,0,0,0
62465,2,1,0,0,0,0,0,0,0,0,0,0
62466,1,1,0,0,0,0,0,0,0,0,0,0
62466,2,1,0,0,0,0,0,0,0,0,0,0
62467,1,1,25,25,25,25,25,25,25,25,25,25
62468,1,1,0,0,0,0,0,0,0,0,0,0
62469,0,1,17,17,17,17,17,17,17,17,17,17
62469,1,1,0,0,0,0,0,0,0,0,0,0
62470,1,1,26,2,3,10,11,17,30,15,2,14
62470,2,1,0,0,0,0,0,0,0,0,0,0
62470,4,1,0,0,0,0,0,0,0,0,0,0
62471,1,1,23,0,9,15,15,16,0,8,19,6
62471,2,1,0,0,0,0,0,0,0,0,0,0
62471,3,1,0,0,0,0,0,0,0,0,0,0
62472,1,1,14,0,0,0,2,0,0,0,18,0
62473,0,1,0,0,0,0,0,0,0,0,0,0
62473,1,1,4,5,0,0,24,16,10,19,15,12
62474,0,1,0,0,0,0,15,0,34,8,26,0
62474,1,1,8,7,0,8,20,0,8,13,0,12
62476,1,1,3,3,3,3,3,3,3,3,3,3
62477,1,1,0,0,16,0,0,0,17,0,0,0
62477,2,1,0,0,0,19,0,0,15,0,0,0
62478,0,1,0,0,0,17,11,0,0,0,0,22
62478,1,1,0,0,0,0,0,0,0,0,0,0
62479,1,1,0,0,0,0,0,0,0,0,0,0
62479,2,1,0,0,0,0,0,0,0,0,0,0
62480,1,1,36,36,36,36,36,36,36,36,36,36
62480,2,1,0,0,0,0,0,0,0,0,0,0
62481,0,1,0,0,0,0,0,0,0,46,0,9
62481,1,1,3,11,25,0,0,0,10,0,13,6
62482,1,1,0,13,17,17,20,15,22,31,9,22
62483,0,1,0,23,0,0,0,22,57,0,8,0
62483,1,1,0,0,0,0,0,0,0,0,0,19
62484,0,1,17,0,0,0,0,0,0,0,0,0
62484,1,1,0,0,0,0,0,0,0,0,0,0
62485,1,1,0,0,0,0,0,0,0,0,0,0
62485,2,1,0,0,0,0,0,0,0,0,0,0
62486,1,1,0,0,0,26,0,0,0,0,0,0
62487,1,1,16,20,12,0,17,0,17,8,45,0
62488,0,1,24,0,0,0,0,22,0,0,0,41
62488,1,1,0,0,0,0,0,0,0,0,0,0
62489,1,1,0,0,0,0,0,0,0,0,0,0
62489,2,1,0,0,0,0,0,0,0,0,0,22
62490,0,1,35,35,35,35,35,35,35,35,35,35
62490,1,1,0,0,0,0,0,0,0,0,0,0
62491,1,1,0,0,0,0,0,0,0,0,0,0
62491,2,1,9,9,9,9,9,9,9,9,9,9
62492,1,1,0,0,0,0,0,0,0,0,0,0
62492,2,1,0,0,0,0,0,0,0,0,0,0
62493,1,1,0,0,0,0,0,0,0,0,0,0
62493,2,1,0,0,13,0,0,0,0,0,0,0
62494,0,1,0,0,0,0,10,22,20,0,14,0
62494,1,1,0,0,0,0,0,0,0,0,0,0
62495,0,1,0,0,0,0,0,0,0,0,0,0
62495,1,1,0,0,0,0,0,0,0,0,0,0
62496,1,1,0,13,15,32,23,17,7,7,9,11
62496,2,1,7,0,23,0,16,0,0,0,0,16
62497,0,1,31,0,16,19,0,0,0,26,0,0
62497,1,1,0,0,0,21,0,11,0,0,27,17
62498,0,1,29,0,0,0,0,0,19,25,0,0
62498,1,1,0,0,0,0,0,0,0,0,0,0
62499,0,1,0,0,0,0,9,0,0,0,0,0
62499,1,1,11,11,11,11,11,11,11,11,11,11
62500,1,1,6,29,6,0,15,10,9,14,23,13
62500,2,1,17,0,0,0,0,0,0,0,0,0
62501,1,1,17,9,0,0,0,0,0,24,0,0
62501,2,1,0,0,0,0,0,0,0,3,0,0
62502,0,1,7,0,0,0,0,19,23,0,0,0
62502,1,1,0,0,0,0,0,0,0,0,0,0
62503,1,1,17,24,0,8,0,0,0,0,0,0
62503,3,1,0,0,0,0,0,0,0,0,0,0
62504,0,1,0,0,13,0,0,0,0,0,0,14
62504,1,1,17,8,11,0,13,14,10,4,0,15
62505,0,1,0,0,0,0,0,0,0,0,0,0
62505,1,1,0,0,0,0,0,0,0,0,0,0
62506,1,1,0,0,0,0,0,0,0,0,0,0
62506,2,1,0,0,0,0,0,0,0,0,0,0
62507,0,1,0,23,0,3,0,0,0,0,0,0
62507,1,1,0,0,19,0,6,0,0,0,0,0
62508,0,1,14,14,14,14,14,14,14,14,14,14
62508,1,1,0,0,0,0,0,0,0,0,0,0
62509,1,1,6,16,10,29,19,18,9,23,20,24
62510,1,1,0,0,12,0,19,23,0,0,13,0
62511,1,1,14,14,14,14,14,14,14,14,14,14
62512,0,1,0,0,0,0,0,0,0,0,0,0
62512,1,1,13,20,10,10,12,2,7,28,4,19
62513,0,1,23,23,23,23,23,23,23,23,23,23
62513,1,1,18,0,0,10,0,0,0,10,0,30
62514,1,1,0,0,0,0,0,0,0,0,0,0
62514,2,1,0,0,0,0,0,0,0,0,0,0
62515,1,1,0,0,0,0,0,0,0,0,0,0
62515,2,1,7,7,7,7,7,7,7,7,7,7
62516,0,1,0,0,0,0,0,0,0,0,0,0
62516,1,1,0,3,7,4,0,5,16,8,0,0
62517,0,1,0,0,0,0,0,0,0,0,0,0
62517,1,1,5,0,19,0,13,9,0,19,14,6
62518,1,1,0,0,0,0,0,0,0,0,0,0
62518,2,1,0,0,0,0,0,0,0,0,0,0
62519,1,1,0,6,0,0,0,0,0,23,0,0
62520,1,1,0,0,0,0,0,0,0,0,0,0
62521,1,1,18,18,18,18,18,18,18,18,18,18
62522,0,1,11,27,0,31,26,0,0,26,0,0
62522,1,1,0,0,0,0,0,0,0,0,0,0
62523,1,1,33,33,33,33,33,33,33,33,33,33
62524,0,1,0,0,0,0,0,0,0,0,0,0
62524,1,1,0,20,0,14,26,0,0,21,25,0
62525,0,1,7,0,0,0,0,0,0,0,0,0
62525,1,1,0,0,0,0,0,0,6,0,0,0
62526,0,1,0,0,0,0,0,0,0,0,0,0
62526,1,1,10,0,0,0,0,0,0,0,0,0
62527,1,1,0,0,0,0,0,0,0,0,0,0
62527,2,1,0,0,0,0,0,0,0,20,0,0
62528,1,1,0,0,0,0,0,0,0,0,0,0
62529,1,1,0,0,0,0,0,0,0,0,0,0
62529,2,1,0,0,0,0,0,0,0,0,0,0
62531,0,1,0,0,0,0,0,0,0,0,0,0
62531,1,1,0,0,0,0,6,0,0,28,0,0
62532,0,1,0,0,7,0,0,0,0,0,0,0
62532,1,1,0,0,0,0,0,0,0,14,0,11
62533,1,1,0,0,0,0,0,0,0,0,0,0
62533,2,1,0,0,0,0,0,0,0,0,16,0
62533,3,1,0,0,0,0,0,0,0,0,0,0
62534,1,1,4,4,4,4,4,4,4,4,4,4
62535,1,1,0,0,0,0,0,0,0,0,0,0
62535,2,1,0,0,0,0,0,0,0,0,0,0
62535,3,1,0,0,0,0,0,0,0,0,0,0
62536,0,1,0,0,0,0,0,0,0,0,0,0
62536,0,2,0,0,0,0,0,0,0,0,0,0
62536,1,1,0,11,0,14,17,11,0,2,0,15
62536,4,1,0,0,4,12,0,0,0,0,14,0
62537,1,1,0,0,0,0,0,0,0,0,0,0
62538,1,1,0,0,0,0,0,0,0,0,0,0
62539,0,1,0,0,0,0,0,0,0,0,0,0
62539,1,1,18,0,3,19,16,24,13,11,19,0
62540,1,1,29,29,29,29,29,29,29,29,29,29
62541,1,1,0,0,0,0,0,0,0,0,0,0
62541,2,1,0,0,0,0,0,0,0,0,0,0
62542,1,1,27,27,27,27,27,27,27,27,27,27
62543,0,1,0,0,0,0,0,0,0,0,0,0
62543,1,1,0,0,0,0,0,0,0,0,0,0
62544,0,1,11,11,11,11,11,11,11,11,11,11
62544,1,1,0,0,0,0,0,0,0,0,0,0
62545,0,1,25,0,0,0,0,0,0,0,15,11
62545,0,2,22,0,0,11,0,0,0,0,21,0
62545,1,1,14,19,14,7,0,2,6,14,14,33
62546,1,1,19,19,19,19,19,19,19,19,19,19
62547,1,1,24,24,24,24,24,24,24,24,24,24
62548,1,1,6,6,6,6,6,6,6,6,6,6
62548,2,1,0,8,0,35,0,0,13,0,13,0
62549,0,1,0,0,0,0,0,0,0,0,0,0
62549,1,1,0,0,0,0,0,0,14,20,0,0
62550,1,1,0,0,0,7,0,0,0,0,0,0
62550,2,1,0,0,0,0,0,0,0,0,0,0
62551,1,1,5,5,5,5,5,5,5,5,5,5
62552,1,1,0,0,0,0,0,0,0,0,0,0
62552,2,1,0,14,0,0,11,0,0,0,0,0
62553,1,1,0,0,0,0,0,0,0,0,0,0
62553,2,1,6,0,0,0,9,0,0,0,9,0
62553,3,1,0,0,9,0,0,11,9,0,0,0
62554,0,1,0,0,0,0,0,0,0,0,0,0
62554,1,1,0,0,0,0,0,0,0,0,0,0
62555,0,1,2,2,2,2,2,2,2,2,2,2
62555,1,1,0,0,0,0,0,0,0,0,0,0
62556,1,1,0,0,0,0,0,12,0,0,0,0
62556,2,1,0,0,0,0,0,0,0,0,0,0
62557,0,1,22,10,10,0,0,0,0,17,0,0
62557,1,1,18,14,12,9,6,21,16,5,16,11
62558,1,1,0,0,11,23,0,16,17,0,25,0
62558,2,1,0,0,0,0,0,0,0,0,0,0
62559,0,1,0,0,0,0,0,0,0,0,0,0
62559,1,1,0,0,0,0,0,0,0,0,0,0
62560,1,1,0,0,0,0,0,0,0,0,0,0
62560,2,1,0,0,0,0,0,0,0,0,0,0
62561,0,1,0,7,0,0,30,0,0,0,0,40
62561,1,1,0,0,0,0,0,0,0,0,0,0
62562,1,1,0,0,0,0,0,0,0,0,0,0
62562,2,1,0,0,0,0,0,0,0,0,0,0
62563,0,1,0,0,0,0,0,0,0,0,0,0
62563,1,1,0,0,0,0,0,0,0,0,0,0
62564,1,1,21,0,0,14,19,0,4,0,0,0
62565,1,1,0,0,0,0,0,0,0,0,0,0
62566,0,1,0,0,0,0,0,0,0,0,0,0
62566,1,1,20,20,11,7,0,9,0,5,11,19
62567,1,1,0,20,24,26,25,0,9,7,6,9
62567,2,1,0,0,0,19,0,0,20,0,0,0
62568,1,1,24,24,24,24,24,24,24,24,24,24
62568,2,1,0,0,0,0,0,0,0,0,0,0
62569,1,1,0,0,0,0,0,0,0,0,14,0
62570,0,1,5,0,19,9,0,19,0,0,0,0
62570,1,1,0,0,14,0,0,0,0,0,0,0
62570,2,1,0,0,0,0,0,0,0,0,0,0
62571,1,1,0,0,0,0,0,0,0,0,0,0
62572,1,1,0,0,0,0,0,0,0,0,0,0
62573,0,1,28,16,33,7,17,17,37,20,7,0
62573,1,1,0,30,0,0,0,0,0,0,0,0
62574,1,1,14,14,14,14,14,14,14,14,14,14
62574,2,1,0,0,0,0,0,0,23,0,18,0
62575,1,1,0,0,0,0,0,0,0,0,0,0
62575,2,1,4,4,4,4,4,4,4,4,4,4
62576,1,1,0,0,0,0,0,0,0,0,0,0
62576,2,1,0,0,0,0,0,0,0,0,0,0
62576,3,1,0,0,0,0,0,0,0,0,0,0
62577,0,1,0,18,18,23,0,0,0,20,0,0
62577,1,1,0,0,0,0,0,0,0,0,0,0
62578,1,1,0,0,0,15,0,14,0,0,0,0
62579,1,1,20,20,20,20,20,20,20,20,20,20
62579,2,1,0,0,8,0,0,0,0,0,0,0
62580,1,1,0,0,0,0,0,0,0,0,0,0
62581,1,1,26,26,26,26,26,26,26,26,26,26
62581,2,1,0,0,15,0,0,0,0,0,0,0
62582,0,1,0,0,0,0,0,0,0,0,0,0
62582,1,1,0,0,0,18,0,0,0,0,0,12
62583,0,1,0,0,0,13,0,34,0,0,19,0
62583,1,1,0,0,0,0,0,0,5,0,0,0
62583,2,1,0,0,0,0,0,0,0,0,20,0
62584,0,1,0,0,0,0,0,0,0,0,0,0
62584,1,1,0,0,0,0,0,0,0,0,0,0
62585,1,1,0,0,0,0,0,0,0,0,0,0
62586,0,1,19,0,0,0,28,0,20,22,0,16
62586,1,1,0,10,0,0,0,0,0,0,13,0
62586,2,1,27,17,15,0,0,0,0,21,14,0
62587,2,1,19,19,19,19,19,19,19,19,19,19
62588,0,1,0,0,0,17,0,0,0,0,0,28
62588,1,1,0,0,0,0,0,0,0,0,0,0
62589,1,1,0,0,0,0,0,0,0,0,0,0
62589,2,1,0,0,0,0,0,0,0,0,0,0
62589,3,1,0,0,0,0,0,0,0,0,0,0
62589,4,1,0,0,0,0,0,0,0,0,0,0
62590,1,1,9,9,9,9,9,9,9,9,9,9
62590,2,1,32,0,0,0,0,0,0,0,0,0
62591,0,1,0,0,0,0,0,0,0,0,0,0
62591,1,1,0,18,19,13,0,0,15,17,10,10
62592,0,1,24,24,24,24,24,24,24,24,24,24
62592,1,1,0,0,0,0,0,0,0,0,0,0
62593,1,1,0,0,0,0,0,0,0,0,0,0
62593,2,1,0,0,0,0,0,0,0,0,0,0
62594,0,1,0,0,0,0,0,0,0,0,0,0
62594,1,1,0,0,0,0,0,0,0,0,0,0
62595,1,1,0,0,0,0,0,0,0,0,0,0
62595,2,1,0,0,0,0,0,0,0,0,0,0
62596,1,1,11,0,29,8,0,37,0,9,0,0
62596,2,1,0,0,0,0,0,0,0,0,0,0
62596,3,1,0,3,0,0,0,0,0,0,0,0
62596,4,1,18,0,0,0,0,0,0,0,0,0
62597,1,1,0,0,0,0,0,0,0,0,0,0
62598,0,1,0,0,0,0,0,0,0,0,0,0
62598,1,1,0,0,0,0,0,0,0,0,0,0
62599,1,1,0,0,0,0,0,0,0,0,0,0
62599,2,1,0,0,0,0,0,21,0,0,0,0
62599,3,1,0,0,0,0,0,0,0,0,0,0
62600,1,1,0,19,0,0,0,0,0,0,0,33
62600,2,1,0,0,0,0,0,0,0,0,0,0
62600,3,1,0,0,15,21,36,5,23,0,0,0
62600,4,1,0,0,0,0,26,0,0,0,0,0
62601,0,1,11,0,0,0,0,9,18,0,4,0
62601,1,1,0,0,0,0,0,0,0,0,0,0
62602,0,1,6,0,0,0,0,0,0,0,0,8
62602,1,1,12,31,9,15,7,0,22,0,0,13
62603,1,1,23,17,0,0,20,10,20,14,8,9
62604,1,1,0,10,0,10,7,11,15,19,0,18
62605,1,1,0,0,0,0,0,0,12,0,0,0
62606,1,1,0,0,0,0,0,0,0,0,0,0
62606,2,1,0,0,0,0,0,0,0,0,0,0
62606,3,1,0,0,0,0,11,0,0,0,0,0
62607,1,1,17,17,17,17,17,17,17,17,17,17
62608,1,1,17,17,17,17,17,17,17,17,17,17
62608,2,1,0,0,0,0,0,0,0,0,0,0
62609,1,1,11,0,19,3,0,24,5,4,13,0
62609,2,1,15,13,4,0,5,0,0,0,0,0
62609,3,1,0,0,0,0,0,0,0,0,0,0
62609,4,1,0,0,0,0,0,0,0,0,0,0
62610,1,1,15,12,0,9,22,27,28,0,0,13
62610,2,1,0,0,0,0,0,0,0,0,0,0
62611,1,1,8,17,18,15,0,0,0,0,16,20
62612,0,1,0,0,0,0,0,0,0,0,0,0
62612,1,1,0,0,0,0,0,0,0,0,0,0
62613,0,1,0,0,0,0,0,0,0,0,0,0
62613,1,1,0,0,10,0,0,0,0,0,0,0
62614,1,1,1,1,1,1,1,1,1,1,1,1
62615,0,1,7,0,0,3,23,0,0,0,0,33
62615,1,1,0,21,27,14,0,0,11,0,0,0
62616,1,1,0,0,0,0,0,0,0,0,0,0
62617,0,1,13,38,27,0,0,0,4,0,34,0
62617,1,1,0,0,0,0,0,0,0,0,0,0
62618,1,1,13,14,0,0,24,0,0,14,8,0
62619,0,1,0,0,0,7,0,0,0,0,0,0
62619,1,1,0,0,0,0,0,0,0,0,0,0
62620,0,1,8,31,0,0,17,0,0,0,0,0
62620,1,1,0,19,0,0,0,0,17,0,0,0
62621,0,1,0,0,0,0,0,0,0,0,0,0
62621,1,1,14,0,0,0,0,0,0,0,0,0
62622,1,1,0,0,0,0,0,0,0,0,0,0
62622,2,1,0,0,0,0,0,0,0,0,0,0
62623,0,1,26,26,26,26,26,26,26,26,26,26
62623,1,1,0,0,0,0,0,0,0,0,0,0
62624,1,1,19,19,19,19,19,19,19,19,19,19
62625,0,1,0,0,0,0,0,0,0,0,0,0
62625,1,1,0,0,0,0,0,9,0,0,0,0
62626,1,1,29,29,29,29,29,29,29,29,29,29
62627,0,1,18,18,18,18,18,18,18,18,18,18
62627,1,1,0,0,8,0,0,0,0,0,0,0
62628,1,1,0,0,0,0,0,0,0,0,0,0
62628,2,1,0,0,0,0,0,0,0,0,0,0
62629,0,1,0,0,19,0,0,0,0,11,0,0
62629,1,1,0,0,0,0,0,0,0,0,0,0
62630,1,1,1,1,1,1,1,1,1,1,1,1
62630,2,1,0,0,0,0,0,0,0,0,0,0
62631,0,1,0,0,0,0,0,0,0,0,0,0
62631,1,1,0,0,0,0,0,0,0,0,0,7
62632,0,1,19,19,19,19,19,19,19,19,19,19
62632,1,1,0,0,0,0,0,0,0,0,0,0
62633,1,1,0,0,0,0,0,13,16,0,16,23
62634,1,1,9,9,9,9,9,9,9,9,9,9
62635,1,1,12,12,12,12,12,12,12,12,12,12
62636,0,1,7,0,0,17,15,13,0,0,0,0
62636,1,1,12,10,18,0,0,13,6,21,0,18
62637,1,1,0,0,0,12,0,25,13,0,0,0
62637,2,1,0,0,0,0,0,0,0,0,0,0
62638,1,1,21,13,0,13,0,12,9,0,0,0
62638,2,1,0,13,0,0,0,22,0,0,3,0
62639,1,1,0,0,0,0,0,0,0,0,0,0
62639,2,1,0,0,0,0,0,0,0,0,0,0
62640,0,1,0,18,30,0,0,0,25,0,5,0
62640,1,1,7,6,0,25,15,27,0,0,8,0
62641,1,1,0,0,11,21,20,0,4,19,0,3
62642,0,1,5,13,18,0,0,17,17,0,0,0
62642,1,1,0,0,0,0,0,0,0,0,0,0
62643,0,1,0,0,0,16,20,0,0,20,22,0
62643,1,1,10,19,10,9,11,22,0,24,15,21
62644,1,1,12,12,12,12,12,12,12,12,12,12
62644,2,1,0,0,0,0,0,0,0,0,10,0
62645,1,1,0,0,0,0,0,0,0,0,0,0
62645,2,1,0,0,0,0,0,0,0,0,0,0