ST_CASE,VEH_NO,PER_NO,P1,P2,P3,P4,P5,P6,P7,P8,P9,P10
63212,1,1,16,16,16,16,16,16,16,16,16,16
63212,2,1,0,0,0,0,0,0,0,0,0,0
63213,1,1,0,0,0,0,0,0,0,0,0,0
63213,2,1,0,0,0,0,0,0,0,0,21,0
63214,0,1,26,0,8,20,25,0,0,0,20,0
63214,1,1,3,10,0,18,0,0,16,0,19,7
63215,0,1,0,0,0,0,0,0,0,0,0,0
63215,1,1,0,0,0,22,0,0,0,0,0,0
63216,1,1,0,24,0,0,0,0,0,0,0,0
63216,2,1,0,0,0,0,0,0,0,0,0,0
63217,1,1,1,1,1,1,1,1,1,1,1,1
63217,2,1,0,0,0,0,0,0,0,0,0,0
63218,0,1,0,0,27,0,0,0,0,14,0,20
63218,1,1,0,0,17,0,0,0,0,0,0,0
63218,2,1,0,7,0,12,10,0,0,0,35,31
63219,0,1,28,0,0,3,35,0,13,0,0,0
63219,1,1,8,14,0,8,19,0,12,0,17,13
63220,1,1,0,0,0,0,0,0,0,0,0,0
63221,1,1,0,0,0,0,0,0,0,0,0,0
63221,2,1,0,0,0,0,0,0,0,0,0,0
63222,1,1,0,0,0,0,0,0,0,0,0,0
63222,2,1,0,0,0,0,0,0,0,0,0,0
63223,0,1,0,0,0,0,22,0,0,0,0,0
63223,1,1,0,0,0,0,0,0,0,0,0,0
63224,1,1,0,0,0,0,0,0,0,0,0,0
63224,2,1,0,0,0,0,0,0,0,0,0,0
63224,3,1,0,0,0,0,0,0,0,0,0,0
63225,0,1,16,16,16,16,16,16,16,16,16,16
63225,1,1,0,0,0,0,0,0,0,0,0,0
63226,0,1,0,0,0,0,0,0,0,0,0,0
63226,1,1,0,0,0,0,0,0,0,13,0,0
63227,1,1,17,17,17,17,17,17,17,17,17,17
63227,2,1,0,0,0,0,0,0,0,0,0,0
63228,1,1,0,0,0,0,0,0,0,0,0,0
63229,0,1,26,0,16,0,28,7,0,0,0,13
63229,1,1,0,0,0,0,0,0,0,0,0,0
63230,1,1,17,17,17,17,17,17,17,17,17,17
63231,0,1,0,0,0,0,0,0,0,0,0,0
63231,1,1,0,0,0,0,0,0,0,0,0,0
63231,2,1,0,0,0,0,0,0,14,0,0,0
63232,1,1,4,27,22,0,11,0,0,0,0,7
63232,3,1,15,15,15,15,15,15,15,15,15,15
63233,0,1,12,21,0,0,18,15,15,0,32,0
63233,1,1,0,0,0,0,0,0,0,0,0,0
63234,0,1,0,0,0,0,0,0,0,0,0,0
63234,1,1,0,0,0,0,0,0,0,0,0,0
63234,2,1,10,10,10,10,10,10,10,10,10,10
63235,1,1,0,0,0,0,0,0,0,0,0,0
63236,1,1,0,0,0,0,0,0,0,0,0,0
63237,1,1,20,20,20,20,20,20,20,20,20,20
63238,0,1,0,0,0,0,0,0,0,0,0,0
63238,1,1,0,0,0,0,0,0,0,0,3,34
63239,1,1,12,12,12,12,12,12,12,12,12,12
63239,2,1,0,0,0,0,0,0,0,0,0,0
63240,1,1,0,0,0,0,0,0,0,0,0,0
63240,2,1,0,0,0,0,0,0,0,0,0,0
63241,0,1,17,17,17,17,17,17,17,17,17,17
63241,1,1,16,0,0,0,0,0,0,0,0,0
63242,0,1,19,0,17,0,0,0,0,0,11,0
63242,1,1,0,0,0,12,10,0,0,0,0,0
63243,1,1,0,0,0,0,0,0,0,0,0,0
63243,2,1,0,0,0,0,0,0,0,0,0,0
63243,3,1,0,0,0,0,0,0,0,0,0,0
63243,4,1,0,12,0,0,0,0,0,0,0,0
63243,5,1,0,0,0,0,0,0,0,0,0,0
63244,0,1,19,0,0,0,0,0,0,0,0,0
63244,1,1,0,0,0,0,0,0,0,23,0,0
63245,1,1,9,0,0,0,16,28,16,0,0,0
63245,2,1,0,0,0,0,0,0,0,0,0,0
63246,1,1,0,0,0,0,0,0,0,0,0,0
63246,2,1,0,0,18,0,0,0,0,24,0,8
63247,1,1,12,12,12,12,12,12,12,12,12,12
63247,2,1,0,0,0,0,0,0,0,0,0,0
63248,0,1,34,19,0,28,0,6,0,33,0,0
63248,1,1,0,0,0,0,0,0,0,0,0,0
63249,0,1,0,0,0,0,0,0,0,0,0,0
63249,1,1,6,6,6,6,6,6,6,6,6,6
63250,1,1,20,11,18,0,0,0,33,0,0,3
63251,0,1,0,21,0,0,0,11,0,0,0,0
63251,1,1,0,0,0,0,0,0,0,0,0,0
63252,0,1,0,0,0,0,0,0,0,0,0,0
63252,1,1,0,0,16,0,5,0,15,0,0,0
63253,1,1,17,17,17,17,17,17,17,17,17,17
63253,2,1,0,0,0,0,0,0,0,0,0,0
63254,0,1,0,0,0,0,0,0,10,0,0,10
63254,1,1,0,0,0,23,0,0,0,0,0,0
63254,2,1,0,0,0,0,0,17,0,0,0,0
63255,1,1,0,0,0,0,14,0,27,0,0,0
63255,2,1,0,0,0,0,0,0,0,0,0,0
63256,1,1,16,16,16,16,16,16,16,16,16,16
63257,1,1,0,0,0,0,0,0,17,0,0,0
63258,0,1,0,0,21,0,19,0,0,0,5,0
63258,1,1,17,0,7,15,0,0,3,0,0,18
63259,1,1,0,0,0,0,0,0,0,0,0,0
63259,2,1,0,0,0,0,0,0,0,0,0,21
63259,3,1,0,0,0,0,0,0,0,0,0,0
63260,0,1,0,0,0,0,0,0,0,0,0,0
63260,1,1,0,0,0,0,0,0,0,0,0,0
63261,0,1,0,0,0,0,0,0,0,0,0,0
63261,1,1,0,0,0,0,0,0,0,0,0,0
63262,0,1,17,17,17,17,17,17,17,17,17,17
63262,1,1,0,0,0,0,0,0,0,0,0,0
63263,1,1,0,0,0,16,0,0,35,0,0,0
63263,2,1,0,0,0,0,0,0,0,0,0,0
63264,1,1,0,0,0,0,0,0,0,0,0,0
63264,2,1,0,0,0,0,0,0,0,0,0,0
63265,1,1,0,22,0,0,21,22,0,10,0,17
63265,2,1,0,0,0,0,0,0,0,0,0,0
63265,3,1,0,0,0,0,0,0,0,0,0,0
63265,4,1,0,0,0,0,0,0,27,0,0,0
63265,5,1,0,0,0,0,0,0,0,0,0,7
63266,1,1,0,0,0,0,0,0,0,0,0,0
63266,2,1,19,19,19,19,19,19,19,19,19,19
63267,1,1,0,0,0,20,0,0,0,0,0,13
63267,2,1,0,0,0,0,0,0,0,0,8,10
63268,1,1,13,13,13,13,13,13,13,13,13,13
63269,1,1,0,0,0,0,0,0,0,0,0,0
63270,1,1,0,0,0,0,0,0,0,0,0,0
63271,1,1,16,0,0,0,0,0,0,0,7,0
63271,2,1,7,12,0,0,24,0,17,0,0,15
63272,1,1,0,0,0,0,0,0,0,0,0,0
63272,2,1,0,0,0,0,0,0,0,0,0,0
63272,3,1,0,0,0,0,0,0,0,0,0,0
63273,1,1,0,0,0,0,0,15,0,0,31,0
63273,2,1,0,0,0,0,0,0,0,0,0,0
63273,3,1,0,0,0,0,0,20,0,21,0,0
63273,4,1,0,0,0,0,0,0,0,13,0,0
63274,1,1,0,0,0,0,0,0,0,0,0,0
63274,2,1,0,0,0,0,0,0,0,0,0,0
63274,3,1,0,0,0,0,0,0,0,0,0,0
63274,4,1,0,0,0,0,0,0,0,0,0,0
63275,1,1,0,0,0,0,6,0,0,0,0,0
63275,2,1,0,0,0,0,0,0,0,0,0,0
63275,3,1,0,0,0,0,0,0,0,0,0,0
63275,4,1,0,0,0,0,0,0,0,0,0,0
63276,0,1,40,40,40,40,40,40,40,40,40,40
63276,1,1,0,21,0,0,21,5,18,15,20,24
63277,0,1,9,9,17,0,17,26,8,0,0,0
63277,1,1,0,0,0,0,0,0,0,0,0,0
63278,1,1,0,0,0,0,38,0,0,0,0,0
63278,2,1,0,0,0,0,0,0,0,0,0,0
63279,1,1,0,0,0,0,0,0,0,0,0,0
63279,2,1,0,0,0,0,0,0,0,0,0,0
63280,0,1,16,0,0,9,0,6,0,0,5,0
63280,1,1,0,0,0,0,0,0,0,0,0,0
63281,1,1,10,27,8,17,7,13,21,21,19,10
63282,1,1,0,0,0,0,0,0,0,0,0,0
63282,2,1,0,0,0,0,0,0,0,0,0,7
63283,1,1,0,0,0,0,0,0,0,0,0,0
63283,2,1,0,0,0,0,0,0,0,0,0,0
63283,3,1,0,0,0,0,0,0,38,0,0,0
63283,4,1,5,0,16,15,0,0,11,0,0,20
63284,1,1,0,0,0,0,0,0,0,0,0,0
63284,2,1,0,0,0,0,0,0,0,0,0,0
63285,1,1,0,0,0,0,0,0,0,0,0,0
63286,1,1,13,13,13,13,13,13,13,13,13,13
63287,1,1,0,0,0,0,0,0,0,0,0,0
63287,2,1,0,0,0,0,0,0,0,0,0,0
63288,0,1,0,0,0,0,0,0,0,0,0,0
63288,0,2,0,0,0,0,0,0,0,0,22,0
63288,1,1,0,30,16,0,0,0,0,14,0,18
63288,2,1,0,0,0,0,0,0,0,0,0,0
63289,1,1,12,12,12,12,12,12,12,12,12,12
63289,2,1,0,0,0,0,0,0,8,0,17,0
63289,3,1,0,0,0,0,23,7,0,0,0,14
63289,4,1,0,0,13,13,0,0,12,0,21,0
63290,0,1,0,0,0,0,0,0,0,0,0,0
63290,1,1,0,0,0,0,0,0,0,0,0,0
63290,2,1,0,0,0,0,0,0,0,0,0,0
63291,1,1,0,0,0,0,12,0,0,0,0,0
63291,2,1,0,0,0,0,0,0,0,0,0,0
63292,0,1,0,0,0,0,0,18,0,0,0,0
63292,0,2,0,0,0,0,0,0,0,0,0,0
63292,1,1,0,0,0,0,0,0,0,0,0,0
63293,1,1,25,17,14,37,6,24,19,16,13,16
63294,0,1,0,0,0,0,0,0,0,0,0,0
63294,1,1,15,0,11,0,0,0,0,0,30,0
63294,2,1,0,0,0,0,0,0,0,0,0,0
63295,1,1,19,19,19,19,19,19,19,19,19,19
63295,2,1,0,0,0,0,0,0,10,0,0,0
63296,1,1,21,21,28,13,32,9,33,34,5,4
63296,2,1,0,0,0,0,0,0,0,0,0,0
63296,3,1,0,0,0,0,0,0,0,0,0,0
63296,4,1,0,0,0,0,0,0,0,0,0,0
63297,1,1,0,0,0,0,0,0,0,0,0,0
63298,1,1,0,0,0,0,0,0,0,0,0,0
63298,2,1,0,0,0,0,0,0,0,0,0,0
63298,3,1,0,0,0,0,0,0,0,0,0,6
63298,4,1,0,0,0,0,0,0,0,0,0,0
63299,0,1,0,0,0,0,0,0,0,0,0,0
63299,1,1,1,1,1,1,1,1,1,1,1,1
63300,1,1,0,0,0,0,0,0,0,0,0,0
63300,2,1,0,0,0,0,0,0,0,0,0,0
63301,1,1,1,1,1,1,1,1,1,1,1,1
63301,2,1,15,15,15,15,15,15,15,15,15,15
63302,0,1,0,0,0,0,0,0,0,0,0,0
63302,1,1,16,0,0,12,18,27,0,0,0,0
63302,2,1,0,0,0,0,0,0,0,0,0,0
63303,0,1,0,0,0,39,0,7,0,15,0,21
63303,1,1,0,0,0,0,0,0,0,0,0,0
63304,1,1,0,0,15,0,0,0,0,0,0,0
63304,2,1,0,0,8,0,0,0,0,0,3,4
63305,1,1,8,8,8,8,8,8,8,8,8,8
63306,1,1,0,0,0,0,0,0,0,0,0,0
63306,2,1,0,0,0,0,0,0,0,0,0,0
63307,0,1,0,0,0,10,0,26,0,0,8,0
63307,1,1,13,13,13,13,13,13,13,13,13,13
63308,0,1,0,0,0,0,0,0,0,0,46,0
63308,1,1,0,0,0,0,0,0,14,0,0,0
63309,0,1,30,30,30,30,30,30,30,30,30,30
63309,1,1,0,0,0,0,0,0,0,0,0,0
63310,1,1,0,27,0,15,0,20,0,21,0,22
63311,1,1,0,0,0,0,21,0,0,0,0,0
63311,2,1,0,0,0,0,0,0,0,0,0,0
63312,1,1,0,0,0,0,0,0,0,0,0,0
63312,2,1,0,0,5,0,22,0,0,0,0,0
63313,1,1,8,11,21,18,27,0,8,8,8,2
63313,2,1,0,0,0,0,0,0,0,0,0,0
63314,1,1,0,0,0,0,0,0,0,0,0,0
63314,2,1,0,0,0,0,0,0,0,0,0,0
63315,1,1,0,0,0,0,0,0,0,0,23,0
63315,2,1,0,0,0,0,0,0,0,0,0,0
63316,0,1,0,0,0,0,13,0,0,0,0,50
63316,1,1,0,0,0,0,0,0,0,0,0,0
63317,1,1,0,0,0,0,0,0,0,0,0,0
63318,1,1,0,0,0,0,0,0,0,0,0,0
63318,2,1,4,4,4,4,4,4,4,4,4,4
63319,1,1,12,12,12,12,12,12,12,12,12,12
63319,2,1,0,0,4,10,22,18,12,0,9,0
63320,1,1,0,0,0,12,0,0,0,0,0,0
63320,2,1,0,0,0,0,0,0,0,10,0,0
63321,1,1,17,17,17,17,17,17,17,17,17,17
63322,1,1,13,13,13,13,13,13,13,13,13,13
63323,0,1,0,0,0,0,0,0,0,0,0,0
63323,1,1,0,0,0,0,0,0,0,0,0,0
63324,1,1,16,16,16,16,16,16,16,16,16,16
63324,2,1,0,0,0,0,13,0,0,0,0,0
63325,0,1,26,26,26,26,26,26,26,26,26,26
63325,0,2,0,0,0,0,0,0,19,0,0,12
63325,1,1,21,16,8,37,21,10,14,16,5,8
63326,0,1,11,11,11,11,11,11,11,11,11,11
63326,1,1,0,0,0,0,0,0,0,0,0,0
63327,1,1,16,0,0,0,8,0,0,0,0,0
63327,2,1,0,0,0,0,0,8,0,0,10,0
63327,3,1,0,0,10,31,3,0,0,36,0,9
63327,4,1,0,4,9,0,0,0,0,0,0,4
63328,1,1,0,0,0,0,0,0,0,0,0,0
63328,2,1,22,22,22,22,22,22,22,22,22,22
63329,0,1,0,0,0,0,0,0,0,0,0,0
63329,1,1,0,16,13,21,0,0,7,0,11,13
63330,0,1,0,0,0,0,0,20,0,0,0,0
63330,1,1,0,0,0,21,0,0,0,0,0,0
63331,0,1,0,0,0,0,0,0,11,0,0,0
63331,1,1,0,0,0,0,0,0,0,20,0,0
63332,1,1,0,0,0,0,0,0,0,0,0,0
63332,2,1,0,0,27,0,11,0,0,0,0,0
63332,3,1,0,0,0,0,0,0,0,0,0,0
63333,1,1,1,1,1,1,1,1,1,1,1,1
63333,2,1,0,19,0,0,0,0,0,0,0,0
63334,1,1,10,10,10,10,10,10,10,10,10,10
63334,2,1,0,0,0,0,0,0,0,0,0,0
63335,1,1,22,0,28,17,13,32,0,25,12,0
63335,2,1,0,0,0,0,0,0,0,0,0,0
63336,1,1,5,5,5,5,5,5,5,5,5,5
63336,2,1,20,0,0,0,0,10,0,0,0,0
63337,0,1,0,0,0,0,0,0,0,0,0,0
63337,1,1,0,0,0,0,0,0,0,0,0,0
63338,1,1,0,0,0,0,25,0,16,43,0,0
63339,0,1,0,36,23,0,0,0,21,0,0,22
63339,1,1,0,0,0,0,0,0,0,0,0,0
63340,1,1,12,12,12,12,12,12,12,12,12,12
63340,2,1,0,0,0,0,0,0,0,0,0,0
63340,3,1,0,0,0,0,0,0,0,0,13,0
63341,1,1,0,0,0,0,0,0,0,0,0,0
63341,2,1,0,0,0,0,0,0,0,0,0,0
63342,0,1,0,0,16,0,0,13,31,21,13,0
63342,1,1,14,17,0,7,21,5,12,0,3,9
63343,1,1,0,0,0,0,0,0,0,0,0,0
63343,2,1,0,0,0,0,0,0,0,0,0,0
63344,1,1,20,0,10,0,26,0,18,12,7,11
63345,0,1,22,0,26,0,15,0,11,0,0,0
63345,1,1,0,0,0,0,0,0,22,0,0,0
63346,1,1,0,0,0,0,0,0,0,0,0,0
63347,1,1,0,10,19,19,0,0,0,10,0,34
63348,1,1,0,0,0,0,0,0,0,0,0,0
63348,2,1,0,13,0,0,0,0,0,5,0,22
63349,0,1,0,23,0,0,0,0,0,14,0,15
63349,1,1,13,0,0,8,6,5,16,13,0,6
63350,0,1,0,0,25,0,0,0,0,26,0,29
63350,1,1,0,0,0,0,0,0,0,0,0,11
63351,1,1,0,0,0,0,0,0,0,0,0,0
63351,2,1,0,0,0,0,0,0,0,0,0,0
63351,3,1,0,0,0,0,0,0,0,0,0,0
63351,4,1,0,0,0,6,0,0,0,0,0,0
63351,5,1,0,0,0,0,0,0,0,0,30,0
63352,1,1,0,0,0,0,0,0,0,0,0,0
63352,2,1,14,14,14,14,14,14,14,14,14,14
63353,1,1,0,0,0,0,0,0,0,0,0,0
63353,2,1,13,0,0,5,0,0,0,14,0,0
63353,3,1,34,0,0,0,0,16,0,19,0,0
63353,4,1,0,0,0,0,0,0,0,0,0,0
63354,0,1,0,19,45,0,20,0,9,0,0,0
63354,1,1,0,0,0,0,0,0,0,0,0,0
63355,0,1,0,0,0,0,0,0,0,0,0,0
63355,1,1,0,0,3,0,0,0,0,0,0,0
63355,2,1,6,0,19,0,4,0,0,0,0,15
63355,3,1,0,0,0,0,0,0,0,0,0,0
63356,0,1,0,0,0,0,0,0,0,0,0,0
63356,1,1,0,0,0,0,0,0,0,0,0,0
63357,1,1,19,19,19,19,19,19,19,19,19,19
63357,2,1,0,0,0,0,0,0,0,0,0,0
63358,1,1,22,22,22,22,22,22,22,22,22,22
63359,1,1,0,0,0,0,0,0,0,0,0,0
63360,0,1,0,20,6,0,42,24,0,0,0,0
63360,1,1,0,0,0,0,0,9,0,0,0,0
63361,0,1,0,0,0,0,0,0,0,0,0,0
63361,1,1,0,0,0,0,0,0,0,0,0,0
63362,1,1,0,0,0,0,0,0,0,0,0,0
63362,2,1,0,0,0,0,0,0,0,0,0,0
63362,3,1,0,0,0,0,0,0,8,0,0,0
63363,0,1,0,0,0,0,0,0,0,0,0,0
63363,1,1,19,19,19,19,19,19,19,19,19,19
63363,2,1,0,0,23,0,7,0,0,0,0,0
63364,1,1,0,0,0,0,0,0,0,0,0,0
63364,2,1,0,0,0,0,0,0,0,0,0,0
63364,3,1,0,0,0,0,0,0,0,0,0,0
63365,1,1,0,0,0,0,0,0,0,0,0,0
63365,2,1,0,0,0,0,0,0,0,0,0,0
63366,0,1,0,0,18,0,0,0,0,0,0,0
63366,1,1,0,0,17,0,0,0,0,0,0,0
63367,1,1,16,16,16,16,16,16,16,16,16,16
63367,2,1,0,0,0,0,0,0,0,0,0,0
63368,1,1,10,10,10,10,10,10,10,10,10,10
63368,2,1,14,2,9,15,23,16,15,10,25,11
63369,1,1,0,0,0,0,0,0,0,0,0,0
63369,2,1,0,0,0,0,0,0,0,0,0,0
63370,0,1,0,0,0,0,0,0,0,0,0,0
63370,1,1,9,9,9,9,9,9,9,9,9,9
63371,1,1,0,13,0,0,20,20,23,29,10,19
63372,1,1,0,0,0,0,0,29,10,0,0,0
63372,2,1,0,0,0,0,0,0,0,0,0,0
63373,1,1,0,0,0,0,0,0,0,0,0,0
63373,2,1,0,0,0,0,0,0,0,0,0,0
63374,1,1,0,0,0,0,0,0,0,0,0,0
63374,2,1,0,0,0,0,0,0,0,0,0,0
63375,1,1,0,0,0,0,0,0,0,0,0,0
63375,2,1,0,0,0,0,0,0,0,0,0,0
63375,3,1,0,0,0,0,0,0,0,0,0,0
63376,0,1,0,0,0,0,17,0,28,0,0,0
63376,0,2,15,22,0,15,0,0,0,22,8,0
63376,1,1,0,0,7,13,0,4,0,14,0,28
63376,2,1,0,0,15,0,0,0,0,0,0,0
63377,0,1,24,24,24,24,24,24,24,24,24,24
63377,1,1,0,0,0,0,15,0,16,0,0,0
63378,1,1,19,19,19,19,19,19,19,19,19,19
63379,1,1,0,0,0,16,0,9,0,4,16,0
63379,2,1,0,10,0,0,0,21,10,23,24,0
63379,3,1,0,26,0,0,0,0,16,0,0,0
63379,4,1,0,0,0,0,0,0,0,0,17,0
63380,0,1,0,0,0,0,0,0,0,0,0,0
63380,1,1,0,0,0,0,0,0,0,0,0,0
63381,0,1,0,0,38,22,14,0,0,0,0,0
63381,1,1,0,0,0,0,0,0,0,0,0,0
63382,1,1,0,0,0,0,0,0,0,0,0,8
63382,2,1,11,7,0,0,0,0,0,16,13,2
63383,1,1,0,0,0,0,0,0,0,19,0,0
63384,1,1,0,0,0,0,0,0,0,0,0,0
63385,0,1,0,6,0,25,9,46,0,0,0,0
63385,1,1,7,9,13,34,25,13,5,22,18,5
63386,1,1,20,20,20,20,20,20,20,20,20,20
63387,0,1,0,0,0,0,0,0,0,0,0,0
63387,1,1,9,17,0,28,21,3,0,29,23,0
63388,1,1,15,0,20,25,7,22,19,3,19,0
63389,1,1,0,0,0,0,0,0,0,0,0,0
63390,1,1,0,0,0,0,0,0,0,0,0,0
63390,2,1,0,0,0,0,12,11,0,0,0,0
63391,1,1,0,0,0,0,0,0,0,0,0,0
63392,1,1,0,0,0,0,0,0,0,0,0,0
63393,1,1,24,24,24,24,24,24,24,24,24,24
63394,1,1,0,3,0,14,14,20,0,26,18,10
63395,0,1,22,22,22,22,22,22,22,22,22,22
63395,1,1,0,8,0,13,25,8,11,0,6,6
63396,1,1,23,23,23,23,23,23,23,23,23,23
63397,1,1,15,19,0,0,0,0,0,0,0,0
63397,2,1,32,14,0,8,14,17,12,19,8,5
63398,1,1,20,0,0,16,0,41,0,0,0,17
63398,2,1,0,0,0,0,0,0,0,0,0,0
63399,0,1,0,0,0,0,0,0,0,0,0,0
63399,1,1,0,0,0,0,0,0,0,0,0,0
63400,0,1,0,0,0,0,0,0,0,0,0,0
63400,1,1,13,17,0,0,0,0,0,0,0,0
63401,1,1,26,26,26,26,26,26,26,26,26,26
63401,2,1,0,33,0,0,0,0,0,0,0,0
63402,1,1,17,17,17,17,17,17,17,17,17,17
63403,1,1,0,0,0,0,0,0,0,0,0,0
63404,0,1,0,0,0,0,0,0,0,0,0,0
63404,1,1,0,0,0,0,0,0,0,0,0,0
63405,1,1,0,0,0,0,0,0,0,0,0,0
63406,1,1,0,0,0,0,0,0,0,0,0,0
63406,2,1,0,0,0,0,0,0,0,0,0,0
63406,3,1,0,0,0,0,0,0,0,0,0,0
63407,1,1,20,20,20,20,20,20,20,20,20,20
63408,1,1,23,23,23,23,23,23,23,23,23,23
63409,1,1,0,0,0,0,8,0,0,0,11,0
63409,2,1,0,0,0,0,0,0,0,0,0,0
63410,1,1,0,0,0,0,0,0,0,0,0,0
63410,2,1,0,0,0,13,0,0,0,0,0,0
63410,3,1,9,0,0,0,0,0,0,0,0,0
63411,0,1,0,0,0,0,0,0,0,0,0,0
63411,1,1,15,0,0,32,0,0,6,0,0,0
63412,1,1,20,7,23,4,4,10,27,14,6,19
63413,0,1,11,12,4,0,11,10,24,9,26,20
63413,1,1,19,19,19,19,19,19,19,19,19,19
63414,1,1,6,6,6,6,6,6,6,6,6,6
63414,2,1,0,0,0,0,0,0,0,0,0,0
63415,1,1,0,0,0,0,0,0,0,0,0,0
63415,2,1,21,0,0,0,0,31,17,13,15,0
63416,1,1,0,0,0,0,0,0,0,0,0,0
63416,2,1,0,0,0,0,0,0,0,0,0,0
63417,0,1,0,0,0,21,0,0,0,0,0,0
63417,1,1,6,8,17,12,22,9,0,29,22,0
63418,0,1,16,0,0,0,0,0,13,24,0,0
63418,1,1,6,12,21,31,0,0,0,0,31,11
63419,0,1,0,0,25,0,0,0,0,0,0,25
63419,0,2,10,10,10,10,10,10,10,10,10,10
63419,1,1,0,0,0,0,0,0,0,0,0,0
63419,2,1,0,0,0,0,0,0,0,0,0,0
63420,1,1,0,0,0,0,0,0,0,0,0,29
63420,2,1,9,0,0,0,20,0,11,18,18,0
63421,1,1,0,15,31,0,6,14,5,0,18,11
63421,2,1,0,0,0,0,0,0,0,0,0,0
63422,1,1,0,0,0,0,0,0,0,0,0,0
63422,2,1,0,0,18,0,14,0,0,0,0,8
63423,1,1,0,0,0,0,0,0,0,0,0,0
63423,2,1,0,0,0,0,0,0,0,0,0,0
63424,1,1,0,0,0,0,0,0,0,0,0,0
63424,2,1,0,0,0,0,0,0,8,0,0,0
63425,0,1,0,0,0,0,0,0,0,0,0,0
63425,1,1,0,0,0,0,0,0,0,0,0,0
63426,1,1,0,0,28,20,15,19,7,0,18,14
63427,1,1,0,0,0,0,0,0,0,0,0,0
63428,0,1,0,0,0,0,0,0,0,0,0,0
63428,1,1,18,0,0,0,0,0,0,0,0,0
63429,1,1,0,0,14,0,0,0,0,16,0,0
63430,1,1,0,0,0,0,0,0,0,0,0,0
63430,2,1,0,0,0,0,0,0,0,0,0,0
63431,1,1,3,3,3,3,3,3,3,3,3,3
63431,2,1,0,0,0,0,0,0,0,0,0,0
63432,1,1,0,0,0,0,0,0,0,0,0,0
63432,2,1,0,0,0,0,0,0,0,0,0,0
63433,1,1,0,0,0,0,0,0,0,0,0,0
63433,2,1,0,0,0,0,0,0,0,0,0,0
63433,3,1,0,0,0,30,0,0,0,0,0,27
63434,1,1,0,0,0,0,0,0,0,0,0,0
63434,2,1,0,0,0,16,0,0,0,0,0,0
63435,1,1,0,0,0,0,0,0,0,0,0,0
63436,0,1,16,13,12,15,9,40,17,13,12,34
63436,1,1,0,0,0,0,0,0,0,0,0,0
63437,1,1,0,0,0,0,0,0,0,0,0,0
63438,1,1,0,0,0,0,0,0,0,0,0,0
63438,2,1,0,0,0,0,0,0,0,0,0,0
63438,3,1,0,0,0,0,0,0,0,0,0,8
63439,1,1,0,0,0,0,0,0,0,0,0,0
63440,1,1,0,0,0,0,0,0,0,23,0,0
63441,1,1,18,18,18,18,18,18,18,18,18,18
63441,2,1,32,0,12,0,0,0,0,19,22,22
63442,0,1,0,10,0,17,0,0,0,15,38,0
63442,1,1,0,0,0,0,0,0,10,0,18,0
63443,1,1,9,9,9,9,9,9,9,9,9,9
63443,2,1,0,0,5,0,0,0,0,0,0,0
63444,0,1,0,0,0,0,0,0,0,0,0,0
63444,1,1,0,0,10,0,0,0,0,0,0,0
63445,1,1,0,0,0,0,0,0,0,0,0,0
63445,2,1,0,0,0,0,0,0,0,0,0,0
63446,1,1,0,0,0,0,0,0,0,0,0,0
63446,2,1,0,0,0,0,0,8,0,0,0,0
63447,0,1,33,33,33,33,33,33,33,33,33,33
63447,1,1,6,6,6,6,6,6,6,6,6,6
63448,0,1,0,0,0,0,0,0,0,0,0,0
63448,1,1,20,0,0,0,0,0,0,0,13,0
63449,0,1,0,0,0,0,0,0,0,0,0,0
63449,1,1,8,0,0,9,17,11,0,11,0,6
63450,1,1,0,0,0,0,0,0,0,0,0,0
63450,2,1,0,0,0,0,0,0,0,0,0,0
63451,1,1,0,0,0,0,0,0,0,0,0,0
63451,2,1,0,0,0,0,0,9,0,0,16,0
63452,1,1,19,19,19,19,19,19,19,19,19,19
63452,2,1,0,0,0,0,0,0,0,0,0,0
63453,1,1,0,0,0,0,0,0,0,0,0,0
63454,1,1,0,0,0,0,0,0,0,0,0,0
63454,2,1,0,0,0,0,0,0,0,0,0,0
63455,1,1,0,0,0,0,0,0,0,0,0,0
63455,2,1,0,2,0,0,0,0,0,0,0,0
63456,1,1,9,9,9,9,9,9,9,9,9,9
63456,2,1,0,0,0,0,0,0,0,0,0,0
63456,3,1,0,0,0,0,0,0,0,0,0,0
63457,1,1,3,3,3,3,3,3,3,3,3,3
63457,2,1,0,0,0,0,0,0,0,0,0,0
63458,1,1,31,26,12,13,8,24,0,11,16,16
63459,0,1,35,4,0,0,14,24,10,0,21,0
63459,1,1,0,22,18,0,4,0,17,0,0,30
63460,1,1,0,0,0,0,0,0,0,0,0,0
63460,2,1,0,0,0,0,0,0,0,0,0,0
63461,1,1,0,0,0,0,0,0,0,0,0,0
63461,2,1,0,0,0,0,0,0,0,0,0,0
63462,1,1,0,0,0,0,0,0,0,0,0,0
63462,2,1,0,0,0,0,0,0,0,0,0,0
63463,1,1,14,14,14,14,14,14,14,14,14,14
63464,1,1,0,0,0,0,0,0,0,0,0,0
63464,2,1,0,0,16,0,0,0,0,0,0,0
63465,1,1,21,21,21,21,21,21,21,21,21,21
63465,2,1,0,0,0,0,0,0,0,0,0,0
63466,1,1,0,0,0,0,0,0,0,0,0,0
63467,1,1,0,0,0,0,0,0,0,0,0,0
63467,2,1,9,0,0,0,0,0,0,8,14,2
63468,0,1,0,0,0,0,28,0,0,0,34,0
63468,1,1,6,4,9,9,12,3,15,10,6,0
63469,1,1,0,0,0,0,0,0,0,0,0,0
63469,2,1,0,0,0,0,0,0,0,0,0,0
63470,1,1,0,0,0,0,0,0,0,0,0,0
63470,2,1,0,0,0,0,0,0,0,0,0,0
63471,0,1,0,0,0,0,15,0,0,0,0,0